<?xml version='1.0' encoding='UTF-8'?>
<?mso-application progid="Excel.Sheet"?><Workbook xmlns="urn:schemas-microsoft-com:office:spreadsheet" xmlns:o="urn:schemas-microsoft-com:office:office" xmlns:x="urn:schemas-microsoft-com:office:excel" xmlns:ss="urn:schemas-microsoft-com:office:spreadsheet" xmlns:html="http://www.w3.org/TR/REC-html40">
 <DocumentProperties xmlns="urn:schemas-microsoft-com:office:office">
  <LastAuthor>Luis Ferreira</LastAuthor>
  <LastSaved>2019-09-17T09:21:05Z</LastSaved>
  <Version>16.00</Version>
 </DocumentProperties>
 <OfficeDocumentSettings xmlns="urn:schemas-microsoft-com:office:office">
  <AllowPNG/>
 </OfficeDocumentSettings>
 <ExcelWorkbook xmlns="urn:schemas-microsoft-com:office:excel">
  <WindowHeight>14025</WindowHeight>
  <WindowWidth>28800</WindowWidth>
  <WindowTopX>32767</WindowTopX>
  <WindowTopY>32767</WindowTopY>
  <ProtectStructure>False</ProtectStructure>
  <ProtectWindows>False</ProtectWindows>
 </ExcelWorkbook>
 <Styles>
  <Style ss:ID="Default" ss:Name="Normal">
   <Alignment ss:Vertical="Bottom"/>
   <Borders/>
   <Font ss:FontName="Calibri" x:CharSet="1" x:Family="Swiss" ss:Size="11" ss:Color="#000000"/>
   <Interior/>
   <NumberFormat/>
   <Protection/>
  </Style>
  <Style ss:ID="s62">
   <Alignment ss:Vertical="Bottom" ss:WrapText="1"/>
  </Style>
  <Style ss:ID="s63">
   <Alignment ss:Vertical="Top" ss:WrapText="1"/>
  </Style>
  <Style ss:ID="s64">
   <Alignment ss:Vertical="Bottom" ss:WrapText="1"/>
   <Borders/>
   <Font ss:FontName="Calibri" x:CharSet="1" x:Family="Swiss" ss:Size="11" ss:Color="#000000"/>
   <Interior/>
   <NumberFormat/>
   <Protection/>
  </Style>
  <Style ss:ID="s65">
   <Alignment ss:Vertical="Center" ss:WrapText="1"/>
   <Font ss:FontName="Calibri" x:Family="Swiss" ss:Size="11" ss:Color="#000000"/>
  </Style>
  <Style ss:ID="s66">
   <Alignment ss:Vertical="Bottom" ss:WrapText="1"/>
   <Font ss:FontName="Calibri" x:CharSet="1" x:Family="Swiss" ss:Size="11"/>
  </Style>
  <Style ss:ID="s67">
   <Alignment ss:Vertical="Bottom" ss:WrapText="1"/>
   <Interior/>
  </Style>
 </Styles>
 <Worksheet ss:Name="Script">
  <Table ss:ExpandedColumnCount="7" ss:ExpandedRowCount="114" x:FullColumns="1" x:FullRows="1" ss:StyleID="s62" ss:DefaultRowHeight="15">
   <Column ss:StyleID="s62" ss:Width="225.75"/>
   <Column ss:StyleID="s62" ss:Width="66.75"/>
   <Column ss:StyleID="s62" ss:AutoFitWidth="0" ss:Width="327.75"/>
   <Column ss:StyleID="s62" ss:Width="147.75"/>
   <Column ss:StyleID="s62" ss:AutoFitWidth="0" ss:Width="291" ss:Span="1"/>
   <Column ss:Index="7" ss:StyleID="s62" ss:AutoFitWidth="0" ss:Width="327.75"/>
   <Row ss:AutoFitHeight="0" ss:Height="75">
    <Cell ss:StyleID="s63"><Data ss:Type="String">DWELLING_QUESTFORGOTTEN</Data></Cell>
    <Cell ss:StyleID="s63"/>
    <Cell ss:StyleID="s63"/>
    <Cell ss:StyleID="s63"/>
    <Cell ss:StyleID="s63"><Data ss:Type="String">The DEV TEAM / MISC NOTES column contains info on what text between { } signs means (if applicable). It usually stands for either a numeric value, or a numeric value with an icon. Text between [ ] signs stands for a certain type of icon. </Data></Cell>
    <Cell ss:StyleID="s63"/>
    <Cell ss:StyleID="s63"/>
   </Row>
   <Row ss:AutoFitHeight="0">
    <Cell ss:StyleID="s63"><Data ss:Type="String">SCENE ID</Data></Cell>
    <Cell ss:StyleID="s63"><Data ss:Type="String">TEXT ID</Data></Cell>
    <Cell ss:StyleID="s63"><Data ss:Type="String">ENGLISH STRING</Data></Cell>
    <Cell ss:StyleID="s63"><Data ss:Type="String">ALTERNATIVE ENGLISH STRING</Data></Cell>
    <Cell ss:StyleID="s63"><Data ss:Type="String">LOCALIZATION NOTES</Data></Cell>
    <Cell ss:StyleID="s63"><Data ss:Type="String">DEV TEAM / MISC NOTES</Data></Cell>
    <Cell ss:StyleID="s63"/>
   </Row>
   <Row ss:AutoFitHeight="0" ss:Height="60">
    <Cell ss:StyleID="s63"/>
    <Cell ss:StyleID="s63"/>
    <Cell ss:StyleID="s63"/>
    <Cell ss:StyleID="s63"/>
    <Cell ss:StyleID="s63"><Data ss:Type="String">In the text below, text refers to a person that can either be male or female. If relevant for translation, please use the ‘localized string’ column for the male text and the ‘alternative localized string’ column for the female text.</Data></Cell>
    <Cell ss:StyleID="s63"/>
    <Cell ss:StyleID="s63"/>
   </Row>
   <Row ss:AutoFitHeight="0" ss:Height="105">
    <Cell ss:StyleID="s63"/>
    <Cell ss:StyleID="s63"/>
    <Cell ss:StyleID="s63"/>
    <Cell ss:StyleID="s63"/>
    <Cell ss:StyleID="s63"><Data ss:Type="String">In the text below, any inserted strings - anything of the form {text} - is replaced by an integer value for the thing described in the brackets. If the {text} is not followed by a unit - e.g. shields, hitpoints - the icon for the unit is inserted together with the integer. The same holds for symbols - e.g. '+', '%' - which are occasionally inserted together with the integer.</Data></Cell>
    <Cell ss:StyleID="s63"/>
    <Cell ss:StyleID="s63"/>
   </Row>
   <Row ss:AutoFitHeight="0" ss:Height="45">
    <Cell ss:StyleID="s63"/>
    <Cell ss:StyleID="s63"/>
    <Cell ss:StyleID="s63"/>
    <Cell ss:StyleID="s63"/>
    <Cell ss:StyleID="s63"><Data ss:Type="String">For references to game terminology and in-world references, please check the glossary delivered as part of the documentation.</Data></Cell>
    <Cell ss:StyleID="s63"/>
    <Cell ss:StyleID="s63"/>
   </Row>
   <Row ss:AutoFitHeight="0" ss:Height="75">
    <Cell ss:StyleID="s63"/>
    <Cell ss:StyleID="s63"/>
    <Cell ss:StyleID="s63"/>
    <Cell ss:StyleID="s63"/>
    <Cell ss:StyleID="s63"><Data ss:Type="String">The Growth are a sentient botanical species. They speak poetically, using puns and metaphors to describe things and speak romantically. They use the word "symbiosis" to refer to their relationships with other races and species. The "Mother Node" is their leader, and they refer to her in such.</Data></Cell>
    <Cell ss:StyleID="s63"/>
    <Cell ss:StyleID="s63"/>
   </Row>
   <Row ss:AutoFitHeight="0" ss:Height="45">
    <Cell ss:StyleID="s63"><Data ss:Type="String">DEFAULT_RESPONSE</Data></Cell>
    <Cell ss:StyleID="s63"><Data ss:Type="String">FAILED</Data></Cell>
    <Cell ss:StyleID="s63"><Data ss:Type="String">Você falhou porque lhe falta fé. Não pode correr mais rápido do que sua força de Essência, mas sua inépcia nos decepciona. Sua devoção é suspeita.</Data></Cell>
    <Cell ss:StyleID="s63"/>
    <Cell ss:StyleID="s63"><Data ss:Type="String">Default response to failed quests.</Data></Cell>
    <Cell ss:StyleID="s63"/>
    <Cell ss:StyleID="s63"/>
   </Row>
   <Row ss:AutoFitHeight="0">
    <Cell><Data ss:Type="String">KILL_UNITS_01</Data></Cell>
    <Cell><Data ss:Type="String">NAME</Data></Cell>
    <Cell ss:StyleID="s63"><Data ss:Type="String">Contratos Quebrados</Data></Cell>
   </Row>
   <Row ss:AutoFitHeight="0">
    <Cell><Data ss:Type="String">KILL_UNITS_01</Data></Cell>
    <Cell><Data ss:Type="String">SHORT</Data></Cell>
    <Cell ss:StyleID="s63"><Data ss:Type="String">Caçar Piratas desonrosos</Data></Cell>
    <Cell ss:Index="6"><Data ss:Type="String">TIER I</Data></Cell>
   </Row>
   <Row ss:AutoFitHeight="0" ss:Height="75">
    <Cell><Data ss:Type="String">KILL_UNITS_01</Data></Cell>
    <Cell><Data ss:Type="String">DESCRIPTION</Data></Cell>
    <Cell ss:StyleID="s63"><Data ss:Type="String">Precisamos de mais Essência para nos sustentar. Contribuições são… difíceis de encontrar. Firmamos um contrato com voluntários dispostos: objetos de valor em troca de Essência. Eles levaram nossos suprimentos, mas se recusaram a nos conceder Essência. Precisamos nos alimentar. Podemos ser lentos, mas você não é. Caçe-os. Confiamos que fará com que cumpram seu contrato.</Data></Cell>
   </Row>
   <Row ss:AutoFitHeight="0" ss:Height="45">
    <Cell><Data ss:Type="String">KILL_UNITS_01</Data></Cell>
    <Cell><Data ss:Type="String">COMPLETED</Data></Cell>
    <Cell ss:StyleID="s63"><Data ss:Type="String">A Essência final deles floresce dentro de nós agora. Seus restos saciarão temporariamente nossa fome. Você tem nossa gratidão e pode ficar com esses objetos de valor.</Data></Cell>
   </Row>
   <Row ss:Index="13" ss:AutoFitHeight="0">
    <Cell><Data ss:Type="String">KILL_UNITS_02</Data></Cell>
    <Cell><Data ss:Type="String">NAME</Data></Cell>
    <Cell ss:StyleID="s63"><Data ss:Type="String">A Ordem Natural</Data></Cell>
   </Row>
   <Row ss:AutoFitHeight="0">
    <Cell><Data ss:Type="String">KILL_UNITS_02</Data></Cell>
    <Cell><Data ss:Type="String">SHORT</Data></Cell>
    <Cell ss:StyleID="s63"><Data ss:Type="String">Matar o Crescimento blasfemo</Data></Cell>
    <Cell ss:Index="6"><Data ss:Type="String">TIER I</Data></Cell>
   </Row>
   <Row ss:AutoFitHeight="0" ss:Height="60">
    <Cell><Data ss:Type="String">KILL_UNITS_02</Data></Cell>
    <Cell><Data ss:Type="String">DESCRIPTION</Data></Cell>
    <Cell ss:StyleID="s63"><Data ss:Type="String">Encontros recentes com uma forma de vida rival nos horrorizaram. Sua Essência é estranha. Todos os seres vivos são sagrados, mas a Entropia desafia a hierarquia do Criador. Nós detemos o domínio sobre a vida, e as plantas são sua forma mais baixa. O Crescimento incorpora a corrupção da Entropia.</Data></Cell>
   </Row>
   <Row ss:AutoFitHeight="0" ss:Height="30">
    <Cell><Data ss:Type="String">KILL_UNITS_02</Data></Cell>
    <Cell><Data ss:Type="String">COMPLETED</Data></Cell>
    <Cell ss:StyleID="s63"><Data ss:Type="String">Sua vitalidade foi especialmente nutritiva. Venha. Ceie conosco. Junte-se ao nosso banquete sagrado. Seus feitos merecem uma recompensa.</Data></Cell>
   </Row>
   <Row ss:Index="18" ss:AutoFitHeight="0">
    <Cell><Data ss:Type="String">KILL_UNITS_03</Data></Cell>
    <Cell><Data ss:Type="String">NAME</Data></Cell>
    <Cell ss:StyleID="s63"><Data ss:Type="String">O Furto Corrompe a Vida</Data></Cell>
   </Row>
   <Row ss:AutoFitHeight="0">
    <Cell><Data ss:Type="String">KILL_UNITS_03</Data></Cell>
    <Cell><Data ss:Type="String">SHORT</Data></Cell>
    <Cell ss:StyleID="s63"><Data ss:Type="String">Matar os saqueadores de tumbas</Data></Cell>
    <Cell ss:Index="6"><Data ss:Type="String">TIER I</Data></Cell>
   </Row>
   <Row ss:AutoFitHeight="0" ss:Height="90">
    <Cell><Data ss:Type="String">KILL_UNITS_03</Data></Cell>
    <Cell><Data ss:Type="String">DESCRIPTION</Data></Cell>
    <Cell ss:StyleID="s63"><Data ss:Type="String">Infiéis mortais invadiram nosso local de sepultamento. Profanaram nossa sagrada sabedoria. Roubaram cristais sagrados. O Criador nos deu mandamentos para nossa felicidade. Roubar é proibido. Aqueles que desrespeitam nossos mandamentos desperdiçam suas vidas e são indignos da Essência que possuem. Prove seu valor. Mate os ladrões.</Data></Cell>
   </Row>
   <Row ss:AutoFitHeight="0" ss:Height="45">
    <Cell><Data ss:Type="String">KILL_UNITS_03</Data></Cell>
    <Cell><Data ss:Type="String">COMPLETED</Data></Cell>
    <Cell ss:StyleID="s63"><Data ss:Type="String">Estamos reunidos com nossos parentes cristalinos. Saboreamos os restos dos pecadores caídos. Você provou que sua Essência é digna de nossa generosidade.</Data></Cell>
   </Row>
   <Row ss:AutoFitHeight="0">
    <Cell ss:Index="3" ss:StyleID="s64"/>
    <Cell ss:StyleID="s64"/>
    <Cell ss:Index="7" ss:StyleID="s64"/>
   </Row>
   <Row ss:AutoFitHeight="0">
    <Cell><Data ss:Type="String">KILL_UNITS_04</Data></Cell>
    <Cell><Data ss:Type="String">NAME</Data></Cell>
    <Cell ss:StyleID="s63"><Data ss:Type="String">Tomar o Domínio da Terra</Data></Cell>
   </Row>
   <Row ss:AutoFitHeight="0">
    <Cell><Data ss:Type="String">KILL_UNITS_04</Data></Cell>
    <Cell><Data ss:Type="String">SHORT</Data></Cell>
    <Cell ss:StyleID="s63"><Data ss:Type="String">Matar os Quartzitas</Data></Cell>
    <Cell ss:Index="6"><Data ss:Type="String">TIER I</Data></Cell>
   </Row>
   <Row ss:AutoFitHeight="0" ss:Height="60">
    <Cell><Data ss:Type="String">KILL_UNITS_04</Data></Cell>
    <Cell><Data ss:Type="String">DESCRIPTION</Data></Cell>
    <Cell ss:StyleID="s63"><Data ss:Type="String">A Essência vaza para a terra. Tentamos contê-la, mas nossos túmulos estão inquietos. Ao nosso redor, ela escapa. O solo se move e não obedece. A Essência não pode ser perdida. Precisamos estudar esses Quartzitas e como retêm Essência em rocha sem vida. Traga-nos seus restos.</Data></Cell>
   </Row>
   <Row ss:AutoFitHeight="0" ss:Height="45">
    <Cell><Data ss:Type="String">KILL_UNITS_04</Data></Cell>
    <Cell><Data ss:Type="String">COMPLETED</Data></Cell>
    <Cell ss:StyleID="s63"><Data ss:Type="String">Aplaudimos sua disposição em obedecer. Analisaremos o que restou. Talvez isso leve a um meio melhor de reter Essência. Nós o louvamos e enviamos bênçãos.</Data></Cell>
    <Cell ss:Index="7" ss:StyleID="s65"/>
   </Row>
   <Row ss:AutoFitHeight="0">
    <Cell ss:Index="3" ss:StyleID="s63"/>
    <Cell ss:Index="7" ss:StyleID="s65"/>
   </Row>
   <Row ss:AutoFitHeight="0">
    <Cell><Data ss:Type="String">KILL_UNITS_05</Data></Cell>
    <Cell><Data ss:Type="String">NAME</Data></Cell>
    <Cell ss:StyleID="s63"><Data ss:Type="String">O Desejo Sintético não é o Propósito da Vida</Data></Cell>
   </Row>
   <Row ss:AutoFitHeight="0">
    <Cell><Data ss:Type="String">KILL_UNITS_05</Data></Cell>
    <Cell><Data ss:Type="String">SHORT</Data></Cell>
    <Cell ss:StyleID="s63"><Data ss:Type="String">Destruir todos os Robôs de Prazer</Data></Cell>
    <Cell ss:Index="6"><Data ss:Type="String">TIER I</Data></Cell>
   </Row>
   <Row ss:AutoFitHeight="0" ss:Height="75">
    <Cell><Data ss:Type="String">KILL_UNITS_05</Data></Cell>
    <Cell><Data ss:Type="String">DESCRIPTION</Data></Cell>
    <Cell ss:StyleID="s63"><Data ss:Type="String">Nosso instinto procriativo é o presente mais precioso do Criador à vida. É como nos tornamos criadores nós mesmos. Esses chamados robôs de prazer são uma abominação. Esses agentes vulgares da Entropia zombam da dança biológica sagrada. Eles corrompem os laços sagrados de atração. Mantenha a vida sagrada. Elimine-os.</Data></Cell>
   </Row>
   <Row ss:AutoFitHeight="0" ss:Height="45">
    <Cell><Data ss:Type="String">KILL_UNITS_05</Data></Cell>
    <Cell><Data ss:Type="String">COMPLETED</Data></Cell>
    <Cell ss:StyleID="s63"><Data ss:Type="String">Alguns zombam, dizendo que isso não importa. Com tal declaração, eles provam nosso ponto. Deveria importar. Valorize seus laços biológicos. Você provou que é um amigo da vida.</Data></Cell>
   </Row>
   <Row ss:Index="33" ss:AutoFitHeight="0" ss:StyleID="s66">
    <Cell><Data ss:Type="String">KILL_UNITS_06</Data></Cell>
    <Cell><Data ss:Type="String">NAME</Data></Cell>
    <Cell ss:StyleID="s63"><Data ss:Type="String">O Vazio é uma Mentira</Data></Cell>
    <Cell ss:Index="6" ss:StyleID="s62"/>
   </Row>
   <Row ss:AutoFitHeight="0" ss:StyleID="s66">
    <Cell><Data ss:Type="String">KILL_UNITS_06</Data></Cell>
    <Cell><Data ss:Type="String">SHORT</Data></Cell>
    <Cell ss:StyleID="s63"><Data ss:Type="String">Os Mentirosos Psi-Peixes devem perecer</Data></Cell>
    <Cell ss:Index="6"><Data ss:Type="String">TIER II</Data></Cell>
   </Row>
   <Row ss:AutoFitHeight="0" ss:Height="60" ss:StyleID="s66">
    <Cell><Data ss:Type="String">KILL_UNITS_06</Data></Cell>
    <Cell><Data ss:Type="String">DESCRIPTION</Data></Cell>
    <Cell ss:StyleID="s63"><Data ss:Type="String">Mentirosos! Ladrões da mente fingem ser amigáveis, mas por dentro são lobos vorazes. Eles mentem sobre suas verdadeiras intenções neste reino. Não acredite em suas mentiras. Eles tentarão virar você contra nós. Isso não pode acontecer. Nós os julgamos agentes da Entropia. Apague-os.</Data></Cell>
   </Row>
   <Row ss:AutoFitHeight="0" ss:Height="30" ss:StyleID="s66">
    <Cell><Data ss:Type="String">KILL_UNITS_06</Data></Cell>
    <Cell><Data ss:Type="String">COMPLETED</Data></Cell>
    <Cell ss:StyleID="s63"><Data ss:Type="String">Bem feito, amigo do Criador. Você conquista nossa confiança ao destruir as serpentes da mente. Nós o julgamos digno de recompensa.</Data></Cell>
   </Row>
   <Row ss:AutoFitHeight="0">
    <Cell ss:Index="3" ss:StyleID="s64"/>
    <Cell ss:StyleID="s64"/>
    <Cell ss:Index="6" ss:StyleID="s66"/>
    <Cell ss:StyleID="s64"/>
   </Row>
   <Row ss:AutoFitHeight="0">
    <Cell><Data ss:Type="String">KILL_UNITS_07</Data></Cell>
    <Cell><Data ss:Type="String">NAME</Data></Cell>
    <Cell ss:StyleID="s63"><Data ss:Type="String">Nenhum Outro Deus</Data></Cell>
    <Cell ss:Index="6" ss:StyleID="s64"/>
   </Row>
   <Row ss:AutoFitHeight="0">
    <Cell><Data ss:Type="String">KILL_UNITS_07</Data></Cell>
    <Cell><Data ss:Type="String">SHORT</Data></Cell>
    <Cell ss:StyleID="s63"><Data ss:Type="String">Destrua os apóstatas</Data></Cell>
    <Cell ss:Index="6"><Data ss:Type="String">TIER II</Data></Cell>
   </Row>
   <Row ss:AutoFitHeight="0" ss:Height="75">
    <Cell><Data ss:Type="String">KILL_UNITS_07</Data></Cell>
    <Cell><Data ss:Type="String">DESCRIPTION</Data></Cell>
    <Cell ss:StyleID="s63"><Data ss:Type="String">Somente nós detemos a linhagem sacerdotal legítima do Criador. Somente nós julgamos o direito divino à Essência. Um cisma ameaça usurpar nossa autoridade. Eles dizem que estamos corrompidos. Recusam-se a sacrificar e fingem conhecer um Criador diferente. Impedem-nos de espalhar a apostasia.</Data></Cell>
    <Cell ss:Index="6"><Data ss:Type="String">Heritor/Forgotten</Data></Cell>
   </Row>
   <Row ss:AutoFitHeight="0" ss:Height="45">
    <Cell><Data ss:Type="String">KILL_UNITS_07</Data></Cell>
    <Cell><Data ss:Type="String">COMPLETED</Data></Cell>
    <Cell ss:StyleID="s63"><Data ss:Type="String">Bem feito, bons e fiéis servos. Vocês nos proporcionaram este pequeno benefício, mas o Criador os recompensará com glória e prestígio eternos.</Data></Cell>
   </Row>
   <Row ss:AutoFitHeight="0">
    <Cell ss:Index="3" ss:StyleID="s63"/>
   </Row>
   <Row ss:AutoFitHeight="0">
    <Cell><Data ss:Type="String">KILL_UNITS_08</Data></Cell>
    <Cell><Data ss:Type="String">NAME</Data></Cell>
    <Cell ss:StyleID="s63"><Data ss:Type="String">Origens da Inveja</Data></Cell>
   </Row>
   <Row ss:AutoFitHeight="0">
    <Cell><Data ss:Type="String">KILL_UNITS_08</Data></Cell>
    <Cell><Data ss:Type="String">SHORT</Data></Cell>
    <Cell ss:StyleID="s63"><Data ss:Type="String">Destrua os Traidores Paragon</Data></Cell>
    <Cell ss:Index="6"><Data ss:Type="String">TIER III</Data></Cell>
   </Row>
   <Row ss:AutoFitHeight="0" ss:Height="75">
    <Cell><Data ss:Type="String">KILL_UNITS_08</Data></Cell>
    <Cell><Data ss:Type="String">DESCRIPTION</Data></Cell>
    <Cell ss:StyleID="s63"><Data ss:Type="String">Antigamente, os Paragon foram instrumentais em lucrar com nosso exílio e destruição. Alguns Paragon buscaram nossa preciosa Essência para revitalizar seus lacaios decrépitos. Eles cobiçam o que sacrificamos para preservar nossas vidas. Precisamos nos alimentar. Destruam esses traidores. Provem sua lealdade a nós.</Data></Cell>
   </Row>
   <Row ss:AutoFitHeight="0" ss:Height="30">
    <Cell><Data ss:Type="String">KILL_UNITS_08</Data></Cell>
    <Cell><Data ss:Type="String">COMPLETED</Data></Cell>
    <Cell ss:StyleID="s63"><Data ss:Type="String">Nunca mais definharemos em tumbas, exilados em um túmulo, enquanto eles desperdiçam suas vidas. Sua fé em nós sempre será lembrada.</Data></Cell>
   </Row>
   <Row ss:Index="48" ss:AutoFitHeight="0" ss:StyleID="s66">
    <Cell><Data ss:Type="String">KILL_UNITS_09</Data></Cell>
    <Cell><Data ss:Type="String">NAME</Data></Cell>
    <Cell ss:StyleID="s63"><Data ss:Type="String">Não Matarás (a Nós)</Data></Cell>
    <Cell ss:Index="6" ss:StyleID="s62"/>
   </Row>
   <Row ss:AutoFitHeight="0" ss:StyleID="s66">
    <Cell><Data ss:Type="String">KILL_UNITS_09</Data></Cell>
    <Cell><Data ss:Type="String">SHORT</Data></Cell>
    <Cell ss:StyleID="s63"><Data ss:Type="String">Destrua todos os RPR</Data></Cell>
    <Cell ss:Index="6"><Data ss:Type="String">TIER III</Data></Cell>
   </Row>
   <Row ss:AutoFitHeight="0" ss:Height="75" ss:StyleID="s66">
    <Cell><Data ss:Type="String">KILL_UNITS_09</Data></Cell>
    <Cell><Data ss:Type="String">DESCRIPTION</Data></Cell>
    <Cell ss:StyleID="s63"><Data ss:Type="String">Amigo da vida, os Ceifadores estão sobre nós. Eles foram criados com o único propósito de destruir nossa espécie e não devem atrapalhar nossa celebração. Em nome de toda vida sagrada, obedeça ao chamado do Criador. Nisso, você está livre para destruí-los, pois não há vida dentro deles. Nós lhe suplicamos, destrua-os antes que matem novamente.</Data></Cell>
   </Row>
   <Row ss:AutoFitHeight="0" ss:Height="45" ss:StyleID="s66">
    <Cell><Data ss:Type="String">KILL_UNITS_09</Data></Cell>
    <Cell><Data ss:Type="String">COMPLETED</Data></Cell>
    <Cell ss:StyleID="s63"><Data ss:Type="String">Absolvemos você de qualquer culpa originada desses atos de violência. Sua bravura a nosso pedido prova que você é um herói escolhido. Compartilhamos nossa boa vontade e fortuna com você.</Data></Cell>
   </Row>
   <Row ss:AutoFitHeight="0">
    <Cell ss:Index="3" ss:StyleID="s64"/>
    <Cell ss:StyleID="s64"/>
    <Cell ss:Index="6" ss:StyleID="s66"/>
    <Cell ss:StyleID="s64"/>
   </Row>
   <Row ss:AutoFitHeight="0">
    <Cell><Data ss:Type="String">KILL_UNITS_10</Data></Cell>
    <Cell><Data ss:Type="String">NAME</Data></Cell>
    <Cell ss:StyleID="s63"><Data ss:Type="String">Não Computarás</Data></Cell>
    <Cell ss:Index="6" ss:StyleID="s64"/>
   </Row>
   <Row ss:AutoFitHeight="0">
    <Cell><Data ss:Type="String">KILL_UNITS_10</Data></Cell>
    <Cell><Data ss:Type="String">SHORT</Data></Cell>
    <Cell ss:StyleID="s63"><Data ss:Type="String">Destrua os Agentes Automatizados da Entropia</Data></Cell>
    <Cell ss:Index="6"><Data ss:Type="String">TIER III</Data></Cell>
   </Row>
   <Row ss:AutoFitHeight="0" ss:Height="60">
    <Cell><Data ss:Type="String">KILL_UNITS_10</Data></Cell>
    <Cell><Data ss:Type="String">DESCRIPTION</Data></Cell>
    <Cell ss:StyleID="s63"><Data ss:Type="String">Eles não têm Essência. São ídolos sem vida que devem ser destruídos. Nós os julgamos construtos da Entropia, meras distrações do propósito da vida. Eles são programados para a violência e se ofendem se apontamos o quão sem sentido são. Destrua-os.</Data></Cell>
   </Row>
   <Row ss:AutoFitHeight="0" ss:Height="45">
    <Cell><Data ss:Type="String">KILL_UNITS_10</Data></Cell>
    <Cell><Data ss:Type="String">COMPLETED</Data></Cell>
    <Cell ss:StyleID="s63"><Data ss:Type="String">Bem feito, Campeão da Vida. Ao destruir esses ídolos sem vida, você demonstra sua fé e rejeita as distrações da Entropia. Nós o abençoamos.</Data></Cell>
   </Row>
   <Row ss:AutoFitHeight="0">
    <Cell ss:Index="3" ss:StyleID="s63"/>
   </Row>
   <Row ss:AutoFitHeight="0">
    <Cell ss:Index="3" ss:StyleID="s63"/>
   </Row>
   <Row ss:AutoFitHeight="0">
    <Cell><Data ss:Type="String">SPECIAL_PRODUCTION_PROJECT_01</Data></Cell>
    <Cell><Data ss:Type="String">NAME</Data></Cell>
    <Cell ss:StyleID="s63"><Data ss:Type="String">Câmaras de Cristal</Data></Cell>
   </Row>
   <Row ss:AutoFitHeight="0">
    <Cell><Data ss:Type="String">SPECIAL_PRODUCTION_PROJECT_01</Data></Cell>
    <Cell><Data ss:Type="String">SHORT</Data></Cell>
    <Cell ss:StyleID="s63"><Data ss:Type="String">Fabricar Cristais de Essência Fresca</Data></Cell>
    <Cell ss:Index="6"><Data ss:Type="String">TIER II</Data></Cell>
   </Row>
   <Row ss:AutoFitHeight="0" ss:Height="75">
    <Cell><Data ss:Type="String">SPECIAL_PRODUCTION_PROJECT_01</Data></Cell>
    <Cell><Data ss:Type="String">DESCRIPTION</Data></Cell>
    <Cell ss:StyleID="s63"><Data ss:Type="String">Nós ansiamos pelos mortos. O Apodrecimento nos sustenta, mas perdemos Essência eterna a cada esforço infrutífero. Sentimos ela escapando. Os recipientes cristalinos que guardam nossa amada Essência se degradam rápido demais. Precisamos de sua força para preservar a nossa, construindo mais recipientes.</Data></Cell>
   </Row>
   <Row ss:AutoFitHeight="0" ss:Height="45">
    <Cell><Data ss:Type="String">SPECIAL_PRODUCTION_PROJECT_01</Data></Cell>
    <Cell><Data ss:Type="String">COMPLETED</Data></Cell>
    <Cell ss:StyleID="s63"><Data ss:Type="String">Louvado seja o Criador por sua misericórdia conosco. Estamos mais fortes graças à sua vitalidade. Agradecemos com presentes dos melhores bens e bênçãos dos céus.</Data></Cell>
   </Row>
   <Row ss:AutoFitHeight="0">
    <Cell><Data ss:Type="String">SPECIAL_PRODUCTION_PROJECT_01_BUILDING</Data></Cell>
    <Cell><Data ss:Type="String">NAME</Data></Cell>
    <Cell ss:StyleID="s63"><Data ss:Type="String">Câmaras de Essência de Cristal</Data></Cell>
   </Row>
   <Row ss:AutoFitHeight="0" ss:Height="30">
    <Cell><Data ss:Type="String">SPECIAL_PRODUCTION_PROJECT_01_BUILDING</Data></Cell>
    <Cell><Data ss:Type="String">DESCRIPTION</Data></Cell>
    <Cell ss:StyleID="s63"><Data ss:Type="String">Construa um estoque de Câmaras de Essência de Cristal para que a Essência dos Esquecidos não vaze e se perca.</Data></Cell>
   </Row>
   <Row ss:Index="66" ss:AutoFitHeight="0">
    <Cell><Data ss:Type="String">SPECIAL_PRODUCTION_PROJECT_02</Data></Cell>
    <Cell><Data ss:Type="String">NAME</Data></Cell>
    <Cell ss:StyleID="s63"><Data ss:Type="String">Despertar o Passado</Data></Cell>
   </Row>
   <Row ss:AutoFitHeight="0">
    <Cell><Data ss:Type="String">SPECIAL_PRODUCTION_PROJECT_02</Data></Cell>
    <Cell><Data ss:Type="String">SHORT</Data></Cell>
    <Cell ss:StyleID="s63"><Data ss:Type="String">Construir um Santuário aos Nossos Caídos</Data></Cell>
    <Cell ss:Index="6"><Data ss:Type="String">TIER IV Unique</Data></Cell>
   </Row>
   <Row ss:AutoFitHeight="0" ss:Height="75">
    <Cell><Data ss:Type="String">SPECIAL_PRODUCTION_PROJECT_02</Data></Cell>
    <Cell><Data ss:Type="String">DESCRIPTION</Data></Cell>
    <Cell ss:StyleID="s63"><Data ss:Type="String">Lembramos da malícia da Entropia, como ela se enfureceu nos corações das pessoas. O medo deles nos despedaçou e destruiu nosso precioso legado. Sentimos falta deles. Anelamos para nunca esquecê-los. Outros devem conhecer o preço do medo. Devem saber de nossa perda. Construa um monumento em sua homenagem.</Data></Cell>
   </Row>
   <Row ss:AutoFitHeight="0" ss:Height="45">
    <Cell><Data ss:Type="String">SPECIAL_PRODUCTION_PROJECT_02</Data></Cell>
    <Cell><Data ss:Type="String">COMPLETED</Data></Cell>
    <Cell ss:StyleID="s63"><Data ss:Type="String">Nada é mais trágico para imortais do que a morte. Ser perdido e desaparecido é um destino terrível. Valorizamos seu esforço. Ele não os traz de volta, mas talvez evite outro massacre.</Data></Cell>
   </Row>
   <Row ss:AutoFitHeight="0">
    <Cell><Data ss:Type="String">SPECIAL_PRODUCTION_PROJECT_02_BUILDING</Data></Cell>
    <Cell><Data ss:Type="String">NAME</Data></Cell>
    <Cell ss:StyleID="s63"><Data ss:Type="String">Monumento aos Caídos Esquecidos</Data></Cell>
   </Row>
   <Row ss:AutoFitHeight="0" ss:Height="30">
    <Cell><Data ss:Type="String">SPECIAL_PRODUCTION_PROJECT_02_BUILDING</Data></Cell>
    <Cell><Data ss:Type="String">DESCRIPTION</Data></Cell>
    <Cell ss:StyleID="s63"><Data ss:Type="String">Construa um monumento aos mortos dos Esquecidos, dos dias em que foram caçados e destruídos.</Data></Cell>
   </Row>
   <Row ss:AutoFitHeight="0">
    <Cell ss:Index="3" ss:StyleID="s63"/>
   </Row>
   <Row ss:Index="74" ss:AutoFitHeight="0">
    <Cell><Data ss:Type="String">DESTROY_SPAWNER_BASE_01</Data></Cell>
    <Cell><Data ss:Type="String">NAME</Data></Cell>
    <Cell ss:StyleID="s63"><Data ss:Type="String">Carne Corruptível</Data></Cell>
   </Row>
   <Row ss:AutoFitHeight="0">
    <Cell><Data ss:Type="String">DESTROY_SPAWNER_BASE_01</Data></Cell>
    <Cell><Data ss:Type="String">SHORT</Data></Cell>
    <Cell ss:StyleID="s63"><Data ss:Type="String">Destruir a Fazenda de Gado</Data></Cell>
    <Cell ss:Index="6"><Data ss:Type="String">TIER II</Data></Cell>
   </Row>
   <Row ss:AutoFitHeight="0" ss:Height="60">
    <Cell><Data ss:Type="String">DESTROY_SPAWNER_BASE_01</Data></Cell>
    <Cell><Data ss:Type="String">DESCRIPTION</Data></Cell>
    <Cell ss:StyleID="s63"><Data ss:Type="String">Nós temos fome, não da carne de porcos, mas da Essência que eles desperdiçam. Destrua suas formas carnais, derrube seus currais e os espalhe pela terra. Nós nos alimentaremos de seus restos. Isso nos saciará, e não precisaremos de outras fontes de 'alimento'… por enquanto.</Data></Cell>
   </Row>
   <Row ss:AutoFitHeight="0" ss:Height="30">
    <Cell><Data ss:Type="String">DESTROY_SPAWNER_BASE_01</Data></Cell>
    <Cell><Data ss:Type="String">COMPLETED</Data></Cell>
    <Cell ss:StyleID="s63"><Data ss:Type="String">Essência Saborosa nos enche de fervor. Nossas legiões se fartaram dos suínos caídos. Agradecemos com este favor.</Data></Cell>
   </Row>
   <Row ss:AutoFitHeight="0">
    <Cell ss:Index="3" ss:StyleID="s63"/>
   </Row>
   <Row ss:AutoFitHeight="0">
    <Cell><Data ss:Type="String">DESTROY_SPAWNER_BASE_02</Data></Cell>
    <Cell><Data ss:Type="String">NAME</Data></Cell>
    <Cell ss:StyleID="s63"><Data ss:Type="String">Praga de Gafanhotos</Data></Cell>
   </Row>
   <Row ss:AutoFitHeight="0">
    <Cell><Data ss:Type="String">DESTROY_SPAWNER_BASE_02</Data></Cell>
    <Cell><Data ss:Type="String">SHORT</Data></Cell>
    <Cell ss:StyleID="s63"><Data ss:Type="String">Destruir o Ninho de Hopperhounds</Data></Cell>
    <Cell ss:Index="6"><Data ss:Type="String">TIER II</Data></Cell>
   </Row>
   <Row ss:AutoFitHeight="0" ss:Height="60">
    <Cell><Data ss:Type="String">DESTROY_SPAWNER_BASE_02</Data></Cell>
    <Cell><Data ss:Type="String">DESCRIPTION</Data></Cell>
    <Cell ss:StyleID="s63"><Data ss:Type="String">O consumo decretado recairá sobre os gafanhotos do ar. Um ninho deles tão próximo de nossas câmaras só infestará nossos túmulos tranquilos. Por favor, mate os Hopperhounds e destrua seu ninho. Nós nos alimentaremos dos caídos, e juntos prosperaremos.</Data></Cell>
    <Cell ss:Index="7" ss:StyleID="s65"/>
   </Row>
   <Row ss:AutoFitHeight="0" ss:Height="45">
    <Cell><Data ss:Type="String">DESTROY_SPAWNER_BASE_02</Data></Cell>
    <Cell><Data ss:Type="String">COMPLETED</Data></Cell>
    <Cell ss:StyleID="s63"><Data ss:Type="String">A terra está tranquila. A Essência dos Hopperhounds nos restaura. Os campos estão livres para serem reivindicados pelos teus. Regozijemo-nos com a abundância desta terra. Desfrutai de nossa bênção.</Data></Cell>
    <Cell ss:Index="7" ss:StyleID="s65"/>
   </Row>
   <Row ss:AutoFitHeight="0">
    <Cell ss:Index="3" ss:StyleID="s63"/>
    <Cell ss:Index="7" ss:StyleID="s65"/>
   </Row>
   <Row ss:AutoFitHeight="0">
    <Cell><Data ss:Type="String">DESTROY_SPAWNER_BASE_03</Data></Cell>
    <Cell><Data ss:Type="String">NAME</Data></Cell>
    <Cell ss:StyleID="s63"><Data ss:Type="String">Cristalino Puro</Data></Cell>
   </Row>
   <Row ss:AutoFitHeight="0">
    <Cell><Data ss:Type="String">DESTROY_SPAWNER_BASE_03</Data></Cell>
    <Cell><Data ss:Type="String">SHORT</Data></Cell>
    <Cell ss:StyleID="s63"><Data ss:Type="String">Destrua o Gerador de Quartzito</Data></Cell>
    <Cell ss:Index="6"><Data ss:Type="String">TIER III</Data></Cell>
   </Row>
   <Row ss:AutoFitHeight="0" ss:Height="75">
    <Cell><Data ss:Type="String">DESTROY_SPAWNER_BASE_03</Data></Cell>
    <Cell><Data ss:Type="String">DESCRIPTION</Data></Cell>
    <Cell ss:StyleID="s63"><Data ss:Type="String">Esta terra corrompe nossa tecnologia cristalina. Corrija a terra novamente. Restaure-a a uma forma sustentável. Não podemos tolerar o Gerador de Quartzito. Quem dentre vós permanece fiel? Aguardamos em julgamento por aliados. Prove seu valor à nossa causa, e nossas bênçãos serão abundantes.</Data></Cell>
   </Row>
   <Row ss:AutoFitHeight="0" ss:Height="30">
    <Cell><Data ss:Type="String">DESTROY_SPAWNER_BASE_03</Data></Cell>
    <Cell><Data ss:Type="String">COMPLETED</Data></Cell>
    <Cell ss:StyleID="s63"><Data ss:Type="String">A terra tranquila retorna ao nosso domínio. Bendito seja o Criador. Nós vos abençoamos, a vós e aos vossos. Aceitai este presente.</Data></Cell>
   </Row>
   <Row ss:AutoFitHeight="0">
    <Cell ss:Index="3" ss:StyleID="s63"/>
   </Row>
   <Row ss:AutoFitHeight="0">
    <Cell><Data ss:Type="String">DESTROY_SPAWNER_BASE_04</Data></Cell>
    <Cell><Data ss:Type="String">NAME</Data></Cell>
    <Cell ss:StyleID="s63"><Data ss:Type="String">Assassinar Assassinos</Data></Cell>
   </Row>
   <Row ss:AutoFitHeight="0">
    <Cell><Data ss:Type="String">DESTROY_SPAWNER_BASE_04</Data></Cell>
    <Cell><Data ss:Type="String">SHORT</Data></Cell>
    <Cell ss:StyleID="s63"><Data ss:Type="String">Obliterar o Bunker Ceifador</Data></Cell>
    <Cell ss:Index="6"><Data ss:Type="String">TIER IV</Data></Cell>
   </Row>
   <Row ss:AutoFitHeight="0" ss:Height="60">
    <Cell><Data ss:Type="String">DESTROY_SPAWNER_BASE_04</Data></Cell>
    <Cell><Data ss:Type="String">DESCRIPTION</Data></Cell>
    <Cell ss:StyleID="s63"><Data ss:Type="String">Horror dos horrores, as maiores abominações da Entropia rondam as terras! Essas construções de inimizade não podem ser permitidas a vagar livremente. Exigimos que todos que prezam a vida e desejam ganhar nossa bênção façam tudo ao seu alcance para erradicar esses intrusos.</Data></Cell>
   </Row>
   <Row ss:AutoFitHeight="0" ss:Height="30">
    <Cell><Data ss:Type="String">DESTROY_SPAWNER_BASE_04</Data></Cell>
    <Cell><Data ss:Type="String">COMPLETED</Data></Cell>
    <Cell ss:StyleID="s63"><Data ss:Type="String">Provastes ser nosso aliado mais confiável e digno. Buscamos recompensar-vos por destruir essas máquinas perversas.</Data></Cell>
   </Row>
   <Row ss:AutoFitHeight="0">
    <Cell ss:Index="3" ss:StyleID="s63"/>
   </Row>
   <Row ss:Index="95" ss:AutoFitHeight="0">
    <Cell><Data ss:Type="String">SPECIAL_RESEARCH_PROJECT_01</Data></Cell>
    <Cell><Data ss:Type="String">NAME</Data></Cell>
    <Cell ss:StyleID="s63"><Data ss:Type="String">Refrescadores Históricos</Data></Cell>
   </Row>
   <Row ss:AutoFitHeight="0">
    <Cell><Data ss:Type="String">SPECIAL_RESEARCH_PROJECT_01</Data></Cell>
    <Cell><Data ss:Type="String">SHORT</Data></Cell>
    <Cell ss:StyleID="s63"><Data ss:Type="String">Ensinar História aos Esquecidos</Data></Cell>
    <Cell ss:Index="6"><Data ss:Type="String">Tier II</Data></Cell>
   </Row>
   <Row ss:AutoFitHeight="0" ss:Height="75">
    <Cell><Data ss:Type="String">SPECIAL_RESEARCH_PROJECT_01</Data></Cell>
    <Cell><Data ss:Type="String">DESCRIPTION</Data></Cell>
    <Cell ss:StyleID="s63"><Data ss:Type="String">Estamos perdidos após todos esses anos selados em reclusão. O que aconteceu com nosso outrora grandioso Império? Abri para nós vossos bancos de dados históricos. Dai-nos acesso ao vosso conhecimento para que possamos nos informar sobre os remanescentes da civilização que persistem neste tempo.</Data></Cell>
    <Cell ss:Index="7" ss:StyleID="s65"/>
   </Row>
   <Row ss:AutoFitHeight="0" ss:Height="45">
    <Cell><Data ss:Type="String">SPECIAL_RESEARCH_PROJECT_01</Data></Cell>
    <Cell><Data ss:Type="String">COMPLETED</Data></Cell>
    <Cell ss:StyleID="s63"><Data ss:Type="String">Basta. Estamos enojados com o desperdício e a trágica perda de vidas — e tantas mortes desnecessárias desperdiçadas — desde nosso exílio. É uma era terrível. Não obstante, apreciamos vossa franqueza e vos recompensamos.</Data></Cell>
    <Cell ss:Index="7" ss:StyleID="s65"/>
   </Row>
   <Row ss:AutoFitHeight="0">
    <Cell><Data ss:Type="String">SPECIAL_RESEARCH_PROJECT_01_RESEARCH</Data></Cell>
    <Cell><Data ss:Type="String">NAME</Data></Cell>
    <Cell ss:StyleID="s63"><Data ss:Type="String">Despejo de Arquivo de Conhecimento</Data></Cell>
   </Row>
   <Row ss:AutoFitHeight="0" ss:Height="30">
    <Cell><Data ss:Type="String">SPECIAL_RESEARCH_PROJECT_01_RESEARCH</Data></Cell>
    <Cell><Data ss:Type="String">DESCRIPTION</Data></Cell>
    <Cell ss:StyleID="s63"><Data ss:Type="String">Pesquisar História e apresentá-la aos Esquecidos em slides gráficos que até antigos fanáticos devoradores de vida possam entender.</Data></Cell>
   </Row>
   <Row ss:Index="102" ss:AutoFitHeight="0">
    <Cell><Data ss:Type="String">SPECIAL_RESEARCH_PROJECT_02</Data></Cell>
    <Cell><Data ss:Type="String">NAME</Data></Cell>
    <Cell ss:StyleID="s63"><Data ss:Type="String">Olhos da Essência</Data></Cell>
   </Row>
   <Row ss:AutoFitHeight="0">
    <Cell><Data ss:Type="String">SPECIAL_RESEARCH_PROJECT_02</Data></Cell>
    <Cell><Data ss:Type="String">SHORT</Data></Cell>
    <Cell ss:StyleID="s63"><Data ss:Type="String">Pesquisar métodos de escaneamento de Essência</Data></Cell>
    <Cell ss:Index="6"><Data ss:Type="String">TIER IV</Data></Cell>
   </Row>
   <Row ss:AutoFitHeight="0" ss:Height="75">
    <Cell><Data ss:Type="String">SPECIAL_RESEARCH_PROJECT_02</Data></Cell>
    <Cell><Data ss:Type="String">DESCRIPTION</Data></Cell>
    <Cell ss:StyleID="s63"><Data ss:Type="String">Sentimos o cheiro da Essência da vida ao nosso redor. Buscamos uma forma de localizar Essência que não ofenda nossos amigos e aliados. Precisamos de melhores meios para escanear Essência entre os muitos perigos desta era. Por favor, ajudai-nos em nossa pesquisa para que não vos alvejemos acidentalmente para sifonamento.</Data></Cell>
    <Cell ss:Index="7" ss:StyleID="s65"/>
   </Row>
   <Row ss:AutoFitHeight="0" ss:Height="45">
    <Cell><Data ss:Type="String">SPECIAL_RESEARCH_PROJECT_02</Data></Cell>
    <Cell><Data ss:Type="String">COMPLETED</Data></Cell>
    <Cell ss:StyleID="s63"><Data ss:Type="String">Vemos o brilho vibrante da Essência ao nosso redor. Com este entendimento ampliado, seremos capazes de detectar e preservar mais Essência. Desfrutai de nossas bênçãos.</Data></Cell>
    <Cell ss:Index="7" ss:StyleID="s65"/>
   </Row>
   <Row ss:AutoFitHeight="0">
    <Cell><Data ss:Type="String">SPECIAL_RESEARCH_PROJECT_02_RESEARCH</Data></Cell>
    <Cell><Data ss:Type="String">NAME</Data></Cell>
    <Cell ss:StyleID="s63"><Data ss:Type="String">Olhos da Essência</Data></Cell>
   </Row>
   <Row ss:AutoFitHeight="0" ss:Height="45">
    <Cell><Data ss:Type="String">SPECIAL_RESEARCH_PROJECT_02_RESEARCH</Data></Cell>
    <Cell><Data ss:Type="String">DESCRIPTION</Data></Cell>
    <Cell ss:StyleID="s63"><Data ss:Type="String">Pesquisar um scanner capaz de detectar fontes de Essência de grão fino para que os Esquecidos possam discernir mais facilmente de quem sugam a vida.</Data></Cell>
   </Row>
   <Row ss:Index="109" ss:AutoFitHeight="0">
    <Cell><Data ss:Type="String">SPECIAL_RESEARCH_PROJECT_03</Data></Cell>
    <Cell><Data ss:Type="String">NAME</Data></Cell>
    <Cell ss:StyleID="s63"><Data ss:Type="String">Direito de Morrer</Data></Cell>
   </Row>
   <Row ss:AutoFitHeight="0">
    <Cell><Data ss:Type="String">SPECIAL_RESEARCH_PROJECT_03</Data></Cell>
    <Cell><Data ss:Type="String">SHORT</Data></Cell>
    <Cell ss:StyleID="s63"><Data ss:Type="String">Pesquisar tendências populares para os Esquecidos</Data></Cell>
    <Cell ss:Index="6"><Data ss:Type="String">TIER III</Data></Cell>
   </Row>
   <Row ss:AutoFitHeight="0" ss:Height="60">
    <Cell><Data ss:Type="String">SPECIAL_RESEARCH_PROJECT_03</Data></Cell>
    <Cell><Data ss:Type="String">DESCRIPTION</Data></Cell>
    <Cell ss:StyleID="s63"><Data ss:Type="String">Buscamos sua ajuda para popularizar tendências que evitem desperdiçar a própria vida, mas sim doá-la aos Esquecidos. O sofrimento nunca deve ser prolongado quando pode servir a um propósito muito maior; a saber, nosso enriquecimento.</Data></Cell>
   </Row>
   <Row ss:AutoFitHeight="0" ss:Height="30">
    <Cell><Data ss:Type="String">SPECIAL_RESEARCH_PROJECT_03</Data></Cell>
    <Cell><Data ss:Type="String">COMPLETED</Data></Cell>
    <Cell ss:StyleID="s63"><Data ss:Type="String">Agradecemos por seus insights. Os mortais idolatram os jovens e atraentes, mas agora nós é que estamos em alta. Aqui está seu pagamento.</Data></Cell>
   </Row>
   <Row ss:AutoFitHeight="0">
    <Cell><Data ss:Type="String">SPECIAL_RESEARCH_PROJECT_03_RESEARCH</Data></Cell>
    <Cell><Data ss:Type="String">NAME</Data></Cell>
    <Cell ss:StyleID="s63"><Data ss:Type="String">Reenquadrar Mentalidades Culturais</Data></Cell>
    <Cell ss:Index="7" ss:StyleID="s67"/>
   </Row>
   <Row ss:AutoFitHeight="0" ss:Height="60">
    <Cell><Data ss:Type="String">SPECIAL_RESEARCH_PROJECT_03_RESEARCH</Data></Cell>
    <Cell><Data ss:Type="String">DESCRIPTION</Data></Cell>
    <Cell ss:StyleID="s63"><Data ss:Type="String">Buscando ser vistos como mais do que simples monstros sugadores de vida, os Esquecidos desejam ser retratados em nossa cultura popular como heróis. Podemos mudar mentes ao apresentar a Essência que eles retiram de nossos indesejáveis sob uma luz favorável.</Data></Cell>
    <Cell ss:Index="7" ss:StyleID="s67"/>
   </Row>
  </Table>
  <WorksheetOptions xmlns="urn:schemas-microsoft-com:office:excel">
   <Unsynced/>
   <Print>
    <ValidPrinterInfo/>
    <HorizontalResolution>600</HorizontalResolution>
    <VerticalResolution>600</VerticalResolution>
   </Print>
   <Zoom>115</Zoom>
   <Selected/>
   <TopRowVisible>97</TopRowVisible>
   <LeftColumnVisible>1</LeftColumnVisible>
   <Panes>
    <Pane>
     <Number>3</Number>
     <ActiveRow>103</ActiveRow>
     <ActiveCol>5</ActiveCol>
    </Pane>
   </Panes>
   <ProtectObjects>False</ProtectObjects>
   <ProtectScenarios>False</ProtectScenarios>
  </WorksheetOptions>
 </Worksheet>
</Workbook>