<?xml version='1.0' encoding='UTF-8'?>
<?mso-application progid="Excel.Sheet"?><Workbook xmlns="urn:schemas-microsoft-com:office:spreadsheet" xmlns:o="urn:schemas-microsoft-com:office:office" xmlns:x="urn:schemas-microsoft-com:office:excel" xmlns:ss="urn:schemas-microsoft-com:office:spreadsheet" xmlns:html="http://www.w3.org/TR/REC-html40">
 <DocumentProperties xmlns="urn:schemas-microsoft-com:office:office">
  <LastAuthor>Thomas Schuiten</LastAuthor>
  <LastSaved>2019-07-02T10:24:04Z</LastSaved>
  <Version>16.00</Version>
 </DocumentProperties>
 <OfficeDocumentSettings xmlns="urn:schemas-microsoft-com:office:office">
  <AllowPNG/>
 </OfficeDocumentSettings>
 <ExcelWorkbook xmlns="urn:schemas-microsoft-com:office:excel">
  <WindowHeight>17625</WindowHeight>
  <WindowWidth>32767</WindowWidth>
  <WindowTopX>32767</WindowTopX>
  <WindowTopY>32767</WindowTopY>
  <ProtectStructure>False</ProtectStructure>
  <ProtectWindows>False</ProtectWindows>
 </ExcelWorkbook>
 <Styles>
  <Style ss:ID="Default" ss:Name="Normal">
   <Alignment ss:Vertical="Bottom"/>
   <Borders/>
   <Font ss:FontName="Calibri" x:Family="Swiss" ss:Size="11" ss:Color="#000000"/>
   <Interior/>
   <NumberFormat/>
   <Protection/>
  </Style>
  <Style ss:ID="s62">
   <Alignment ss:Vertical="Bottom" ss:WrapText="1"/>
  </Style>
 </Styles>
 <Worksheet ss:Name="Script">
  <Table ss:ExpandedColumnCount="7" ss:ExpandedRowCount="81" x:FullColumns="1" x:FullRows="1" ss:DefaultColumnWidth="51.75" ss:DefaultRowHeight="15">
   <Column ss:Width="228.75"/>
   <Column ss:Width="175.5"/>
   <Column ss:StyleID="s62" ss:AutoFitWidth="0" ss:Width="339.75"/>
   <Column ss:StyleID="s62" ss:AutoFitWidth="0" ss:Width="150.75"/>
   <Column ss:StyleID="s62" ss:AutoFitWidth="0" ss:Width="135.75"/>
   <Column ss:StyleID="s62" ss:AutoFitWidth="0" ss:Width="123"/>
   <Column ss:StyleID="s62" ss:AutoFitWidth="0" ss:Width="339.75"/>
   <Row ss:AutoFitHeight="0" ss:Height="210">
    <Cell><Data ss:Type="String">ECONOMY_TECHGROUPS_DLC03</Data></Cell>
    <Cell ss:Index="5"><Data ss:Type="String">Anything between straight brackets - i.e. [ ] - is a formatting tag. Do not change these tags and keep them in the same relative position in the text. Anything between curly brackets - i.e. { } - is a place where text or numbers will be inserted by the game. Do not change the tag, but feel free to change its position in the text to suit the localized text.</Data></Cell>
   </Row>
   <Row ss:AutoFitHeight="0">
    <Cell><Data ss:Type="String">SCENE ID</Data></Cell>
    <Cell><Data ss:Type="String">TEXT ID</Data></Cell>
    <Cell><Data ss:Type="String">ENGLISH STRING</Data></Cell>
    <Cell><Data ss:Type="String">ALTERNATIVE ENGLISH STRING</Data></Cell>
    <Cell><Data ss:Type="String">LOCALIZATION NOTES</Data></Cell>
    <Cell><Data ss:Type="String">DEV TEAM / MISC NOTES</Data></Cell>
   </Row>
   <Row ss:AutoFitHeight="0">
    <Cell><Data ss:Type="String">ORBITAL_RELAY_DEVELOPMENT_SKILL</Data></Cell>
    <Cell><Data ss:Type="String">NAME</Data></Cell>
    <Cell><Data ss:Type="String">Desenvolvimento de Relevo Orbital</Data></Cell>
    <Cell ss:Index="5"><Data ss:Type="String">This is the name of a skill - i.e. something you research from the tech tree.</Data></Cell>
   </Row>
   <Row ss:AutoFitHeight="0" ss:Height="94.5">
    <Cell><Data ss:Type="String">ORBITAL_RELAY_DEVELOPMENT_SKILL</Data></Cell>
    <Cell><Data ss:Type="String">DESCRIPTION</Data></Cell>
    <Cell><Data ss:Type="String">“Os Relevos Orbitais fornecem apoio vital para vencer uma guerra. Na verdade, a guerra é toda logística. Tropas bem abastecidas podem conter um interior inteiro fervilhando de rebelião. E um deslize pode ser fatal. Se as tropas ficarem sem munição, estiverem com fome, não puderem se limpar ou se suas armaduras estiverem em um caixote no porto em vez de na linha de frente, elas estão praticamente mortas.”[br/]– Darcy Pinker, Intendente-Geral</Data></Cell>
    <Cell ss:Index="5"><Data ss:Type="String">This is a skill description. I.e. a bit of flavor text about the unit that gives an insight into the lore of the game. This takes the form of a quote - from a book, diary, journal, etc - followed by the source. A lot of them try to get across some of the humor Triumph is known for.</Data></Cell>
    <Cell><Data ss:Type="String">Female VO</Data></Cell>
   </Row>
   <Row ss:AutoFitHeight="0">
    <Cell><Data ss:Type="String">ADVANCED_RELAY_INFRASTRUCTURE_SKILL</Data></Cell>
    <Cell><Data ss:Type="String">NAME</Data></Cell>
    <Cell><Data ss:Type="String">Infraestrutura de Relevo Avançada</Data></Cell>
    <Cell ss:Index="5"><Data ss:Type="String">This is the name of a skill - i.e. something you research from the tech tree.</Data></Cell>
   </Row>
   <Row ss:AutoFitHeight="0" ss:Height="124.5">
    <Cell><Data ss:Type="String">ADVANCED_RELAY_INFRASTRUCTURE_SKILL</Data></Cell>
    <Cell><Data ss:Type="String">DESCRIPTION</Data></Cell>
    <Cell><Data ss:Type="String">“A menos que queira deixá-los para trás, por favor mantenha seus membros dentro da nave de desembarque até que ela pare completamente. Ao chegar, por favor esvazie o conteúdo do seu estômago no saco no bolso do assento à sua frente. Claro, o Relevo Orbital é rápido, mas é normal levar um dia para se recuperar da experiência. Caso ocorra uma falha durante a viagem, não faremos nenhum esforço para encontrar seus restos, pois provavelmente estarão atomizados em algum lugar do espaço sideral.”[br/]– Dwelp Salterman, Operador de Relevo Orbital</Data></Cell>
    <Cell ss:Index="5"><Data ss:Type="String">This is a skill description. I.e. a bit of flavor text about the unit that gives an insight into the lore of the game. This takes the form of a quote - from a book, diary, journal, etc - followed by the source. A lot of them try to get across some of the humor Triumph is known for.</Data></Cell>
    <Cell><Data ss:Type="String">Male VO</Data></Cell>
   </Row>
   <Row ss:AutoFitHeight="0" ss:Height="15.75">
    <Cell><Data ss:Type="String">FORWARD_RELAY_SUB_SKILL</Data></Cell>
    <Cell><Data ss:Type="String">NAME</Data></Cell>
    <Cell><Data ss:Type="String">Relevos Avançados</Data></Cell>
    <Cell ss:Index="5"><Data ss:Type="String">This is the name of a skill - i.e. something you research from the tech tree.</Data></Cell>
   </Row>
   <Row ss:AutoFitHeight="0" ss:Height="45">
    <Cell><Data ss:Type="String">FORWARD_RELAY_SUB_SKILL</Data></Cell>
    <Cell><Data ss:Type="String">DESCRIPTION</Data></Cell>
    <Cell><Data ss:Type="String">Desbloqueia a habilidade de atualizar Bases Avançadas para Relevos Avançados, permitindo que sejam usadas como um setor de [abilityblue]Relevo Orbital[/abilityblue] e concedendo-lhes uma [abilityblue]Guarnição de Nível 3[/abilityblue].</Data></Cell>
    <Cell ss:Index="5"><Data ss:Type="String">This is a skill description. I.e. a bit of flavor text about the unit that gives an insight into the lore of the game. This takes the form of a quote - from a book, diary, journal, etc - followed by the source. A lot of them try to get across some of the humor Triumph is known for.</Data></Cell>
   </Row>
   <Row ss:Index="13" ss:AutoFitHeight="0" ss:Height="105" ss:Span="4"/>
   <Row ss:Index="18" ss:AutoFitHeight="0" ss:Height="30"/>
   <Row ss:AutoFitHeight="0" ss:Height="45"/>
   <Row ss:AutoFitHeight="0" ss:Height="30"/>
   <Row ss:AutoFitHeight="0" ss:Height="60"/>
   <Row ss:AutoFitHeight="0" ss:Height="30" ss:Span="3"/>
   <Row ss:Index="26" ss:AutoFitHeight="0" ss:Height="60"/>
   <Row ss:AutoFitHeight="0" ss:Height="30" ss:Span="1"/>
   <Row ss:Index="29" ss:AutoFitHeight="0" ss:Height="45"/>
   <Row ss:AutoFitHeight="0" ss:Height="30"/>
   <Row ss:AutoFitHeight="0" ss:Height="60" ss:Span="5"/>
   <Row ss:Index="41" ss:AutoFitHeight="0" ss:Height="75" ss:Span="3"/>
   <Row ss:Index="54" ss:AutoFitHeight="0" ss:Height="45"/>
   <Row ss:AutoFitHeight="0" ss:Height="30"/>
   <Row ss:Index="57" ss:AutoFitHeight="0" ss:Height="60"/>
   <Row ss:AutoFitHeight="0" ss:Height="30" ss:Span="2"/>
   <Row ss:Index="65" ss:AutoFitHeight="0" ss:Height="60" ss:Span="7"/>
   <Row ss:Index="74" ss:AutoFitHeight="0" ss:Height="30"/>
   <Row ss:Index="78" ss:AutoFitHeight="0" ss:Height="45"/>
   <Row ss:AutoFitHeight="0">
    <Cell ss:Index="3" ss:StyleID="Default"/>
    <Cell ss:StyleID="Default"/>
    <Cell ss:StyleID="Default"/>
    <Cell ss:StyleID="Default"/>
    <Cell ss:StyleID="Default"/>
   </Row>
   <Row ss:Index="81" ss:AutoFitHeight="0" ss:Height="45"/>
  </Table>
  <WorksheetOptions xmlns="urn:schemas-microsoft-com:office:excel">
   <Unsynced/>
   <Zoom>115</Zoom>
   <Selected/>
   <Panes>
    <Pane>
     <Number>3</Number>
     <ActiveRow>5</ActiveRow>
     <ActiveCol>6</ActiveCol>
    </Pane>
   </Panes>
   <ProtectObjects>False</ProtectObjects>
   <ProtectScenarios>False</ProtectScenarios>
  </WorksheetOptions>
 </Worksheet>
</Workbook>