<?xml version='1.0' encoding='UTF-8'?>
<?mso-application progid="Excel.Sheet"?><Workbook xmlns="urn:schemas-microsoft-com:office:spreadsheet" xmlns:o="urn:schemas-microsoft-com:office:office" xmlns:x="urn:schemas-microsoft-com:office:excel" xmlns:ss="urn:schemas-microsoft-com:office:spreadsheet" xmlns:html="http://www.w3.org/TR/REC-html40">
 <DocumentProperties xmlns="urn:schemas-microsoft-com:office:office">
  <Author>Ajay Ramautar</Author>
  <LastAuthor>Luis Ferreira</LastAuthor>
  <Created>2019-04-23T14:53:13Z</Created>
  <LastSaved>2020-02-03T09:41:29Z</LastSaved>
  <Version>16.00</Version>
 </DocumentProperties>
 <OfficeDocumentSettings xmlns="urn:schemas-microsoft-com:office:office">
  <AllowPNG/>
 </OfficeDocumentSettings>
 <ExcelWorkbook xmlns="urn:schemas-microsoft-com:office:excel">
  <WindowHeight>17625</WindowHeight>
  <WindowWidth>32767</WindowWidth>
  <WindowTopX>32767</WindowTopX>
  <WindowTopY>32767</WindowTopY>
  <ProtectStructure>False</ProtectStructure>
  <ProtectWindows>False</ProtectWindows>
 </ExcelWorkbook>
 <Styles>
  <Style ss:ID="Default" ss:Name="Normal">
   <Alignment ss:Vertical="Bottom"/>
   <Borders/>
   <Font ss:FontName="Calibri" x:CharSet="1" x:Family="Swiss" ss:Size="11" ss:Color="#000000"/>
   <Interior/>
   <NumberFormat/>
   <Protection/>
  </Style>
  <Style ss:ID="s62">
   <Alignment ss:Vertical="Top" ss:WrapText="1"/>
  </Style>
 </Styles>
 <Worksheet ss:Name="Script">
  <Table ss:ExpandedColumnCount="6" ss:ExpandedRowCount="19" x:FullColumns="1" x:FullRows="1" ss:StyleID="s62" ss:DefaultColumnWidth="292.5" ss:DefaultRowHeight="15">
   <Column ss:StyleID="s62" ss:Width="100.5"/>
   <Column ss:StyleID="s62" ss:Width="115.5"/>
   <Column ss:StyleID="s62" ss:Width="428.25"/>
   <Column ss:StyleID="s62" ss:Width="147.75"/>
   <Column ss:StyleID="s62" ss:Width="283.5"/>
   <Column ss:StyleID="s62" ss:Width="120.75"/>
   <Row ss:AutoFitHeight="0" ss:Height="75">
    <Cell><Data ss:Type="String">FACTIONWARQUEST</Data></Cell>
    <Cell ss:Index="5"><Data ss:Type="String">The DEV TEAM / MISC NOTES column contains info on what text between { } signs means (if applicable). It usually stands for either a numeric value, or a numeric value with an icon. Text between [ ] signs stands for a certain type of icon. </Data></Cell>
   </Row>
   <Row ss:AutoFitHeight="0">
    <Cell><Data ss:Type="String">SCENE ID</Data></Cell>
    <Cell><Data ss:Type="String">TEXT ID</Data></Cell>
    <Cell><Data ss:Type="String">ENGLISH STRING</Data></Cell>
    <Cell><Data ss:Type="String">ALTERNATIVE ENGLISH STRING</Data></Cell>
    <Cell><Data ss:Type="String">LOCALIZATION NOTES</Data></Cell>
    <Cell><Data ss:Type="String">DEV TEAM / MISC NOTES</Data></Cell>
   </Row>
   <Row ss:AutoFitHeight="0" ss:Height="105">
    <Cell ss:Index="5"><Data ss:Type="String">In the text below, any inserted strings - anything of the form {text} - is replaced by an integer value for the thing described in the brackets. If the {text} is not followed by a unit - e.g. shields, hitpoints - the icon for the unit is inserted together with the integer. The same holds for symbols - e.g. '+', '%' - which are occasionally inserted together with the integer.</Data></Cell>
   </Row>
   <Row ss:AutoFitHeight="0">
    <Cell><Data ss:Type="String">FORGOTTEN</Data></Cell>
    <Cell><Data ss:Type="String">NAME</Data></Cell>
    <Cell><Data ss:Type="String">Guerra da Facção Esquecida</Data></Cell>
    <Cell ss:Index="5"><Data ss:Type="String">All 'you's can be male or female</Data></Cell>
   </Row>
   <Row ss:AutoFitHeight="0" ss:Height="45">
    <Cell><Data ss:Type="String">FORGOTTEN</Data></Cell>
    <Cell><Data ss:Type="String">DESCRIPTION</Data></Cell>
    <Cell><Data ss:Type="String">A guerra estourou com os Esquecidos. Eles têm muitos inimigos neste planeta que nos recompensariam por sua aniquilação… Alternativamente, podemos encontrar algo de valor entre seus mortos.</Data></Cell>
   </Row>
   <Row ss:AutoFitHeight="0">
    <Cell><Data ss:Type="String">FORGOTTEN</Data></Cell>
    <Cell><Data ss:Type="String">RESEARCH</Data></Cell>
    <Cell><Data ss:Type="String">Entregamos amostras dos Esquecidos derrotados ao nosso departamento de pesquisa.</Data></Cell>
   </Row>
   <Row ss:AutoFitHeight="0" ss:Height="30">
    <Cell><Data ss:Type="String">FORGOTTEN</Data></Cell>
    <Cell><Data ss:Type="String">BLACK_MARKET</Data></Cell>
    <Cell><Data ss:Type="String">Muitos gostariam de usar o Apodrecimento, a essência vermelha dos Esquecidos, para seus experimentos clandestinos no Mercado Negro.</Data></Cell>
   </Row>
   <Row ss:AutoFitHeight="0" ss:Height="30">
    <Cell><Data ss:Type="String">FORGOTTEN</Data></Cell>
    <Cell><Data ss:Type="String">SPACERS_DEFEATED</Data></Cell>
    <Cell><Data ss:Type="String">Barulhentos. Sujos. Loucos. Essas características não podemos, não iremos tolerar. Agradecemos a você e ao Criador por esta nobre empreitada.</Data></Cell>
   </Row>
   <Row ss:AutoFitHeight="0" ss:Height="30">
    <Cell><Data ss:Type="String">FORGOTTEN</Data></Cell>
    <Cell><Data ss:Type="String">GROWTH_DEFEATED</Data></Cell>
    <Cell><Data ss:Type="String">As plantas alienígenas foram vencidas. É uma pena, mas é o melhor. Seus cipós estavam se agarrando demais aos nossos monumentos.</Data></Cell>
   </Row>
   <Row ss:AutoFitHeight="0" ss:Height="30">
    <Cell><Data ss:Type="String">FORGOTTEN</Data></Cell>
    <Cell><Data ss:Type="String">PARAGON_DEFEATED</Data></Cell>
    <Cell><Data ss:Type="String">Os infiéis se foram. O Criador certamente nos observa, pois sua destruição foi benéfica para nossa causa.</Data></Cell>
   </Row>
   <Row ss:AutoFitHeight="0" ss:Height="30">
    <Cell><Data ss:Type="String">FORGOTTEN</Data></Cell>
    <Cell><Data ss:Type="String">AUTONOM_DEFEATED</Data></Cell>
    <Cell><Data ss:Type="String">As abominações de metal e circuito finalmente desapareceram da superfície deste planeta. Agradeceremos ao Criador por essas criaturas de IA estarem agora extintas.</Data></Cell>
   </Row>
   <Row ss:AutoFitHeight="0" ss:Height="30">
    <Cell><Data ss:Type="String">FORGOTTEN</Data></Cell>
    <Cell><Data ss:Type="String">PSI-FISH_DEFEATED</Data></Cell>
    <Cell><Data ss:Type="String">Os flutuantes se foram? Bom débito! Sua existência inteira era uma representação de como o Vazio é perturbador. Que o Criador nos proteja desse horror.</Data></Cell>
   </Row>
   <Row ss:AutoFitHeight="0" ss:Height="30"/>
   <Row ss:AutoFitHeight="0">
    <Cell><Data ss:Type="String">AUTONOM</Data></Cell>
    <Cell><Data ss:Type="String">FORGOTTEN_DEFEATED</Data></Cell>
    <Cell><Data ss:Type="String">Entidade conhecida como: Esquecidos, antiga e sofrida. Status: verdadeiramente esquecida. Autonom: feliz.</Data></Cell>
   </Row>
   <Row ss:AutoFitHeight="0" ss:Height="30">
    <Cell><Data ss:Type="String">PARAGON</Data></Cell>
    <Cell><Data ss:Type="String">FORGOTTEN_DEFEATED</Data></Cell>
    <Cell><Data ss:Type="String">Não há mais Santuários para esses... Esquecidos se esconderem? Excelente. Tenho certeza de que apreciarei sua passagem oportuna.</Data></Cell>
   </Row>
   <Row ss:AutoFitHeight="0" ss:Height="30">
    <Cell><Data ss:Type="String">GROWTH</Data></Cell>
    <Cell><Data ss:Type="String">FORGOTTEN_DEFEATED</Data></Cell>
    <Cell><Data ss:Type="String">As máquinas apodrecidas não existem mais, assim como a corrupção que carregavam. Ninguém sentirá falta dessas abominações.</Data></Cell>
   </Row>
   <Row ss:AutoFitHeight="0" ss:Height="30">
    <Cell><Data ss:Type="String">SPACERS</Data></Cell>
    <Cell><Data ss:Type="String">FORGOTTEN_DEFEATED</Data></Cell>
    <Cell><Data ss:Type="String">Isso aí! Você detonou esses montes de ferro-velho. Acha que dá pra saquear eles? Só um pouquinho?</Data></Cell>
   </Row>
   <Row ss:AutoFitHeight="0">
    <Cell><Data ss:Type="String">PSI_FISH</Data></Cell>
    <Cell><Data ss:Type="String">FORGOTTEN_DEFEATED</Data></Cell>
    <Cell><Data ss:Type="String">Os seres corruptos… maus… desequilibrados. Destruição… sua verdadeira salvação.</Data></Cell>
   </Row>
   <Row ss:AutoFitHeight="0">
    <Cell><Data ss:Type="String">THERIANS</Data></Cell>
    <Cell><Data ss:Type="String">FORGOTTEN_DEFEATED</Data></Cell>
    <Cell><Data ss:Type="String">Os Esquecidos eram um bando assustador. Ficamos felizes que você cuidou deles.</Data></Cell>
   </Row>
  </Table>
  <WorksheetOptions xmlns="urn:schemas-microsoft-com:office:excel">
   <Unsynced/>
   <Print>
    <ValidPrinterInfo/>
    <HorizontalResolution>600</HorizontalResolution>
    <VerticalResolution>600</VerticalResolution>
   </Print>
   <Zoom>115</Zoom>
   <Selected/>
   <TopRowVisible>3</TopRowVisible>
   <Panes>
    <Pane>
     <Number>3</Number>
     <ActiveRow>21</ActiveRow>
     <ActiveCol>2</ActiveCol>
    </Pane>
   </Panes>
   <ProtectObjects>False</ProtectObjects>
   <ProtectScenarios>False</ProtectScenarios>
  </WorksheetOptions>
 </Worksheet>
</Workbook>