<?xml version='1.0' encoding='UTF-8'?>
<?mso-application progid="Excel.Sheet"?><Workbook xmlns="urn:schemas-microsoft-com:office:spreadsheet" xmlns:o="urn:schemas-microsoft-com:office:office" xmlns:x="urn:schemas-microsoft-com:office:excel" xmlns:ss="urn:schemas-microsoft-com:office:spreadsheet" xmlns:html="http://www.w3.org/TR/REC-html40">
 <DocumentProperties xmlns="urn:schemas-microsoft-com:office:office">
  <LastAuthor>Joshua Crowder</LastAuthor>
  <LastSaved>2019-09-11T10:29:07Z</LastSaved>
  <Version>15.00</Version>
 </DocumentProperties>
 <OfficeDocumentSettings xmlns="urn:schemas-microsoft-com:office:office">
  <AllowPNG/>
 </OfficeDocumentSettings>
 <ExcelWorkbook xmlns="urn:schemas-microsoft-com:office:excel">
  <WindowHeight>9825</WindowHeight>
  <WindowWidth>20850</WindowWidth>
  <WindowTopX>0</WindowTopX>
  <WindowTopY>0</WindowTopY>
  <RefModeR1C1/>
  <ProtectStructure>False</ProtectStructure>
  <ProtectWindows>False</ProtectWindows>
 </ExcelWorkbook>
 <Styles>
  <Style ss:ID="Default" ss:Name="Normal">
   <Alignment ss:Vertical="Bottom"/>
   <Borders/>
   <Font ss:FontName="Calibri" x:Family="Swiss" ss:Size="11" ss:Color="#000000"/>
   <Interior/>
   <NumberFormat/>
   <Protection/>
  </Style>
  <Style ss:ID="s62">
   <Alignment ss:Vertical="Top" ss:WrapText="1"/>
  </Style>
 </Styles>
 <Worksheet ss:Name="Script">
  <Table ss:ExpandedColumnCount="6" ss:ExpandedRowCount="86" x:FullColumns="1" x:FullRows="1" ss:StyleID="s62" ss:DefaultColumnWidth="242.25" ss:DefaultRowHeight="15">
   <Column ss:StyleID="s62" ss:Width="150.75"/>
   <Column ss:StyleID="s62" ss:Width="108"/>
   <Column ss:StyleID="s62" ss:AutoFitWidth="0" ss:Width="281.25"/>
   <Column ss:StyleID="s62" ss:Width="147.75"/>
   <Column ss:StyleID="s62" ss:Width="243"/>
   <Column ss:StyleID="s62" ss:Width="120"/>
   <Row ss:AutoFitHeight="0" ss:Height="75">
    <Cell><Data ss:Type="String">FORGOTTEN_UNITPROPERTIES</Data></Cell>
    <Cell ss:Index="5"><Data ss:Type="String">The DEV TEAM / MISC NOTES column contains info on what text between { } signs means (if applicable). It usually stands for either a numeric value, or a numeric value with an icon. Text between [ ] signs stands for a certain type of icon. </Data></Cell>
   </Row>
   <Row ss:AutoFitHeight="0">
    <Cell><Data ss:Type="String">SCENE ID</Data></Cell>
    <Cell><Data ss:Type="String">TEXT ID</Data></Cell>
    <Cell><Data ss:Type="String">ENGLISH STRING</Data></Cell>
    <Cell><Data ss:Type="String">ALTERNATIVE ENGLISH STRING</Data></Cell>
    <Cell><Data ss:Type="String">LOCALIZATION NOTES</Data></Cell>
    <Cell><Data ss:Type="String">DEV TEAM / MISC NOTES</Data></Cell>
   </Row>
   <Row ss:AutoFitHeight="0" ss:Height="90">
    <Cell ss:Index="5"><Data ss:Type="String">In the text below, text refers to a person that can either be male or female. If relevant for translation, please use the ‘localized string’ column for the male text and the ‘alternative localized string’ column for the female text. You and Your might be examples of this.</Data></Cell>
   </Row>
   <Row ss:AutoFitHeight="0" ss:Height="120">
    <Cell ss:Index="5"><Data ss:Type="String">In the text below, any inserted strings - anything of the form {text} - is replaced by an integer value for the thing described in the brackets. If the {text} is not followed by a unit - e.g. shields, hitpoints - the icon for the unit is inserted together with the integer. The same holds for symbols - e.g. '+', '%' - which are occasionally inserted together with the integer.</Data></Cell>
   </Row>
   <Row ss:AutoFitHeight="0" ss:Height="45">
    <Cell ss:Index="5"><Data ss:Type="String">For references to game terminology and in-world references, please check the glossary delivered as part of the documentation.</Data></Cell>
   </Row>
   <Row ss:AutoFitHeight="0">
    <Cell><Data ss:Type="String">ESSENCE_FIEND</Data></Cell>
    <Cell><Data ss:Type="String">NAME</Data></Cell>
    <Cell><Data ss:Type="String">Devorador de Essência</Data></Cell>
   </Row>
   <Row ss:AutoFitHeight="0" ss:Height="105">
    <Cell><Data ss:Type="String">ESSENCE_FIEND</Data></Cell>
    <Cell><Data ss:Type="String">DESCRIPTION</Data></Cell>
    <Cell><Data ss:Type="String">Esta unidade pode carregar até {EssenceAmount}[EssenceCharge/] [abilityblue]Cargas de Essência[/abilityblue].[br/]Quando esta unidade mata outra com uma habilidade que não gasta Essência, ela consome o cadáver e ganha {EssenceGain}[EssenceCharge/][abilityblue]Carga de Essência[/abilityblue] e se cura em {HealAmount}[hp/].</Data></Cell>
    <Cell ss:Index="5"><Data ss:Type="String">Essence Charges and Essence is described in the glossary.
EssenceAmount numbers the quantity of essence charges this unit can carry.</Data></Cell>
   </Row>
   <Row ss:AutoFitHeight="0">
    <Cell><Data ss:Type="String">ESSENCE_CHANNELER</Data></Cell>
    <Cell><Data ss:Type="String">NAME</Data></Cell>
    <Cell><Data ss:Type="String">Canalizador de Essência</Data></Cell>
   </Row>
   <Row ss:AutoFitHeight="0" ss:Height="180">
    <Cell><Data ss:Type="String">ESSENCE_CHANNELER</Data></Cell>
    <Cell><Data ss:Type="String">DESCRIPTION</Data></Cell>
    <Cell><Data ss:Type="String">Esta unidade pode carregar até {EssenceAmount}[EssenceCharge/] [abilityblue]Cargas de Essência[/abilityblue].[br/]Quando esta unidade mata outra usando uma habilidade que não gasta Essência, ela consome o cadáver, ganhando {EssenceGain}[EssenceCharge/][abilityblue]Carga de Essência[/abilityblue] e se curando em {HealAmount}[hp/].[br/][br/]Todas as unidades amigas sem esta habilidade ganham +{ShieldAmount}[shield/] por [EssenceCharge/][abilityblue]Carga de Essência[/abilityblue] ativa, até um máximo de +{MaxShields}[shield/].</Data></Cell>
    <Cell ss:Index="5"><Data ss:Type="String">EssenceAmount numbers the quantity of essence charges this unit can carry.</Data></Cell>
   </Row>
   <Row ss:AutoFitHeight="0">
    <Cell><Data ss:Type="String">CHANNELED_SHIELD</Data></Cell>
    <Cell><Data ss:Type="String">NAME</Data></Cell>
    <Cell><Data ss:Type="String">Escudo Canalizado</Data></Cell>
   </Row>
   <Row ss:AutoFitHeight="0" ss:Height="30">
    <Cell><Data ss:Type="String">CHANNELED_SHIELD</Data></Cell>
    <Cell><Data ss:Type="String">DESCRIPTION</Data></Cell>
    <Cell><Data ss:Type="String">Esta unidade tem +{ShieldChanneler}[shield/] de uma unidade amiga.[br/]Isso pode ser acumulado até {MaxStacks}.</Data></Cell>
   </Row>
   <Row ss:AutoFitHeight="0">
    <Cell><Data ss:Type="String">ESSENCE_GORGER</Data></Cell>
    <Cell><Data ss:Type="String">NAME</Data></Cell>
    <Cell><Data ss:Type="String">Gorja de Essência</Data></Cell>
   </Row>
   <Row ss:AutoFitHeight="0" ss:Height="165">
    <Cell><Data ss:Type="String">ESSENCE_GORGER</Data></Cell>
    <Cell><Data ss:Type="String">DESCRIPTION</Data></Cell>
    <Cell><Data ss:Type="String">Esta unidade pode carregar até {EssenceAmount}[EssenceCharge/] [abilityblue]Cargas de Essência[/abilityblue].[br/]Quando esta unidade mata outra com uma habilidade que não gasta Essência, ela consome o cadáver e ganha {EssenceGain}[EssenceCharge/][abilityblue]Carga de Essência[/abilityblue] e se cura em {HealAmount}[hp/].[br/][br/]Esta unidade ganha +{IncreasedCriticalChance}% de chance de acerto crítico por [EssenceCharge/][abilityblue]Carga de Essência[/abilityblue] ativa.</Data></Cell>
    <Cell ss:Index="5"><Data ss:Type="String">EssenceAmount numbers the quantity of essence charges this unit can carry.</Data></Cell>
   </Row>
   <Row ss:AutoFitHeight="0">
    <Cell><Data ss:Type="String">CRITICAL_GORGE</Data></Cell>
    <Cell><Data ss:Type="String">NAME</Data></Cell>
    <Cell><Data ss:Type="String">Gorja</Data></Cell>
   </Row>
   <Row ss:AutoFitHeight="0" ss:Height="30">
    <Cell><Data ss:Type="String">CRITICAL_GORGE</Data></Cell>
    <Cell><Data ss:Type="String">DESCRIPTION</Data></Cell>
    <Cell><Data ss:Type="String">Esta unidade tem +{CriticalPercentage}% de chance de acerto crítico por acúmulo.</Data></Cell>
   </Row>
   <Row ss:AutoFitHeight="0">
    <Cell><Data ss:Type="String">COVET_ESSENCE</Data></Cell>
    <Cell><Data ss:Type="String">NAME</Data></Cell>
    <Cell><Data ss:Type="String">Cobiçar Essência</Data></Cell>
   </Row>
   <Row ss:AutoFitHeight="0">
    <Cell><Data ss:Type="String">COVET_ESSENCE</Data></Cell>
    <Cell><Data ss:Type="String">DESCRIPTION</Data></Cell>
    <Cell><Data ss:Type="String">Ataque corpo a corpo.</Data></Cell>
   </Row>
   <Row ss:AutoFitHeight="0">
    <Cell><Data ss:Type="String">UNSTABLE_DECAY</Data></Cell>
    <Cell><Data ss:Type="String">NAME</Data></Cell>
    <Cell><Data ss:Type="String">Decaimento Instável</Data></Cell>
   </Row>
   <Row ss:AutoFitHeight="0" ss:Height="60">
    <Cell><Data ss:Type="String">UNSTABLE_DECAY</Data></Cell>
    <Cell><Data ss:Type="String">DESCRIPTION</Data></Cell>
    <Cell><Data ss:Type="String">Requer e usa {EssenceChargeNumber}[EssenceCharge/][abilityblue]Carga de Essência[/abilityblue].[br/]Esta unidade se destrói em uma explosão instável e causa dano a todas as unidades adjacentes.</Data></Cell>
    <Cell ss:Index="5"><Data ss:Type="String">EssenceChargeNumber refers to the amount of Essence Charges the unit spends when using this ability.</Data></Cell>
   </Row>
   <Row ss:AutoFitHeight="0">
    <Cell><Data ss:Type="String">DEFENSIVE_SHOT</Data></Cell>
    <Cell><Data ss:Type="String">NAME</Data></Cell>
    <Cell><Data ss:Type="String">Tiro Defensivo</Data></Cell>
   </Row>
   <Row ss:AutoFitHeight="0">
    <Cell><Data ss:Type="String">DEFENSIVE_SHOT</Data></Cell>
    <Cell><Data ss:Type="String">DESCRIPTION</Data></Cell>
    <Cell><Data ss:Type="String">Dispara contra aqueles que perturbariam sua embarcação.</Data></Cell>
   </Row>
   <Row ss:AutoFitHeight="0">
    <Cell><Data ss:Type="String">ESSENCE_CORROSION</Data></Cell>
    <Cell><Data ss:Type="String">NAME</Data></Cell>
    <Cell><Data ss:Type="String">Corrosão de Essência</Data></Cell>
   </Row>
   <Row ss:AutoFitHeight="0" ss:Height="75">
    <Cell><Data ss:Type="String">ESSENCE_CORROSION</Data></Cell>
    <Cell><Data ss:Type="String">DESCRIPTION</Data></Cell>
    <Cell><Data ss:Type="String">Requer e usa {EssenceChargeNumber}[EssenceCharge/][abilityblue]Carga de Essência[/abilityblue].[br/]Envie essência corrupta instável para uma área, causando dano em um raio de {HexRadius} hexágonos.</Data></Cell>
    <Cell ss:Index="5"><Data ss:Type="String">EssenceChargeNumber refers to the amount of Essence Charges the unit spends when using this ability.</Data></Cell>
   </Row>
   <Row ss:AutoFitHeight="0">
    <Cell><Data ss:Type="String">ESSENCE_FANGS</Data></Cell>
    <Cell><Data ss:Type="String">NAME</Data></Cell>
    <Cell><Data ss:Type="String">Presas de Essência</Data></Cell>
   </Row>
   <Row ss:AutoFitHeight="0" ss:Height="30">
    <Cell><Data ss:Type="String">ESSENCE_FANGS</Data></Cell>
    <Cell><Data ss:Type="String">DESCRIPTION</Data></Cell>
    <Cell><Data ss:Type="String">Ataque corpo a corpo com presas afiadas que dissolvem e drenam Essência.</Data></Cell>
   </Row>
   <Row ss:AutoFitHeight="0">
    <Cell><Data ss:Type="String">STINGER_SHOT</Data></Cell>
    <Cell><Data ss:Type="String">NAME</Data></Cell>
    <Cell><Data ss:Type="String">Tiro Ferrão</Data></Cell>
   </Row>
   <Row ss:AutoFitHeight="0" ss:Height="30">
    <Cell><Data ss:Type="String">STINGER_SHOT</Data></Cell>
    <Cell><Data ss:Type="String">DESCRIPTION</Data></Cell>
    <Cell><Data ss:Type="String">Um tiro entrópico do ferrão da unidade que drena essência.</Data></Cell>
   </Row>
   <Row ss:AutoFitHeight="0">
    <Cell><Data ss:Type="String">ROT_EMANATION</Data></Cell>
    <Cell><Data ss:Type="String">NAME</Data></Cell>
    <Cell><Data ss:Type="String">Emanação de Podridão</Data></Cell>
   </Row>
   <Row ss:AutoFitHeight="0" ss:Height="60">
    <Cell><Data ss:Type="String">ROT_EMANATION</Data></Cell>
    <Cell><Data ss:Type="String">DESCRIPTION</Data></Cell>
    <Cell><Data ss:Type="String">Requer e usa {EssenceChargeNumber}[EssenceCharge/][abilityblue]Carga de Essência[/abilityblue].[br/]Esta unidade expele um cone de {ConeHex} hexes de essência em decomposição.</Data></Cell>
    <Cell ss:Index="5"><Data ss:Type="String">EssenceChargeNumber refers to the amount of Essence Charges the unit spends when using this ability.</Data></Cell>
   </Row>
   <Row ss:AutoFitHeight="0">
    <Cell><Data ss:Type="String">ESSENCE_CRUSH</Data></Cell>
    <Cell><Data ss:Type="String">NAME</Data></Cell>
    <Cell><Data ss:Type="String">Esmagamento de Essência</Data></Cell>
   </Row>
   <Row ss:AutoFitHeight="0" ss:Height="30">
    <Cell><Data ss:Type="String">ESSENCE_CRUSH</Data></Cell>
    <Cell><Data ss:Type="String">DESCRIPTION</Data></Cell>
    <Cell><Data ss:Type="String">Duas mãos feitas de essência etérea aparecem para esmagar um alvo.</Data></Cell>
   </Row>
   <Row ss:AutoFitHeight="0">
    <Cell><Data ss:Type="String">ESSENCE_SLAM</Data></Cell>
    <Cell><Data ss:Type="String">NAME</Data></Cell>
    <Cell><Data ss:Type="String">Impacto de Essência</Data></Cell>
   </Row>
   <Row ss:AutoFitHeight="0" ss:Height="75">
    <Cell><Data ss:Type="String">ESSENCE_SLAM</Data></Cell>
    <Cell><Data ss:Type="String">DESCRIPTION</Data></Cell>
    <Cell><Data ss:Type="String">Teleporte para o hex alvo e então esmague todas as unidades em um raio de {hexradius} hexes com mãos etéreas. Se um cadáver estiver na área, ele é destruído e esta unidade ganha uma {EssenceAmount}[EssenceCharge/][abilityblue]Carga de Essência[/abilityblue].</Data></Cell>
   </Row>
   <Row ss:AutoFitHeight="0">
    <Cell><Data ss:Type="String">DEVOUR_THE_DEAD</Data></Cell>
    <Cell><Data ss:Type="String">MOD_NAME</Data></Cell>
    <Cell><Data ss:Type="String">Devorador dos Mortos</Data></Cell>
   </Row>
   <Row ss:AutoFitHeight="0" ss:Height="60">
    <Cell><Data ss:Type="String">DEVOUR_THE_DEAD</Data></Cell>
    <Cell><Data ss:Type="String">MOD_DESCRIPTION</Data></Cell>
    <Cell><Data ss:Type="String">Esta unidade devora os cadáveres daqueles que mata com esta habilidade, curando-se em {HealAmount}[hp/] e ganhando {EssenceAmount}[EssenceCharge/][abilityblue]Carga de Essência[/abilityblue].</Data></Cell>
   </Row>
   <Row ss:AutoFitHeight="0">
    <Cell><Data ss:Type="String">ENTROPIC_NECROPHAGY</Data></Cell>
    <Cell><Data ss:Type="String">MOD_NAME</Data></Cell>
    <Cell><Data ss:Type="String">Necrofagia Entrópica</Data></Cell>
   </Row>
   <Row ss:AutoFitHeight="0">
    <Cell><Data ss:Type="String">PUNISHMENT</Data></Cell>
    <Cell><Data ss:Type="String">NAME</Data></Cell>
    <Cell><Data ss:Type="String">Punição</Data></Cell>
   </Row>
   <Row ss:AutoFitHeight="0" ss:Height="60">
    <Cell><Data ss:Type="String">PUNISHMENT</Data></Cell>
    <Cell><Data ss:Type="String">DESCRIPTION</Data></Cell>
    <Cell><Data ss:Type="String">Requer e usa {EssenceChargeNumber}[EssenceCharge/][abilityblue]Cargas de Essência[/abilityblue].[br/]Esmague todos os inimigos em um raio de {hexrad} hexes com mãos etéreas densas.</Data></Cell>
    <Cell ss:Index="5"><Data ss:Type="String">EssenceChargeNumber refers to the amount of Essence Charges the unit spends when using this ability.</Data></Cell>
   </Row>
   <Row ss:AutoFitHeight="0">
    <Cell><Data ss:Type="String">SHATTERED_COMMUNION</Data></Cell>
    <Cell><Data ss:Type="String">NAME</Data></Cell>
    <Cell><Data ss:Type="String">Comunhão Despedaçada</Data></Cell>
   </Row>
   <Row ss:AutoFitHeight="0" ss:Height="90">
    <Cell><Data ss:Type="String">SHATTERED_COMMUNION</Data></Cell>
    <Cell><Data ss:Type="String">DESCRIPTION</Data></Cell>
    <Cell><Data ss:Type="String">Realize uma comunhão corrupta com uma unidade inimiga alvo. A unidade sofre {EntropyDamage}[damageEntropy/] de dano e ganha uma pilha de [abilityred]Energia Drenada[/abilityred] e [abilityred]Decaimento Entrópico[/abilityred] no início de seu turno. Se a Arca Despedaçada estiver atordoada, o vínculo terminará junto com o efeito.</Data></Cell>
    <Cell ss:Index="5"><Data ss:Type="String">Energy Drain and Entropic Decay are Status Effects.</Data></Cell>
   </Row>
   <Row ss:AutoFitHeight="0">
    <Cell><Data ss:Type="String">CORRUPT_COMMUNION</Data></Cell>
    <Cell><Data ss:Type="String">NAME</Data></Cell>
    <Cell><Data ss:Type="String">Comunhão Corrupta</Data></Cell>
   </Row>
   <Row ss:AutoFitHeight="0" ss:Height="75">
    <Cell><Data ss:Type="String">CORRUPT_COMMUNION</Data></Cell>
    <Cell><Data ss:Type="String">DESCRIPTION</Data></Cell>
    <Cell><Data ss:Type="String">No início de seu turno, esta unidade sofre {EntropyDamageCorruption}[damageEntropy/] de dano e ganha uma pilha de [abilityred]Energia Drenada[/abilityred] e [abilityred]Decaimento Entrópico[/abilityred].</Data></Cell>
   </Row>
   <Row ss:AutoFitHeight="0" ss:Height="45">
    <Cell><Data ss:Type="String">CORRUPT_COMMUNION</Data></Cell>
    <Cell><Data ss:Type="String">MOD_DESCRIPTION</Data></Cell>
    <Cell><Data ss:Type="String">{CorruptCommunionChance}[strengthEntropy/] de chance de força para aplicar [abilityred]Comunhão Corrupta[/abilityred] ao alvo não-RPR.</Data></Cell>
   </Row>
   <Row ss:AutoFitHeight="0">
    <Cell><Data ss:Type="String">CORRUPT_COMMUNION</Data></Cell>
    <Cell><Data ss:Type="String">DESCRIPTION_CASTER</Data></Cell>
    <Cell><Data ss:Type="String">Esta unidade está em Comunhão Corrupta com outra unidade.</Data></Cell>
   </Row>
   <Row ss:AutoFitHeight="0">
    <Cell><Data ss:Type="String">ATROPHIC_PENANCE</Data></Cell>
    <Cell><Data ss:Type="String">NAME</Data></Cell>
    <Cell><Data ss:Type="String">Penitência Atrófica</Data></Cell>
   </Row>
   <Row ss:AutoFitHeight="0" ss:Height="45">
    <Cell><Data ss:Type="String">ATROPHIC_PENANCE</Data></Cell>
    <Cell><Data ss:Type="String">DESCRIPTION</Data></Cell>
    <Cell><Data ss:Type="String">Cause dano a uma unidade com [abilityred]Corrupt Communion[/abilityred] e tente aplicar múltiplas pilhas de [abilityred]Decaimento Entrópico[/abilityred].</Data></Cell>
   </Row>
   <Row ss:AutoFitHeight="0">
    <Cell><Data ss:Type="String">EMBALM_ESSENCE</Data></Cell>
    <Cell><Data ss:Type="String">NAME</Data></Cell>
    <Cell><Data ss:Type="String">Essência de Embalsamar</Data></Cell>
   </Row>
   <Row ss:AutoFitHeight="0" ss:Height="90">
    <Cell><Data ss:Type="String">EMBALM_ESSENCE</Data></Cell>
    <Cell><Data ss:Type="String">DESCRIPTION</Data></Cell>
    <Cell><Data ss:Type="String">Requer e usa {EssenceChargeNumber}[EssenceCharge/][abilityblue]Cargas de Essência[/abilityblue].[br/]A unidade aliada alvo tem seus efeitos de status negativos dissipados e é curada em {healAmount}[hp/]. Essa unidade ganha +{Resistance} de resistência a todo dano por {EmbalmDuration}[turn/].</Data></Cell>
   </Row>
   <Row ss:AutoFitHeight="0">
    <Cell><Data ss:Type="String">EMBALM_ESSENCE</Data></Cell>
    <Cell><Data ss:Type="String">PROP_DESCRIPTION</Data></Cell>
    <Cell><Data ss:Type="String">Esta unidade tem +{Resistance} de resistência a todo dano.</Data></Cell>
   </Row>
   <Row ss:AutoFitHeight="0">
    <Cell><Data ss:Type="String">FORGOTTEN_SIPHON</Data></Cell>
    <Cell><Data ss:Type="String">NAME</Data></Cell>
    <Cell><Data ss:Type="String">Sifão de Essência Esquecida</Data></Cell>
   </Row>
   <Row ss:AutoFitHeight="0" ss:Height="75">
    <Cell><Data ss:Type="String">FORGOTTEN_SIPHON</Data></Cell>
    <Cell><Data ss:Type="String">DESCRIPTION</Data></Cell>
    <Cell><Data ss:Type="String">Ataques não-Entrópicos têm uma chance de {EnergyDrainChance}[strengthEntropy/] de força para aplicar [abilityred]Dreno de Energia[/abilityred] ({EnergyDrainSingleAttack}[strengthEntropy/] de chance de força em ataques repetidos).</Data></Cell>
   </Row>
   <Row ss:AutoFitHeight="0">
    <Cell><Data ss:Type="String">DECAY_SURGE</Data></Cell>
    <Cell><Data ss:Type="String">NAME</Data></Cell>
    <Cell><Data ss:Type="String">Surto de Decaimento</Data></Cell>
   </Row>
   <Row ss:AutoFitHeight="0" ss:Height="90">
    <Cell><Data ss:Type="String">DECAY_SURGE</Data></Cell>
    <Cell><Data ss:Type="String">DESCRIPTION</Data></Cell>
    <Cell><Data ss:Type="String">Requer e usa {EssenceChargeNumber}[EssenceCharge/][abilityblue]Cargas de Essência[/abilityblue].[br/]Esta unidade envia um surto Entrópico no alvo, que então salta para {unitAmount} outras unidades inimigas dentro de {hexrange} hexes.</Data></Cell>
   </Row>
   <Row ss:AutoFitHeight="0">
    <Cell><Data ss:Type="String">ENTROPIC_TRANSPOSITIONER</Data></Cell>
    <Cell><Data ss:Type="String">NAME</Data></Cell>
    <Cell><Data ss:Type="String">Transpositor Entrópico</Data></Cell>
   </Row>
   <Row ss:AutoFitHeight="0">
    <Cell><Data ss:Type="String">ENTROPIC_TRANSPOSITIONER</Data></Cell>
    <Cell><Data ss:Type="String">DESCRIPTION</Data></Cell>
    <Cell><Data ss:Type="String">Ataques de Entropia à distância agora ignoram [shield/].</Data></Cell>
   </Row>
   <Row ss:AutoFitHeight="0">
    <Cell><Data ss:Type="String">ENTROPIC_TRANSPOSITIONER</Data></Cell>
    <Cell><Data ss:Type="String">MOD_DESCRIPTION</Data></Cell>
    <Cell><Data ss:Type="String">Ignora toda [shield/].</Data></Cell>
   </Row>
   <Row ss:AutoFitHeight="0">
    <Cell><Data ss:Type="String">CORRUPTED_INCARNATION</Data></Cell>
    <Cell><Data ss:Type="String">NAME</Data></Cell>
    <Cell><Data ss:Type="String">Encarnação Corrompida</Data></Cell>
   </Row>
   <Row ss:AutoFitHeight="0" ss:Height="150">
    <Cell><Data ss:Type="String">CORRUPTED_INCARNATION</Data></Cell>
    <Cell><Data ss:Type="String">DESCRIPTION</Data></Cell>
    <Cell><Data ss:Type="String">Esta unidade não é mais afetada por mudanças de moral.[br/]Esta unidade ganha [abilityblue]Necrofagia Entrópica[/abilityblue] em seus ataques que não gastam [abilityblue]Essência[/abilityblue][EssenceCharge/]: Quando esta unidade mata outra, consome o cadáver e ganha {EssenceGain}[EssenceCharge/][abilityblue]Carga de Essência[/abilityblue] e é curada em {HealAmount}[hp/][br/][br/][productioncol]Apenas um tipo de Encarnação pode estar ativo por vez.[/productioncol]</Data></Cell>
   </Row>
   <Row ss:AutoFitHeight="0">
    <Cell><Data ss:Type="String">ENTROPIC_CHAOS_INDUCER</Data></Cell>
    <Cell><Data ss:Type="String">NAME</Data></Cell>
    <Cell><Data ss:Type="String">Indutor de Caos Entrópico</Data></Cell>
   </Row>
   <Row ss:AutoFitHeight="0" ss:Height="135">
    <Cell><Data ss:Type="String">ENTROPIC_CHAOS_INDUCER</Data></Cell>
    <Cell><Data ss:Type="String">DESCRIPTION</Data></Cell>
    <Cell><Data ss:Type="String">Os ataques de Entropia desta unidade têm uma chance de {ChaosChance}[strengthEntropy/] de força para aplicar [abilityred]{NegativeStatusEffects}debuffs aleatórios[/abilityred] em unidades não-Inconscientes, não-Minerais ou não-Etéreas por {ChaosTime}[turn/]. ({ChaosSingleAttack}[strengthEntropy/] de chance de força em ataques repetidos).[br/][br/][warningred]Não afeta unidades com Imunidade a Efeitos de Status.[/warningred]</Data></Cell>
   </Row>
   <Row ss:AutoFitHeight="0">
    <Cell><Data ss:Type="String">ENTROPIC_CHAOS_INDUCER</Data></Cell>
    <Cell><Data ss:Type="String">MOD_NAME</Data></Cell>
    <Cell><Data ss:Type="String">Caos Entrópico</Data></Cell>
   </Row>
   <Row ss:AutoFitHeight="0" ss:Height="60">
    <Cell><Data ss:Type="String">ENTROPIC_CHAOS_INDUCER</Data></Cell>
    <Cell><Data ss:Type="String">MOD_DESCRIPTION</Data></Cell>
    <Cell><Data ss:Type="String">{ChaosChance}[StrengthEntropy/] de chance de força para aplicar [abilityred]{NegativeStatusEffects}debuffs aleatórios[/abilityred] em unidades não-Inconscientes, não-Minerais ou não-Etéreas por {ChaosTime}[turn/].</Data></Cell>
   </Row>
   <Row ss:AutoFitHeight="0">
    <Cell><Data ss:Type="String">ENTROPIC_TRANSPOSITIONER</Data></Cell>
    <Cell><Data ss:Type="String">TEMPLATE_NAME_1</Data></Cell>
    <Cell><Data ss:Type="String">Contornando</Data></Cell>
   </Row>
   <Row ss:AutoFitHeight="0">
    <Cell><Data ss:Type="String">ENTROPIC_TRANSPOSITIONER</Data></Cell>
    <Cell><Data ss:Type="String">TEMPLATE_NAME_2</Data></Cell>
    <Cell><Data ss:Type="String">Ignorando</Data></Cell>
   </Row>
   <Row ss:AutoFitHeight="0">
    <Cell><Data ss:Type="String">ENTROPIC_TRANSPOSITIONER</Data></Cell>
    <Cell><Data ss:Type="String">TEMPLATE_NAME_3</Data></Cell>
    <Cell><Data ss:Type="String">Ágil</Data></Cell>
   </Row>
   <Row ss:AutoFitHeight="0">
    <Cell><Data ss:Type="String">ENTROPIC_TRANSPOSITIONER</Data></Cell>
    <Cell><Data ss:Type="String">TEMPLATE_NAME_4</Data></Cell>
    <Cell><Data ss:Type="String">Instável</Data></Cell>
   </Row>
   <Row ss:AutoFitHeight="0">
    <Cell><Data ss:Type="String">ENTROPIC_TRANSPOSITIONER</Data></Cell>
    <Cell><Data ss:Type="String">TEMPLATE_NAME_5</Data></Cell>
    <Cell><Data ss:Type="String">Substituição</Data></Cell>
   </Row>
   <Row ss:AutoFitHeight="0">
    <Cell><Data ss:Type="String">ENTROPIC_TRANSPOSITIONER</Data></Cell>
    <Cell><Data ss:Type="String">TEMPLATE_NAME_6</Data></Cell>
    <Cell><Data ss:Type="String">Enganador</Data></Cell>
   </Row>
   <Row ss:AutoFitHeight="0">
    <Cell><Data ss:Type="String">FORGOTTEN_ESSENCE_SIPHON</Data></Cell>
    <Cell><Data ss:Type="String">TEMPLATE_NAME_1</Data></Cell>
    <Cell><Data ss:Type="String">Drenante</Data></Cell>
   </Row>
   <Row ss:AutoFitHeight="0">
    <Cell><Data ss:Type="String">FORGOTTEN_ESSENCE_SIPHON</Data></Cell>
    <Cell><Data ss:Type="String">TEMPLATE_NAME_2</Data></Cell>
    <Cell><Data ss:Type="String">Condutivo</Data></Cell>
   </Row>
   <Row ss:AutoFitHeight="0">
    <Cell><Data ss:Type="String">FORGOTTEN_ESSENCE_SIPHON</Data></Cell>
    <Cell><Data ss:Type="String">TEMPLATE_NAME_3</Data></Cell>
    <Cell><Data ss:Type="String">Lançamento</Data></Cell>
   </Row>
   <Row ss:AutoFitHeight="0">
    <Cell><Data ss:Type="String">FORGOTTEN_ESSENCE_SIPHON</Data></Cell>
    <Cell><Data ss:Type="String">TEMPLATE_NAME_4</Data></Cell>
    <Cell><Data ss:Type="String">Debilitante</Data></Cell>
   </Row>
   <Row ss:AutoFitHeight="0">
    <Cell><Data ss:Type="String">FORGOTTEN_ESSENCE_SIPHON</Data></Cell>
    <Cell><Data ss:Type="String">TEMPLATE_NAME_5</Data></Cell>
    <Cell><Data ss:Type="String">Extrator</Data></Cell>
   </Row>
   <Row ss:AutoFitHeight="0">
    <Cell><Data ss:Type="String">FORGOTTEN_ESSENCE_SIPHON</Data></Cell>
    <Cell><Data ss:Type="String">TEMPLATE_NAME_6</Data></Cell>
    <Cell><Data ss:Type="String">Minguante</Data></Cell>
   </Row>
   <Row ss:AutoFitHeight="0">
    <Cell><Data ss:Type="String">ENTROPIC_CHAOS_INDUCER</Data></Cell>
    <Cell><Data ss:Type="String">TEMPLATE_NAME_1</Data></Cell>
    <Cell><Data ss:Type="String">Deformador da Realidade</Data></Cell>
   </Row>
   <Row ss:AutoFitHeight="0">
    <Cell><Data ss:Type="String">ENTROPIC_CHAOS_INDUCER</Data></Cell>
    <Cell><Data ss:Type="String">TEMPLATE_NAME_2</Data></Cell>
    <Cell><Data ss:Type="String">Os Enlouquecidos</Data></Cell>
   </Row>
   <Row ss:AutoFitHeight="0">
    <Cell><Data ss:Type="String">ENTROPIC_CHAOS_INDUCER</Data></Cell>
    <Cell><Data ss:Type="String">TEMPLATE_NAME_3</Data></Cell>
    <Cell><Data ss:Type="String">Coringa</Data></Cell>
   </Row>
   <Row ss:AutoFitHeight="0">
    <Cell><Data ss:Type="String">ENTROPIC_CHAOS_INDUCER</Data></Cell>
    <Cell><Data ss:Type="String">TEMPLATE_NAME_4</Data></Cell>
    <Cell><Data ss:Type="String">Os Ruinosos</Data></Cell>
   </Row>
   <Row ss:AutoFitHeight="0">
    <Cell><Data ss:Type="String">ENTROPIC_CHAOS_INDUCER</Data></Cell>
    <Cell><Data ss:Type="String">TEMPLATE_NAME_5</Data></Cell>
    <Cell><Data ss:Type="String">Causador de Loucura</Data></Cell>
   </Row>
   <Row ss:AutoFitHeight="0">
    <Cell><Data ss:Type="String">ENTROPIC_CHAOS_INDUCER</Data></Cell>
    <Cell><Data ss:Type="String">TEMPLATE_NAME_6</Data></Cell>
    <Cell><Data ss:Type="String">Rasgador da Realidade</Data></Cell>
   </Row>
   <Row ss:AutoFitHeight="0">
    <Cell><Data ss:Type="String">CORRUPTED_INCARNATION</Data></Cell>
    <Cell><Data ss:Type="String">TEMPLATE_NAME_1</Data></Cell>
    <Cell><Data ss:Type="String">Consumidor</Data></Cell>
   </Row>
   <Row ss:AutoFitHeight="0">
    <Cell><Data ss:Type="String">CORRUPTED_INCARNATION</Data></Cell>
    <Cell><Data ss:Type="String">TEMPLATE_NAME_2</Data></Cell>
    <Cell><Data ss:Type="String">Devorador Entrópico</Data></Cell>
   </Row>
   <Row ss:AutoFitHeight="0">
    <Cell><Data ss:Type="String">CORRUPTED_INCARNATION</Data></Cell>
    <Cell><Data ss:Type="String">TEMPLATE_NAME_3</Data></Cell>
    <Cell><Data ss:Type="String">Os Indiferentes</Data></Cell>
   </Row>
   <Row ss:AutoFitHeight="0">
    <Cell><Data ss:Type="String">CORRUPTED_INCARNATION</Data></Cell>
    <Cell><Data ss:Type="String">TEMPLATE_NAME_4</Data></Cell>
    <Cell><Data ss:Type="String">Impassível</Data></Cell>
   </Row>
   <Row ss:AutoFitHeight="0">
    <Cell><Data ss:Type="String">CORRUPTED_INCARNATION</Data></Cell>
    <Cell><Data ss:Type="String">TEMPLATE_NAME_5</Data></Cell>
    <Cell><Data ss:Type="String">Ávido</Data></Cell>
   </Row>
   <Row ss:AutoFitHeight="0">
    <Cell><Data ss:Type="String">CORRUPTED_INCARNATION</Data></Cell>
    <Cell><Data ss:Type="String">TEMPLATE_NAME_6</Data></Cell>
    <Cell><Data ss:Type="String">Guloso</Data></Cell>
   </Row>
  </Table>
  <WorksheetOptions xmlns="urn:schemas-microsoft-com:office:excel">
   <Unsynced/>
   <Print>
    <ValidPrinterInfo/>
    <HorizontalResolution>600</HorizontalResolution>
    <VerticalResolution>600</VerticalResolution>
   </Print>
   <Selected/>
   <TopRowVisible>29</TopRowVisible>
   <Panes>
    <Pane>
     <Number>3</Number>
     <ActiveRow>37</ActiveRow>
     <ActiveCol>2</ActiveCol>
    </Pane>
   </Panes>
   <ProtectObjects>False</ProtectObjects>
   <ProtectScenarios>False</ProtectScenarios>
  </WorksheetOptions>
 </Worksheet>
</Workbook>