<?xml version='1.0' encoding='UTF-8'?>
<?mso-application progid="Excel.Sheet"?><Workbook xmlns="urn:schemas-microsoft-com:office:spreadsheet" xmlns:o="urn:schemas-microsoft-com:office:office" xmlns:x="urn:schemas-microsoft-com:office:excel" xmlns:ss="urn:schemas-microsoft-com:office:spreadsheet" xmlns:html="http://www.w3.org/TR/REC-html40">
 <DocumentProperties xmlns="urn:schemas-microsoft-com:office:office">
  <LastAuthor>Djurre van Dijk</LastAuthor>
  <LastSaved>2019-03-13T14:09:13Z</LastSaved>
  <Version>15.00</Version>
 </DocumentProperties>
 <OfficeDocumentSettings xmlns="urn:schemas-microsoft-com:office:office">
  <AllowPNG/>
 </OfficeDocumentSettings>
 <ExcelWorkbook xmlns="urn:schemas-microsoft-com:office:excel">
  <WindowHeight>11190</WindowHeight>
  <WindowWidth>24015</WindowWidth>
  <WindowTopX>0</WindowTopX>
  <WindowTopY>0</WindowTopY>
  <ProtectStructure>False</ProtectStructure>
  <ProtectWindows>False</ProtectWindows>
 </ExcelWorkbook>
 <Styles>
  <Style ss:ID="Default" ss:Name="Normal">
   <Alignment ss:Vertical="Bottom"/>
   <Borders/>
   <Font ss:FontName="Calibri" x:Family="Swiss" ss:Size="11" ss:Color="#000000"/>
   <Interior/>
   <NumberFormat/>
   <Protection/>
  </Style>
  <Style ss:ID="s62" ss:Name="Hyperlink">
   <Font ss:FontName="Calibri" x:Family="Swiss" ss:Size="11" ss:Color="#0066CC" ss:Underline="Single"/>
  </Style>
  <Style ss:ID="s63">
   <Alignment ss:Vertical="Bottom" ss:WrapText="1"/>
  </Style>
  <Style ss:ID="s66" ss:Parent="s62">
   <Alignment ss:Vertical="Bottom" ss:WrapText="1"/>
  </Style>
 </Styles>
 <Worksheet ss:Name="Script">
  <Table ss:ExpandedColumnCount="6" ss:ExpandedRowCount="38" x:FullColumns="1" x:FullRows="1" ss:DefaultRowHeight="15">
   <Column ss:Width="121.5"/>
   <Column ss:Width="96.75"/>
   <Column ss:StyleID="s63" ss:Width="299.25"/>
   <Column ss:StyleID="s63" ss:Width="147.75"/>
   <Column ss:StyleID="s63" ss:AutoFitWidth="0" ss:Width="191.25"/>
   <Column ss:StyleID="s63" ss:Width="120"/>
   <Row ss:AutoFitHeight="0" ss:Height="150">
    <Cell><Data ss:Type="String">RMG_DLC03</Data></Cell>
    <Cell ss:Index="5"><Data ss:Type="String">Text surounded by {} or [] are special tags for code. These tag will be replaced with other text eg: the name of a player. The tags should NOT be localized. They represent the place in the sentens for their replacing string. Some {} tags start with STR or INT. STR means it will be replaced with text, INT means it will be replaced with a numerical value  </Data></Cell>
   </Row>
   <Row ss:AutoFitHeight="0">
    <Cell><Data ss:Type="String">SCENE ID</Data></Cell>
    <Cell><Data ss:Type="String">TEXT ID</Data></Cell>
    <Cell><Data ss:Type="String">ENGLISH STRING</Data></Cell>
    <Cell><Data ss:Type="String">ALTERNATIVE ENGLISH STRING</Data></Cell>
    <Cell><Data ss:Type="String">LOCALIZATION NOTES</Data></Cell>
    <Cell><Data ss:Type="String">DEV TEAM / MISC NOTES</Data></Cell>
   </Row>
   <Row ss:AutoFitHeight="0" ss:Height="60">
    <Cell><Data ss:Type="String">GEOGRAPHY_TEMPLATE</Data></Cell>
    <Cell><Data ss:Type="String">TOMB</Data></Cell>
    <Cell><Data ss:Type="String">Mundo-Tumba</Data></Cell>
    <Cell ss:Index="5"><Data ss:Type="String">Name of a world / planet template that can be selected when the player is customizing the type of planet they want to play on.</Data></Cell>
   </Row>
   <Row ss:AutoFitHeight="0" ss:Height="94.5">
    <Cell><Data ss:Type="String">GEOGRAPHY_TEMPLATE</Data></Cell>
    <Cell><Data ss:Type="String">TOMB_SUBTITLE</Data></Cell>
    <Cell><Data ss:Type="String">Afirmado pelos Es'Teq como local de sepultamento de muitos de seus restos.</Data></Cell>
    <Cell ss:Index="5"><Data ss:Type="String">Description of the world/ planet template. Used as flavor and to give the player an idea of what the gameplay on such a planet is like. EDIT: added full stop, no reloca required</Data></Cell>
   </Row>
   <Row ss:AutoFitHeight="0" ss:Height="30">
    <Cell><Data ss:Type="String">PLANET_NAME</Data></Cell>
    <Cell><Data ss:Type="String">TOMB_1</Data></Cell>
    <Cell ss:StyleID="Default"><Data ss:Type="String">{XML_RMG@PLANET_NAME@TOMB_1}</Data></Cell>
    <Cell ss:Index="5"><Data ss:Type="String">Do not localize</Data></Cell>
   </Row>
   <Row ss:AutoFitHeight="0">
    <Cell><Data ss:Type="String">PLANET_NAME</Data></Cell>
    <Cell><Data ss:Type="String">TOMB_2</Data></Cell>
    <Cell ss:StyleID="Default"><Data ss:Type="String">{XML_RMG@PLANET_NAME@TOMB_2}</Data></Cell>
    <Cell ss:Index="5"><Data ss:Type="String">Do not localize</Data></Cell>
   </Row>
   <Row ss:AutoFitHeight="0" ss:Height="30">
    <Cell><Data ss:Type="String">PLANET_NAME</Data></Cell>
    <Cell><Data ss:Type="String">TOMB_3</Data></Cell>
    <Cell ss:StyleID="Default"><Data ss:Type="String">{XML_RMG@PLANET_NAME@TOMB_3}</Data></Cell>
    <Cell ss:Index="5"><Data ss:Type="String">Do not localize</Data></Cell>
   </Row>
   <Row ss:AutoFitHeight="0">
    <Cell><Data ss:Type="String">PLANET_NAME</Data></Cell>
    <Cell><Data ss:Type="String">TOMB_4</Data></Cell>
    <Cell ss:StyleID="Default"><Data ss:Type="String">{XML_RMG@PLANET_NAME@TOMB_4}</Data></Cell>
    <Cell ss:Index="5"><Data ss:Type="String">Do not localize</Data></Cell>
   </Row>
   <Row ss:AutoFitHeight="0">
    <Cell><Data ss:Type="String">PLANET_NAME</Data></Cell>
    <Cell><Data ss:Type="String">TOMB_5</Data></Cell>
    <Cell ss:StyleID="Default"><Data ss:Type="String">{XML_RMG@PLANET_NAME@TOMB_5}</Data></Cell>
    <Cell ss:Index="5"><Data ss:Type="String">Do not localize</Data></Cell>
   </Row>
   <Row ss:AutoFitHeight="0">
    <Cell><Data ss:Type="String">PLANET_NAME</Data></Cell>
    <Cell><Data ss:Type="String">TOMB_6</Data></Cell>
    <Cell ss:StyleID="Default"><Data ss:Type="String">{XML_RMG@PLANET_NAME@TOMB_6}</Data></Cell>
    <Cell ss:Index="5"><Data ss:Type="String">Do not localize</Data></Cell>
   </Row>
   <Row ss:AutoFitHeight="0">
    <Cell><Data ss:Type="String">PLANET_NAME</Data></Cell>
    <Cell><Data ss:Type="String">TOMB_7</Data></Cell>
    <Cell ss:StyleID="Default"><Data ss:Type="String">{XML_RMG@PLANET_NAME@TOMB_7}</Data></Cell>
    <Cell ss:Index="5"><Data ss:Type="String">Do not localize</Data></Cell>
   </Row>
   <Row ss:AutoFitHeight="0">
    <Cell><Data ss:Type="String">PLANET_NAME</Data></Cell>
    <Cell><Data ss:Type="String">TOMB_8</Data></Cell>
    <Cell ss:StyleID="Default"><Data ss:Type="String">{XML_RMG@PLANET_NAME@TOMB_8}</Data></Cell>
    <Cell ss:Index="5"><Data ss:Type="String">Do not localize</Data></Cell>
   </Row>
   <Row ss:AutoFitHeight="0">
    <Cell><Data ss:Type="String">PLANET_NAME</Data></Cell>
    <Cell><Data ss:Type="String">TOMB_9</Data></Cell>
    <Cell ss:StyleID="Default"><Data ss:Type="String">{XML_RMG@PLANET_NAME@TOMB_9}</Data></Cell>
    <Cell ss:Index="5"><Data ss:Type="String">Do not localize</Data></Cell>
   </Row>
   <Row ss:AutoFitHeight="0">
    <Cell><Data ss:Type="String">PLANET_NAME</Data></Cell>
    <Cell><Data ss:Type="String">TOMB_10</Data></Cell>
    <Cell ss:StyleID="Default"><Data ss:Type="String">{XML_RMG@PLANET_NAME@TOMB_10}</Data></Cell>
    <Cell ss:Index="5"><Data ss:Type="String">Do not localize</Data></Cell>
   </Row>
   <Row ss:AutoFitHeight="0">
    <Cell><Data ss:Type="String">PLANET_NAME</Data></Cell>
    <Cell><Data ss:Type="String">TOMB_11</Data></Cell>
    <Cell ss:StyleID="Default"><Data ss:Type="String">{XML_RMG@PLANET_NAME@TOMB_11}</Data></Cell>
    <Cell ss:Index="5"><Data ss:Type="String">Do not localize</Data></Cell>
   </Row>
   <Row ss:AutoFitHeight="0">
    <Cell><Data ss:Type="String">PLANET_NAME</Data></Cell>
    <Cell><Data ss:Type="String">TOMB_12</Data></Cell>
    <Cell ss:StyleID="Default"><Data ss:Type="String">{XML_RMG@PLANET_NAME@TOMB_12}</Data></Cell>
    <Cell ss:Index="5"><Data ss:Type="String">Do not localize</Data></Cell>
   </Row>
   <Row ss:AutoFitHeight="0">
    <Cell><Data ss:Type="String">PLANET_NAME</Data></Cell>
    <Cell><Data ss:Type="String">TOMB_13</Data></Cell>
    <Cell ss:StyleID="Default"><Data ss:Type="String">{XML_RMG@PLANET_NAME@TOMB_13}</Data></Cell>
    <Cell ss:Index="5"><Data ss:Type="String">Do not localize</Data></Cell>
   </Row>
   <Row ss:AutoFitHeight="0">
    <Cell><Data ss:Type="String">PLANET_NAME</Data></Cell>
    <Cell><Data ss:Type="String">TOMB_14</Data></Cell>
    <Cell ss:StyleID="Default"><Data ss:Type="String">{XML_RMG@PLANET_NAME@TOMB_14}</Data></Cell>
    <Cell ss:Index="5"><Data ss:Type="String">Do not localize</Data></Cell>
   </Row>
   <Row ss:AutoFitHeight="0">
    <Cell><Data ss:Type="String">PLANET_NAME</Data></Cell>
    <Cell><Data ss:Type="String">TOMB_15</Data></Cell>
    <Cell ss:StyleID="Default"><Data ss:Type="String">{XML_RMG@PLANET_NAME@TOMB_15}</Data></Cell>
    <Cell ss:Index="5"><Data ss:Type="String">Do not localize</Data></Cell>
   </Row>
   <Row ss:AutoFitHeight="0">
    <Cell><Data ss:Type="String">PLANET_NAME</Data></Cell>
    <Cell><Data ss:Type="String">TOMB_16</Data></Cell>
    <Cell ss:StyleID="Default"><Data ss:Type="String">{XML_RMG@PLANET_NAME@TOMB_16}</Data></Cell>
    <Cell ss:Index="5"><Data ss:Type="String">Do not localize</Data></Cell>
   </Row>
   <Row ss:AutoFitHeight="0">
    <Cell><Data ss:Type="String">PLANET_NAME</Data></Cell>
    <Cell><Data ss:Type="String">TOMB_17</Data></Cell>
    <Cell ss:StyleID="Default"><Data ss:Type="String">{XML_RMG@PLANET_NAME@TOMB_17}</Data></Cell>
    <Cell ss:Index="5"><Data ss:Type="String">Do not localize</Data></Cell>
   </Row>
   <Row ss:AutoFitHeight="0">
    <Cell><Data ss:Type="String">PLANET_NAME</Data></Cell>
    <Cell><Data ss:Type="String">TOMB_18</Data></Cell>
    <Cell ss:StyleID="Default"><Data ss:Type="String">{XML_RMG@PLANET_NAME@TOMB_18}</Data></Cell>
    <Cell ss:Index="5"><Data ss:Type="String">Do not localize</Data></Cell>
   </Row>
   <Row ss:AutoFitHeight="0">
    <Cell><Data ss:Type="String">PLANET_NAME</Data></Cell>
    <Cell><Data ss:Type="String">TOMB_19</Data></Cell>
    <Cell ss:StyleID="Default"><Data ss:Type="String">{XML_RMG@PLANET_NAME@TOMB_19}</Data></Cell>
    <Cell ss:Index="5"><Data ss:Type="String">Do not localize</Data></Cell>
   </Row>
   <Row ss:AutoFitHeight="0">
    <Cell><Data ss:Type="String">PLANET_NAME</Data></Cell>
    <Cell><Data ss:Type="String">TOMB_20</Data></Cell>
    <Cell ss:StyleID="Default"><Data ss:Type="String">{XML_RMG@PLANET_NAME@TOMB_20}</Data></Cell>
    <Cell ss:Index="5"><Data ss:Type="String">Do not localize</Data></Cell>
   </Row>
   <Row ss:AutoFitHeight="0">
    <Cell><Data ss:Type="String">PLANET_NAME</Data></Cell>
    <Cell><Data ss:Type="String">TOMB_21</Data></Cell>
    <Cell ss:StyleID="Default"><Data ss:Type="String">{XML_RMG@PLANET_NAME@TOMB_21}</Data></Cell>
    <Cell ss:Index="5"><Data ss:Type="String">Do not localize</Data></Cell>
   </Row>
   <Row ss:AutoFitHeight="0">
    <Cell><Data ss:Type="String">PLANET_NAME</Data></Cell>
    <Cell><Data ss:Type="String">TOMB_22</Data></Cell>
    <Cell ss:StyleID="Default"><Data ss:Type="String">{XML_RMG@PLANET_NAME@TOMB_22}</Data></Cell>
    <Cell ss:Index="5"><Data ss:Type="String">Do not localize</Data></Cell>
   </Row>
   <Row ss:AutoFitHeight="0">
    <Cell><Data ss:Type="String">PLANET_NAME</Data></Cell>
    <Cell><Data ss:Type="String">TOMB_23</Data></Cell>
    <Cell ss:StyleID="Default"><Data ss:Type="String">{XML_RMG@PLANET_NAME@TOMB_23}</Data></Cell>
    <Cell ss:Index="5"><Data ss:Type="String">Do not localize</Data></Cell>
   </Row>
   <Row ss:AutoFitHeight="0">
    <Cell><Data ss:Type="String">PLANET_NAME</Data></Cell>
    <Cell><Data ss:Type="String">TOMB_24</Data></Cell>
    <Cell ss:StyleID="Default"><Data ss:Type="String">{XML_RMG@PLANET_NAME@TOMB_24}</Data></Cell>
    <Cell ss:Index="5"><Data ss:Type="String">Do not localize</Data></Cell>
   </Row>
   <Row ss:AutoFitHeight="0">
    <Cell><Data ss:Type="String">PLANET_NAME</Data></Cell>
    <Cell><Data ss:Type="String">TOMB_25</Data></Cell>
    <Cell ss:StyleID="Default"><Data ss:Type="String">{XML_RMG@PLANET_NAME@TOMB_25}</Data></Cell>
    <Cell ss:Index="5"><Data ss:Type="String">Do not localize</Data></Cell>
   </Row>
   <Row ss:AutoFitHeight="0">
    <Cell><Data ss:Type="String">PLANET_NAME</Data></Cell>
    <Cell><Data ss:Type="String">TOMB_26</Data></Cell>
    <Cell ss:StyleID="Default"><Data ss:Type="String">{XML_RMG@PLANET_NAME@TOMB_26}</Data></Cell>
    <Cell ss:Index="5"><Data ss:Type="String">Do not localize</Data></Cell>
   </Row>
   <Row ss:AutoFitHeight="0">
    <Cell><Data ss:Type="String">PLANET_NAME</Data></Cell>
    <Cell><Data ss:Type="String">TOMB_27</Data></Cell>
    <Cell ss:StyleID="Default"><Data ss:Type="String">{XML_RMG@PLANET_NAME@TOMB_27}</Data></Cell>
    <Cell ss:Index="5"><Data ss:Type="String">Do not localize</Data></Cell>
   </Row>
   <Row ss:AutoFitHeight="0">
    <Cell><Data ss:Type="String">PLANET_NAME</Data></Cell>
    <Cell><Data ss:Type="String">TOMB_28</Data></Cell>
    <Cell ss:StyleID="Default"><Data ss:Type="String">{XML_RMG@PLANET_NAME@TOMB_28}</Data></Cell>
    <Cell ss:Index="5"><Data ss:Type="String">Do not localize</Data></Cell>
   </Row>
   <Row ss:AutoFitHeight="0">
    <Cell><Data ss:Type="String">PLANET_NAME</Data></Cell>
    <Cell><Data ss:Type="String">TOMB_29</Data></Cell>
    <Cell ss:StyleID="Default"><Data ss:Type="String">{XML_RMG@PLANET_NAME@TOMB_29}</Data></Cell>
    <Cell ss:Index="5"><Data ss:Type="String">Do not localize</Data></Cell>
   </Row>
   <Row ss:AutoFitHeight="0">
    <Cell><Data ss:Type="String">PLANET_NAME</Data></Cell>
    <Cell><Data ss:Type="String">TOMB_30</Data></Cell>
    <Cell ss:StyleID="Default"><Data ss:Type="String">{XML_RMG@PLANET_NAME@TOMB_30}</Data></Cell>
    <Cell ss:Index="5"><Data ss:Type="String">Do not localize</Data></Cell>
   </Row>
   <Row ss:AutoFitHeight="0">
    <Cell><Data ss:Type="String">PLANET_NAME</Data></Cell>
    <Cell><Data ss:Type="String">TOMB_31</Data></Cell>
    <Cell ss:StyleID="Default"><Data ss:Type="String">{XML_RMG@PLANET_NAME@CAPITAL_31}</Data></Cell>
    <Cell ss:Index="5"><Data ss:Type="String">Do not localize</Data></Cell>
   </Row>
   <Row ss:AutoFitHeight="0">
    <Cell><Data ss:Type="String">PLANET_NAME</Data></Cell>
    <Cell><Data ss:Type="String">TOMB_32</Data></Cell>
    <Cell ss:StyleID="Default"><Data ss:Type="String">{XML_RMG@PLANET_NAME@CAPITAL_32}</Data></Cell>
    <Cell ss:Index="5"><Data ss:Type="String">Do not localize</Data></Cell>
   </Row>
   <Row ss:Index="38" ss:AutoFitHeight="0">
    <Cell ss:Index="3" ss:StyleID="s66"/>
   </Row>
  </Table>
  <WorksheetOptions xmlns="urn:schemas-microsoft-com:office:excel">
   <Unsynced/>
   <Selected/>
   <Panes>
    <Pane>
     <Number>3</Number>
     <ActiveRow>3</ActiveRow>
     <ActiveCol>4</ActiveCol>
    </Pane>
   </Panes>
   <ProtectObjects>False</ProtectObjects>
   <ProtectScenarios>False</ProtectScenarios>
  </WorksheetOptions>
 </Worksheet>
</Workbook>