<?xml version='1.0' encoding='UTF-8'?>
<?mso-application progid="Excel.Sheet"?><Workbook xmlns="urn:schemas-microsoft-com:office:spreadsheet" xmlns:o="urn:schemas-microsoft-com:office:office" xmlns:x="urn:schemas-microsoft-com:office:excel" xmlns:ss="urn:schemas-microsoft-com:office:spreadsheet" xmlns:html="http://www.w3.org/TR/REC-html40">
 <DocumentProperties xmlns="urn:schemas-microsoft-com:office:office">
  <LastAuthor>Djurre van Dijk</LastAuthor>
  <LastSaved>2019-08-12T12:47:05Z</LastSaved>
  <Version>16.00</Version>
 </DocumentProperties>
 <OfficeDocumentSettings xmlns="urn:schemas-microsoft-com:office:office">
  <AllowPNG/>
 </OfficeDocumentSettings>
 <ExcelWorkbook xmlns="urn:schemas-microsoft-com:office:excel">
  <WindowHeight>12825</WindowHeight>
  <WindowWidth>32767</WindowWidth>
  <WindowTopX>32767</WindowTopX>
  <WindowTopY>32767</WindowTopY>
  <ProtectStructure>False</ProtectStructure>
  <ProtectWindows>False</ProtectWindows>
 </ExcelWorkbook>
 <Styles>
  <Style ss:ID="Default" ss:Name="Normal">
   <Alignment ss:Vertical="Bottom"/>
   <Borders/>
   <Font ss:FontName="Calibri" x:Family="Swiss" ss:Size="11" ss:Color="#000000"/>
   <Interior/>
   <NumberFormat/>
   <Protection/>
  </Style>
  <Style ss:ID="s62">
   <Alignment ss:Vertical="Top"/>
  </Style>
  <Style ss:ID="s63">
   <Alignment ss:Vertical="Top" ss:WrapText="1"/>
  </Style>
  <Style ss:ID="s64">
   <Alignment ss:Vertical="Top" ss:WrapText="1"/>
   <NumberFormat/>
  </Style>
 </Styles>
 <Worksheet ss:Name="Script">
  <Table ss:ExpandedColumnCount="6" ss:ExpandedRowCount="10" x:FullColumns="1" x:FullRows="1" ss:DefaultRowHeight="15">
   <Column ss:AutoFitWidth="0" ss:Width="123.75"/>
   <Column ss:Width="84.75"/>
   <Column ss:AutoFitWidth="0" ss:Width="466.5"/>
   <Column ss:Width="144.75"/>
   <Column ss:Width="215.25"/>
   <Column ss:Width="117.75"/>
   <Row ss:AutoFitHeight="0" ss:Height="90">
    <Cell ss:StyleID="s62"><Data ss:Type="String">SPECIES_HERITOR</Data></Cell>
    <Cell ss:StyleID="s62"/>
    <Cell ss:StyleID="s62"/>
    <Cell ss:StyleID="s62"/>
    <Cell ss:StyleID="s63"><Data ss:Type="String">The DEV TEAM / MISC NOTES column contains info on what text between { } signs means (if applicable). It usually stands for either a numeric value, or a numeric value with an icon. Text between [ ] signs stands for a certain type of icon. </Data></Cell>
    <Cell ss:StyleID="s62"/>
   </Row>
   <Row ss:AutoFitHeight="0">
    <Cell ss:StyleID="s62"><Data ss:Type="String">SCENE ID</Data></Cell>
    <Cell ss:StyleID="s62"><Data ss:Type="String">TEXT ID</Data></Cell>
    <Cell ss:StyleID="s62"><Data ss:Type="String">ENGLISH STRING</Data></Cell>
    <Cell ss:StyleID="s62"><Data ss:Type="String">ALTERNATIVE ENGLISH STRING</Data></Cell>
    <Cell ss:StyleID="s62"><Data ss:Type="String">LOCALIZATION NOTES</Data></Cell>
    <Cell ss:StyleID="s62"><Data ss:Type="String">DEV TEAM / MISC NOTES</Data></Cell>
   </Row>
   <Row ss:AutoFitHeight="0">
    <Cell ss:StyleID="s62"><Data ss:Type="String">DRAINED</Data></Cell>
    <Cell ss:StyleID="s62"><Data ss:Type="String">NAME</Data></Cell>
    <Cell ss:StyleID="s63"><Data ss:Type="String">Esgotado</Data></Cell>
    <Cell ss:StyleID="s62"/>
    <Cell ss:StyleID="s62"><Data ss:Type="String">This is the name of a unit.</Data></Cell>
    <Cell ss:StyleID="s62"/>
   </Row>
   <Row ss:AutoFitHeight="0" ss:Height="93.75">
    <Cell ss:StyleID="s62"><Data ss:Type="String">DRAINED</Data></Cell>
    <Cell ss:StyleID="s62"><Data ss:Type="String">DESCRIPTION</Data></Cell>
    <Cell ss:StyleID="s64"><Data ss:Type="String">“Em vida, você me rejeitou. Agora, você está Esgotado. Irá me servir. Apegue-se àqueles ainda não consumidos pelo esquecimento. Em vida, você me exauria com exigências cansativas e triviais. O que o motiva agora, querida Mãe? Arrependimento? O fato de ter sucumbido ao Es’Teq é prova de sua infidelidade. Vou dar um bom uso à sua carcaça flutuante, coletando a vitalidade de outros indignos do dom da vida. Aqueles que desperdiçam a vida serão subjugados. Não são todos indignos? Se não fossem, não cairiam.”[br/]– High Lord Merritt Tarksun, “RV-84575R: Requiem Decreed”</Data></Cell>
    <Cell ss:StyleID="s62"/>
    <Cell ss:StyleID="s63"><Data ss:Type="String">This is a unit description. I.e. a bit of flavor text about the unit that gives an insight into the lore of the game. This takes the form of a quote - from a book, diary, journal, etc - followed by the source. A lot of them try to get across some of the humor Triumph is known for.</Data></Cell>
    <Cell ss:StyleID="s62"><Data ss:Type="String">Female</Data></Cell>
   </Row>
   <Row ss:AutoFitHeight="0">
    <Cell ss:StyleID="s62"><Data ss:Type="String">SIPHON_GUARD</Data></Cell>
    <Cell ss:StyleID="s62"><Data ss:Type="String">NAME</Data></Cell>
    <Cell ss:StyleID="s63"><Data ss:Type="String">Sifão</Data></Cell>
    <Cell ss:StyleID="s62"/>
    <Cell ss:StyleID="s62"><Data ss:Type="String">This is the name of a unit.</Data></Cell>
    <Cell ss:StyleID="s62"/>
   </Row>
   <Row ss:AutoFitHeight="0" ss:Height="110.25">
    <Cell ss:StyleID="s62"><Data ss:Type="String">SIPHON_GUARD</Data></Cell>
    <Cell ss:StyleID="s62"><Data ss:Type="String">DESCRIPTION</Data></Cell>
    <Cell ss:StyleID="s64"><Data ss:Type="String">“A Dinastia Heritor é um esquema de pirâmide que deveria ter ficado enterrado no passado. O Es’Teq prolonga a vida drenando-a. Eles criaram dogmas para justificá-lo. Cada crente dava um pouco. Incentivos insustentáveis iam para os adeptos fiéis. Quando todos estavam viciados, ficou claro: para viver para sempre, mais vitalidade era necessária. Então surgiram os Sifões, punindo descrentes e indesejáveis. Uma vez transformados em armas, aqueles com dinheiro e poder obtiveram indulgências de essência. Claro, eles embrulharam isso em religião, mas não era mais virtuoso do que o Syndicate. O desejo de viver para sempre cria impérios de monstros e sempre criará.”[br/]– Mah Reg’Nib, “RV-98034X: Correndo dos Monstros”</Data></Cell>
    <Cell ss:StyleID="s62"/>
    <Cell ss:StyleID="s63"><Data ss:Type="String">This is a unit description. I.e. a bit of flavor text about the unit that gives an insight into the lore of the game. This takes the form of a quote - from a book, diary, journal, etc - followed by the source. A lot of them try to get across some of the humor Triumph is known for.</Data></Cell>
    <Cell ss:StyleID="s62"><Data ss:Type="String">Male</Data></Cell>
   </Row>
   <Row ss:AutoFitHeight="0">
    <Cell ss:StyleID="s62"><Data ss:Type="String">QUINTESSENCE_ARK</Data></Cell>
    <Cell ss:StyleID="s62"><Data ss:Type="String">NAME</Data></Cell>
    <Cell ss:StyleID="s63"><Data ss:Type="String">Arca de Quintessência</Data></Cell>
    <Cell ss:StyleID="s62"/>
    <Cell ss:StyleID="s62"><Data ss:Type="String">This is the name of a unit.</Data></Cell>
    <Cell ss:StyleID="s62"/>
   </Row>
   <Row ss:AutoFitHeight="0" ss:Height="112.5">
    <Cell ss:StyleID="s62"><Data ss:Type="String">QUINTESSENCE_ARK</Data></Cell>
    <Cell ss:StyleID="s62"><Data ss:Type="String">DESCRIPTION</Data></Cell>
    <Cell ss:StyleID="s64"><Data ss:Type="String">“Originalmente, os Heritors eram pacíficos. Compartilhávamos nossa vitalidade, cercando suas Arcas de Quintessência de bom grado para curar nossos mais aflitos. Seu milagroso Es’Teq nos prometeu vidas eternas. Éramos iguais, prosperando por gerações. Então seu High Lord ascendeu ao poder. Não bastava apenas viver. Ele exigia devoção mais profunda. Essência se tornou poder. Poder exigia controle. A vitalidade que compartilhávamos foi para aqueles considerados mais dignos. A comunhão se tornou servidão forçada. Meu marido foi drenado até a morte, e com que propósito? Uma vida feliz não importa mais. Seu orgulho hipócrita nos esgotou de toda a vida.”[br/]– Morris Maunery, “RV-838899R: Depoimento: Iniciativa de Purga dos Heritors”</Data></Cell>
    <Cell ss:StyleID="s62"/>
    <Cell ss:StyleID="s63"><Data ss:Type="String">This is a unit description. I.e. a bit of flavor text about the unit that gives an insight into the lore of the game. This takes the form of a quote - from a book, diary, journal, etc - followed by the source. A lot of them try to get across some of the humor Triumph is known for.</Data></Cell>
    <Cell ss:StyleID="s62"><Data ss:Type="String">Male</Data></Cell>
   </Row>
   <Row ss:AutoFitHeight="0">
    <Cell ss:StyleID="s62"><Data ss:Type="String">HIGH_LORD</Data></Cell>
    <Cell ss:StyleID="s62"><Data ss:Type="String">NAME</Data></Cell>
    <Cell ss:StyleID="s63"><Data ss:Type="String">High Lord</Data></Cell>
    <Cell ss:StyleID="s62"/>
    <Cell ss:StyleID="s62"><Data ss:Type="String">This is the name of a unit.</Data></Cell>
    <Cell ss:StyleID="s62"/>
   </Row>
   <Row ss:AutoFitHeight="0" ss:Height="124.5">
    <Cell ss:StyleID="s62"><Data ss:Type="String">HIGH_LORD</Data></Cell>
    <Cell ss:StyleID="s62"><Data ss:Type="String">DESCRIPTION</Data></Cell>
    <Cell ss:StyleID="s64"><Data ss:Type="String">“Entramos no santuário, passando por cima dos corpos caídos. Os homens do Capataz vestiam trajes de proteção, supondo uma praga. Eu sabia que não era. Fanáticos deram suas vidas pelo que dormia ali dentro. Apesar dos meus protestos, eles quebraram os selos. Um homem flutuava diante deles, envolto em esmeralda. Seus olhos sem idade se abriram. Tentáculos virulentos sugaram a vida dos trabalhadores, nutrindo o High Lord. As armas do Capataz ricochetearam em sua carapaça recarregada. Uma explosão de energia entrópica fez todos os dispositivos mecânicos caírem inertes. Observei com horror disfarçado enquanto o cadáver do Capataz se curvava com olhos sem vida diante desse pesadelo Heritor.”[br/]– Mah Reg’Nib, “RV-97009X: Correndo dos Monstros”</Data></Cell>
    <Cell ss:StyleID="s62"/>
    <Cell ss:StyleID="s63"><Data ss:Type="String">This is a unit description. I.e. a bit of flavor text about the unit that gives an insight into the lore of the game. This takes the form of a quote - from a book, diary, journal, etc - followed by the source. A lot of them try to get across some of the humor Triumph is known for.</Data></Cell>
    <Cell ss:StyleID="s62"><Data ss:Type="String">Male</Data></Cell>
   </Row>
  </Table>
  <WorksheetOptions xmlns="urn:schemas-microsoft-com:office:excel">
   <Unsynced/>
   <Print>
    <ValidPrinterInfo/>
    <HorizontalResolution>600</HorizontalResolution>
    <VerticalResolution>600</VerticalResolution>
   </Print>
   <Selected/>
   <Panes>
    <Pane>
     <Number>3</Number>
     <ActiveRow>3</ActiveRow>
     <ActiveCol>3</ActiveCol>
    </Pane>
   </Panes>
   <ProtectObjects>False</ProtectObjects>
   <ProtectScenarios>False</ProtectScenarios>
  </WorksheetOptions>
 </Worksheet>
</Workbook>