<?xml version='1.0' encoding='UTF-8'?>
<?mso-application progid="Excel.Sheet"?><Workbook xmlns="urn:schemas-microsoft-com:office:spreadsheet" xmlns:o="urn:schemas-microsoft-com:office:office" xmlns:x="urn:schemas-microsoft-com:office:excel" xmlns:ss="urn:schemas-microsoft-com:office:spreadsheet" xmlns:html="http://www.w3.org/TR/REC-html40">
 <DocumentProperties xmlns="urn:schemas-microsoft-com:office:office">
  <LastAuthor>Djurre van Dijk</LastAuthor>
  <LastSaved>2019-03-06T17:20:34Z</LastSaved>
  <Version>12.00</Version>
 </DocumentProperties>
 <OfficeDocumentSettings xmlns="urn:schemas-microsoft-com:office:office">
  <AllowPNG/>
 </OfficeDocumentSettings>
 <ExcelWorkbook xmlns="urn:schemas-microsoft-com:office:excel">
  <WindowHeight>17760</WindowHeight>
  <WindowWidth>10005</WindowWidth>
  <WindowTopX>0</WindowTopX>
  <WindowTopY>0</WindowTopY>
  <ProtectStructure>False</ProtectStructure>
  <ProtectWindows>False</ProtectWindows>
 </ExcelWorkbook>
 <Styles>
  <Style ss:ID="Default" ss:Name="Normal">
   <Alignment ss:Vertical="Bottom"/>
   <Borders/>
   <Font ss:FontName="Calibri" x:Family="Swiss" ss:Size="11" ss:Color="#000000"/>
   <Interior/>
   <NumberFormat/>
   <Protection/>
  </Style>
  <Style ss:ID="s62">
   <Alignment ss:Vertical="Bottom" ss:WrapText="1"/>
  </Style>
 </Styles>
 <Worksheet ss:Name="Script">
  <Table ss:ExpandedColumnCount="6" ss:ExpandedRowCount="5" x:FullColumns="1" x:FullRows="1" ss:DefaultRowHeight="15">
   <Column ss:Index="2" ss:AutoFitWidth="0" ss:Width="108"/>
   <Column ss:AutoFitWidth="0" ss:Width="254.25"/>
   <Column ss:StyleID="s62" ss:AutoFitWidth="0" ss:Width="165" ss:Span="2"/>
   <Row ss:AutoFitHeight="0" ss:Height="165">
    <Cell><Data ss:Type="String">ICONCATEGORIES_DLC01</Data></Cell>
    <Cell ss:Index="5"><Data ss:Type="String">Text surounded by {} or [] are special tags for code. These tag will be replaced with other text eg: the name of a player. The tags should NOT be localized. They represent the place in the sentens for their replacing string. Some {} tags start with STR or INT. STR means it will be replaced with text, INT means it will be replaced with a numerical value  </Data></Cell>
   </Row>
   <Row ss:AutoFitHeight="0">
    <Cell><Data ss:Type="String">SCENE ID</Data></Cell>
    <Cell><Data ss:Type="String">TEXT ID</Data></Cell>
    <Cell><Data ss:Type="String">ENGLISH STRING</Data></Cell>
    <Cell><Data ss:Type="String">ALTERNATIVE ENGLISH STRING</Data></Cell>
    <Cell><Data ss:Type="String">LOCALIZATION NOTES</Data></Cell>
    <Cell><Data ss:Type="String">DEV TEAM / MISC NOTES</Data></Cell>
   </Row>
   <Row ss:AutoFitHeight="0" ss:Height="105">
    <Cell ss:Index="5"><Data ss:Type="String">These are all names of a set of icons. These icons are used identify units that have mods equipped, e.g. a 'Hellfire Marine' with a flame icon to identify a unit equipped with a flame thrower.</Data></Cell>
   </Row>
   <Row ss:AutoFitHeight="0" ss:Height="75">
    <Cell><Data ss:Type="String">DELUXE</Data></Cell>
    <Cell><Data ss:Type="String">SPACERPUNK</Data></Cell>
    <Cell><Data ss:Type="String">Punk Espacial</Data></Cell>
    <Cell ss:Index="5"><Data ss:Type="String">The set is named to match the name of the entire set of content unlocked, which is based on the clothing style of the Spacer NPC faction - see Glossary.</Data></Cell>
   </Row>
   <Row ss:AutoFitHeight="0" ss:Height="75">
    <Cell><Data ss:Type="String">DELUXE</Data></Cell>
    <Cell><Data ss:Type="String">BRAVADO</Data></Cell>
    <Cell><Data ss:Type="String">Pacote Bravado</Data></Cell>
    <Cell ss:Index="5"><Data ss:Type="String">The set is named to match the name of the entire set of content unlocked, which is styled after 'Rambo' and 'The A-Team' aesthetics.</Data></Cell>
   </Row>
  </Table>
  <WorksheetOptions xmlns="urn:schemas-microsoft-com:office:excel">
   <Unsynced/>
   <Selected/>
   <Panes>
    <Pane>
     <Number>3</Number>
     <ActiveRow>5</ActiveRow>
     <ActiveCol>4</ActiveCol>
    </Pane>
   </Panes>
   <ProtectObjects>False</ProtectObjects>
   <ProtectScenarios>False</ProtectScenarios>
  </WorksheetOptions>
 </Worksheet>
</Workbook>