<?xml version='1.0' encoding='UTF-8'?>
<?mso-application progid="Excel.Sheet"?><Workbook xmlns="urn:schemas-microsoft-com:office:spreadsheet" xmlns:o="urn:schemas-microsoft-com:office:office" xmlns:x="urn:schemas-microsoft-com:office:excel" xmlns:ss="urn:schemas-microsoft-com:office:spreadsheet" xmlns:html="http://www.w3.org/TR/REC-html40">
 <DocumentProperties xmlns="urn:schemas-microsoft-com:office:office">
  <LastAuthor>Luis Ferreira</LastAuthor>
  <LastSaved>2020-08-03T09:31:24Z</LastSaved>
  <Version>16.00</Version>
 </DocumentProperties>
 <OfficeDocumentSettings xmlns="urn:schemas-microsoft-com:office:office">
  <AllowPNG/>
 </OfficeDocumentSettings>
 <ExcelWorkbook xmlns="urn:schemas-microsoft-com:office:excel">
  <WindowHeight>7836</WindowHeight>
  <WindowWidth>17256</WindowWidth>
  <WindowTopX>32767</WindowTopX>
  <WindowTopY>32767</WindowTopY>
  <RefModeR1C1/>
  <ProtectStructure>False</ProtectStructure>
  <ProtectWindows>False</ProtectWindows>
 </ExcelWorkbook>
 <Styles>
  <Style ss:ID="Default" ss:Name="Normal">
   <Alignment ss:Vertical="Bottom"/>
   <Borders/>
   <Font ss:FontName="Calibri" x:Family="Swiss" ss:Size="11" ss:Color="#000000"/>
   <Interior/>
   <NumberFormat/>
   <Protection/>
  </Style>
  <Style ss:ID="s62">
   <Alignment ss:Vertical="Top" ss:WrapText="1"/>
  </Style>
 </Styles>
 <Worksheet ss:Name="Script">
  <Table ss:ExpandedColumnCount="6" ss:ExpandedRowCount="33" x:FullColumns="1" x:FullRows="1" ss:StyleID="s62" ss:DefaultColumnWidth="51.6" ss:DefaultRowHeight="15">
   <Column ss:StyleID="s62" ss:Width="144"/>
   <Column ss:StyleID="s62" ss:Width="120"/>
   <Column ss:StyleID="s62" ss:Width="387"/>
   <Column ss:StyleID="s62" ss:Width="147.6"/>
   <Column ss:StyleID="s62" ss:Width="379.8"/>
   <Column ss:StyleID="s62" ss:Width="136.79999999999998"/>
   <Row ss:AutoFitHeight="0" ss:Height="60">
    <Cell><Data ss:Type="String">UNIT_UPGRADES_APOSTATES</Data></Cell>
    <Cell ss:Index="5"><Data ss:Type="String">The DEV TEAM / MISC NOTES column contains info on what text between { } signs means (if applicable). It usually stands for either a numeric value, or a numeric value with an icon. Text between [ ] signs stands for a certain type of icon. </Data></Cell>
   </Row>
   <Row ss:AutoFitHeight="0">
    <Cell><Data ss:Type="String">SCENE ID</Data></Cell>
    <Cell><Data ss:Type="String">TEXT ID</Data></Cell>
    <Cell><Data ss:Type="String">ENGLISH STRING</Data></Cell>
    <Cell><Data ss:Type="String">ALTERNATIVE ENGLISH STRING</Data></Cell>
    <Cell><Data ss:Type="String">LOCALIZATION NOTES</Data></Cell>
    <Cell><Data ss:Type="String">DEV TEAM / MISC NOTES</Data></Cell>
   </Row>
   <Row ss:AutoFitHeight="0" ss:Height="75">
    <Cell><Data ss:Type="String">CHAOTIC</Data></Cell>
    <Cell><Data ss:Type="String">MODIFIER_NAME</Data></Cell>
    <Cell><Data ss:Type="String">Caótico</Data></Cell>
    <Cell ss:Index="5"><Data ss:Type="String">In the text below, any inserted strings - anything of the form {text} - is replaced by an integer value for the thing described in the brackets. If the {text} is not followed by a unit - e.g. shields, hitpoints - the icon for the unit is inserted together with the integer. The same holds for symbols - e.g. '+', '%' - which are occasionally inserted together with the integer.</Data></Cell>
   </Row>
   <Row ss:AutoFitHeight="0" ss:Height="30">
    <Cell><Data ss:Type="String">CHAOTIC</Data></Cell>
    <Cell><Data ss:Type="String">MODIFIER_DESCRIPTION</Data></Cell>
    <Cell><Data ss:Type="String">Causa um dano extra de {DamageAmount} de um canal aleatório.</Data></Cell>
    <Cell ss:Index="5"><Data ss:Type="String">For references to game terminology and in-world references, please check the glossary delivered as part of the documentation.</Data></Cell>
    <Cell><Data ss:Type="String">DamageAmount just inserts a number</Data></Cell>
   </Row>
   <Row ss:AutoFitHeight="0">
    <Cell><Data ss:Type="String">CHAOS_BLADE</Data></Cell>
    <Cell><Data ss:Type="String">NAME</Data></Cell>
    <Cell><Data ss:Type="String">Lâmina do Caos</Data></Cell>
   </Row>
   <Row ss:AutoFitHeight="0">
    <Cell><Data ss:Type="String">CHAOS_BLADE</Data></Cell>
    <Cell><Data ss:Type="String">DESCRIPTION</Data></Cell>
    <Cell><Data ss:Type="String">Ataque corpo a corpo Entrópico</Data></Cell>
   </Row>
   <Row ss:AutoFitHeight="0">
    <Cell><Data ss:Type="String">ENERVATION</Data></Cell>
    <Cell><Data ss:Type="String">NAME</Data></Cell>
    <Cell><Data ss:Type="String">Enervação</Data></Cell>
   </Row>
   <Row ss:AutoFitHeight="0">
    <Cell><Data ss:Type="String">ENERVATION</Data></Cell>
    <Cell><Data ss:Type="String">DESCRIPTION</Data></Cell>
    <Cell><Data ss:Type="String">Um feixe de Entropia.</Data></Cell>
   </Row>
   <Row ss:AutoFitHeight="0">
    <Cell><Data ss:Type="String">OPPORTUNISTIC</Data></Cell>
    <Cell><Data ss:Type="String">NAME</Data></Cell>
    <Cell><Data ss:Type="String">Oportunista</Data></Cell>
   </Row>
   <Row ss:AutoFitHeight="0" ss:Height="45">
    <Cell><Data ss:Type="String">OPPORTUNISTIC</Data></Cell>
    <Cell><Data ss:Type="String">DESCRIPTION</Data></Cell>
    <Cell><Data ss:Type="String">A unidade causa {DamageIncrease}% de dano adicional e tem uma chance de {ImmobilizeChance}[strengthEntropy/] de força para aplicar [abilityred]Imobilizar[/abilityred] por {Duration}[turn/], ao Flanquear.</Data></Cell>
    <Cell ss:Index="5"><Data ss:Type="String">Any {} that ends with a %, [turn] or has {Chance} written inside or inserts a number; Immobilize and Flanking are ingame terms that should be on the glossary</Data></Cell>
   </Row>
   <Row ss:AutoFitHeight="0">
    <Cell><Data ss:Type="String">CHAOS_BOLT</Data></Cell>
    <Cell><Data ss:Type="String">NAME</Data></Cell>
    <Cell><Data ss:Type="String">Raio do Caos</Data></Cell>
   </Row>
   <Row ss:AutoFitHeight="0">
    <Cell><Data ss:Type="String">CHAOS_BOLT</Data></Cell>
    <Cell><Data ss:Type="String">DESCRIPTION</Data></Cell>
    <Cell><Data ss:Type="String">Ataque caótico entrópico</Data></Cell>
   </Row>
   <Row ss:AutoFitHeight="0">
    <Cell><Data ss:Type="String">CHAOS_OUTBREAK</Data></Cell>
    <Cell><Data ss:Type="String">NAME</Data></Cell>
    <Cell><Data ss:Type="String">Surto do Caos</Data></Cell>
   </Row>
   <Row ss:AutoFitHeight="0" ss:Height="30">
    <Cell><Data ss:Type="String">CHAOS_OUTBREAK</Data></Cell>
    <Cell><Data ss:Type="String">DESCRIPTION</Data></Cell>
    <Cell><Data ss:Type="String">Unidades inimigas em um raio de {HexRadius} hexes sofrem dano e são deslocadas para um hex aleatório dentro de {HexReach} hexes.</Data></Cell>
    <Cell ss:Index="5"><Data ss:Type="String">Hexradius and HexReach insert numbers</Data></Cell>
   </Row>
   <Row ss:AutoFitHeight="0">
    <Cell><Data ss:Type="String">REALITY_BREAK</Data></Cell>
    <Cell><Data ss:Type="String">NAME</Data></Cell>
    <Cell><Data ss:Type="String">Quebra da Realidade</Data></Cell>
   </Row>
   <Row ss:AutoFitHeight="0" ss:Height="45">
    <Cell><Data ss:Type="String">REALITY_BREAK</Data></Cell>
    <Cell><Data ss:Type="String">DESCRIPTION</Data></Cell>
    <Cell><Data ss:Type="String">Chance de {NegativeChance}[StrengthEntropy/] de força para aplicar [abilityred]um efeito negativo aleatório[/abilityred] a qualquer unidade, ignorando qualquer incompatibilidade de tipo que a unidade possa ter.</Data></Cell>
   </Row>
   <Row ss:AutoFitHeight="0">
    <Cell><Data ss:Type="String">REALITY_BREAK_TIMES_2</Data></Cell>
    <Cell><Data ss:Type="String">NAME</Data></Cell>
    <Cell><Data ss:Type="String">Quebra da Realidade x {Count}</Data></Cell>
    <Cell ss:Index="5"><Data ss:Type="String">The x indicates multiplication (e.g. 2 x 3 = 6)</Data></Cell>
   </Row>
   <Row ss:AutoFitHeight="0" ss:Height="45">
    <Cell><Data ss:Type="String">REALITY_BREAK_TIMES_2</Data></Cell>
    <Cell><Data ss:Type="String">DESCRIPTION</Data></Cell>
    <Cell><Data ss:Type="String">Chance de {NegativeChance}[StrengthEntropy/] de força para aplicar [abilityred]um efeito negativo aleatório[/abilityred] a qualquer unidade {Count} vezes, ignorando qualquer incompatibilidade de tipo que a unidade possa ter.</Data></Cell>
   </Row>
   <Row ss:AutoFitHeight="0" ss:Height="30">
    <Cell><Data ss:Type="String">REALITY_BREAK</Data></Cell>
    <Cell><Data ss:Type="String">PROP_DESCRIPTION</Data></Cell>
    <Cell><Data ss:Type="String">Unidades afetadas por este status recebem um Efeito Negativo aleatório que ignora as restrições de Tipo da Unidade.</Data></Cell>
   </Row>
   <Row ss:AutoFitHeight="0">
    <Cell><Data ss:Type="String">CHANNEL_CHAOS</Data></Cell>
    <Cell><Data ss:Type="String">NAME</Data></Cell>
    <Cell><Data ss:Type="String">Canalizar Caos</Data></Cell>
   </Row>
   <Row ss:AutoFitHeight="0" ss:Height="75">
    <Cell><Data ss:Type="String">CHANNEL_CHAOS</Data></Cell>
    <Cell><Data ss:Type="String">DESCRIPTION</Data></Cell>
    <Cell><Data ss:Type="String">A unidade alvo e outras {UnitNumber} unidades aleatórias ganham [abilityred]Vulnerabilidade ao Caos[/abilityred] por {ChanneledDuration}, reduzindo a Resistência Entrópica e outra Resistência aleatória em {WeaknessAmount}.[br/]Esta unidade ganha [abilityblue]Canalizado[/abilityblue], fazendo com que o Raio do Caos atinja outras {ChanneledUnitNumber} unidades aleatórias, por {duration}[turn/].</Data></Cell>
   </Row>
   <Row ss:AutoFitHeight="0">
    <Cell><Data ss:Type="String">CHANNELED</Data></Cell>
    <Cell><Data ss:Type="String">NAME</Data></Cell>
    <Cell><Data ss:Type="String">Canalizado</Data></Cell>
   </Row>
   <Row ss:AutoFitHeight="0">
    <Cell><Data ss:Type="String">CHANNELED</Data></Cell>
    <Cell><Data ss:Type="String">DESCRIPTION</Data></Cell>
    <Cell><Data ss:Type="String">Raio do Caos causará dano a {NumberEnemies} inimigos aleatórios adicionais.</Data></Cell>
   </Row>
   <Row ss:AutoFitHeight="0">
    <Cell><Data ss:Type="String">CHAOS_PROTECTION</Data></Cell>
    <Cell><Data ss:Type="String">NAME</Data></Cell>
    <Cell><Data ss:Type="String">Proteção do Caos</Data></Cell>
   </Row>
   <Row ss:AutoFitHeight="0" ss:Height="45">
    <Cell><Data ss:Type="String">CHAOS_PROTECTION</Data></Cell>
    <Cell><Data ss:Type="String">DESCRIPTION</Data></Cell>
    <Cell><Data ss:Type="String">Quando esta unidade sofrer dano dentro de {HexRange} hexes, o atacante terá uma chance de {ChaosVulChance}[strengthEntropy/] de força para receber [abilityred]Vulnerabilidade ao Caos[/abilityred].</Data></Cell>
   </Row>
   <Row ss:AutoFitHeight="0">
    <Cell><Data ss:Type="String">CHAOS_AXE</Data></Cell>
    <Cell><Data ss:Type="String">NAME</Data></Cell>
    <Cell><Data ss:Type="String">Machado do Caos</Data></Cell>
   </Row>
   <Row ss:AutoFitHeight="0">
    <Cell><Data ss:Type="String">CHAOS_AXE</Data></Cell>
    <Cell><Data ss:Type="String">DESCRIPTION</Data></Cell>
    <Cell><Data ss:Type="String">Ataque corpo a corpo Entrópico</Data></Cell>
   </Row>
   <Row ss:AutoFitHeight="0">
    <Cell><Data ss:Type="String">INSTILL_ANARCHY</Data></Cell>
    <Cell><Data ss:Type="String">NAME</Data></Cell>
    <Cell><Data ss:Type="String">Instilar Anarquia</Data></Cell>
   </Row>
   <Row ss:AutoFitHeight="0" ss:Height="45">
    <Cell><Data ss:Type="String">INSTILL_ANARCHY</Data></Cell>
    <Cell><Data ss:Type="String">DESCRIPTION</Data></Cell>
    <Cell><Data ss:Type="String">Todos os inimigos dentro de {HexRange} hexes são dominados pela discórdia. As placas desta unidade se regeneram com o caos, curando {Heal}[hp/] para cada unidade que ficar [abilityred]Insana[/abilityred].</Data></Cell>
    <Cell ss:Index="5"><Data ss:Type="String">Insane is a ingame status effect</Data></Cell>
   </Row>
   <Row ss:AutoFitHeight="0" ss:Height="60">
    <Cell><Data ss:Type="String">INSTILL_ANARCHY</Data></Cell>
    <Cell><Data ss:Type="String">ENTROPIC_INSANITY</Data></Cell>
    <Cell><Data ss:Type="String">Chance de {InsanityChance}[StrengthEntropy/] de força para aplicar [abilityred]Insanidade[/abilityred] a unidades não-Mente-Fraca por {durationInsanity}[turn/]. Se resistido, aplicar [abilityred]Vulnerabilidade ao Caos[/abilityred] em vez disso.</Data></Cell>
   </Row>
   <Row ss:AutoFitHeight="0">
    <Cell><Data ss:Type="String">TYRANTS_ASSAULT</Data></Cell>
    <Cell><Data ss:Type="String">NAME</Data></Cell>
    <Cell><Data ss:Type="String">Assalto do Tirano</Data></Cell>
   </Row>
   <Row ss:AutoFitHeight="0" ss:Height="60">
    <Cell><Data ss:Type="String">TYRANTS_ASSAULT</Data></Cell>
    <Cell><Data ss:Type="String">DESCRIPTION</Data></Cell>
    <Cell><Data ss:Type="String">Pular para o hex alvo. Esta unidade então ganha {IncreasedCritical}% de chance crítica aumentada, [abilityblue]Resoluto[/abilityblue] e [abilityblue]Incansável[/abilityblue], fazendo com que a unidade não recue do ataque de oportunidade e tenha ataques de oportunidade corpo a corpo infinitos, por {Duration}[turn/]</Data></Cell>
    <Cell ss:Index="5"><Data ss:Type="String">Resolute (making the unit not stagger out of overwatch) and Tireless (infinite melee overwatch strikes)</Data></Cell>
   </Row>
   <Row ss:AutoFitHeight="0" ss:Height="30">
    <Cell><Data ss:Type="String">TYRANTS_ASSAULT</Data></Cell>
    <Cell><Data ss:Type="String">PROP_DESCRIPTION</Data></Cell>
    <Cell><Data ss:Type="String">Esta unidade tem +{CriticalIncrease}% de chance crítica, [abilityblue]Resoluto[/abilityblue] e [abilityblue]Incansável[/abilityblue]</Data></Cell>
   </Row>
  </Table>
  <WorksheetOptions xmlns="urn:schemas-microsoft-com:office:excel">
   <Unsynced/>
   <Print>
    <ValidPrinterInfo/>
    <HorizontalResolution>600</HorizontalResolution>
    <VerticalResolution>600</VerticalResolution>
   </Print>
   <Selected/>
   <TopRowVisible>9</TopRowVisible>
   <LeftColumnVisible>1</LeftColumnVisible>
   <Panes>
    <Pane>
     <Number>3</Number>
     <ActiveRow>17</ActiveRow>
     <ActiveCol>2</ActiveCol>
    </Pane>
   </Panes>
   <ProtectObjects>False</ProtectObjects>
   <ProtectScenarios>False</ProtectScenarios>
  </WorksheetOptions>
 </Worksheet>
</Workbook>