<?xml version='1.0' encoding='UTF-8'?>
<?mso-application progid="Excel.Sheet"?><Workbook xmlns="urn:schemas-microsoft-com:office:spreadsheet" xmlns:o="urn:schemas-microsoft-com:office:office" xmlns:x="urn:schemas-microsoft-com:office:excel" xmlns:ss="urn:schemas-microsoft-com:office:spreadsheet" xmlns:html="http://www.w3.org/TR/REC-html40">
 <DocumentProperties xmlns="urn:schemas-microsoft-com:office:office">
  <LastAuthor>Thomas Schuiten</LastAuthor>
  <LastSaved>2020-09-28T12:46:45Z</LastSaved>
  <Version>16.00</Version>
 </DocumentProperties>
 <OfficeDocumentSettings xmlns="urn:schemas-microsoft-com:office:office">
  <AllowPNG/>
 </OfficeDocumentSettings>
 <ExcelWorkbook xmlns="urn:schemas-microsoft-com:office:excel">
  <WindowHeight>14265</WindowHeight>
  <WindowWidth>28770</WindowWidth>
  <WindowTopX>32767</WindowTopX>
  <WindowTopY>32767</WindowTopY>
  <RefModeR1C1/>
  <ProtectStructure>False</ProtectStructure>
  <ProtectWindows>False</ProtectWindows>
 </ExcelWorkbook>
 <Styles>
  <Style ss:ID="Default" ss:Name="Normal">
   <Alignment ss:Vertical="Bottom"/>
   <Borders/>
   <Font ss:FontName="Calibri" x:Family="Swiss" ss:Size="11" ss:Color="#000000"/>
   <Interior/>
   <NumberFormat/>
   <Protection/>
  </Style>
  <Style ss:ID="s62">
   <Alignment ss:Vertical="Top" ss:WrapText="1"/>
  </Style>
 </Styles>
 <Worksheet ss:Name="Script">
  <Table ss:ExpandedColumnCount="6" ss:ExpandedRowCount="48" x:FullColumns="1" x:FullRows="1" ss:StyleID="s62" ss:DefaultColumnWidth="51.75" ss:DefaultRowHeight="15">
   <Column ss:StyleID="s62" ss:AutoFitWidth="0" ss:Width="246"/>
   <Column ss:StyleID="s62" ss:Width="66.75"/>
   <Column ss:StyleID="s62" ss:AutoFitWidth="0" ss:Width="531"/>
   <Column ss:StyleID="s62" ss:Width="147.75"/>
   <Column ss:StyleID="s62" ss:AutoFitWidth="0" ss:Width="151.5"/>
   <Column ss:StyleID="s62" ss:Width="120.75"/>
   <Row ss:AutoFitHeight="0" ss:Height="135">
    <Cell><Data ss:Type="String">GALACTIC_EMPIRES_RELICS_DLC05</Data></Cell>
    <Cell ss:Index="5"><Data ss:Type="String">The DEV TEAM / MISC NOTES column contains info on what text between { } signs means (if applicable). It usually stands for either a numeric value, or a numeric value with an icon. Text between [ ] signs stands for a certain type of icon. </Data></Cell>
   </Row>
   <Row ss:AutoFitHeight="0">
    <Cell><Data ss:Type="String">SCENE ID</Data></Cell>
    <Cell><Data ss:Type="String">TEXT ID</Data></Cell>
    <Cell><Data ss:Type="String">ENGLISH STRING</Data></Cell>
    <Cell><Data ss:Type="String">ALTERNATIVE ENGLISH STRING</Data></Cell>
    <Cell><Data ss:Type="String">LOCALIZATION NOTES</Data></Cell>
    <Cell><Data ss:Type="String">DEV TEAM / MISC NOTES</Data></Cell>
   </Row>
   <Row ss:AutoFitHeight="0">
    <Cell><Data ss:Type="String">RELIC_LIMITLESS_NETWORK_SWITCH_AUTONOM</Data></Cell>
    <Cell><Data ss:Type="String">NAME</Data></Cell>
    <Cell><Data ss:Type="String">Chave da Rede Ilimitada</Data></Cell>
   </Row>
   <Row ss:AutoFitHeight="0" ss:Height="60">
    <Cell><Data ss:Type="String">RELIC_LIMITLESS_NETWORK_SWITCH_AUTONOM</Data></Cell>
    <Cell><Data ss:Type="String">DESCRIPTION</Data></Cell>
    <Cell><Data ss:Type="String">A Chave da Rede Ilimitada é um unicum nunca antes encontrado em qualquer rede Autonom, aparentemente modificada pelos próprios Autonom para aprimorar ainda mais seu processamento cognitivo.</Data></Cell>
    <Cell ss:Index="5"><Data ss:Type="String">Autonom - former robot servants of the Star Union, now turned into a 'sentient' collective.</Data></Cell>
   </Row>
   <Row ss:AutoFitHeight="0">
    <Cell><Data ss:Type="String">RELIC_THE_FIRST_SEED_GROWTH</Data></Cell>
    <Cell><Data ss:Type="String">NAME</Data></Cell>
    <Cell><Data ss:Type="String">A Primeira Semente</Data></Cell>
   </Row>
   <Row ss:AutoFitHeight="0" ss:Height="30">
    <Cell><Data ss:Type="String">RELIC_THE_FIRST_SEED_GROWTH</Data></Cell>
    <Cell><Data ss:Type="String">DESCRIPTION</Data></Cell>
    <Cell><Data ss:Type="String">Sementes como esta são raras. Esta nave é lançada ao espaço ao final do ciclo de expansão planetária do Growth para pousar em um novo mundo e recomeçar o ciclo.</Data></Cell>
    <Cell ss:Index="5"><Data ss:Type="String">Growth - A race of sentient plantlife.</Data></Cell>
   </Row>
   <Row ss:AutoFitHeight="0">
    <Cell><Data ss:Type="String">RELIC_IMPERIAL_CROWN_PARAGON</Data></Cell>
    <Cell><Data ss:Type="String">NAME</Data></Cell>
    <Cell><Data ss:Type="String">Coroa Imperial</Data></Cell>
   </Row>
   <Row ss:AutoFitHeight="0" ss:Height="45">
    <Cell><Data ss:Type="String">RELIC_IMPERIAL_CROWN_PARAGON</Data></Cell>
    <Cell><Data ss:Type="String">DESCRIPTION</Data></Cell>
    <Cell><Data ss:Type="String">A Coroa Imperial é uma relíquia antiga dos tempos da Star Union, concedida a Prefeitos especialmente estimados. É o principal símbolo de seu cargo. Embora os Paragon tenham decaído muito desde aqueles dias, ainda reverenciam a Coroa e a honra que ela representa acima de tudo.</Data></Cell>
    <Cell ss:Index="5"><Data ss:Type="String">Paragon - remnants of Star Union nobility and military.</Data></Cell>
   </Row>
   <Row ss:AutoFitHeight="0">
    <Cell><Data ss:Type="String">RELIC_ETERNAL_EGG_PSIFISH</Data></Cell>
    <Cell><Data ss:Type="String">NAME</Data></Cell>
    <Cell><Data ss:Type="String">Isca do Vazio</Data></Cell>
   </Row>
   <Row ss:AutoFitHeight="0" ss:Height="60">
    <Cell><Data ss:Type="String">RELIC_ETERNAL_EGG_PSIFISH</Data></Cell>
    <Cell><Data ss:Type="String">DESCRIPTION</Data></Cell>
    <Cell><Data ss:Type="String">Não é um dispositivo no sentido convencional, esta construção biológica possui muitas das características dos Peixes-Psi, mas é diferente de qualquer um deles. Que linhagem de Peixe-Psi é capaz de gerar essa criatura, ou qual é seu propósito exato, permanece um enigma. O que é certo, no entanto, é que ela é capaz de 'invocar' outros Peixes-Psi, aparentemente gerando uma conexão entre si e o Vazio.</Data></Cell>
    <Cell ss:Index="5"><Data ss:Type="String">Psi-fish - A race of psionic jellyfish</Data></Cell>
   </Row>
   <Row ss:AutoFitHeight="0">
    <Cell><Data ss:Type="String">RELIC_GOBLET_OF_GAMERS_SPACERS</Data></Cell>
    <Cell><Data ss:Type="String">NAME</Data></Cell>
    <Cell><Data ss:Type="String">Cálice dos Gamers</Data></Cell>
   </Row>
   <Row ss:AutoFitHeight="0" ss:Height="60">
    <Cell><Data ss:Type="String">RELIC_GOBLET_OF_GAMERS_SPACERS</Data></Cell>
    <Cell><Data ss:Type="String">DESCRIPTION</Data></Cell>
    <Cell><Data ss:Type="String">Este estranho item não é um objeto físico, mas uma sequência de código, uma espécie de prova digital de mérito que os Spacers parecem valorizar excepcionalmente. Após uma análise mais detalhada, não há poderes secretos ocultos no código; trata-se apenas de uma 'chave' impossível de replicar, sem uma fechadura. Sua influência ao negociar com os Spacers, no entanto, é inegável.</Data></Cell>
    <Cell ss:Index="5"><Data ss:Type="String">Spacers - survivors of the Cataclysm obsessed with virtual escapism.</Data></Cell>
   </Row>
   <Row ss:AutoFitHeight="0">
    <Cell><Data ss:Type="String">RELIC_CRYSTALIZED_CORE_QUARTZITE</Data></Cell>
    <Cell><Data ss:Type="String">NAME</Data></Cell>
    <Cell><Data ss:Type="String">Núcleo Cristalizado</Data></Cell>
   </Row>
   <Row ss:AutoFitHeight="0" ss:Height="60">
    <Cell><Data ss:Type="String">RELIC_CRYSTALIZED_CORE_QUARTZITE</Data></Cell>
    <Cell><Data ss:Type="String">DESCRIPTION</Data></Cell>
    <Cell><Data ss:Type="String">Há muito se sabe entre os zoólogos da Star Union que os Quartzites convertem minerais impuros em cristais de Quartzite altamente energéticos e, em seguida, se sustentam com a energia desses cristais, acumulando-os para manter um suprimento constante. Este exemplar em particular é extraordinariamente puro, provavelmente resultado de uma antiga Minhoca Quartzite ter consumido uma quantidade excepcionalmente grande de energia em um ciclo específico.</Data></Cell>
    <Cell ss:Index="5"><Data ss:Type="String">Quartzite - a wildlife species of mineral creatures.</Data></Cell>
   </Row>
   <Row ss:AutoFitHeight="0">
    <Cell><Data ss:Type="String">RELIC_PSYCHIC_CRYSTAL_PSIONICA</Data></Cell>
    <Cell><Data ss:Type="String">NAME</Data></Cell>
    <Cell><Data ss:Type="String">Cristal Psiónico</Data></Cell>
   </Row>
   <Row ss:AutoFitHeight="0" ss:Height="105">
    <Cell><Data ss:Type="String">RELIC_PSYCHIC_CRYSTAL_PSIONICA</Data></Cell>
    <Cell><Data ss:Type="String">DESCRIPTION</Data></Cell>
    <Cell><Data ss:Type="String">Muitos especialistas teorizam que os Psionica são uma espécie derivada dos Quartzites. Embora essa teoria certamente tenha mérito, o tipo de estrutura cristalina que os Psionica formam é diferente em um aspecto particularmente crucial: enquanto as espécies de Quartzite armazenam energia Térmica ou Elétrica, os Psionica parecem processar de alguma forma energia Psiónica pura. A diferença mais crucial, no entanto, está em sua origem e propósito: os Psionica são incapazes de obter sustento do consumo de minerais como seus 'primos' Quartzites, em vez disso, derivando sustento da energia Psiónica de presas biológicas. Os cristais que os Psionica liberam são meramente um mecanismo de armazenamento destinado a sustentá-los em tempos em que presas vivas são raras.</Data></Cell>
    <Cell ss:Index="5"><Data ss:Type="String">Psionica - Species of mineral creatures that store and use Psionic energy.</Data></Cell>
   </Row>
   <Row ss:AutoFitHeight="0">
    <Cell><Data ss:Type="String">RELIC_GIANT_MYCELIAL_HUB_MYCELIANS</Data></Cell>
    <Cell><Data ss:Type="String">NAME</Data></Cell>
    <Cell><Data ss:Type="String">Núcleo Micelial Gigante</Data></Cell>
   </Row>
   <Row ss:AutoFitHeight="0" ss:Height="60">
    <Cell><Data ss:Type="String">RELIC_GIANT_MYCELIAL_HUB_MYCELIANS</Data></Cell>
    <Cell><Data ss:Type="String">DESCRIPTION</Data></Cell>
    <Cell><Data ss:Type="String">Os Micelianos formam conexões em rede com outros aglomerados próximos, ganhando força com a presença uns dos outros. Esta amostra em particular é excepcionalmente forte, tentando alcançar e formar conexões mesmo em seu confinamento. Cientistas teorizam que esse comportamento poderia ser usado para atrair e talvez até controlar criaturas Micelianas.</Data></Cell>
    <Cell ss:Index="5"><Data ss:Type="String">Mycelians - a wildlife group of creatures, fungus overgrown machinery.</Data></Cell>
   </Row>
   <Row ss:AutoFitHeight="0" ss:Height="30">
    <Cell><Data ss:Type="String">RELIC_PROGENITOR_RAZOR_CLAW_HOPPERHOUNDS</Data></Cell>
    <Cell><Data ss:Type="String">NAME</Data></Cell>
    <Cell><Data ss:Type="String">Garra Cortante Progenitora</Data></Cell>
   </Row>
   <Row ss:AutoFitHeight="0" ss:Height="90">
    <Cell><Data ss:Type="String">RELIC_PROGENITOR_RAZOR_CLAW_HOPPERHOUNDS</Data></Cell>
    <Cell><Data ss:Type="String">DESCRIPTION</Data></Cell>
    <Cell><Data ss:Type="String">Esta garra de louva-a-deus é peculiar de várias maneiras, sendo a mais impressionante o fato de que parece anteceder a idade percebida da criatura à qual estava presa por várias centenas de anos. Isso sugere que este espécime em particular se renovou muitas vezes e implica em uma expectativa de vida significativamente maior para a espécie do que se supunha até agora. Esta garra em particular, além de ser antiga, também produz um som marcante quando estridulada. Seu efeito foi testado em Hopperhounds em cativeiro, e os resultados prometem uma compreensão mais profunda da espécie e de como ela pode ser controlada.</Data></Cell>
    <Cell ss:Index="5"><Data ss:Type="String">Hopperhounds - wildlife creatures akin to giant grasshoppers.</Data></Cell>
   </Row>
   <Row ss:AutoFitHeight="0">
    <Cell><Data ss:Type="String">RELIC_TAXIDERMIED_PENGUIN_LORD_WILDLIFE</Data></Cell>
    <Cell><Data ss:Type="String">NAME</Data></Cell>
    <Cell><Data ss:Type="String">Lorde Pinguim Empalhado</Data></Cell>
   </Row>
   <Row ss:AutoFitHeight="0" ss:Height="30">
    <Cell><Data ss:Type="String">RELIC_TAXIDERMIED_PENGUIN_LORD_WILDLIFE</Data></Cell>
    <Cell><Data ss:Type="String">DESCRIPTION</Data></Cell>
    <Cell><Data ss:Type="String">Este artefato perturbador não foi criado por nós. Foi encontrado assim em uma das Colmeias Xenopinguim, emanando uma energia inquietante. O estranho artefato parece conceder as visões mais perturbadoras quando tocado.</Data></Cell>
   </Row>
   <Row ss:AutoFitHeight="0">
    <Cell><Data ss:Type="String">RELIC_CHAOS_ORACLE_APOSTATE</Data></Cell>
    <Cell><Data ss:Type="String">NAME</Data></Cell>
    <Cell><Data ss:Type="String">Oráculo do Caos</Data></Cell>
   </Row>
   <Row ss:AutoFitHeight="0" ss:Height="45">
    <Cell><Data ss:Type="String">RELIC_CHAOS_ORACLE_APOSTATE</Data></Cell>
    <Cell><Data ss:Type="String">DESCRIPTION</Data></Cell>
    <Cell><Data ss:Type="String">Este dispositivo, embora similar ao dos Videntes Juramentados, está claramente corrompido, pois constantemente emite previsões e comandos aparentemente aleatórios. Se os Apóstatas realmente seguem os comandos desses dispositivos ou apenas os mantêm como um testemunho da suposta traição dos Videntes ainda está por ser visto.</Data></Cell>
    <Cell ss:Index="5"><Data ss:Type="String">Oathbound - a faction of arthurian knights led by Seers, attempting to build a utopia</Data></Cell>
   </Row>
   <Row ss:AutoFitHeight="0">
    <Cell><Data ss:Type="String">RELIC_DLC03_ENTROPIC_CASKET_FORGOTTEN</Data></Cell>
    <Cell><Data ss:Type="String">NAME</Data></Cell>
    <Cell><Data ss:Type="String">Caixão Entrópico</Data></Cell>
   </Row>
   <Row ss:AutoFitHeight="0" ss:Height="75">
    <Cell><Data ss:Type="String">RELIC_DLC03_ENTROPIC_CASKET_FORGOTTEN</Data></Cell>
    <Cell><Data ss:Type="String">DESCRIPTION</Data></Cell>
    <Cell><Data ss:Type="String">Embora não seja literalmente um 'caixão', seu propósito mórbido ainda justifica o nome. É um dispositivo projetado para armazenar almas, e teoriza-se que sua função original era recuperar a 'Essência' de quaisquer Herdeiros cujos sistemas de suporte estivessem falhando, a fim de reencarná-los no futuro. No entanto, a maldição dos Esquecidos corrompeu esses dispositivos além disso: agora eles apenas tomam, armazenando Essência sem discriminação, criando uma horrível 'sopa' de almas que nunca poderão renascer.</Data></Cell>
    <Cell ss:Index="5"><Data ss:Type="String">Forgotten - Ancient Heritor constructs that have decayed and gone mad.</Data></Cell>
   </Row>
   <Row ss:AutoFitHeight="0" ss:Height="30">
    <Cell><Data ss:Type="String">RELIC_DLC03_TERRATECH_GENE_SPLICER_MUTANTS</Data></Cell>
    <Cell><Data ss:Type="String">NAME</Data></Cell>
    <Cell><Data ss:Type="String">Splicer Genético Terratech</Data></Cell>
   </Row>
   <Row ss:AutoFitHeight="0" ss:Height="75">
    <Cell><Data ss:Type="String">RELIC_DLC03_TERRATECH_GENE_SPLICER_MUTANTS</Data></Cell>
    <Cell><Data ss:Type="String">DESCRIPTION</Data></Cell>
    <Cell><Data ss:Type="String">A Terratech é responsável pela maior parte da biologia alterada da Star Union. Tendo uma grande participação no setor agrícola, eles desenvolveram técnicas para criar animais que cresceriam a tamanhos excepcionais com mínima ingestão de energia, resolvendo efetivamente qualquer crise alimentar no futuro previsível. No entanto, essas criaturas eram voláteis e, desde o colapso da União, adquiriram características além do que seus criadores poderiam ter imaginado. Este splicer é um testemunho dessa loucura.</Data></Cell>
    <Cell ss:Index="5"><Data ss:Type="String">Terratech - bio corp that the amazons originated from.</Data></Cell>
   </Row>
   <Row ss:AutoFitHeight="0" ss:Height="30">
    <Cell><Data ss:Type="String">RELIC_DLC03_FIRST_GENERATION_CORE_UPLINK_RPR</Data></Cell>
    <Cell><Data ss:Type="String">NAME</Data></Cell>
    <Cell><Data ss:Type="String">Núcleo de IA Inquisidora RPR</Data></Cell>
   </Row>
   <Row ss:AutoFitHeight="0" ss:Height="60">
    <Cell><Data ss:Type="String">RELIC_DLC03_FIRST_GENERATION_CORE_UPLINK_RPR</Data></Cell>
    <Cell><Data ss:Type="String">DESCRIPTION</Data></Cell>
    <Cell><Data ss:Type="String">Destacamentos RPR são uma visão rara na Star Union, leais apenas à sua programação que precede até mesmo a Star Union. Criados para caçar e destruir santuários de Herdeiros, as unidades RPR de cada planeta eram controladas por uma única IA 'Inquisidora'. Este artefato em particular é um núcleo de IA contendo uma dessas IAs e, embora gravemente danificado e quase incoerente, pode ser instrumental no controle dessas armas implacáveis.</Data></Cell>
    <Cell ss:Index="5"><Data ss:Type="String">RPR - or 'Reapers', a wildlife group of robots that seek to wipe out all traces of the Heritors.</Data></Cell>
   </Row>
   <Row ss:AutoFitHeight="0" ss:Height="30">
    <Cell><Data ss:Type="String">RELIC_DLC03_MISFORTUNES_PAW_MISFORTUNE</Data></Cell>
    <Cell><Data ss:Type="String">NAME</Data></Cell>
    <Cell><Data ss:Type="String">Pata da Desgraça</Data></Cell>
    <Cell ss:Index="5"><Data ss:Type="String">Misfortune - name of a psionic cat.</Data></Cell>
   </Row>
   <Row ss:AutoFitHeight="0" ss:Height="90">
    <Cell><Data ss:Type="String">RELIC_DLC03_MISFORTUNES_PAW_MISFORTUNE</Data></Cell>
    <Cell><Data ss:Type="String">DESCRIPTION</Data></Cell>
    <Cell><Data ss:Type="String">Gatos pretos têm sido um símbolo de má sorte muito antes de a humanidade se espalhar pelas estrelas. A Desgraça pode finalmente dar algum mérito a essas superstições. Uma poderosa criatura Psiónica de aparência felina, as Desgraças são surpreendentemente inteligentes e se deliciam em causar travessuras e caos. As Desgraças caçam através de engano, Psionicamente curto-circuitando os sinais enviados pelos sentidos da vítima. Esses sinais esporádicos causam lapsos de julgamento frequentemente confundidos com 'azar', forçando suas vítimas a errar tiros certeiros ou simplesmente tropeçar ao tentar fugir, deixando-as presas fáceis para as garras da criatura.</Data></Cell>
   </Row>
   <Row ss:AutoFitHeight="0">
    <Cell><Data ss:Type="String">RELIC_DLC04_DEERS_ANTLERS_THERIAN</Data></Cell>
    <Cell><Data ss:Type="String">NAME</Data></Cell>
    <Cell><Data ss:Type="String">Galhada do Cervo</Data></Cell>
   </Row>
   <Row ss:AutoFitHeight="0" ss:Height="75">
    <Cell><Data ss:Type="String">RELIC_DLC04_DEERS_ANTLERS_THERIAN</Data></Cell>
    <Cell><Data ss:Type="String">DESCRIPTION</Data></Cell>
    <Cell><Data ss:Type="String">Essa galhada supostamente pertenceu ao misterioso e carismático primeiro líder dos Terianos, chamado "Cervo". É difícil dizer se os Terianos irão venerar quem carrega um troféu feito de seu herói popular... ou se irão desprezá-lo e atacar! Provavelmente, só há uma maneira de descobrir...</Data></Cell>
    <Cell ss:Index="5"><Data ss:Type="String">Deer - founder of the Therian 'cult'
Therians - a faction of animalistically mutated pirates with cult-like tendencies.</Data></Cell>
   </Row>
   <Row ss:AutoFitHeight="0">
    <Cell><Data ss:Type="String">RELIC_DLC04_RESONANCE_GLAND_THUNDERMAW</Data></Cell>
    <Cell><Data ss:Type="String">NAME</Data></Cell>
    <Cell><Data ss:Type="String">Glândula de Ressonância</Data></Cell>
   </Row>
   <Row ss:AutoFitHeight="0" ss:Height="60">
    <Cell><Data ss:Type="String">RELIC_DLC04_RESONANCE_GLAND_THUNDERMAW</Data></Cell>
    <Cell><Data ss:Type="String">DESCRIPTION</Data></Cell>
    <Cell><Data ss:Type="String">Glândulas de ressonância são usadas pelos Rugidores para gerar seus ataques sônicos. Em um Rugidor adulto em seu auge, as glândulas são capazes de produzir um rugido alto o suficiente para ser ouvido em continentes inteiros. Mas exemplares assim da criatura são raros devido à sua extrema agressividade, feroz competição interna e envelhecimento lento, deixando poucos deles atingirem a idade adulta.</Data></Cell>
    <Cell ss:Index="5"><Data ss:Type="String">Thundermaw - dog that shoots sound</Data></Cell>
   </Row>
   <Row ss:AutoFitHeight="0">
    <Cell><Data ss:Type="String">RELIC_OATHBOUND_CAMPAIGN</Data></Cell>
    <Cell><Data ss:Type="String">NAME</Data></Cell>
    <Cell><Data ss:Type="String">Trono do Imperador (Campanha)</Data></Cell>
   </Row>
   <Row ss:AutoFitHeight="0">
    <Cell><Data ss:Type="String">RELIC_OATHBOUND_CAMPAIGN</Data></Cell>
    <Cell><Data ss:Type="String">DESCRIPTION</Data></Cell>
    <Cell><Data ss:Type="String">Diz-se que quando o verdadeiro Imperador da Star Union retornar, ele se sentará neste trono. A elite dos Paragões se reunirá para sua proteção e provará ao resto da galáxia por que seu império teve o poderio militar para durar milênios.</Data></Cell>
   </Row>
   <Row ss:AutoFitHeight="0">
    <Cell><Data ss:Type="String">RELIC_GRAIL_OF_LAW</Data></Cell>
    <Cell><Data ss:Type="String">NAME</Data></Cell>
    <Cell><Data ss:Type="String">Configuração do Graal da Lei (Passiva)</Data></Cell>
   </Row>
   <Row ss:AutoFitHeight="0" ss:Height="60">
    <Cell><Data ss:Type="String">RELIC_GRAIL_OF_LAW</Data></Cell>
    <Cell><Data ss:Type="String">DESCRIPTION</Data></Cell>
    <Cell><Data ss:Type="String">O Graal da Lei, como seus equivalentes, é de origem desconhecida. Criptografado em uma linguagem esquecida, o aparelho funciona de maneiras que desafiam a teoria científica moderna. Esta matriz particular do graal é estruturada e rígida, um programa perfeito que exige que aqueles que desejam sua sabedoria obedeçam às suas leis.[br/][abilityblue][ProductionSector/]Especializações de Produção geram {Incomebonus}[production/] de Renda[/abilityblue]</Data></Cell>
   </Row>
   <Row ss:AutoFitHeight="0">
    <Cell><Data ss:Type="String">RELIC_GRAIL_OF_UNITY</Data></Cell>
    <Cell><Data ss:Type="String">NAME</Data></Cell>
    <Cell><Data ss:Type="String">Configuração do Graal da Unidade (Passiva)</Data></Cell>
   </Row>
   <Row ss:AutoFitHeight="0" ss:Height="75">
    <Cell><Data ss:Type="String">RELIC_GRAIL_OF_UNITY</Data></Cell>
    <Cell><Data ss:Type="String">DESCRIPTION</Data></Cell>
    <Cell><Data ss:Type="String">O Graal da Unidade é um mistério, como seus equivalentes, e este graal em particular parece abrigar vastas obras de filosofia e ciências sociais de espécies e mundos nunca antes ouvidos. No entanto, parece estar criptografado em uma infinidade de idiomas, cada um mais alienígena que o anterior.[br/][abilityblue][ResidentialSector/]Especializações Residenciais geram {Incomebonus} de Renda por [population/] em [foodslot/], [energyslot/], [productionslot/], [researchslot/] ou [happinessslot/].[/abilityblue]</Data></Cell>
   </Row>
   <Row ss:AutoFitHeight="0">
    <Cell><Data ss:Type="String">RELIC_GRAIL_OF_LIFE</Data></Cell>
    <Cell><Data ss:Type="String">NAME</Data></Cell>
    <Cell><Data ss:Type="String">Configuração do Graal da Vida (Passiva)</Data></Cell>
   </Row>
   <Row ss:AutoFitHeight="0" ss:Height="60">
    <Cell><Data ss:Type="String">RELIC_GRAIL_OF_LIFE</Data></Cell>
    <Cell><Data ss:Type="String">DESCRIPTION</Data></Cell>
    <Cell><Data ss:Type="String">O Graal da Vida se mostrou especialmente incomum, e a equipe de pesquisa que investiga seus segredos afirma que ele apresenta sinais de vida. Uma matriz indescritível que gera e criptografa novos dados constantemente enquanto sobrescreve os antigos, ele contém uma biblioteca incrível de dados sobre toda a vida que registrou, como a equipe de pesquisa descobriu ao descriptografar sua entrada mais recente: cientista.[br/][abilityblue][SupplySector/]Especializações em Alimentos geram {Incomebonus}[food/] Renda[/abilityblue]</Data></Cell>
   </Row>
   <Row ss:AutoFitHeight="0">
    <Cell><Data ss:Type="String">RELIC_GRAIL_OF_KNOWLEDGE</Data></Cell>
    <Cell><Data ss:Type="String">NAME</Data></Cell>
    <Cell><Data ss:Type="String">Configuração do Graal do Conhecimento (Passiva)</Data></Cell>
   </Row>
   <Row ss:AutoFitHeight="0" ss:Height="90">
    <Cell><Data ss:Type="String">RELIC_GRAIL_OF_KNOWLEDGE</Data></Cell>
    <Cell><Data ss:Type="String">DESCRIPTION</Data></Cell>
    <Cell><Data ss:Type="String">O Graal do Conhecimento parece ser o maior dos dispositivos 'Graal'. Ele ainda está em constante crescimento, mas a taxa de crescimento é lenta. A equipe de pesquisa suspeita que expor o dispositivo a muitas informações novas poderia resultar em um crescimento descontrolado, mas a teoria ainda não foi testada. Embora certamente contenha grande sabedoria, ele também guarda uma quantidade incrível de dados 'lixo' — quem já quis saber qual é o mineral favorito de um Quartzito?[br/][abilityblue][ResearchSector/]Especializações em Pesquisa geram {Incomebonus}[research/] Renda[/abilityblue]</Data></Cell>
   </Row>
   <Row ss:AutoFitHeight="0">
    <Cell><Data ss:Type="String">RELIC_GRAIL_OF_POTENTIAL</Data></Cell>
    <Cell><Data ss:Type="String">NAME</Data></Cell>
    <Cell><Data ss:Type="String">Configuração do Graal do Potencial (Passiva)</Data></Cell>
   </Row>
   <Row ss:AutoFitHeight="0" ss:Height="75">
    <Cell><Data ss:Type="String">RELIC_GRAIL_OF_POTENTIAL</Data></Cell>
    <Cell><Data ss:Type="String">DESCRIPTION</Data></Cell>
    <Cell><Data ss:Type="String">O Graal do Potencial é único entre os de sua espécie devido ao seu fluxo constante. Ele parece armazenar dados como seus equivalentes, mas os dados são constantemente reescritos, movidos, adicionados ou excluídos. A única constante no dispositivo parece ser a mudança, e embora isso o torne uma fonte pobre de dados, seu potencial energético parece ser quase ilimitado...[br/][abilityblue][EnergySector/]Especializações em Energia geram {Incomebonus}[energy/] Renda[/abilityblue]</Data></Cell>
   </Row>
  </Table>
  <WorksheetOptions xmlns="urn:schemas-microsoft-com:office:excel">
   <Unsynced/>
   <Print>
    <ValidPrinterInfo/>
    <HorizontalResolution>600</HorizontalResolution>
    <VerticalResolution>600</VerticalResolution>
   </Print>
   <Zoom>115</Zoom>
   <Selected/>
   <TopRowVisible>36</TopRowVisible>
   <Panes>
    <Pane>
     <Number>3</Number>
     <ActiveRow>44</ActiveRow>
     <ActiveCol>2</ActiveCol>
    </Pane>
   </Panes>
   <ProtectObjects>False</ProtectObjects>
   <ProtectScenarios>False</ProtectScenarios>
  </WorksheetOptions>
 </Worksheet>
</Workbook>