<?xml version='1.0' encoding='UTF-8'?>
<?mso-application progid="Excel.Sheet"?><Workbook xmlns="urn:schemas-microsoft-com:office:spreadsheet" xmlns:o="urn:schemas-microsoft-com:office:office" xmlns:x="urn:schemas-microsoft-com:office:excel" xmlns:ss="urn:schemas-microsoft-com:office:spreadsheet" xmlns:html="http://www.w3.org/TR/REC-html40">
 <DocumentProperties xmlns="urn:schemas-microsoft-com:office:office">
  <LastAuthor>Joshua Crowder</LastAuthor>
  <LastSaved>2020-07-08T09:36:01Z</LastSaved>
  <Version>15.00</Version>
 </DocumentProperties>
 <OfficeDocumentSettings xmlns="urn:schemas-microsoft-com:office:office">
  <AllowPNG/>
 </OfficeDocumentSettings>
 <ExcelWorkbook xmlns="urn:schemas-microsoft-com:office:excel">
  <WindowHeight>8880</WindowHeight>
  <WindowWidth>23565</WindowWidth>
  <WindowTopX>0</WindowTopX>
  <WindowTopY>0</WindowTopY>
  <RefModeR1C1/>
  <ProtectStructure>False</ProtectStructure>
  <ProtectWindows>False</ProtectWindows>
 </ExcelWorkbook>
 <Styles>
  <Style ss:ID="Default" ss:Name="Normal">
   <Alignment ss:Vertical="Bottom"/>
   <Borders/>
   <Font ss:FontName="Calibri" x:Family="Swiss" ss:Size="11" ss:Color="#000000"/>
   <Interior/>
   <NumberFormat/>
   <Protection/>
  </Style>
  <Style ss:ID="s62">
   <Alignment ss:Vertical="Top" ss:WrapText="1"/>
  </Style>
 </Styles>
 <Worksheet ss:Name="Script">
  <Table ss:ExpandedColumnCount="6" ss:ExpandedRowCount="108" x:FullColumns="1" x:FullRows="1" ss:StyleID="s62" ss:DefaultColumnWidth="293.25" ss:DefaultRowHeight="15">
   <Column ss:StyleID="s62" ss:Width="159.75"/>
   <Column ss:StyleID="s62" ss:Width="39"/>
   <Column ss:StyleID="s62" ss:Width="108.75"/>
   <Column ss:StyleID="s62" ss:Width="147.75"/>
   <Column ss:Index="6" ss:StyleID="s62" ss:Width="138.75"/>
   <Row ss:AutoFitHeight="0" ss:Height="60">
    <Cell><Data ss:Type="String">OATHBOUND_HEROES</Data></Cell>
    <Cell ss:Index="5"><Data ss:Type="String">The DEV TEAM / MISC NOTES column contains info on what text between { } signs means (if applicable). It usually stands for either a numeric value, or a numeric value with an icon. Text between [ ] signs stands for a certain type of icon. </Data></Cell>
   </Row>
   <Row ss:AutoFitHeight="0">
    <Cell><Data ss:Type="String">SCENE ID</Data></Cell>
    <Cell><Data ss:Type="String">TEXT ID</Data></Cell>
    <Cell><Data ss:Type="String">ENGLISH STRING</Data></Cell>
    <Cell><Data ss:Type="String">ALTERNATIVE ENGLISH STRING</Data></Cell>
    <Cell><Data ss:Type="String">LOCALIZATION NOTES</Data></Cell>
    <Cell><Data ss:Type="String">DEV TEAM / MISC NOTES</Data></Cell>
   </Row>
   <Row ss:AutoFitHeight="0" ss:Height="30">
    <Cell><Data ss:Type="String">LEADER_FIRSTNAME_01</Data></Cell>
    <Cell><Data ss:Type="String">NAME</Data></Cell>
    <Cell><Data ss:Type="String">Aliuna</Data></Cell>
    <Cell ss:Index="5"><Data ss:Type="String">Female
Transcribe - to non latin fonts - but do not localize</Data></Cell>
    <Cell><Data ss:Type="String">Celestian; used in Campaign</Data></Cell>
   </Row>
   <Row ss:AutoFitHeight="0" ss:Height="30">
    <Cell><Data ss:Type="String">LEADER_SECONDNAME_01</Data></Cell>
    <Cell><Data ss:Type="String">NAME</Data></Cell>
    <Cell><Data ss:Type="String">Lyonesse</Data></Cell>
    <Cell ss:Index="5"><Data ss:Type="String">Surname/Title
Transcribe - to non latin fonts - but do not localize</Data></Cell>
    <Cell><Data ss:Type="String">Celestian; used in Campaign</Data></Cell>
   </Row>
   <Row ss:AutoFitHeight="0" ss:Height="30">
    <Cell><Data ss:Type="String">LEADER_FIRSTNAME_02</Data></Cell>
    <Cell><Data ss:Type="String">NAME</Data></Cell>
    <Cell><Data ss:Type="String">Harlow</Data></Cell>
    <Cell ss:Index="5"><Data ss:Type="String">Male
Transcribe - to non latin fonts - but do not localize</Data></Cell>
    <Cell><Data ss:Type="String">Voidtech</Data></Cell>
   </Row>
   <Row ss:AutoFitHeight="0" ss:Height="30">
    <Cell><Data ss:Type="String">LEADER_SECONDNAME_02</Data></Cell>
    <Cell><Data ss:Type="String">NAME</Data></Cell>
    <Cell><Data ss:Type="String">Rey</Data></Cell>
    <Cell ss:Index="5"><Data ss:Type="String">Surname/Title
Transcribe - to non latin fonts - but do not localize</Data></Cell>
    <Cell><Data ss:Type="String">Voidtech</Data></Cell>
   </Row>
   <Row ss:AutoFitHeight="0" ss:Height="30">
    <Cell><Data ss:Type="String">LEADER_FIRSTNAME_03</Data></Cell>
    <Cell><Data ss:Type="String">NAME</Data></Cell>
    <Cell><Data ss:Type="String">Alger</Data></Cell>
    <Cell ss:Index="5"><Data ss:Type="String">Male
Transcribe - to non latin fonts - but do not localize</Data></Cell>
    <Cell><Data ss:Type="String">Promethean</Data></Cell>
   </Row>
   <Row ss:AutoFitHeight="0" ss:Height="30">
    <Cell><Data ss:Type="String">LEADER_SECONDNAME_03</Data></Cell>
    <Cell><Data ss:Type="String">NAME</Data></Cell>
    <Cell><Data ss:Type="String">Fairburne</Data></Cell>
    <Cell ss:Index="5"><Data ss:Type="String">Surname/Title
Transcribe - to non latin fonts - but do not localize</Data></Cell>
    <Cell><Data ss:Type="String">Promethean</Data></Cell>
   </Row>
   <Row ss:AutoFitHeight="0" ss:Height="30">
    <Cell><Data ss:Type="String">LEADER_FIRSTNAME_04</Data></Cell>
    <Cell><Data ss:Type="String">NAME</Data></Cell>
    <Cell><Data ss:Type="String">Erline</Data></Cell>
    <Cell ss:Index="5"><Data ss:Type="String">Female
Transcribe - to non latin fonts - but do not localize</Data></Cell>
    <Cell><Data ss:Type="String">Xenoplague</Data></Cell>
   </Row>
   <Row ss:AutoFitHeight="0" ss:Height="30">
    <Cell><Data ss:Type="String">LEADER_SECONDNAME_04</Data></Cell>
    <Cell><Data ss:Type="String">NAME</Data></Cell>
    <Cell><Data ss:Type="String">Wescotte</Data></Cell>
    <Cell ss:Index="5"><Data ss:Type="String">Surname/Title
Transcribe - to non latin fonts - but do not localize</Data></Cell>
    <Cell><Data ss:Type="String">Xenoplague</Data></Cell>
   </Row>
   <Row ss:AutoFitHeight="0" ss:Height="30">
    <Cell><Data ss:Type="String">LEADER_FIRSTNAME_05</Data></Cell>
    <Cell><Data ss:Type="String">NAME</Data></Cell>
    <Cell><Data ss:Type="String">Florence</Data></Cell>
    <Cell ss:Index="5"><Data ss:Type="String">Female
Transcribe - to non latin fonts - but do not localize</Data></Cell>
    <Cell><Data ss:Type="String">Synthesis</Data></Cell>
   </Row>
   <Row ss:AutoFitHeight="0" ss:Height="30">
    <Cell><Data ss:Type="String">LEADER_SECONDNAME_05</Data></Cell>
    <Cell><Data ss:Type="String">NAME</Data></Cell>
    <Cell><Data ss:Type="String">Howlande</Data></Cell>
    <Cell ss:Index="5"><Data ss:Type="String">Surname/Title
Transcribe - to non latin fonts - but do not localize</Data></Cell>
    <Cell><Data ss:Type="String">Synthesis</Data></Cell>
   </Row>
   <Row ss:AutoFitHeight="0" ss:Height="30">
    <Cell><Data ss:Type="String">LEADER_FIRSTNAME_06</Data></Cell>
    <Cell><Data ss:Type="String">NAME</Data></Cell>
    <Cell><Data ss:Type="String">Huxley</Data></Cell>
    <Cell ss:Index="5"><Data ss:Type="String">Male
Transcribe - to non latin fonts - but do not localize</Data></Cell>
    <Cell><Data ss:Type="String">Psynumbra</Data></Cell>
   </Row>
   <Row ss:AutoFitHeight="0" ss:Height="30">
    <Cell><Data ss:Type="String">LEADER_SECONDNAME_06</Data></Cell>
    <Cell><Data ss:Type="String">NAME</Data></Cell>
    <Cell><Data ss:Type="String">Wunsworth</Data></Cell>
    <Cell ss:Index="5"><Data ss:Type="String">Surname/Title
Transcribe - to non latin fonts - but do not localize</Data></Cell>
    <Cell><Data ss:Type="String">Psynumbra</Data></Cell>
   </Row>
   <Row ss:AutoFitHeight="0" ss:Height="30">
    <Cell><Data ss:Type="String">LEADER_FIRSTNAME_07</Data></Cell>
    <Cell><Data ss:Type="String">NAME</Data></Cell>
    <Cell><Data ss:Type="String">Madison</Data></Cell>
    <Cell ss:Index="5"><Data ss:Type="String">Female
Transcribe - to non latin fonts - but do not localize</Data></Cell>
    <Cell><Data ss:Type="String">Celestian</Data></Cell>
   </Row>
   <Row ss:AutoFitHeight="0" ss:Height="30">
    <Cell><Data ss:Type="String">LEADER_SECONDNAME_07</Data></Cell>
    <Cell><Data ss:Type="String">NAME</Data></Cell>
    <Cell><Data ss:Type="String">Tatee</Data></Cell>
    <Cell ss:Index="5"><Data ss:Type="String">Surname/Title
Transcribe - to non latin fonts - but do not localize</Data></Cell>
    <Cell><Data ss:Type="String">Celestian</Data></Cell>
   </Row>
   <Row ss:AutoFitHeight="0" ss:Height="30">
    <Cell><Data ss:Type="String">LEADER_FIRSTNAME_08</Data></Cell>
    <Cell><Data ss:Type="String">NAME</Data></Cell>
    <Cell><Data ss:Type="String">Cyneric</Data></Cell>
    <Cell ss:Index="5"><Data ss:Type="String">Male
Transcribe - to non latin fonts - but do not localize</Data></Cell>
    <Cell><Data ss:Type="String">Heritor</Data></Cell>
   </Row>
   <Row ss:AutoFitHeight="0" ss:Height="30">
    <Cell><Data ss:Type="String">LEADER_SECONDNAME_08</Data></Cell>
    <Cell><Data ss:Type="String">NAME</Data></Cell>
    <Cell><Data ss:Type="String">Icorre</Data></Cell>
    <Cell ss:Index="5"><Data ss:Type="String">Surname/Title
Transcribe - to non latin fonts - but do not localize</Data></Cell>
    <Cell><Data ss:Type="String">Heritor</Data></Cell>
   </Row>
   <Row ss:AutoFitHeight="0" ss:Height="30">
    <Cell><Data ss:Type="String">LEADER_FIRSTNAME_09</Data></Cell>
    <Cell><Data ss:Type="String">NAME</Data></Cell>
    <Cell><Data ss:Type="String">Agley</Data></Cell>
    <Cell ss:Index="5"><Data ss:Type="String">Male
Transcribe - to non latin fonts - but do not localize</Data></Cell>
    <Cell><Data ss:Type="String">Promethean</Data></Cell>
   </Row>
   <Row ss:AutoFitHeight="0" ss:Height="30">
    <Cell><Data ss:Type="String">LEADER_SECONDNAME_09</Data></Cell>
    <Cell><Data ss:Type="String">NAME</Data></Cell>
    <Cell><Data ss:Type="String">Denard</Data></Cell>
    <Cell ss:Index="5"><Data ss:Type="String">Surname/Title
Transcribe - to non latin fonts - but do not localize</Data></Cell>
    <Cell><Data ss:Type="String">Promethean</Data></Cell>
   </Row>
   <Row ss:AutoFitHeight="0" ss:Height="30">
    <Cell><Data ss:Type="String">LEADER_FIRSTNAME_10</Data></Cell>
    <Cell><Data ss:Type="String">NAME</Data></Cell>
    <Cell><Data ss:Type="String">Louise</Data></Cell>
    <Cell ss:Index="5"><Data ss:Type="String">Female
Transcribe - to non latin fonts - but do not localize</Data></Cell>
    <Cell><Data ss:Type="String">Synthesis</Data></Cell>
   </Row>
   <Row ss:AutoFitHeight="0" ss:Height="30">
    <Cell><Data ss:Type="String">LEADER_SECONDNAME_10</Data></Cell>
    <Cell><Data ss:Type="String">NAME</Data></Cell>
    <Cell><Data ss:Type="String">Weviere</Data></Cell>
    <Cell ss:Index="5"><Data ss:Type="String">Surname/Title
Transcribe - to non latin fonts - but do not localize</Data></Cell>
    <Cell><Data ss:Type="String">Synthesis</Data></Cell>
   </Row>
   <Row ss:AutoFitHeight="0" ss:Height="30">
    <Cell><Data ss:Type="String">HERO_FIRSTNAME_01</Data></Cell>
    <Cell><Data ss:Type="String">NAME</Data></Cell>
    <Cell><Data ss:Type="String">Artus</Data></Cell>
    <Cell ss:Index="5"><Data ss:Type="String">Surname/Title
Transcribe - to non latin fonts - but do not localize</Data></Cell>
    <Cell><Data ss:Type="String">Promethean Male</Data></Cell>
   </Row>
   <Row ss:AutoFitHeight="0" ss:Height="30">
    <Cell><Data ss:Type="String">HERO_SECONDNAME_01</Data></Cell>
    <Cell><Data ss:Type="String">NAME</Data></Cell>
    <Cell><Data ss:Type="String">Pearse</Data></Cell>
    <Cell ss:Index="5"><Data ss:Type="String">Surname/Title
Transcribe - to non latin fonts - but do not localize</Data></Cell>
    <Cell><Data ss:Type="String">Promethean Male</Data></Cell>
   </Row>
   <Row ss:AutoFitHeight="0" ss:Height="30">
    <Cell><Data ss:Type="String">HERO_FIRSTNAME_02</Data></Cell>
    <Cell><Data ss:Type="String">NAME</Data></Cell>
    <Cell><Data ss:Type="String">Esobel</Data></Cell>
    <Cell ss:Index="5"><Data ss:Type="String">Surname/Title
Transcribe - to non latin fonts - but do not localize</Data></Cell>
    <Cell><Data ss:Type="String">Promethean female</Data></Cell>
   </Row>
   <Row ss:AutoFitHeight="0" ss:Height="30">
    <Cell><Data ss:Type="String">HERO_SECONDNAME_02</Data></Cell>
    <Cell><Data ss:Type="String">NAME</Data></Cell>
    <Cell><Data ss:Type="String">Maline</Data></Cell>
    <Cell ss:Index="5"><Data ss:Type="String">Surname/Title
Transcribe - to non latin fonts - but do not localize</Data></Cell>
    <Cell><Data ss:Type="String">Promethean Female</Data></Cell>
   </Row>
   <Row ss:AutoFitHeight="0" ss:Height="30">
    <Cell><Data ss:Type="String">HERO_FIRSTNAME_03</Data></Cell>
    <Cell><Data ss:Type="String">NAME</Data></Cell>
    <Cell><Data ss:Type="String">Landgrave</Data></Cell>
    <Cell ss:Index="5"><Data ss:Type="String">Surname/Title
Transcribe - to non latin fonts - but do not localize</Data></Cell>
    <Cell><Data ss:Type="String">Psynumbra Male</Data></Cell>
   </Row>
   <Row ss:AutoFitHeight="0" ss:Height="30">
    <Cell><Data ss:Type="String">HERO_SECONDNAME_03</Data></Cell>
    <Cell><Data ss:Type="String">NAME</Data></Cell>
    <Cell><Data ss:Type="String">Bardolf</Data></Cell>
    <Cell ss:Index="5"><Data ss:Type="String">Surname/Title
Transcribe - to non latin fonts - but do not localize</Data></Cell>
    <Cell><Data ss:Type="String">Psynumbra Male</Data></Cell>
   </Row>
   <Row ss:AutoFitHeight="0" ss:Height="30">
    <Cell><Data ss:Type="String">HERO_FIRSTNAME_04</Data></Cell>
    <Cell><Data ss:Type="String">NAME</Data></Cell>
    <Cell><Data ss:Type="String">Ismenia</Data></Cell>
    <Cell ss:Index="5"><Data ss:Type="String">Surname/Title
Transcribe - to non latin fonts - but do not localize</Data></Cell>
    <Cell><Data ss:Type="String">Psynumbra Female</Data></Cell>
   </Row>
   <Row ss:AutoFitHeight="0" ss:Height="30">
    <Cell><Data ss:Type="String">HERO_SECONDNAME_04</Data></Cell>
    <Cell><Data ss:Type="String">NAME</Data></Cell>
    <Cell><Data ss:Type="String">Meisent</Data></Cell>
    <Cell ss:Index="5"><Data ss:Type="String">Surname/Title
Transcribe - to non latin fonts - but do not localize</Data></Cell>
    <Cell><Data ss:Type="String">Psynumbra Female</Data></Cell>
   </Row>
   <Row ss:AutoFitHeight="0" ss:Height="30">
    <Cell><Data ss:Type="String">HERO_FIRSTNAME_05</Data></Cell>
    <Cell><Data ss:Type="String">NAME</Data></Cell>
    <Cell><Data ss:Type="String">Triston</Data></Cell>
    <Cell ss:Index="5"><Data ss:Type="String">Surname/Title
Transcribe - to non latin fonts - but do not localize</Data></Cell>
    <Cell><Data ss:Type="String">Voidtech Male</Data></Cell>
   </Row>
   <Row ss:AutoFitHeight="0" ss:Height="30">
    <Cell><Data ss:Type="String">HERO_SECONDNAME_05</Data></Cell>
    <Cell><Data ss:Type="String">NAME</Data></Cell>
    <Cell><Data ss:Type="String">Humpherus</Data></Cell>
    <Cell ss:Index="5"><Data ss:Type="String">Surname/Title
Transcribe - to non latin fonts - but do not localize</Data></Cell>
    <Cell><Data ss:Type="String">Voidtech Male</Data></Cell>
   </Row>
   <Row ss:AutoFitHeight="0" ss:Height="30">
    <Cell><Data ss:Type="String">HERO_FIRSTNAME_06</Data></Cell>
    <Cell><Data ss:Type="String">NAME</Data></Cell>
    <Cell><Data ss:Type="String">Averill</Data></Cell>
    <Cell ss:Index="5"><Data ss:Type="String">Surname/Title
Transcribe - to non latin fonts - but do not localize</Data></Cell>
    <Cell><Data ss:Type="String">Voidtech Female</Data></Cell>
   </Row>
   <Row ss:AutoFitHeight="0" ss:Height="30">
    <Cell><Data ss:Type="String">HERO_SECONDNAME_06</Data></Cell>
    <Cell><Data ss:Type="String">NAME</Data></Cell>
    <Cell><Data ss:Type="String">Reynfrey</Data></Cell>
    <Cell ss:Index="5"><Data ss:Type="String">Surname/Title
Transcribe - to non latin fonts - but do not localize</Data></Cell>
    <Cell><Data ss:Type="String">Voidtech Female</Data></Cell>
   </Row>
   <Row ss:AutoFitHeight="0" ss:Height="30">
    <Cell><Data ss:Type="String">HERO_FIRSTNAME_07</Data></Cell>
    <Cell><Data ss:Type="String">NAME</Data></Cell>
    <Cell><Data ss:Type="String">Otto</Data></Cell>
    <Cell ss:Index="5"><Data ss:Type="String">Surname/Title
Transcribe - to non latin fonts - but do not localize</Data></Cell>
    <Cell><Data ss:Type="String">Synthesis Male</Data></Cell>
   </Row>
   <Row ss:AutoFitHeight="0" ss:Height="30">
    <Cell><Data ss:Type="String">HERO_SECONDNAME_07</Data></Cell>
    <Cell><Data ss:Type="String">NAME</Data></Cell>
    <Cell><Data ss:Type="String">"The Rebuilt" Thybaut</Data></Cell>
    <Cell ss:Index="5"><Data ss:Type="String">Surname/Title
Transcribe - to non latin fonts - but do not localize</Data></Cell>
    <Cell><Data ss:Type="String">Synthesis Male</Data></Cell>
   </Row>
   <Row ss:AutoFitHeight="0" ss:Height="30">
    <Cell><Data ss:Type="String">HERO_FIRSTNAME_08</Data></Cell>
    <Cell><Data ss:Type="String">NAME</Data></Cell>
    <Cell><Data ss:Type="String">Seloua</Data></Cell>
    <Cell ss:Index="5"><Data ss:Type="String">Surname/Title
Transcribe - to non latin fonts - but do not localize</Data></Cell>
    <Cell><Data ss:Type="String">Synthesis Female</Data></Cell>
   </Row>
   <Row ss:AutoFitHeight="0" ss:Height="30">
    <Cell><Data ss:Type="String">HERO_SECONDNAME_08</Data></Cell>
    <Cell><Data ss:Type="String">NAME</Data></Cell>
    <Cell><Data ss:Type="String">Idemay</Data></Cell>
    <Cell ss:Index="5"><Data ss:Type="String">Surname/Title
Transcribe - to non latin fonts - but do not localize</Data></Cell>
    <Cell><Data ss:Type="String">Synthesis Female</Data></Cell>
   </Row>
   <Row ss:AutoFitHeight="0" ss:Height="30">
    <Cell><Data ss:Type="String">HERO_FIRSTNAME_09</Data></Cell>
    <Cell><Data ss:Type="String">NAME</Data></Cell>
    <Cell><Data ss:Type="String">Hanry</Data></Cell>
    <Cell ss:Index="5"><Data ss:Type="String">Surname/Title
Transcribe - to non latin fonts - but do not localize</Data></Cell>
    <Cell><Data ss:Type="String">Celestian Male</Data></Cell>
   </Row>
   <Row ss:AutoFitHeight="0" ss:Height="30">
    <Cell><Data ss:Type="String">HERO_SECONDNAME_09</Data></Cell>
    <Cell><Data ss:Type="String">NAME</Data></Cell>
    <Cell><Data ss:Type="String">Rogerin</Data></Cell>
    <Cell ss:Index="5"><Data ss:Type="String">Surname/Title
Transcribe - to non latin fonts - but do not localize</Data></Cell>
    <Cell><Data ss:Type="String">Celestian Male</Data></Cell>
   </Row>
   <Row ss:AutoFitHeight="0" ss:Height="30">
    <Cell><Data ss:Type="String">HERO_FIRSTNAME_10</Data></Cell>
    <Cell><Data ss:Type="String">NAME</Data></Cell>
    <Cell><Data ss:Type="String">Sely</Data></Cell>
    <Cell ss:Index="5"><Data ss:Type="String">Surname/Title
Transcribe - to non latin fonts - but do not localize</Data></Cell>
    <Cell><Data ss:Type="String">Celestian Female</Data></Cell>
   </Row>
   <Row ss:AutoFitHeight="0" ss:Height="30">
    <Cell><Data ss:Type="String">HERO_SECONDNAME_10</Data></Cell>
    <Cell><Data ss:Type="String">NAME</Data></Cell>
    <Cell><Data ss:Type="String">Rosemunda</Data></Cell>
    <Cell ss:Index="5"><Data ss:Type="String">Surname/Title
Transcribe - to non latin fonts - but do not localize</Data></Cell>
    <Cell><Data ss:Type="String">Celestian Female</Data></Cell>
   </Row>
   <Row ss:AutoFitHeight="0" ss:Height="30">
    <Cell><Data ss:Type="String">HERO_FIRSTNAME_11</Data></Cell>
    <Cell><Data ss:Type="String">NAME</Data></Cell>
    <Cell><Data ss:Type="String">Jermyn</Data></Cell>
    <Cell ss:Index="5"><Data ss:Type="String">Surname/Title
Transcribe - to non latin fonts - but do not localize</Data></Cell>
    <Cell><Data ss:Type="String">Xenoplague Male</Data></Cell>
   </Row>
   <Row ss:AutoFitHeight="0" ss:Height="30">
    <Cell><Data ss:Type="String">HERO_SECONDNAME_11</Data></Cell>
    <Cell><Data ss:Type="String">NAME</Data></Cell>
    <Cell><Data ss:Type="String">Botulf</Data></Cell>
    <Cell ss:Index="5"><Data ss:Type="String">Surname/Title
Transcribe - to non latin fonts - but do not localize</Data></Cell>
    <Cell><Data ss:Type="String">Xenoplague Male</Data></Cell>
   </Row>
   <Row ss:AutoFitHeight="0" ss:Height="30">
    <Cell><Data ss:Type="String">HERO_FIRSTNAME_12</Data></Cell>
    <Cell><Data ss:Type="String">NAME</Data></Cell>
    <Cell><Data ss:Type="String">Marion</Data></Cell>
    <Cell ss:Index="5"><Data ss:Type="String">Surname/Title
Transcribe - to non latin fonts - but do not localize</Data></Cell>
    <Cell><Data ss:Type="String">Xenoplague Female</Data></Cell>
   </Row>
   <Row ss:AutoFitHeight="0" ss:Height="30">
    <Cell><Data ss:Type="String">HERO_SECONDNAME_12</Data></Cell>
    <Cell><Data ss:Type="String">NAME</Data></Cell>
    <Cell><Data ss:Type="String">Madlen</Data></Cell>
    <Cell ss:Index="5"><Data ss:Type="String">Surname/Title
Transcribe - to non latin fonts - but do not localize</Data></Cell>
    <Cell><Data ss:Type="String">Xenoplague Female</Data></Cell>
   </Row>
   <Row ss:AutoFitHeight="0" ss:Height="30">
    <Cell><Data ss:Type="String">HERO_FIRSTNAME_13</Data></Cell>
    <Cell><Data ss:Type="String">NAME</Data></Cell>
    <Cell><Data ss:Type="String">Christouer</Data></Cell>
    <Cell ss:Index="5"><Data ss:Type="String">Surname/Title
Transcribe - to non latin fonts - but do not localize</Data></Cell>
    <Cell><Data ss:Type="String">Heritor Male</Data></Cell>
   </Row>
   <Row ss:AutoFitHeight="0" ss:Height="30">
    <Cell><Data ss:Type="String">HERO_SECONDNAME_13</Data></Cell>
    <Cell><Data ss:Type="String">NAME</Data></Cell>
    <Cell><Data ss:Type="String">Remont</Data></Cell>
    <Cell ss:Index="5"><Data ss:Type="String">Surname/Title
Transcribe - to non latin fonts - but do not localize</Data></Cell>
    <Cell><Data ss:Type="String">Heritor Male</Data></Cell>
   </Row>
   <Row ss:AutoFitHeight="0" ss:Height="30">
    <Cell><Data ss:Type="String">HERO_FIRSTNAME_14</Data></Cell>
    <Cell><Data ss:Type="String">NAME</Data></Cell>
    <Cell><Data ss:Type="String">Sosanna</Data></Cell>
    <Cell ss:Index="5"><Data ss:Type="String">Surname/Title
Transcribe - to non latin fonts - but do not localize</Data></Cell>
    <Cell><Data ss:Type="String">Heritor Female</Data></Cell>
   </Row>
   <Row ss:AutoFitHeight="0" ss:Height="30">
    <Cell><Data ss:Type="String">HERO_SECONDNAME_14</Data></Cell>
    <Cell><Data ss:Type="String">NAME</Data></Cell>
    <Cell><Data ss:Type="String">Hadwise</Data></Cell>
    <Cell ss:Index="5"><Data ss:Type="String">Surname/Title
Transcribe - to non latin fonts - but do not localize</Data></Cell>
    <Cell><Data ss:Type="String">Heritor Female</Data></Cell>
   </Row>
   <Row ss:AutoFitHeight="0" ss:Height="30">
    <Cell><Data ss:Type="String">HERO_FIRSTNAME_15</Data></Cell>
    <Cell><Data ss:Type="String">NAME</Data></Cell>
    <Cell><Data ss:Type="String">Ashlan</Data></Cell>
    <Cell ss:Index="5"><Data ss:Type="String">Surname/Title
Transcribe - to non latin fonts - but do not localize</Data></Cell>
    <Cell><Data ss:Type="String">Male, used in campaign</Data></Cell>
   </Row>
   <Row ss:AutoFitHeight="0" ss:Height="30">
    <Cell><Data ss:Type="String">HERO_SECONDNAME_15</Data></Cell>
    <Cell><Data ss:Type="String">NAME</Data></Cell>
    <Cell><Data ss:Type="String">of Norzedaal</Data></Cell>
    <Cell ss:Index="5"><Data ss:Type="String">Surname/Title
Transcribe - to non latin fonts - but do not localize</Data></Cell>
    <Cell><Data ss:Type="String">Male, used in campaign</Data></Cell>
   </Row>
   <Row ss:AutoFitHeight="0" ss:Height="30">
    <Cell><Data ss:Type="String">HERO_FIRSTNAME_16</Data></Cell>
    <Cell><Data ss:Type="String">NAME</Data></Cell>
    <Cell><Data ss:Type="String">Rodun</Data></Cell>
    <Cell ss:Index="5"><Data ss:Type="String">Surname/Title
Transcribe - to non latin fonts - but do not localize</Data></Cell>
    <Cell><Data ss:Type="String">Male, used in campaign</Data></Cell>
   </Row>
   <Row ss:AutoFitHeight="0" ss:Height="30">
    <Cell><Data ss:Type="String">HERO_SECONDNAME_16</Data></Cell>
    <Cell><Data ss:Type="String">NAME</Data></Cell>
    <Cell><Data ss:Type="String">Thalm</Data></Cell>
    <Cell ss:Index="5"><Data ss:Type="String">Surname/Title
Transcribe - to non latin fonts - but do not localize</Data></Cell>
    <Cell><Data ss:Type="String">Male, used in campaign</Data></Cell>
   </Row>
   <Row ss:AutoFitHeight="0" ss:Height="30">
    <Cell><Data ss:Type="String">HERO_FIRSTNAME_17</Data></Cell>
    <Cell><Data ss:Type="String">NAME</Data></Cell>
    <Cell><Data ss:Type="String">Narwa</Data></Cell>
    <Cell ss:Index="5"><Data ss:Type="String">Surname/Title
Transcribe - to non latin fonts - but do not localize</Data></Cell>
    <Cell><Data ss:Type="String">Female, used in campaign</Data></Cell>
   </Row>
   <Row ss:AutoFitHeight="0" ss:Height="30">
    <Cell><Data ss:Type="String">HERO_SECONDNAME_17</Data></Cell>
    <Cell><Data ss:Type="String">NAME</Data></Cell>
    <Cell><Data ss:Type="String">the Redeemed</Data></Cell>
    <Cell ss:Index="5"><Data ss:Type="String">Surname/Title
Transcribe - to non latin fonts - but do not localize</Data></Cell>
    <Cell><Data ss:Type="String">Female, used in campaign</Data></Cell>
   </Row>
   <Row ss:AutoFitHeight="0" ss:Height="30">
    <Cell><Data ss:Type="String">RANDOMIZER_FIRSTNAME_01</Data></Cell>
    <Cell><Data ss:Type="String">NAME</Data></Cell>
    <Cell><Data ss:Type="String">Artus</Data></Cell>
    <Cell ss:Index="5"><Data ss:Type="String">Surname/Title
Transcribe - to non latin fonts - but do not localize</Data></Cell>
    <Cell><Data ss:Type="String">Randomizer only</Data></Cell>
   </Row>
   <Row ss:AutoFitHeight="0" ss:Height="30">
    <Cell><Data ss:Type="String">RANDOMIZER_SECONDNAME_01</Data></Cell>
    <Cell><Data ss:Type="String">NAME</Data></Cell>
    <Cell><Data ss:Type="String">Pearse</Data></Cell>
    <Cell ss:Index="5"><Data ss:Type="String">Surname/Title
Transcribe - to non latin fonts - but do not localize</Data></Cell>
    <Cell><Data ss:Type="String">Randomizer only</Data></Cell>
   </Row>
   <Row ss:AutoFitHeight="0" ss:Height="30">
    <Cell><Data ss:Type="String">RANDOMIZER_FIRSTNAME_02</Data></Cell>
    <Cell><Data ss:Type="String">NAME</Data></Cell>
    <Cell><Data ss:Type="String">Esobel</Data></Cell>
    <Cell ss:Index="5"><Data ss:Type="String">Surname/Title
Transcribe - to non latin fonts - but do not localize</Data></Cell>
    <Cell><Data ss:Type="String">Randomizer only</Data></Cell>
   </Row>
   <Row ss:AutoFitHeight="0" ss:Height="30">
    <Cell><Data ss:Type="String">RANDOMIZER_SECONDNAME_02</Data></Cell>
    <Cell><Data ss:Type="String">NAME</Data></Cell>
    <Cell><Data ss:Type="String">Maline</Data></Cell>
    <Cell ss:Index="5"><Data ss:Type="String">Surname/Title
Transcribe - to non latin fonts - but do not localize</Data></Cell>
    <Cell><Data ss:Type="String">Randomizer only</Data></Cell>
   </Row>
   <Row ss:AutoFitHeight="0" ss:Height="30">
    <Cell><Data ss:Type="String">RANDOMIZER_FIRSTNAME_03</Data></Cell>
    <Cell><Data ss:Type="String">NAME</Data></Cell>
    <Cell><Data ss:Type="String">Landgrave</Data></Cell>
    <Cell ss:Index="5"><Data ss:Type="String">Surname/Title
Transcribe - to non latin fonts - but do not localize</Data></Cell>
    <Cell><Data ss:Type="String">Randomizer only</Data></Cell>
   </Row>
   <Row ss:AutoFitHeight="0" ss:Height="30">
    <Cell><Data ss:Type="String">RANDOMIZER_SECONDNAME_03</Data></Cell>
    <Cell><Data ss:Type="String">NAME</Data></Cell>
    <Cell><Data ss:Type="String">Bardolf</Data></Cell>
    <Cell ss:Index="5"><Data ss:Type="String">Surname/Title
Transcribe - to non latin fonts - but do not localize</Data></Cell>
    <Cell><Data ss:Type="String">Randomizer only</Data></Cell>
   </Row>
   <Row ss:AutoFitHeight="0" ss:Height="30">
    <Cell><Data ss:Type="String">RANDOMIZER_FIRSTNAME_04</Data></Cell>
    <Cell><Data ss:Type="String">NAME</Data></Cell>
    <Cell><Data ss:Type="String">Ismenia</Data></Cell>
    <Cell ss:Index="5"><Data ss:Type="String">Surname/Title
Transcribe - to non latin fonts - but do not localize</Data></Cell>
    <Cell><Data ss:Type="String">Randomizer only</Data></Cell>
   </Row>
   <Row ss:AutoFitHeight="0" ss:Height="30">
    <Cell><Data ss:Type="String">RANDOMIZER_SECONDNAME_04</Data></Cell>
    <Cell><Data ss:Type="String">NAME</Data></Cell>
    <Cell><Data ss:Type="String">Meisent</Data></Cell>
    <Cell ss:Index="5"><Data ss:Type="String">Surname/Title
Transcribe - to non latin fonts - but do not localize</Data></Cell>
    <Cell><Data ss:Type="String">Randomizer only</Data></Cell>
   </Row>
   <Row ss:AutoFitHeight="0" ss:Height="30">
    <Cell><Data ss:Type="String">RANDOMIZER_FIRSTNAME_05</Data></Cell>
    <Cell><Data ss:Type="String">NAME</Data></Cell>
    <Cell><Data ss:Type="String">Triston</Data></Cell>
    <Cell ss:Index="5"><Data ss:Type="String">Surname/Title
Transcribe - to non latin fonts - but do not localize</Data></Cell>
    <Cell><Data ss:Type="String">Randomizer only</Data></Cell>
   </Row>
   <Row ss:AutoFitHeight="0" ss:Height="30">
    <Cell><Data ss:Type="String">RANDOMIZER_SECONDNAME_05</Data></Cell>
    <Cell><Data ss:Type="String">NAME</Data></Cell>
    <Cell><Data ss:Type="String">Humpherus</Data></Cell>
    <Cell ss:Index="5"><Data ss:Type="String">Surname/Title
Transcribe - to non latin fonts - but do not localize</Data></Cell>
    <Cell><Data ss:Type="String">Randomizer only</Data></Cell>
   </Row>
   <Row ss:AutoFitHeight="0" ss:Height="30">
    <Cell><Data ss:Type="String">RANDOMIZER_FIRSTNAME_06</Data></Cell>
    <Cell><Data ss:Type="String">NAME</Data></Cell>
    <Cell><Data ss:Type="String">Averill</Data></Cell>
    <Cell ss:Index="5"><Data ss:Type="String">Surname/Title
Transcribe - to non latin fonts - but do not localize</Data></Cell>
    <Cell><Data ss:Type="String">Randomizer only</Data></Cell>
   </Row>
   <Row ss:AutoFitHeight="0" ss:Height="30">
    <Cell><Data ss:Type="String">RANDOMIZER_SECONDNAME_06</Data></Cell>
    <Cell><Data ss:Type="String">NAME</Data></Cell>
    <Cell><Data ss:Type="String">Reynfrey</Data></Cell>
    <Cell ss:Index="5"><Data ss:Type="String">Surname/Title
Transcribe - to non latin fonts - but do not localize</Data></Cell>
    <Cell><Data ss:Type="String">Randomizer only</Data></Cell>
   </Row>
   <Row ss:AutoFitHeight="0" ss:Height="30">
    <Cell><Data ss:Type="String">RANDOMIZER_FIRSTNAME_07</Data></Cell>
    <Cell><Data ss:Type="String">NAME</Data></Cell>
    <Cell><Data ss:Type="String">Otto</Data></Cell>
    <Cell ss:Index="5"><Data ss:Type="String">Surname/Title
Transcribe - to non latin fonts - but do not localize</Data></Cell>
    <Cell><Data ss:Type="String">Randomizer only</Data></Cell>
   </Row>
   <Row ss:AutoFitHeight="0" ss:Height="30">
    <Cell><Data ss:Type="String">RANDOMIZER_SECONDNAME_07</Data></Cell>
    <Cell><Data ss:Type="String">NAME</Data></Cell>
    <Cell><Data ss:Type="String">Thybaut</Data></Cell>
    <Cell ss:Index="5"><Data ss:Type="String">Surname/Title
Transcribe - to non latin fonts - but do not localize</Data></Cell>
    <Cell><Data ss:Type="String">Randomizer only</Data></Cell>
   </Row>
   <Row ss:AutoFitHeight="0" ss:Height="30">
    <Cell><Data ss:Type="String">RANDOMIZER_FIRSTNAME_08</Data></Cell>
    <Cell><Data ss:Type="String">NAME</Data></Cell>
    <Cell><Data ss:Type="String">Seloua</Data></Cell>
    <Cell ss:Index="5"><Data ss:Type="String">Surname/Title
Transcribe - to non latin fonts - but do not localize</Data></Cell>
    <Cell><Data ss:Type="String">Randomizer only</Data></Cell>
   </Row>
   <Row ss:AutoFitHeight="0" ss:Height="30">
    <Cell><Data ss:Type="String">RANDOMIZER_SECONDNAME_08</Data></Cell>
    <Cell><Data ss:Type="String">NAME</Data></Cell>
    <Cell><Data ss:Type="String">Idemay</Data></Cell>
    <Cell ss:Index="5"><Data ss:Type="String">Surname/Title
Transcribe - to non latin fonts - but do not localize</Data></Cell>
    <Cell><Data ss:Type="String">Randomizer only</Data></Cell>
   </Row>
   <Row ss:AutoFitHeight="0" ss:Height="30">
    <Cell><Data ss:Type="String">RANDOMIZER_FIRSTNAME_09</Data></Cell>
    <Cell><Data ss:Type="String">NAME</Data></Cell>
    <Cell><Data ss:Type="String">Hanry</Data></Cell>
    <Cell ss:Index="5"><Data ss:Type="String">Surname/Title
Transcribe - to non latin fonts - but do not localize</Data></Cell>
    <Cell><Data ss:Type="String">Randomizer only</Data></Cell>
   </Row>
   <Row ss:AutoFitHeight="0" ss:Height="30">
    <Cell><Data ss:Type="String">RANDOMIZER_SECONDNAME_09</Data></Cell>
    <Cell><Data ss:Type="String">NAME</Data></Cell>
    <Cell><Data ss:Type="String">Rogerin</Data></Cell>
    <Cell ss:Index="5"><Data ss:Type="String">Surname/Title
Transcribe - to non latin fonts - but do not localize</Data></Cell>
    <Cell><Data ss:Type="String">Randomizer only</Data></Cell>
   </Row>
   <Row ss:AutoFitHeight="0" ss:Height="30">
    <Cell><Data ss:Type="String">RANDOMIZER_FIRSTNAME_10</Data></Cell>
    <Cell><Data ss:Type="String">NAME</Data></Cell>
    <Cell><Data ss:Type="String">Sely</Data></Cell>
    <Cell ss:Index="5"><Data ss:Type="String">Surname/Title
Transcribe - to non latin fonts - but do not localize</Data></Cell>
    <Cell><Data ss:Type="String">Randomizer only</Data></Cell>
   </Row>
   <Row ss:AutoFitHeight="0" ss:Height="30">
    <Cell><Data ss:Type="String">RANDOMIZER_SECONDNAME_10</Data></Cell>
    <Cell><Data ss:Type="String">NAME</Data></Cell>
    <Cell><Data ss:Type="String">Rosemunda</Data></Cell>
    <Cell ss:Index="5"><Data ss:Type="String">Surname/Title
Transcribe - to non latin fonts - but do not localize</Data></Cell>
    <Cell><Data ss:Type="String">Randomizer only</Data></Cell>
   </Row>
   <Row ss:AutoFitHeight="0" ss:Height="30">
    <Cell><Data ss:Type="String">RANDOMIZER_FIRSTNAME_11</Data></Cell>
    <Cell><Data ss:Type="String">NAME</Data></Cell>
    <Cell><Data ss:Type="String">Jermyn</Data></Cell>
    <Cell ss:Index="5"><Data ss:Type="String">Surname/Title
Transcribe - to non latin fonts - but do not localize</Data></Cell>
    <Cell><Data ss:Type="String">Randomizer only</Data></Cell>
   </Row>
   <Row ss:AutoFitHeight="0" ss:Height="30">
    <Cell><Data ss:Type="String">RANDOMIZER_SECONDNAME_11</Data></Cell>
    <Cell><Data ss:Type="String">NAME</Data></Cell>
    <Cell><Data ss:Type="String">Botulf</Data></Cell>
    <Cell ss:Index="5"><Data ss:Type="String">Surname/Title
Transcribe - to non latin fonts - but do not localize</Data></Cell>
    <Cell><Data ss:Type="String">Randomizer only</Data></Cell>
   </Row>
   <Row ss:AutoFitHeight="0" ss:Height="30">
    <Cell><Data ss:Type="String">RANDOMIZER_FIRSTNAME_12</Data></Cell>
    <Cell><Data ss:Type="String">NAME</Data></Cell>
    <Cell><Data ss:Type="String">Marion</Data></Cell>
    <Cell ss:Index="5"><Data ss:Type="String">Surname/Title
Transcribe - to non latin fonts - but do not localize</Data></Cell>
    <Cell><Data ss:Type="String">Randomizer only</Data></Cell>
   </Row>
   <Row ss:AutoFitHeight="0" ss:Height="30">
    <Cell><Data ss:Type="String">RANDOMIZER_SECONDNAME_12</Data></Cell>
    <Cell><Data ss:Type="String">NAME</Data></Cell>
    <Cell><Data ss:Type="String">Madlen</Data></Cell>
    <Cell ss:Index="5"><Data ss:Type="String">Surname/Title
Transcribe - to non latin fonts - but do not localize</Data></Cell>
    <Cell><Data ss:Type="String">Randomizer only</Data></Cell>
   </Row>
   <Row ss:AutoFitHeight="0" ss:Height="30">
    <Cell><Data ss:Type="String">RANDOMIZER_FIRSTNAME_13</Data></Cell>
    <Cell><Data ss:Type="String">NAME</Data></Cell>
    <Cell><Data ss:Type="String">Christouer</Data></Cell>
    <Cell ss:Index="5"><Data ss:Type="String">Surname/Title
Transcribe - to non latin fonts - but do not localize</Data></Cell>
    <Cell><Data ss:Type="String">Randomizer only</Data></Cell>
   </Row>
   <Row ss:AutoFitHeight="0" ss:Height="30">
    <Cell><Data ss:Type="String">RANDOMIZER_SECONDNAME_13</Data></Cell>
    <Cell><Data ss:Type="String">NAME</Data></Cell>
    <Cell><Data ss:Type="String">Remont</Data></Cell>
    <Cell ss:Index="5"><Data ss:Type="String">Surname/Title
Transcribe - to non latin fonts - but do not localize</Data></Cell>
    <Cell><Data ss:Type="String">Randomizer only</Data></Cell>
   </Row>
   <Row ss:AutoFitHeight="0" ss:Height="30">
    <Cell><Data ss:Type="String">RANDOMIZER_FIRSTNAME_14</Data></Cell>
    <Cell><Data ss:Type="String">NAME</Data></Cell>
    <Cell><Data ss:Type="String">Sosanna</Data></Cell>
    <Cell ss:Index="5"><Data ss:Type="String">Surname/Title
Transcribe - to non latin fonts - but do not localize</Data></Cell>
    <Cell><Data ss:Type="String">Randomizer only</Data></Cell>
   </Row>
   <Row ss:AutoFitHeight="0" ss:Height="30">
    <Cell><Data ss:Type="String">RANDOMIZER_SECONDNAME_14</Data></Cell>
    <Cell><Data ss:Type="String">NAME</Data></Cell>
    <Cell><Data ss:Type="String">Hadwise</Data></Cell>
    <Cell ss:Index="5"><Data ss:Type="String">Surname/Title
Transcribe - to non latin fonts - but do not localize</Data></Cell>
    <Cell><Data ss:Type="String">Randomizer only</Data></Cell>
   </Row>
   <Row ss:AutoFitHeight="0" ss:Height="30">
    <Cell><Data ss:Type="String">RANDOMIZER_FIRSTNAME_15</Data></Cell>
    <Cell><Data ss:Type="String">NAME</Data></Cell>
    <Cell><Data ss:Type="String">Sigeberht</Data></Cell>
    <Cell ss:Index="5"><Data ss:Type="String">Male
Transcribe - to non latin fonts - but do not localize</Data></Cell>
    <Cell><Data ss:Type="String">Randomizer only</Data></Cell>
   </Row>
   <Row ss:AutoFitHeight="0" ss:Height="30">
    <Cell><Data ss:Type="String">RANDOMIZER_SECONDNAME_15</Data></Cell>
    <Cell><Data ss:Type="String">NAME</Data></Cell>
    <Cell><Data ss:Type="String">Easine</Data></Cell>
    <Cell ss:Index="5"><Data ss:Type="String">Surname/Title
Transcribe - to non latin fonts - but do not localize</Data></Cell>
    <Cell><Data ss:Type="String">Randomizer only</Data></Cell>
   </Row>
   <Row ss:AutoFitHeight="0" ss:Height="30">
    <Cell><Data ss:Type="String">RANDOMIZER_FIRSTNAME_16</Data></Cell>
    <Cell><Data ss:Type="String">NAME</Data></Cell>
    <Cell><Data ss:Type="String">Clayton</Data></Cell>
    <Cell ss:Index="5"><Data ss:Type="String">Female
Transcribe - to non latin fonts - but do not localize</Data></Cell>
    <Cell><Data ss:Type="String">Randomizer only</Data></Cell>
   </Row>
   <Row ss:AutoFitHeight="0" ss:Height="30">
    <Cell><Data ss:Type="String">RANDOMIZER_SECONDNAME_16</Data></Cell>
    <Cell><Data ss:Type="String">NAME</Data></Cell>
    <Cell><Data ss:Type="String">Wolfgang</Data></Cell>
    <Cell ss:Index="5"><Data ss:Type="String">Surname/Title
Transcribe - to non latin fonts - but do not localize</Data></Cell>
    <Cell><Data ss:Type="String">Randomizer only</Data></Cell>
   </Row>
   <Row ss:AutoFitHeight="0" ss:Height="30">
    <Cell><Data ss:Type="String">RANDOMIZER_FIRSTNAME_17</Data></Cell>
    <Cell><Data ss:Type="String">NAME</Data></Cell>
    <Cell><Data ss:Type="String">Felberto</Data></Cell>
    <Cell ss:Index="5"><Data ss:Type="String">Male
Transcribe - to non latin fonts - but do not localize</Data></Cell>
    <Cell><Data ss:Type="String">Randomizer only</Data></Cell>
   </Row>
   <Row ss:AutoFitHeight="0" ss:Height="30">
    <Cell><Data ss:Type="String">RANDOMIZER_SECONDNAME_17</Data></Cell>
    <Cell><Data ss:Type="String">NAME</Data></Cell>
    <Cell><Data ss:Type="String">Gladwove</Data></Cell>
    <Cell ss:Index="5"><Data ss:Type="String">Surname/Title
Transcribe - to non latin fonts - but do not localize</Data></Cell>
    <Cell><Data ss:Type="String">Randomizer only</Data></Cell>
   </Row>
   <Row ss:AutoFitHeight="0" ss:Height="30">
    <Cell><Data ss:Type="String">RANDOMIZER_FIRSTNAME_18</Data></Cell>
    <Cell><Data ss:Type="String">NAME</Data></Cell>
    <Cell><Data ss:Type="String">Mildgyo</Data></Cell>
    <Cell ss:Index="5"><Data ss:Type="String">Female
Transcribe - to non latin fonts - but do not localize</Data></Cell>
    <Cell><Data ss:Type="String">Randomizer only</Data></Cell>
   </Row>
   <Row ss:AutoFitHeight="0" ss:Height="30">
    <Cell><Data ss:Type="String">RANDOMIZER_SECONDNAME_18</Data></Cell>
    <Cell><Data ss:Type="String">NAME</Data></Cell>
    <Cell><Data ss:Type="String">Bloodworthe</Data></Cell>
    <Cell ss:Index="5"><Data ss:Type="String">Surname/Title
Transcribe - to non latin fonts - but do not localize</Data></Cell>
    <Cell><Data ss:Type="String">Randomizer only</Data></Cell>
   </Row>
   <Row ss:AutoFitHeight="0" ss:Height="30">
    <Cell><Data ss:Type="String">RANDOMIZER_FIRSTNAME_19</Data></Cell>
    <Cell><Data ss:Type="String">NAME</Data></Cell>
    <Cell><Data ss:Type="String">Norvella</Data></Cell>
    <Cell ss:Index="5"><Data ss:Type="String">Male
Transcribe - to non latin fonts - but do not localize</Data></Cell>
    <Cell><Data ss:Type="String">Randomizer only</Data></Cell>
   </Row>
   <Row ss:AutoFitHeight="0" ss:Height="30">
    <Cell><Data ss:Type="String">RANDOMIZER_SECONDNAME_19</Data></Cell>
    <Cell><Data ss:Type="String">NAME</Data></Cell>
    <Cell><Data ss:Type="String">Langerton</Data></Cell>
    <Cell ss:Index="5"><Data ss:Type="String">Surname/Title
Transcribe - to non latin fonts - but do not localize</Data></Cell>
    <Cell><Data ss:Type="String">Randomizer only</Data></Cell>
   </Row>
   <Row ss:AutoFitHeight="0" ss:Height="30">
    <Cell><Data ss:Type="String">RANDOMIZER_FIRSTNAME_20</Data></Cell>
    <Cell><Data ss:Type="String">NAME</Data></Cell>
    <Cell><Data ss:Type="String">Fern</Data></Cell>
    <Cell ss:Index="5"><Data ss:Type="String">Female
Transcribe - to non latin fonts - but do not localize</Data></Cell>
    <Cell><Data ss:Type="String">Randomizer only</Data></Cell>
   </Row>
   <Row ss:AutoFitHeight="0" ss:Height="30">
    <Cell><Data ss:Type="String">RANDOMIZER_SECONDNAME_20</Data></Cell>
    <Cell><Data ss:Type="String">NAME</Data></Cell>
    <Cell><Data ss:Type="String">Monet</Data></Cell>
    <Cell ss:Index="5"><Data ss:Type="String">Surname/Title
Transcribe - to non latin fonts - but do not localize</Data></Cell>
    <Cell><Data ss:Type="String">Randomizer only</Data></Cell>
   </Row>
   <Row ss:AutoFitHeight="0" ss:Height="30">
    <Cell><Data ss:Type="String">RANDOMIZER_FIRSTNAME_21</Data></Cell>
    <Cell><Data ss:Type="String">NAME</Data></Cell>
    <Cell><Data ss:Type="String">Fulton</Data></Cell>
    <Cell ss:Index="5"><Data ss:Type="String">Male
Transcribe - to non latin fonts - but do not localize</Data></Cell>
    <Cell><Data ss:Type="String">Randomizer only</Data></Cell>
   </Row>
   <Row ss:AutoFitHeight="0" ss:Height="30">
    <Cell><Data ss:Type="String">RANDOMIZER_SECONDNAME_21</Data></Cell>
    <Cell><Data ss:Type="String">NAME</Data></Cell>
    <Cell><Data ss:Type="String">Wintere</Data></Cell>
    <Cell ss:Index="5"><Data ss:Type="String">Surname/Title
Transcribe - to non latin fonts - but do not localize</Data></Cell>
    <Cell><Data ss:Type="String">Randomizer only</Data></Cell>
   </Row>
   <Row ss:AutoFitHeight="0" ss:Height="30">
    <Cell><Data ss:Type="String">RANDOMIZER_FIRSTNAME_22</Data></Cell>
    <Cell><Data ss:Type="String">NAME</Data></Cell>
    <Cell><Data ss:Type="String">Hilda</Data></Cell>
    <Cell ss:Index="5"><Data ss:Type="String">Female
Transcribe - to non latin fonts - but do not localize</Data></Cell>
    <Cell><Data ss:Type="String">Randomizer only</Data></Cell>
   </Row>
   <Row ss:AutoFitHeight="0" ss:Height="30">
    <Cell><Data ss:Type="String">RANDOMIZER_SECONDNAME_22</Data></Cell>
    <Cell><Data ss:Type="String">NAME</Data></Cell>
    <Cell><Data ss:Type="String">Priestleye</Data></Cell>
    <Cell ss:Index="5"><Data ss:Type="String">Surname/Title
Transcribe - to non latin fonts - but do not localize</Data></Cell>
    <Cell><Data ss:Type="String">Randomizer only</Data></Cell>
   </Row>
   <Row ss:AutoFitHeight="0" ss:Height="30">
    <Cell><Data ss:Type="String">RANDOMIZER_FIRSTNAME_23</Data></Cell>
    <Cell><Data ss:Type="String">NAME</Data></Cell>
    <Cell><Data ss:Type="String">Wystan</Data></Cell>
    <Cell ss:Index="5"><Data ss:Type="String">Male
Transcribe - to non latin fonts - but do not localize</Data></Cell>
    <Cell><Data ss:Type="String">Randomizer only</Data></Cell>
   </Row>
   <Row ss:AutoFitHeight="0" ss:Height="30">
    <Cell><Data ss:Type="String">RANDOMIZER_SECONDNAME_23</Data></Cell>
    <Cell><Data ss:Type="String">NAME</Data></Cell>
    <Cell><Data ss:Type="String">Forthwarde</Data></Cell>
    <Cell ss:Index="5"><Data ss:Type="String">Surname/Title
Transcribe - to non latin fonts - but do not localize</Data></Cell>
    <Cell><Data ss:Type="String">Randomizer only</Data></Cell>
   </Row>
   <Row ss:AutoFitHeight="0" ss:Height="30">
    <Cell><Data ss:Type="String">RANDOMIZER_FIRSTNAME_24</Data></Cell>
    <Cell><Data ss:Type="String">NAME</Data></Cell>
    <Cell><Data ss:Type="String">Alvena</Data></Cell>
    <Cell ss:Index="5"><Data ss:Type="String">Female
Transcribe - to non latin fonts - but do not localize</Data></Cell>
    <Cell><Data ss:Type="String">Randomizer only</Data></Cell>
   </Row>
   <Row ss:AutoFitHeight="0" ss:Height="30">
    <Cell><Data ss:Type="String">RANDOMIZER_SECONDNAME_24</Data></Cell>
    <Cell><Data ss:Type="String">NAME</Data></Cell>
    <Cell><Data ss:Type="String">Eldrin</Data></Cell>
    <Cell ss:Index="5"><Data ss:Type="String">Surname/Title
Transcribe - to non latin fonts - but do not localize</Data></Cell>
    <Cell><Data ss:Type="String">Randomizer only</Data></Cell>
   </Row>
   <Row ss:AutoFitHeight="0" ss:Height="30">
    <Cell><Data ss:Type="String">RANDOMIZER_FIRSTNAME_25</Data></Cell>
    <Cell><Data ss:Type="String">NAME</Data></Cell>
    <Cell><Data ss:Type="String">Frederyck</Data></Cell>
    <Cell ss:Index="5"><Data ss:Type="String">Male
Transcribe - to non latin fonts - but do not localize</Data></Cell>
    <Cell><Data ss:Type="String">Randomizer only</Data></Cell>
   </Row>
   <Row ss:AutoFitHeight="0" ss:Height="30">
    <Cell><Data ss:Type="String">RANDOMIZER_SECONDNAME_25</Data></Cell>
    <Cell><Data ss:Type="String">NAME</Data></Cell>
    <Cell><Data ss:Type="String">Bourne</Data></Cell>
    <Cell ss:Index="5"><Data ss:Type="String">Surname/Title
Transcribe - to non latin fonts - but do not localize</Data></Cell>
    <Cell><Data ss:Type="String">Randomizer only</Data></Cell>
   </Row>
   <Row ss:AutoFitHeight="0" ss:Height="30">
    <Cell><Data ss:Type="String">RANDOMIZER_FIRSTNAME_26</Data></Cell>
    <Cell><Data ss:Type="String">NAME</Data></Cell>
    <Cell><Data ss:Type="String">Oswald</Data></Cell>
    <Cell ss:Index="5"><Data ss:Type="String">Female
Transcribe - to non latin fonts - but do not localize</Data></Cell>
    <Cell><Data ss:Type="String">Randomizer only</Data></Cell>
   </Row>
   <Row ss:AutoFitHeight="0" ss:Height="30">
    <Cell><Data ss:Type="String">RANDOMIZER_SECONDNAME_26</Data></Cell>
    <Cell><Data ss:Type="String">NAME</Data></Cell>
    <Cell><Data ss:Type="String">Myldas</Data></Cell>
    <Cell ss:Index="5"><Data ss:Type="String">Surname/Title
Transcribe - to non latin fonts - but do not localize</Data></Cell>
    <Cell><Data ss:Type="String">Randomizer only</Data></Cell>
   </Row>
  </Table>
  <WorksheetOptions xmlns="urn:schemas-microsoft-com:office:excel">
   <Unsynced/>
   <Selected/>
   <TopRowVisible>12</TopRowVisible>
   <Panes>
    <Pane>
     <Number>3</Number>
     <ActiveRow>19</ActiveRow>
     <ActiveCol>3</ActiveCol>
    </Pane>
   </Panes>
   <ProtectObjects>False</ProtectObjects>
   <ProtectScenarios>False</ProtectScenarios>
  </WorksheetOptions>
 </Worksheet>
</Workbook>