<?xml version='1.0' encoding='UTF-8'?>
<?mso-application progid="Excel.Sheet"?><Workbook xmlns="urn:schemas-microsoft-com:office:spreadsheet" xmlns:o="urn:schemas-microsoft-com:office:office" xmlns:x="urn:schemas-microsoft-com:office:excel" xmlns:ss="urn:schemas-microsoft-com:office:spreadsheet" xmlns:html="http://www.w3.org/TR/REC-html40">
 <DocumentProperties xmlns="urn:schemas-microsoft-com:office:office">
  <LastAuthor>Glenn Smits</LastAuthor>
  <LastSaved>2020-07-17T11:42:40Z</LastSaved>
  <Version>16.00</Version>
 </DocumentProperties>
 <OfficeDocumentSettings xmlns="urn:schemas-microsoft-com:office:office">
  <AllowPNG/>
 </OfficeDocumentSettings>
 <ExcelWorkbook xmlns="urn:schemas-microsoft-com:office:excel">
  <WindowHeight>15825</WindowHeight>
  <WindowWidth>32767</WindowWidth>
  <WindowTopX>32767</WindowTopX>
  <WindowTopY>32767</WindowTopY>
  <RefModeR1C1/>
  <ProtectStructure>False</ProtectStructure>
  <ProtectWindows>False</ProtectWindows>
 </ExcelWorkbook>
 <Styles>
  <Style ss:ID="Default" ss:Name="Normal">
   <Alignment ss:Vertical="Bottom"/>
   <Borders/>
   <Font ss:FontName="Calibri" x:Family="Swiss" ss:Size="11" ss:Color="#000000"/>
   <Interior/>
   <NumberFormat/>
   <Protection/>
  </Style>
  <Style ss:ID="s62">
   <Alignment ss:Vertical="Top" ss:WrapText="1"/>
  </Style>
 </Styles>
 <Worksheet ss:Name="Script">
  <Table ss:ExpandedColumnCount="6" ss:ExpandedRowCount="56" x:FullColumns="1" x:FullRows="1" ss:StyleID="s62" ss:DefaultColumnWidth="51.75" ss:DefaultRowHeight="15">
   <Column ss:StyleID="s62" ss:Width="139.5"/>
   <Column ss:StyleID="s62" ss:Width="168"/>
   <Column ss:StyleID="s62" ss:Width="354.75"/>
   <Column ss:StyleID="s62" ss:Width="147.75"/>
   <Column ss:StyleID="s62" ss:Width="313.5"/>
   <Column ss:StyleID="s62" ss:Width="120"/>
   <Row ss:AutoFitHeight="0" ss:Height="60">
    <Cell><Data ss:Type="String">OATHBOUND_HERO_SKILLS</Data></Cell>
    <Cell ss:Index="5"><Data ss:Type="String">The DEV TEAM / MISC NOTES column contains info on what text between { } signs means (if applicable). It usually stands for either a numeric value, or a numeric value with an icon. Text between [ ] signs stands for a certain type of icon. </Data></Cell>
   </Row>
   <Row ss:AutoFitHeight="0">
    <Cell><Data ss:Type="String">SCENE ID</Data></Cell>
    <Cell><Data ss:Type="String">TEXT ID</Data></Cell>
    <Cell><Data ss:Type="String">ENGLISH STRING</Data></Cell>
    <Cell><Data ss:Type="String">ALTERNATIVE ENGLISH STRING</Data></Cell>
    <Cell><Data ss:Type="String">LOCALIZATION NOTES</Data></Cell>
    <Cell><Data ss:Type="String">DEV TEAM / MISC NOTES</Data></Cell>
   </Row>
   <Row ss:AutoFitHeight="0" ss:Height="105">
    <Cell ss:Index="5"><Data ss:Type="String">Text between {} should NOT be localized as they are numerical values in-game. Text between [] should NOT be localized as they are either icons or text formatting

EXAMPLE: "Hero gains {PersonaAccDmg} increased damage and accuracy " looks in-game like "Hero gains +5 increased damage and accuracy"</Data></Cell>
   </Row>
   <Row ss:AutoFitHeight="0">
    <Cell><Data ss:Type="String">OATHBOUND_SKILL_GROUP</Data></Cell>
    <Cell><Data ss:Type="String">SKILL_SUBTITLE</Data></Cell>
    <Cell><Data ss:Type="String">Habilidade de Herói Juramentado</Data></Cell>
    <Cell ss:Index="5"><Data ss:Type="String">Skill tree header</Data></Cell>
   </Row>
   <Row ss:AutoFitHeight="0">
    <Cell><Data ss:Type="String">HERO_SKILL_1</Data></Cell>
    <Cell><Data ss:Type="String">NAME</Data></Cell>
    <Cell><Data ss:Type="String">Golpes Intuitivos</Data></Cell>
    <Cell ss:Index="5"><Data ss:Type="String">Hero Skill name</Data></Cell>
   </Row>
   <Row ss:AutoFitHeight="0" ss:Height="30">
    <Cell><Data ss:Type="String">HERO_SKILL_1</Data></Cell>
    <Cell><Data ss:Type="String">DESCRIPTION</Data></Cell>
    <Cell><Data ss:Type="String">Se esta unidade tiver [abilityblue]Precognição[/abilityblue], também ganha +{DamageMult}% de dano em todas as habilidades.</Data></Cell>
    <Cell ss:Index="5"><Data ss:Type="String">Hero Skill description
Precognition is a buff that allows you to evade an attack</Data></Cell>
   </Row>
   <Row ss:AutoFitHeight="0">
    <Cell><Data ss:Type="String">HERO_SKILL_2</Data></Cell>
    <Cell><Data ss:Type="String">NAME</Data></Cell>
    <Cell><Data ss:Type="String">Atenuadores</Data></Cell>
    <Cell ss:Index="5"><Data ss:Type="String">Hero Skill name</Data></Cell>
   </Row>
   <Row ss:AutoFitHeight="0" ss:Height="45">
    <Cell><Data ss:Type="String">HERO_SKILL_2</Data></Cell>
    <Cell><Data ss:Type="String">DESCRIPTION</Data></Cell>
    <Cell><Data ss:Type="String">Enquanto estiver em um veículo, ganha um nível de [abilityblue]Resistência a Atordoamento[/abilityblue] e +{staggerResist} [abilityblue]resistência a efeitos de status[/abilityblue].</Data></Cell>
    <Cell ss:Index="5"><Data ss:Type="String">Hero Skill description</Data></Cell>
   </Row>
   <Row ss:AutoFitHeight="0">
    <Cell><Data ss:Type="String">HERO_SKILL_3</Data></Cell>
    <Cell><Data ss:Type="String">NAME</Data></Cell>
    <Cell><Data ss:Type="String">Desbravador</Data></Cell>
    <Cell ss:Index="5"><Data ss:Type="String">Hero Skill name</Data></Cell>
   </Row>
   <Row ss:AutoFitHeight="0">
    <Cell><Data ss:Type="String">HERO_SKILL_3</Data></Cell>
    <Cell><Data ss:Type="String">DESCRIPTION</Data></Cell>
    <Cell><Data ss:Type="String">Enquanto estiver em um veículo, a unidade tem [abilityblue]Movimento Rápido[/abilityblue].</Data></Cell>
    <Cell ss:Index="5"><Data ss:Type="String">Hero Skill description</Data></Cell>
   </Row>
   <Row ss:AutoFitHeight="0">
    <Cell><Data ss:Type="String">HERO_SKILL_4</Data></Cell>
    <Cell><Data ss:Type="String">NAME</Data></Cell>
    <Cell><Data ss:Type="String">Droide de Reparo de Campo</Data></Cell>
    <Cell ss:Index="5"><Data ss:Type="String">Hero Skill name</Data></Cell>
   </Row>
   <Row ss:AutoFitHeight="0" ss:Height="45">
    <Cell><Data ss:Type="String">HERO_SKILL_4</Data></Cell>
    <Cell><Data ss:Type="String">DESCRIPTION</Data></Cell>
    <Cell><Data ss:Type="String">Veículos conduzidos por este herói ganham [abilityblue]Regeneração[/abilityblue]. Se destruído, o veículo é restaurado em {ResurganceRestore}%[hp/] ao final da batalha, desde que o herói não tenha sido morto também.</Data></Cell>
    <Cell ss:Index="5"><Data ss:Type="String">Hero Skill description</Data></Cell>
   </Row>
   <Row ss:AutoFitHeight="0">
    <Cell><Data ss:Type="String">HERO_SKILL_5</Data></Cell>
    <Cell><Data ss:Type="String">NAME</Data></Cell>
    <Cell><Data ss:Type="String">Protégé do Oráculo</Data></Cell>
    <Cell ss:Index="5"><Data ss:Type="String">Hero Skill name</Data></Cell>
   </Row>
   <Row ss:AutoFitHeight="0" ss:Height="30">
    <Cell><Data ss:Type="String">HERO_SKILL_5</Data></Cell>
    <Cell><Data ss:Type="String">ABILITY_DESCRIPTION</Data></Cell>
    <Cell><Data ss:Type="String">Para cada nível de reputação acima de Neutro, ganha +{hpBonus}[hp/] e {armorBonus}[armor/].</Data></Cell>
    <Cell ss:Index="5"><Data ss:Type="String">Hero Skill description</Data></Cell>
   </Row>
   <Row ss:AutoFitHeight="0">
    <Cell><Data ss:Type="String">HERO_SKILL_5</Data></Cell>
    <Cell><Data ss:Type="String">DESCRIPTION_POSITIVE_REP</Data></Cell>
    <Cell><Data ss:Type="String">Este herói ganha {hpBonus}[hp/] e {armorBonus}[armor/].</Data></Cell>
    <Cell ss:Index="5"><Data ss:Type="String">Hero Skill effect description</Data></Cell>
   </Row>
   <Row ss:AutoFitHeight="0">
    <Cell><Data ss:Type="String">HERO_SKILL_6</Data></Cell>
    <Cell><Data ss:Type="String">NAME</Data></Cell>
    <Cell><Data ss:Type="String">Favor do Oráculo</Data></Cell>
    <Cell ss:Index="5"><Data ss:Type="String">Hero Skill name</Data></Cell>
   </Row>
   <Row ss:AutoFitHeight="0" ss:Height="45">
    <Cell><Data ss:Type="String">HERO_SKILL_6</Data></Cell>
    <Cell><Data ss:Type="String">DESCRIPTION</Data></Cell>
    <Cell><Data ss:Type="String">Matar um inimigo concede ao herói uma pilha de [abilityblue]Precognição[/abilityblue], anulando o próximo ataque de dano direto que o afetar.</Data></Cell>
    <Cell ss:Index="5"><Data ss:Type="String">Hero Skill description</Data></Cell>
   </Row>
   <Row ss:AutoFitHeight="0">
    <Cell><Data ss:Type="String">HERO_SKILL_7</Data></Cell>
    <Cell><Data ss:Type="String">NAME</Data></Cell>
    <Cell><Data ss:Type="String">Núcleo de Energia Sobrecarregado</Data></Cell>
    <Cell ss:Index="5"><Data ss:Type="String">Hero Skill name</Data></Cell>
   </Row>
   <Row ss:AutoFitHeight="0" ss:Height="60">
    <Cell><Data ss:Type="String">HERO_SKILL_7</Data></Cell>
    <Cell><Data ss:Type="String">DESCRIPTION</Data></Cell>
    <Cell><Data ss:Type="String">Quando estiver em um veículo de Traje de Batalha, este herói ganha a habilidade de ação única [abilityblue]Ejetar[/abilityblue]:[br/]Destrua seu traje de batalha, causando {ejectDamage} [damageWave/] em um raio de {radius} hexágonos em unidades terrestres inimigas.</Data></Cell>
    <Cell ss:Index="5"><Data ss:Type="String">Hero Skill description
Battlesuit is a type of vehicle</Data></Cell>
   </Row>
   <Row ss:AutoFitHeight="0">
    <Cell><Data ss:Type="String">HERO_SKILL_7</Data></Cell>
    <Cell><Data ss:Type="String">ABILITY_NAME</Data></Cell>
    <Cell><Data ss:Type="String">Ejetar</Data></Cell>
    <Cell ss:Index="5"><Data ss:Type="String">Ability name</Data></Cell>
   </Row>
   <Row ss:AutoFitHeight="0" ss:Height="30">
    <Cell><Data ss:Type="String">HERO_SKILL_7</Data></Cell>
    <Cell><Data ss:Type="String">PROP_DESCRIPTION</Data></Cell>
    <Cell><Data ss:Type="String">Destrua seu Traje de Batalha, causando {ejectDamage} [damageWave/] em um raio de {radius} hexágonos em unidades terrestres inimigas.</Data></Cell>
    <Cell ss:Index="5"><Data ss:Type="String">Ability description</Data></Cell>
   </Row>
   <Row ss:AutoFitHeight="0">
    <Cell><Data ss:Type="String">HERO_SKILL_8</Data></Cell>
    <Cell><Data ss:Type="String">NAME</Data></Cell>
    <Cell><Data ss:Type="String">Infusão Entrópica</Data></Cell>
    <Cell ss:Index="5"><Data ss:Type="String">Hero Skill name</Data></Cell>
   </Row>
   <Row ss:AutoFitHeight="0" ss:Height="75">
    <Cell><Data ss:Type="String">HERO_SKILL_8</Data></Cell>
    <Cell><Data ss:Type="String">DESCRIPTION</Data></Cell>
    <Cell><Data ss:Type="String">Os ataques desta unidade ganham {DamageEntropyS}[damageEntropy/] ({DamageEntropyR}[damageEntropy/] para ataques repetidos) e uma chance de {strengthChance}[strengthentropy/] ({strengthChanceR}[strengthentropy/] para ataques repetidos) de aplicar [abilityred]Decaimento Entrópico[/abilityred].</Data></Cell>
    <Cell ss:Index="5"><Data ss:Type="String">Hero Skill description</Data></Cell>
   </Row>
   <Row ss:AutoFitHeight="0">
    <Cell><Data ss:Type="String">CITY_HERO_SKILLS</Data></Cell>
    <Cell><Data ss:Type="String">ALWAYS_ACTIVE</Data></Cell>
    <Cell><Data ss:Type="String">Sempre Ativo</Data></Cell>
    <Cell ss:Index="5"><Data ss:Type="String">Conditional part of several hero skills descriptions</Data></Cell>
   </Row>
   <Row ss:AutoFitHeight="0">
    <Cell><Data ss:Type="String">CITY_HERO_SKILLS</Data></Cell>
    <Cell><Data ss:Type="String">WHEN_IN_CITY_DOMAIN</Data></Cell>
    <Cell><Data ss:Type="String">Herói no domínio da Colônia</Data></Cell>
    <Cell ss:Index="5"><Data ss:Type="String">Conditional part of several hero skills descriptions</Data></Cell>
   </Row>
   <Row ss:AutoFitHeight="0">
    <Cell><Data ss:Type="String">CITY_HERO_SKILLS</Data></Cell>
    <Cell><Data ss:Type="String">OUTSIDE_DOMAIN_WITH_THRONE</Data></Cell>
    <Cell><Data ss:Type="String">Herói fora do domínio da Colônia</Data></Cell>
    <Cell ss:Index="5"><Data ss:Type="String">Conditional part of several hero skills descriptions</Data></Cell>
   </Row>
   <Row ss:AutoFitHeight="0">
    <Cell><Data ss:Type="String">AGRARIAN_IDEALS</Data></Cell>
    <Cell><Data ss:Type="String">NAME</Data></Cell>
    <Cell><Data ss:Type="String">Senhor da Colônia: Ideais Agrários</Data></Cell>
    <Cell ss:Index="5"><Data ss:Type="String">Hero Skill name</Data></Cell>
   </Row>
   <Row ss:AutoFitHeight="0" ss:Height="60">
    <Cell><Data ss:Type="String">AGRARIAN_IDEALS</Data></Cell>
    <Cell><Data ss:Type="String">DESCRIPTION</Data></Cell>
    <Cell><Data ss:Type="String">Este herói pode se tornar Senhor de uma colônia, concedendo bônus à produção de alimentos e felicidade.[br/]Desativa a opção de obter a habilidade de herói [abilityblue]Método Científico[/abilityblue] e [abilityblue]Eficiência Energética[/abilityblue].</Data></Cell>
    <Cell ss:Index="5"><Data ss:Type="String">Hero Skill description</Data></Cell>
   </Row>
   <Row ss:AutoFitHeight="0">
    <Cell><Data ss:Type="String">AGRARIAN_IDEALS</Data></Cell>
    <Cell><Data ss:Type="String">FOOD_BONUS</Data></Cell>
    <Cell><Data ss:Type="String">Renda de Alimentos[food/] aumenta em {foodIncomeIncrease}</Data></Cell>
    <Cell ss:Index="5"><Data ss:Type="String">Hero Skill description</Data></Cell>
   </Row>
   <Row ss:AutoFitHeight="0">
    <Cell><Data ss:Type="String">AGRARIAN_IDEALS</Data></Cell>
    <Cell><Data ss:Type="String">HAPPINESS_BONUS</Data></Cell>
    <Cell><Data ss:Type="String">Renda de Felicidade[happiness/] aumenta em {happinessIncomeIncrease}</Data></Cell>
    <Cell ss:Index="5"><Data ss:Type="String">Hero Skill description</Data></Cell>
   </Row>
   <Row ss:AutoFitHeight="0">
    <Cell><Data ss:Type="String">NEW_GENERATION</Data></Cell>
    <Cell><Data ss:Type="String">NAME</Data></Cell>
    <Cell><Data ss:Type="String">Senhor da Colônia: Nova Geração</Data></Cell>
    <Cell ss:Index="5"><Data ss:Type="String">Hero Skill name</Data></Cell>
   </Row>
   <Row ss:AutoFitHeight="0" ss:Height="30">
    <Cell><Data ss:Type="String">NEW_GENERATION</Data></Cell>
    <Cell><Data ss:Type="String">DESCRIPTION</Data></Cell>
    <Cell><Data ss:Type="String">Este herói inspira uma nova geração em sua colônia.[br/]Desativa a opção de obter a habilidade de herói [abilityblue]Presença Eufórica[/abilityblue].</Data></Cell>
    <Cell ss:Index="5"><Data ss:Type="String">Hero Skill description</Data></Cell>
   </Row>
   <Row ss:AutoFitHeight="0" ss:Height="30">
    <Cell><Data ss:Type="String">NEW_GENERATION</Data></Cell>
    <Cell><Data ss:Type="String">GROWTH_REQUIREMENT</Data></Cell>
    <Cell><Data ss:Type="String">Requisito de crescimento para um novo colono[population/] é reduzido em {growthRequirement}%.</Data></Cell>
    <Cell ss:Index="5"><Data ss:Type="String">Hero Skill description</Data></Cell>
   </Row>
   <Row ss:AutoFitHeight="0">
    <Cell><Data ss:Type="String">EUPHORIC_PRESENCE</Data></Cell>
    <Cell><Data ss:Type="String">NAME</Data></Cell>
    <Cell><Data ss:Type="String">Senhor da Colônia: Presença Eufórica</Data></Cell>
    <Cell ss:Index="5"><Data ss:Type="String">Hero Skill name</Data></Cell>
   </Row>
   <Row ss:AutoFitHeight="0" ss:Height="45">
    <Cell><Data ss:Type="String">EUPHORIC_PRESENCE</Data></Cell>
    <Cell><Data ss:Type="String">DESCRIPTION</Data></Cell>
    <Cell><Data ss:Type="String">A presença deste herói faz com que as pessoas em sua colônia fiquem mais felizes mais rapidamente.[br/]Desativa a opção de obter a habilidade de herói [abilityblue]Nova Geração[/abilityblue].</Data></Cell>
    <Cell ss:Index="5"><Data ss:Type="String">Hero Skill description</Data></Cell>
   </Row>
   <Row ss:AutoFitHeight="0">
    <Cell><Data ss:Type="String">EUPHORIC_PRESENCE</Data></Cell>
    <Cell><Data ss:Type="String">HAPPINESS_THRESHOLD</Data></Cell>
    <Cell><Data ss:Type="String">Limiar para um evento de felicidade é reduzido em {happinessThreshold}%.</Data></Cell>
    <Cell ss:Index="5"><Data ss:Type="String">Hero Skill description</Data></Cell>
   </Row>
   <Row ss:AutoFitHeight="0">
    <Cell><Data ss:Type="String">SCIENTIFIC_METHOD</Data></Cell>
    <Cell><Data ss:Type="String">NAME</Data></Cell>
    <Cell><Data ss:Type="String">Senhor da Colônia: Método Científico</Data></Cell>
    <Cell ss:Index="5"><Data ss:Type="String">Hero Skill name</Data></Cell>
   </Row>
   <Row ss:AutoFitHeight="0" ss:Height="60">
    <Cell><Data ss:Type="String">SCIENTIFIC_METHOD</Data></Cell>
    <Cell><Data ss:Type="String">DESCRIPTION</Data></Cell>
    <Cell><Data ss:Type="String">Este herói pode se tornar Senhor de uma Colônia, concedendo bônus à pesquisa e renda de cosmita.[br/]Desativa a opção de obter a habilidade de herói [abilityblue]Ideais Agrários[/abilityblue] e [abilityblue]Eficiência Energética[/abilityblue].</Data></Cell>
    <Cell ss:Index="5"><Data ss:Type="String">Hero Skill description</Data></Cell>
   </Row>
   <Row ss:AutoFitHeight="0">
    <Cell><Data ss:Type="String">SCIENTIFIC_METHOD</Data></Cell>
    <Cell><Data ss:Type="String">RESEARCH_BONUS</Data></Cell>
    <Cell><Data ss:Type="String">Renda de Pesquisa[research/] aumenta em {researchIncrease}%.</Data></Cell>
    <Cell ss:Index="5"><Data ss:Type="String">Hero Skill description</Data></Cell>
   </Row>
   <Row ss:AutoFitHeight="0">
    <Cell><Data ss:Type="String">SCIENTIFIC_METHOD</Data></Cell>
    <Cell><Data ss:Type="String">COSMITE_BONUS</Data></Cell>
    <Cell><Data ss:Type="String">Renda de Cosmita[cosmite/] aumenta em {cosmiteIncrease}.</Data></Cell>
    <Cell ss:Index="5"><Data ss:Type="String">Hero Skill description</Data></Cell>
   </Row>
   <Row ss:AutoFitHeight="0">
    <Cell><Data ss:Type="String">MILITARY_FOCUS</Data></Cell>
    <Cell><Data ss:Type="String">NAME</Data></Cell>
    <Cell><Data ss:Type="String">Senhor da Colônia: Foco Militar</Data></Cell>
    <Cell ss:Index="5"><Data ss:Type="String">Hero Skill name</Data></Cell>
   </Row>
   <Row ss:AutoFitHeight="0" ss:Height="45">
    <Cell><Data ss:Type="String">MILITARY_FOCUS</Data></Cell>
    <Cell><Data ss:Type="String">DESCRIPTION</Data></Cell>
    <Cell><Data ss:Type="String">A expertise em combate do herói permite que esta colônia melhore a pesquisa militar.[br/]Desativa a opção de obter a habilidade de herói [abilityblue]Foco Social[/abilityblue].</Data></Cell>
    <Cell ss:Index="5"><Data ss:Type="String">Hero Skill description</Data></Cell>
   </Row>
   <Row ss:AutoFitHeight="0">
    <Cell><Data ss:Type="String">MILITARY_FOCUS</Data></Cell>
    <Cell><Data ss:Type="String">MILITARY_RESEARCH</Data></Cell>
    <Cell><Data ss:Type="String">[research/] de {researchIncrease}% para Pesquisa Militar.</Data></Cell>
    <Cell ss:Index="5"><Data ss:Type="String">Hero Skill description</Data></Cell>
   </Row>
   <Row ss:AutoFitHeight="0">
    <Cell><Data ss:Type="String">SOCIETAL_FOCUS</Data></Cell>
    <Cell><Data ss:Type="String">NAME</Data></Cell>
    <Cell><Data ss:Type="String">Senhor da Colônia: Foco Social</Data></Cell>
    <Cell ss:Index="5"><Data ss:Type="String">Hero Skill name</Data></Cell>
   </Row>
   <Row ss:AutoFitHeight="0" ss:Height="45">
    <Cell><Data ss:Type="String">SOCIETAL_FOCUS</Data></Cell>
    <Cell><Data ss:Type="String">DESCRIPTION</Data></Cell>
    <Cell><Data ss:Type="String">A inteligência do herói permite que esta colônia aprimore a pesquisa social.[br/]Desativa a opção de obter a habilidade de herói [abilityblue]Foco Militar[/abilityblue].</Data></Cell>
    <Cell ss:Index="5"><Data ss:Type="String">Hero Skill description</Data></Cell>
   </Row>
   <Row ss:AutoFitHeight="0">
    <Cell><Data ss:Type="String">SOCIETAL_FOCUS</Data></Cell>
    <Cell><Data ss:Type="String">SOCIETY_RESEARCH</Data></Cell>
    <Cell><Data ss:Type="String">{researchIncrease}% [research/] para Pesquisa Social.</Data></Cell>
    <Cell ss:Index="5"><Data ss:Type="String">Hero Skill description</Data></Cell>
   </Row>
   <Row ss:AutoFitHeight="0">
    <Cell><Data ss:Type="String">ENERGETIC_EFFICIENCY</Data></Cell>
    <Cell><Data ss:Type="String">NAME</Data></Cell>
    <Cell><Data ss:Type="String">Senhor da Colônia: Eficiência Energética</Data></Cell>
    <Cell ss:Index="5"><Data ss:Type="String">Hero Skill name</Data></Cell>
   </Row>
   <Row ss:AutoFitHeight="0" ss:Height="60">
    <Cell><Data ss:Type="String">ENERGETIC_EFFICIENCY</Data></Cell>
    <Cell><Data ss:Type="String">DESCRIPTION</Data></Cell>
    <Cell><Data ss:Type="String">Este herói pode se tornar Senhor de uma Colônia, concedendo bônus à renda de produção e à renda de energia.[br/]Desativa a opção de obter as habilidades de herói [abilityblue]Ideais Agrários[/abilityblue] e [abilityblue]Método Científico[/abilityblue].</Data></Cell>
    <Cell ss:Index="5"><Data ss:Type="String">Hero Skill description</Data></Cell>
   </Row>
   <Row ss:AutoFitHeight="0">
    <Cell><Data ss:Type="String">ENERGETIC_EFFICIENCY</Data></Cell>
    <Cell><Data ss:Type="String">PRODUCTION_BONUS</Data></Cell>
    <Cell><Data ss:Type="String">Renda de produção[production/] aumenta em {productionIncrease}%.</Data></Cell>
    <Cell ss:Index="5"><Data ss:Type="String">Hero Skill description</Data></Cell>
   </Row>
   <Row ss:AutoFitHeight="0">
    <Cell><Data ss:Type="String">ENERGETIC_EFFICIENCY</Data></Cell>
    <Cell><Data ss:Type="String">ENERGY_BONUS</Data></Cell>
    <Cell><Data ss:Type="String">Renda de energia[energy/] aumenta em {energyIncrease}%.</Data></Cell>
    <Cell ss:Index="5"><Data ss:Type="String">Hero Skill description</Data></Cell>
   </Row>
   <Row ss:AutoFitHeight="0">
    <Cell><Data ss:Type="String">ARMY_STANDARDIZATION</Data></Cell>
    <Cell><Data ss:Type="String">NAME</Data></Cell>
    <Cell><Data ss:Type="String">Senhor da Colônia: Padronização do Exército</Data></Cell>
    <Cell ss:Index="5"><Data ss:Type="String">Hero Skill name</Data></Cell>
   </Row>
   <Row ss:AutoFitHeight="0" ss:Height="45">
    <Cell><Data ss:Type="String">ARMY_STANDARDIZATION</Data></Cell>
    <Cell><Data ss:Type="String">DESCRIPTION</Data></Cell>
    <Cell><Data ss:Type="String">A presença do herói inspira uma vontade de lutar e diminui o tempo de produção de novas unidades.[br/]Desativa a opção de obter a habilidade de herói [abilityblue]Estruturas Pré-Planejadas[/abilityblue].</Data></Cell>
    <Cell ss:Index="5"><Data ss:Type="String">Hero Skill description</Data></Cell>
   </Row>
   <Row ss:AutoFitHeight="0">
    <Cell><Data ss:Type="String">ARMY_STANDARDIZATION</Data></Cell>
    <Cell><Data ss:Type="String">UNIT_PRODUCTION</Data></Cell>
    <Cell><Data ss:Type="String">Custo de {productionDiscount}% [production/] para todas as unidades.</Data></Cell>
    <Cell ss:Index="5"><Data ss:Type="String">Hero Skill description</Data></Cell>
   </Row>
   <Row ss:AutoFitHeight="0">
    <Cell><Data ss:Type="String">PREPLANNED_STRUCTURING</Data></Cell>
    <Cell><Data ss:Type="String">NAME</Data></Cell>
    <Cell><Data ss:Type="String">Senhor da Colônia: Estruturas Pré-Planejadas</Data></Cell>
    <Cell ss:Index="5"><Data ss:Type="String">Hero Skill name</Data></Cell>
   </Row>
   <Row ss:AutoFitHeight="0" ss:Height="45">
    <Cell><Data ss:Type="String">PREPLANNED_STRUCTURING</Data></Cell>
    <Cell><Data ss:Type="String">DESCRIPTION</Data></Cell>
    <Cell><Data ss:Type="String">O conhecimento de construção do herói permite construções mais eficientes e diminui o tempo de construção.[br/]Desativa a opção de obter a habilidade de herói [abilityblue]Padronização do Exército[/abilityblue].</Data></Cell>
    <Cell ss:Index="5"><Data ss:Type="String">Hero Skill description</Data></Cell>
   </Row>
   <Row ss:AutoFitHeight="0">
    <Cell><Data ss:Type="String">PREPLANNED_STRUCTURING</Data></Cell>
    <Cell><Data ss:Type="String">STRUCTURE_PRODUCTION</Data></Cell>
    <Cell><Data ss:Type="String">Custo de {productionDiscount}% [production/] para todas as estruturas.</Data></Cell>
    <Cell ss:Index="5"><Data ss:Type="String">Hero Skill description</Data></Cell>
   </Row>
  </Table>
  <WorksheetOptions xmlns="urn:schemas-microsoft-com:office:excel">
   <Unsynced/>
   <Print>
    <ValidPrinterInfo/>
    <HorizontalResolution>600</HorizontalResolution>
    <VerticalResolution>600</VerticalResolution>
   </Print>
   <Selected/>
   <Panes>
    <Pane>
     <Number>3</Number>
     <ActiveRow>18</ActiveRow>
     <ActiveCol>5</ActiveCol>
    </Pane>
   </Panes>
   <ProtectObjects>False</ProtectObjects>
   <ProtectScenarios>False</ProtectScenarios>
  </WorksheetOptions>
 </Worksheet>
</Workbook>