<?xml version='1.0' encoding='UTF-8'?>
<?mso-application progid="Excel.Sheet"?><Workbook xmlns="urn:schemas-microsoft-com:office:spreadsheet" xmlns:o="urn:schemas-microsoft-com:office:office" xmlns:x="urn:schemas-microsoft-com:office:excel" xmlns:ss="urn:schemas-microsoft-com:office:spreadsheet" xmlns:html="http://www.w3.org/TR/REC-html40">
 <DocumentProperties xmlns="urn:schemas-microsoft-com:office:office">
  <LastAuthor>Joshua Crowder</LastAuthor>
  <LastSaved>2020-07-16T21:15:50Z</LastSaved>
  <Version>15.00</Version>
 </DocumentProperties>
 <OfficeDocumentSettings xmlns="urn:schemas-microsoft-com:office:office">
  <AllowPNG/>
 </OfficeDocumentSettings>
 <ExcelWorkbook xmlns="urn:schemas-microsoft-com:office:excel">
  <WindowHeight>10635</WindowHeight>
  <WindowWidth>28800</WindowWidth>
  <WindowTopX>0</WindowTopX>
  <WindowTopY>0</WindowTopY>
  <RefModeR1C1/>
  <ProtectStructure>False</ProtectStructure>
  <ProtectWindows>False</ProtectWindows>
 </ExcelWorkbook>
 <Styles>
  <Style ss:ID="Default" ss:Name="Normal">
   <Alignment ss:Vertical="Bottom"/>
   <Borders/>
   <Font ss:FontName="Calibri" x:Family="Swiss" ss:Size="11" ss:Color="#000000"/>
   <Interior/>
   <NumberFormat/>
   <Protection/>
  </Style>
  <Style ss:ID="s62">
   <Alignment ss:Vertical="Top" ss:WrapText="1"/>
  </Style>
 </Styles>
 <Worksheet ss:Name="Script">
  <Table ss:ExpandedColumnCount="6" ss:ExpandedRowCount="136" x:FullColumns="1" x:FullRows="1" ss:StyleID="s62" ss:DefaultColumnWidth="311.25" ss:DefaultRowHeight="15">
   <Column ss:StyleID="s62" ss:Width="96.75"/>
   <Column ss:StyleID="s62" ss:Width="78.75"/>
   <Column ss:StyleID="s62" ss:Width="131.25"/>
   <Column ss:StyleID="s62" ss:Width="150"/>
   <Column ss:StyleID="s62" ss:AutoFitWidth="0" ss:Width="522"/>
   <Column ss:StyleID="s62" ss:Width="120.75"/>
   <Row ss:AutoFitHeight="0" ss:Height="52.5">
    <Cell><Data ss:Type="String">RACE_OATHBOUND</Data></Cell>
    <Cell ss:Index="5"><Data ss:Type="String">The DEV TEAM / MISC NOTES column contains info on what text between { } signs means (if applicable). It usually stands for either a numeric value, or a numeric value with an icon. Text between [ ] signs stands for a certain type of icon. </Data></Cell>
   </Row>
   <Row ss:AutoFitHeight="0">
    <Cell><Data ss:Type="String">SCENE ID</Data></Cell>
    <Cell><Data ss:Type="String">TEXT ID</Data></Cell>
    <Cell><Data ss:Type="String">ENGLISH STRING</Data></Cell>
    <Cell><Data ss:Type="String">ALTERNATIVE ENGLISH STRING</Data></Cell>
    <Cell><Data ss:Type="String">LOCALIZATION NOTES</Data></Cell>
    <Cell><Data ss:Type="String">DEV TEAM / MISC NOTES</Data></Cell>
   </Row>
   <Row ss:AutoFitHeight="0">
    <Cell><Data ss:Type="String">OATHBOUND</Data></Cell>
    <Cell><Data ss:Type="String">CITY_NAME_01</Data></Cell>
    <Cell><Data ss:Type="String">Lethar’s Bastion</Data></Cell>
    <Cell ss:Index="5"><Data ss:Type="String">These are city names, please transcribe - e.g. to Cyrillic - but do not localize</Data></Cell>
   </Row>
   <Row ss:AutoFitHeight="0">
    <Cell><Data ss:Type="String">OATHBOUND</Data></Cell>
    <Cell><Data ss:Type="String">CITY_NAME_02</Data></Cell>
    <Cell><Data ss:Type="String">Horatio’s Refuge</Data></Cell>
    <Cell ss:Index="5"><Data ss:Type="String">These are city names, please transcribe - e.g. to Cyrillic - but do not localize</Data></Cell>
   </Row>
   <Row ss:AutoFitHeight="0">
    <Cell><Data ss:Type="String">OATHBOUND</Data></Cell>
    <Cell><Data ss:Type="String">CITY_NAME_03</Data></Cell>
    <Cell><Data ss:Type="String">Paladin Arton’s Stand</Data></Cell>
    <Cell ss:Index="5"><Data ss:Type="String">These are city names, please transcribe - e.g. to Cyrillic - but do not localize</Data></Cell>
   </Row>
   <Row ss:AutoFitHeight="0">
    <Cell><Data ss:Type="String">OATHBOUND</Data></Cell>
    <Cell><Data ss:Type="String">CITY_NAME_04</Data></Cell>
    <Cell><Data ss:Type="String">Herzog’s Sacrifice</Data></Cell>
    <Cell ss:Index="5"><Data ss:Type="String">These are city names, please transcribe - e.g. to Cyrillic - but do not localize</Data></Cell>
   </Row>
   <Row ss:AutoFitHeight="0">
    <Cell><Data ss:Type="String">OATHBOUND</Data></Cell>
    <Cell><Data ss:Type="String">CITY_NAME_05</Data></Cell>
    <Cell><Data ss:Type="String">Pride of Kelthin</Data></Cell>
    <Cell ss:Index="5"><Data ss:Type="String">These are city names, please transcribe - e.g. to Cyrillic - but do not localize</Data></Cell>
   </Row>
   <Row ss:AutoFitHeight="0">
    <Cell><Data ss:Type="String">OATHBOUND</Data></Cell>
    <Cell><Data ss:Type="String">CITY_NAME_06</Data></Cell>
    <Cell><Data ss:Type="String">Cyanmaer of Ganadon</Data></Cell>
    <Cell ss:Index="5"><Data ss:Type="String">These are city names, please transcribe - e.g. to Cyrillic - but do not localize</Data></Cell>
   </Row>
   <Row ss:AutoFitHeight="0">
    <Cell><Data ss:Type="String">OATHBOUND</Data></Cell>
    <Cell><Data ss:Type="String">CITY_NAME_07</Data></Cell>
    <Cell><Data ss:Type="String">Earna’s Fortitude</Data></Cell>
    <Cell ss:Index="5"><Data ss:Type="String">These are city names, please transcribe - e.g. to Cyrillic - but do not localize</Data></Cell>
   </Row>
   <Row ss:AutoFitHeight="0">
    <Cell><Data ss:Type="String">OATHBOUND</Data></Cell>
    <Cell><Data ss:Type="String">CITY_NAME_08</Data></Cell>
    <Cell><Data ss:Type="String">Camdyn’s Cause</Data></Cell>
    <Cell ss:Index="5"><Data ss:Type="String">These are city names, please transcribe - e.g. to Cyrillic - but do not localize</Data></Cell>
   </Row>
   <Row ss:AutoFitHeight="0">
    <Cell><Data ss:Type="String">OATHBOUND</Data></Cell>
    <Cell><Data ss:Type="String">CITY_NAME_09</Data></Cell>
    <Cell><Data ss:Type="String">Honor of Wyot</Data></Cell>
    <Cell ss:Index="5"><Data ss:Type="String">These are city names, please transcribe - e.g. to Cyrillic - but do not localize</Data></Cell>
   </Row>
   <Row ss:AutoFitHeight="0">
    <Cell><Data ss:Type="String">OATHBOUND</Data></Cell>
    <Cell><Data ss:Type="String">CITY_NAME_10</Data></Cell>
    <Cell><Data ss:Type="String">Seers’ Crest</Data></Cell>
    <Cell ss:Index="5"><Data ss:Type="String">These are city names, please transcribe - e.g. to Cyrillic - but do not localize</Data></Cell>
   </Row>
   <Row ss:AutoFitHeight="0">
    <Cell><Data ss:Type="String">OATHBOUND</Data></Cell>
    <Cell><Data ss:Type="String">CITY_NAME_11</Data></Cell>
    <Cell><Data ss:Type="String">Kingsley’s Oath</Data></Cell>
    <Cell ss:Index="5"><Data ss:Type="String">These are city names, please transcribe - e.g. to Cyrillic - but do not localize</Data></Cell>
   </Row>
   <Row ss:AutoFitHeight="0">
    <Cell><Data ss:Type="String">OATHBOUND</Data></Cell>
    <Cell><Data ss:Type="String">CITY_NAME_12</Data></Cell>
    <Cell><Data ss:Type="String">Seer Coven</Data></Cell>
    <Cell ss:Index="5"><Data ss:Type="String">These are city names, please transcribe - e.g. to Cyrillic - but do not localize</Data></Cell>
   </Row>
   <Row ss:AutoFitHeight="0">
    <Cell><Data ss:Type="String">OATHBOUND</Data></Cell>
    <Cell><Data ss:Type="String">CITY_NAME_13</Data></Cell>
    <Cell><Data ss:Type="String">Paladin Overwatch</Data></Cell>
    <Cell ss:Index="5"><Data ss:Type="String">These are city names, please transcribe - e.g. to Cyrillic - but do not localize</Data></Cell>
   </Row>
   <Row ss:AutoFitHeight="0">
    <Cell><Data ss:Type="String">OATHBOUND</Data></Cell>
    <Cell><Data ss:Type="String">CITY_NAME_14</Data></Cell>
    <Cell><Data ss:Type="String">Aesteria</Data></Cell>
    <Cell ss:Index="5"><Data ss:Type="String">These are city names, please transcribe - e.g. to Cyrillic - but do not localize</Data></Cell>
   </Row>
   <Row ss:AutoFitHeight="0">
    <Cell><Data ss:Type="String">OATHBOUND</Data></Cell>
    <Cell><Data ss:Type="String">CITY_NAME_15</Data></Cell>
    <Cell><Data ss:Type="String">Craven’s Cure</Data></Cell>
    <Cell ss:Index="5"><Data ss:Type="String">These are city names, please transcribe - e.g. to Cyrillic - but do not localize</Data></Cell>
   </Row>
   <Row ss:AutoFitHeight="0">
    <Cell><Data ss:Type="String">OATHBOUND</Data></Cell>
    <Cell><Data ss:Type="String">CITY_NAME_16</Data></Cell>
    <Cell><Data ss:Type="String">Coraith’s Keep</Data></Cell>
    <Cell ss:Index="5"><Data ss:Type="String">These are city names, please transcribe - e.g. to Cyrillic - but do not localize</Data></Cell>
   </Row>
   <Row ss:AutoFitHeight="0">
    <Cell><Data ss:Type="String">OATHBOUND</Data></Cell>
    <Cell><Data ss:Type="String">CITY_NAME_17</Data></Cell>
    <Cell><Data ss:Type="String">Ganadon of House Jer</Data></Cell>
    <Cell ss:Index="5"><Data ss:Type="String">These are city names, please transcribe - e.g. to Cyrillic - but do not localize</Data></Cell>
   </Row>
   <Row ss:AutoFitHeight="0">
    <Cell><Data ss:Type="String">OATHBOUND</Data></Cell>
    <Cell><Data ss:Type="String">CITY_NAME_18</Data></Cell>
    <Cell><Data ss:Type="String">Pransley</Data></Cell>
    <Cell ss:Index="5"><Data ss:Type="String">These are city names, please transcribe - e.g. to Cyrillic - but do not localize</Data></Cell>
   </Row>
   <Row ss:AutoFitHeight="0">
    <Cell><Data ss:Type="String">OATHBOUND</Data></Cell>
    <Cell><Data ss:Type="String">CITY_NAME_19</Data></Cell>
    <Cell><Data ss:Type="String">Wintere’s End</Data></Cell>
    <Cell ss:Index="5"><Data ss:Type="String">These are city names, please transcribe - e.g. to Cyrillic - but do not localize</Data></Cell>
   </Row>
   <Row ss:AutoFitHeight="0">
    <Cell><Data ss:Type="String">OATHBOUND</Data></Cell>
    <Cell><Data ss:Type="String">CITY_NAME_20</Data></Cell>
    <Cell><Data ss:Type="String">Barrow Falls</Data></Cell>
    <Cell ss:Index="5"><Data ss:Type="String">These are city names, please transcribe - e.g. to Cyrillic - but do not localize</Data></Cell>
   </Row>
   <Row ss:AutoFitHeight="0">
    <Cell><Data ss:Type="String">OATHBOUND</Data></Cell>
    <Cell><Data ss:Type="String">CITY_NAME_21</Data></Cell>
    <Cell><Data ss:Type="String">Heretoga Dawn</Data></Cell>
    <Cell ss:Index="5"><Data ss:Type="String">These are city names, please transcribe - e.g. to Cyrillic - but do not localize</Data></Cell>
   </Row>
   <Row ss:AutoFitHeight="0">
    <Cell><Data ss:Type="String">OATHBOUND</Data></Cell>
    <Cell><Data ss:Type="String">CITY_NAME_22</Data></Cell>
    <Cell><Data ss:Type="String">Indominable Castell</Data></Cell>
    <Cell ss:Index="5"><Data ss:Type="String">These are city names, please transcribe - e.g. to Cyrillic - but do not localize</Data></Cell>
   </Row>
   <Row ss:AutoFitHeight="0">
    <Cell><Data ss:Type="String">OATHBOUND</Data></Cell>
    <Cell><Data ss:Type="String">CITY_NAME_23</Data></Cell>
    <Cell><Data ss:Type="String">Castrum of Airaldii</Data></Cell>
    <Cell ss:Index="5"><Data ss:Type="String">These are city names, please transcribe - e.g. to Cyrillic - but do not localize</Data></Cell>
   </Row>
   <Row ss:AutoFitHeight="0">
    <Cell><Data ss:Type="String">OATHBOUND</Data></Cell>
    <Cell><Data ss:Type="String">CITY_NAME_24</Data></Cell>
    <Cell><Data ss:Type="String">Neverim Pass</Data></Cell>
    <Cell ss:Index="5"><Data ss:Type="String">These are city names, please transcribe - e.g. to Cyrillic - but do not localize</Data></Cell>
   </Row>
   <Row ss:AutoFitHeight="0">
    <Cell><Data ss:Type="String">OATHBOUND</Data></Cell>
    <Cell><Data ss:Type="String">CITY_NAME_25</Data></Cell>
    <Cell><Data ss:Type="String">Keldin’s Keep</Data></Cell>
    <Cell ss:Index="5"><Data ss:Type="String">These are city names, please transcribe - e.g. to Cyrillic - but do not localize</Data></Cell>
   </Row>
   <Row ss:AutoFitHeight="0">
    <Cell><Data ss:Type="String">OATHBOUND</Data></Cell>
    <Cell><Data ss:Type="String">CITY_NAME_26</Data></Cell>
    <Cell><Data ss:Type="String">Foreweardnes Storm</Data></Cell>
    <Cell ss:Index="5"><Data ss:Type="String">These are city names, please transcribe - e.g. to Cyrillic - but do not localize</Data></Cell>
   </Row>
   <Row ss:AutoFitHeight="0">
    <Cell><Data ss:Type="String">OATHBOUND</Data></Cell>
    <Cell><Data ss:Type="String">CITY_NAME_27</Data></Cell>
    <Cell><Data ss:Type="String">Equilibrius</Data></Cell>
    <Cell ss:Index="5"><Data ss:Type="String">These are city names, please transcribe - e.g. to Cyrillic - but do not localize</Data></Cell>
   </Row>
   <Row ss:AutoFitHeight="0">
    <Cell><Data ss:Type="String">OATHBOUND</Data></Cell>
    <Cell><Data ss:Type="String">CITY_NAME_28</Data></Cell>
    <Cell><Data ss:Type="String">Hamlet of the Seer</Data></Cell>
    <Cell ss:Index="5"><Data ss:Type="String">These are city names, please transcribe - e.g. to Cyrillic - but do not localize</Data></Cell>
   </Row>
   <Row ss:AutoFitHeight="0">
    <Cell><Data ss:Type="String">OATHBOUND</Data></Cell>
    <Cell><Data ss:Type="String">CITY_NAME_29</Data></Cell>
    <Cell><Data ss:Type="String">Everlye Stenburg</Data></Cell>
    <Cell ss:Index="5"><Data ss:Type="String">These are city names, please transcribe - e.g. to Cyrillic - but do not localize</Data></Cell>
   </Row>
   <Row ss:AutoFitHeight="0">
    <Cell><Data ss:Type="String">OATHBOUND</Data></Cell>
    <Cell><Data ss:Type="String">CITY_NAME_30</Data></Cell>
    <Cell><Data ss:Type="String">Penketh</Data></Cell>
    <Cell ss:Index="5"><Data ss:Type="String">These are city names, please transcribe - e.g. to Cyrillic - but do not localize</Data></Cell>
   </Row>
   <Row ss:AutoFitHeight="0">
    <Cell><Data ss:Type="String">OATHBOUND</Data></Cell>
    <Cell><Data ss:Type="String">CITY_NAME_31</Data></Cell>
    <Cell><Data ss:Type="String">Ruthorton</Data></Cell>
    <Cell ss:Index="5"><Data ss:Type="String">These are city names, please transcribe - e.g. to Cyrillic - but do not localize</Data></Cell>
   </Row>
   <Row ss:AutoFitHeight="0">
    <Cell><Data ss:Type="String">OATHBOUND</Data></Cell>
    <Cell><Data ss:Type="String">CITY_NAME_32</Data></Cell>
    <Cell><Data ss:Type="String">Woodwarde’s Oath</Data></Cell>
    <Cell ss:Index="5"><Data ss:Type="String">These are city names, please transcribe - e.g. to Cyrillic - but do not localize</Data></Cell>
   </Row>
   <Row ss:AutoFitHeight="0">
    <Cell><Data ss:Type="String">OATHBOUND</Data></Cell>
    <Cell><Data ss:Type="String">CITY_NAME_33</Data></Cell>
    <Cell><Data ss:Type="String">Waye’s Bastion</Data></Cell>
    <Cell ss:Index="5"><Data ss:Type="String">These are city names, please transcribe - e.g. to Cyrillic - but do not localize</Data></Cell>
   </Row>
   <Row ss:AutoFitHeight="0">
    <Cell><Data ss:Type="String">OATHBOUND</Data></Cell>
    <Cell><Data ss:Type="String">CITY_NAME_34</Data></Cell>
    <Cell><Data ss:Type="String">Adaire’s Fortitude</Data></Cell>
    <Cell ss:Index="5"><Data ss:Type="String">These are city names, please transcribe - e.g. to Cyrillic - but do not localize</Data></Cell>
   </Row>
   <Row ss:AutoFitHeight="0">
    <Cell><Data ss:Type="String">OATHBOUND</Data></Cell>
    <Cell><Data ss:Type="String">CITY_NAME_35</Data></Cell>
    <Cell><Data ss:Type="String">Burnehame’s Hold</Data></Cell>
    <Cell ss:Index="5"><Data ss:Type="String">These are city names, please transcribe - e.g. to Cyrillic - but do not localize</Data></Cell>
   </Row>
   <Row ss:AutoFitHeight="0">
    <Cell><Data ss:Type="String">OATHBOUND</Data></Cell>
    <Cell><Data ss:Type="String">CITY_NAME_36</Data></Cell>
    <Cell><Data ss:Type="String">Aesteria Castelle</Data></Cell>
    <Cell ss:Index="5"><Data ss:Type="String">These are city names, please transcribe - e.g. to Cyrillic - but do not localize</Data></Cell>
   </Row>
   <Row ss:AutoFitHeight="0">
    <Cell><Data ss:Type="String">OATHBOUND</Data></Cell>
    <Cell><Data ss:Type="String">CITY_NAME_37</Data></Cell>
    <Cell><Data ss:Type="String">Hesston</Data></Cell>
    <Cell ss:Index="5"><Data ss:Type="String">These are city names, please transcribe - e.g. to Cyrillic - but do not localize</Data></Cell>
   </Row>
   <Row ss:AutoFitHeight="0">
    <Cell><Data ss:Type="String">OATHBOUND</Data></Cell>
    <Cell><Data ss:Type="String">CITY_NAME_38</Data></Cell>
    <Cell><Data ss:Type="String">Hennepin</Data></Cell>
    <Cell ss:Index="5"><Data ss:Type="String">These are city names, please transcribe - e.g. to Cyrillic - but do not localize</Data></Cell>
   </Row>
   <Row ss:AutoFitHeight="0">
    <Cell><Data ss:Type="String">OATHBOUND</Data></Cell>
    <Cell><Data ss:Type="String">CITY_NAME_39</Data></Cell>
    <Cell><Data ss:Type="String">Ragsdell Lake</Data></Cell>
    <Cell ss:Index="5"><Data ss:Type="String">These are city names, please transcribe - e.g. to Cyrillic - but do not localize</Data></Cell>
   </Row>
   <Row ss:AutoFitHeight="0">
    <Cell><Data ss:Type="String">OATHBOUND</Data></Cell>
    <Cell><Data ss:Type="String">CITY_NAME_40</Data></Cell>
    <Cell><Data ss:Type="String">Okreek</Data></Cell>
    <Cell ss:Index="5"><Data ss:Type="String">These are city names, please transcribe - e.g. to Cyrillic - but do not localize</Data></Cell>
   </Row>
   <Row ss:AutoFitHeight="0">
    <Cell><Data ss:Type="String">OATHBOUND</Data></Cell>
    <Cell><Data ss:Type="String">CITY_NAME_41</Data></Cell>
    <Cell><Data ss:Type="String">Gramercy Hills</Data></Cell>
    <Cell ss:Index="5"><Data ss:Type="String">These are city names, please transcribe - e.g. to Cyrillic - but do not localize</Data></Cell>
   </Row>
   <Row ss:AutoFitHeight="0">
    <Cell><Data ss:Type="String">OATHBOUND</Data></Cell>
    <Cell><Data ss:Type="String">CITY_NAME_42</Data></Cell>
    <Cell><Data ss:Type="String">Patrell of Nurem</Data></Cell>
    <Cell ss:Index="5"><Data ss:Type="String">These are city names, please transcribe - e.g. to Cyrillic - but do not localize</Data></Cell>
   </Row>
   <Row ss:AutoFitHeight="0">
    <Cell><Data ss:Type="String">OATHBOUND</Data></Cell>
    <Cell><Data ss:Type="String">CITY_NAME_43</Data></Cell>
    <Cell><Data ss:Type="String">Archon Hill</Data></Cell>
    <Cell ss:Index="5"><Data ss:Type="String">These are city names, please transcribe - e.g. to Cyrillic - but do not localize</Data></Cell>
   </Row>
   <Row ss:AutoFitHeight="0">
    <Cell><Data ss:Type="String">OATHBOUND</Data></Cell>
    <Cell><Data ss:Type="String">CITY_NAME_44</Data></Cell>
    <Cell><Data ss:Type="String">New Cynthiana</Data></Cell>
    <Cell ss:Index="5"><Data ss:Type="String">These are city names, please transcribe - e.g. to Cyrillic - but do not localize</Data></Cell>
   </Row>
   <Row ss:AutoFitHeight="0">
    <Cell><Data ss:Type="String">OATHBOUND</Data></Cell>
    <Cell><Data ss:Type="String">CITY_NAME_45</Data></Cell>
    <Cell><Data ss:Type="String">Eastwatch</Data></Cell>
    <Cell ss:Index="5"><Data ss:Type="String">These are city names, please transcribe - e.g. to Cyrillic - but do not localize</Data></Cell>
   </Row>
   <Row ss:AutoFitHeight="0">
    <Cell><Data ss:Type="String">OATHBOUND</Data></Cell>
    <Cell><Data ss:Type="String">CITY_NAME_46</Data></Cell>
    <Cell><Data ss:Type="String">Mimbres View</Data></Cell>
    <Cell ss:Index="5"><Data ss:Type="String">These are city names, please transcribe - e.g. to Cyrillic - but do not localize</Data></Cell>
   </Row>
   <Row ss:AutoFitHeight="0">
    <Cell><Data ss:Type="String">OATHBOUND</Data></Cell>
    <Cell><Data ss:Type="String">CITY_NAME_47</Data></Cell>
    <Cell><Data ss:Type="String">Radclyffee’s Hope</Data></Cell>
    <Cell ss:Index="5"><Data ss:Type="String">These are city names, please transcribe - e.g. to Cyrillic - but do not localize</Data></Cell>
   </Row>
   <Row ss:AutoFitHeight="0">
    <Cell><Data ss:Type="String">OATHBOUND</Data></Cell>
    <Cell><Data ss:Type="String">CITY_NAME_48</Data></Cell>
    <Cell><Data ss:Type="String">Promise of the Paladin</Data></Cell>
    <Cell ss:Index="5"><Data ss:Type="String">These are city names, please transcribe - e.g. to Cyrillic - but do not localize</Data></Cell>
   </Row>
   <Row ss:AutoFitHeight="0">
    <Cell><Data ss:Type="String">OATHBOUND</Data></Cell>
    <Cell><Data ss:Type="String">CITY_NAME_49</Data></Cell>
    <Cell><Data ss:Type="String">New Mercia</Data></Cell>
    <Cell ss:Index="5"><Data ss:Type="String">These are city names, please transcribe - e.g. to Cyrillic - but do not localize</Data></Cell>
   </Row>
   <Row ss:AutoFitHeight="0">
    <Cell><Data ss:Type="String">OATHBOUND</Data></Cell>
    <Cell><Data ss:Type="String">CITY_NAME_50</Data></Cell>
    <Cell><Data ss:Type="String">South Point</Data></Cell>
    <Cell ss:Index="5"><Data ss:Type="String">These are city names, please transcribe - e.g. to Cyrillic - but do not localize</Data></Cell>
   </Row>
   <Row ss:AutoFitHeight="0">
    <Cell><Data ss:Type="String">OATHBOUND</Data></Cell>
    <Cell><Data ss:Type="String">CITY_NAME_51</Data></Cell>
    <Cell><Data ss:Type="String">Library of Yesteryear</Data></Cell>
    <Cell ss:Index="5"><Data ss:Type="String">These are city names, please transcribe - e.g. to Cyrillic - but do not localize</Data></Cell>
   </Row>
   <Row ss:AutoFitHeight="0">
    <Cell><Data ss:Type="String">OATHBOUND</Data></Cell>
    <Cell><Data ss:Type="String">CITY_NAME_52</Data></Cell>
    <Cell><Data ss:Type="String">Erigan’s Folly</Data></Cell>
    <Cell ss:Index="5"><Data ss:Type="String">These are city names, please transcribe - e.g. to Cyrillic - but do not localize</Data></Cell>
   </Row>
   <Row ss:AutoFitHeight="0">
    <Cell><Data ss:Type="String">OATHBOUND</Data></Cell>
    <Cell><Data ss:Type="String">CITY_NAME_53</Data></Cell>
    <Cell><Data ss:Type="String">Westward Watch</Data></Cell>
    <Cell ss:Index="5"><Data ss:Type="String">These are city names, please transcribe - e.g. to Cyrillic - but do not localize</Data></Cell>
   </Row>
   <Row ss:AutoFitHeight="0">
    <Cell><Data ss:Type="String">OATHBOUND</Data></Cell>
    <Cell><Data ss:Type="String">CITY_NAME_54</Data></Cell>
    <Cell><Data ss:Type="String">Haven Spire</Data></Cell>
    <Cell ss:Index="5"><Data ss:Type="String">These are city names, please transcribe - e.g. to Cyrillic - but do not localize</Data></Cell>
   </Row>
   <Row ss:AutoFitHeight="0">
    <Cell><Data ss:Type="String">OATHBOUND</Data></Cell>
    <Cell><Data ss:Type="String">CITY_NAME_55</Data></Cell>
    <Cell><Data ss:Type="String">Archive of Oakfield</Data></Cell>
    <Cell ss:Index="5"><Data ss:Type="String">These are city names, please transcribe - e.g. to Cyrillic - but do not localize</Data></Cell>
   </Row>
   <Row ss:AutoFitHeight="0">
    <Cell><Data ss:Type="String">OATHBOUND</Data></Cell>
    <Cell><Data ss:Type="String">CITY_NAME_56</Data></Cell>
    <Cell><Data ss:Type="String">Wheldrake Folly</Data></Cell>
    <Cell ss:Index="5"><Data ss:Type="String">These are city names, please transcribe - e.g. to Cyrillic - but do not localize</Data></Cell>
   </Row>
   <Row ss:AutoFitHeight="0">
    <Cell><Data ss:Type="String">OATHBOUND</Data></Cell>
    <Cell><Data ss:Type="String">CITY_NAME_57</Data></Cell>
    <Cell><Data ss:Type="String">Carsen Hall</Data></Cell>
    <Cell ss:Index="5"><Data ss:Type="String">These are city names, please transcribe - e.g. to Cyrillic - but do not localize</Data></Cell>
   </Row>
   <Row ss:AutoFitHeight="0">
    <Cell><Data ss:Type="String">OATHBOUND</Data></Cell>
    <Cell><Data ss:Type="String">CITY_NAME_58</Data></Cell>
    <Cell><Data ss:Type="String">Library of Hightower</Data></Cell>
    <Cell ss:Index="5"><Data ss:Type="String">These are city names, please transcribe - e.g. to Cyrillic - but do not localize</Data></Cell>
   </Row>
   <Row ss:AutoFitHeight="0">
    <Cell><Data ss:Type="String">OATHBOUND</Data></Cell>
    <Cell><Data ss:Type="String">CITY_NAME_59</Data></Cell>
    <Cell><Data ss:Type="String">Archon Cove</Data></Cell>
    <Cell ss:Index="5"><Data ss:Type="String">These are city names, please transcribe - e.g. to Cyrillic - but do not localize</Data></Cell>
   </Row>
   <Row ss:AutoFitHeight="0">
    <Cell><Data ss:Type="String">OATHBOUND</Data></Cell>
    <Cell><Data ss:Type="String">CITY_NAME_60</Data></Cell>
    <Cell><Data ss:Type="String">Diviner’s Falls</Data></Cell>
    <Cell ss:Index="5"><Data ss:Type="String">These are city names, please transcribe - e.g. to Cyrillic - but do not localize</Data></Cell>
   </Row>
   <Row ss:AutoFitHeight="0">
    <Cell><Data ss:Type="String">OATHBOUND</Data></Cell>
    <Cell><Data ss:Type="String">CITY_NAME_61</Data></Cell>
    <Cell><Data ss:Type="String">Oracle Castelle</Data></Cell>
    <Cell ss:Index="5"><Data ss:Type="String">These are city names, please transcribe - e.g. to Cyrillic - but do not localize</Data></Cell>
   </Row>
   <Row ss:AutoFitHeight="0">
    <Cell><Data ss:Type="String">OATHBOUND</Data></Cell>
    <Cell><Data ss:Type="String">CITY_NAME_62</Data></Cell>
    <Cell><Data ss:Type="String">Gerad of Grail</Data></Cell>
    <Cell ss:Index="5"><Data ss:Type="String">These are city names, please transcribe - e.g. to Cyrillic - but do not localize</Data></Cell>
   </Row>
   <Row ss:AutoFitHeight="0">
    <Cell><Data ss:Type="String">OATHBOUND</Data></Cell>
    <Cell><Data ss:Type="String">CITY_NAME_63</Data></Cell>
    <Cell><Data ss:Type="String">Oathsworn Bastille</Data></Cell>
    <Cell ss:Index="5"><Data ss:Type="String">These are city names, please transcribe - e.g. to Cyrillic - but do not localize</Data></Cell>
   </Row>
   <Row ss:AutoFitHeight="0">
    <Cell><Data ss:Type="String">OATHBOUND</Data></Cell>
    <Cell><Data ss:Type="String">CITY_NAME_64</Data></Cell>
    <Cell><Data ss:Type="String">Great Archives</Data></Cell>
    <Cell ss:Index="5"><Data ss:Type="String">These are city names, please transcribe - e.g. to Cyrillic - but do not localize</Data></Cell>
   </Row>
   <Row ss:AutoFitHeight="0">
    <Cell><Data ss:Type="String">OATHBOUND</Data></Cell>
    <Cell><Data ss:Type="String">CITY_NAME_65</Data></Cell>
    <Cell><Data ss:Type="String">Gramercy Archives</Data></Cell>
    <Cell ss:Index="5"><Data ss:Type="String">These are city names, please transcribe - e.g. to Cyrillic - but do not localize</Data></Cell>
   </Row>
   <Row ss:AutoFitHeight="0">
    <Cell><Data ss:Type="String">OATHBOUND</Data></Cell>
    <Cell><Data ss:Type="String">CITY_NAME_66</Data></Cell>
    <Cell><Data ss:Type="String">Townsend Folly</Data></Cell>
    <Cell ss:Index="5"><Data ss:Type="String">These are city names, please transcribe - e.g. to Cyrillic - but do not localize</Data></Cell>
   </Row>
   <Row ss:AutoFitHeight="0">
    <Cell><Data ss:Type="String">OATHBOUND</Data></Cell>
    <Cell><Data ss:Type="String">CITY_NAME_67</Data></Cell>
    <Cell><Data ss:Type="String">True Spires Library</Data></Cell>
    <Cell ss:Index="5"><Data ss:Type="String">These are city names, please transcribe - e.g. to Cyrillic - but do not localize</Data></Cell>
   </Row>
   <Row ss:AutoFitHeight="0">
    <Cell><Data ss:Type="String">OATHBOUND</Data></Cell>
    <Cell><Data ss:Type="String">CITY_NAME_68</Data></Cell>
    <Cell><Data ss:Type="String">Akerse Avoidant</Data></Cell>
    <Cell ss:Index="5"><Data ss:Type="String">These are city names, please transcribe - e.g. to Cyrillic - but do not localize</Data></Cell>
   </Row>
   <Row ss:AutoFitHeight="0">
    <Cell><Data ss:Type="String">OATHBOUND</Data></Cell>
    <Cell><Data ss:Type="String">CITY_NAME_69</Data></Cell>
    <Cell><Data ss:Type="String">Upton Halls</Data></Cell>
    <Cell ss:Index="5"><Data ss:Type="String">These are city names, please transcribe - e.g. to Cyrillic - but do not localize</Data></Cell>
   </Row>
   <Row ss:AutoFitHeight="0">
    <Cell><Data ss:Type="String">OATHBOUND</Data></Cell>
    <Cell><Data ss:Type="String">CITY_NAME_70</Data></Cell>
    <Cell><Data ss:Type="String">Goodmane Point</Data></Cell>
    <Cell ss:Index="5"><Data ss:Type="String">These are city names, please transcribe - e.g. to Cyrillic - but do not localize</Data></Cell>
   </Row>
   <Row ss:AutoFitHeight="0">
    <Cell><Data ss:Type="String">OATHBOUND</Data></Cell>
    <Cell><Data ss:Type="String">CITY_NAME_71</Data></Cell>
    <Cell><Data ss:Type="String">Justice Bound</Data></Cell>
    <Cell ss:Index="5"><Data ss:Type="String">These are city names, please transcribe - e.g. to Cyrillic - but do not localize</Data></Cell>
   </Row>
   <Row ss:AutoFitHeight="0">
    <Cell><Data ss:Type="String">OATHBOUND</Data></Cell>
    <Cell><Data ss:Type="String">CITY_NAME_72</Data></Cell>
    <Cell><Data ss:Type="String">Earthen Palisades</Data></Cell>
    <Cell ss:Index="5"><Data ss:Type="String">These are city names, please transcribe - e.g. to Cyrillic - but do not localize</Data></Cell>
   </Row>
   <Row ss:AutoFitHeight="0">
    <Cell><Data ss:Type="String">OATHBOUND</Data></Cell>
    <Cell><Data ss:Type="String">CITY_NAME_73</Data></Cell>
    <Cell><Data ss:Type="String">Honor’s Respite</Data></Cell>
    <Cell ss:Index="5"><Data ss:Type="String">These are city names, please transcribe - e.g. to Cyrillic - but do not localize</Data></Cell>
   </Row>
   <Row ss:AutoFitHeight="0">
    <Cell><Data ss:Type="String">OATHBOUND</Data></Cell>
    <Cell><Data ss:Type="String">CITY_NAME_74</Data></Cell>
    <Cell><Data ss:Type="String">Skeram Watch</Data></Cell>
    <Cell ss:Index="5"><Data ss:Type="String">These are city names, please transcribe - e.g. to Cyrillic - but do not localize</Data></Cell>
   </Row>
   <Row ss:AutoFitHeight="0">
    <Cell><Data ss:Type="String">OATHBOUND</Data></Cell>
    <Cell><Data ss:Type="String">CITY_NAME_75</Data></Cell>
    <Cell><Data ss:Type="String">Hardhill Paladin Grounds</Data></Cell>
    <Cell ss:Index="5"><Data ss:Type="String">These are city names, please transcribe - e.g. to Cyrillic - but do not localize</Data></Cell>
   </Row>
   <Row ss:AutoFitHeight="0">
    <Cell><Data ss:Type="String">OATHBOUND</Data></Cell>
    <Cell><Data ss:Type="String">CITY_NAME_76</Data></Cell>
    <Cell><Data ss:Type="String">Seer Storm</Data></Cell>
    <Cell ss:Index="5"><Data ss:Type="String">These are city names, please transcribe - e.g. to Cyrillic - but do not localize</Data></Cell>
   </Row>
   <Row ss:AutoFitHeight="0">
    <Cell><Data ss:Type="String">OATHBOUND</Data></Cell>
    <Cell><Data ss:Type="String">CITY_NAME_77</Data></Cell>
    <Cell><Data ss:Type="String">Nerim Library</Data></Cell>
    <Cell ss:Index="5"><Data ss:Type="String">These are city names, please transcribe - e.g. to Cyrillic - but do not localize</Data></Cell>
   </Row>
   <Row ss:AutoFitHeight="0">
    <Cell><Data ss:Type="String">OATHBOUND</Data></Cell>
    <Cell><Data ss:Type="String">CITY_NAME_78</Data></Cell>
    <Cell><Data ss:Type="String">Mettle of Keldin</Data></Cell>
    <Cell ss:Index="5"><Data ss:Type="String">These are city names, please transcribe - e.g. to Cyrillic - but do not localize</Data></Cell>
   </Row>
   <Row ss:AutoFitHeight="0">
    <Cell><Data ss:Type="String">OATHBOUND</Data></Cell>
    <Cell><Data ss:Type="String">CITY_NAME_79</Data></Cell>
    <Cell><Data ss:Type="String">Bastion of House Tollere</Data></Cell>
    <Cell ss:Index="5"><Data ss:Type="String">These are city names, please transcribe - e.g. to Cyrillic - but do not localize</Data></Cell>
   </Row>
   <Row ss:AutoFitHeight="0">
    <Cell><Data ss:Type="String">OATHBOUND</Data></Cell>
    <Cell><Data ss:Type="String">CITY_NAME_80</Data></Cell>
    <Cell><Data ss:Type="String">Summer’s Cause</Data></Cell>
    <Cell ss:Index="5"><Data ss:Type="String">These are city names, please transcribe - e.g. to Cyrillic - but do not localize</Data></Cell>
   </Row>
   <Row ss:AutoFitHeight="0">
    <Cell><Data ss:Type="String">OATHBOUND</Data></Cell>
    <Cell><Data ss:Type="String">CITY_NAME_81</Data></Cell>
    <Cell><Data ss:Type="String">Memoriam Halls</Data></Cell>
    <Cell ss:Index="5"><Data ss:Type="String">These are city names, please transcribe - e.g. to Cyrillic - but do not localize</Data></Cell>
   </Row>
   <Row ss:AutoFitHeight="0">
    <Cell><Data ss:Type="String">OATHBOUND</Data></Cell>
    <Cell><Data ss:Type="String">CITY_NAME_82</Data></Cell>
    <Cell><Data ss:Type="String">Erigan Athenaeum</Data></Cell>
    <Cell ss:Index="5"><Data ss:Type="String">These are city names, please transcribe - e.g. to Cyrillic - but do not localize</Data></Cell>
   </Row>
   <Row ss:AutoFitHeight="0">
    <Cell><Data ss:Type="String">OATHBOUND</Data></Cell>
    <Cell><Data ss:Type="String">CITY_NAME_83</Data></Cell>
    <Cell><Data ss:Type="String">Woodwarde Bastion</Data></Cell>
    <Cell ss:Index="5"><Data ss:Type="String">These are city names, please transcribe - e.g. to Cyrillic - but do not localize</Data></Cell>
   </Row>
   <Row ss:AutoFitHeight="0">
    <Cell><Data ss:Type="String">OATHBOUND</Data></Cell>
    <Cell><Data ss:Type="String">CITY_NAME_84</Data></Cell>
    <Cell><Data ss:Type="String">Ragsdell Archives</Data></Cell>
    <Cell ss:Index="5"><Data ss:Type="String">These are city names, please transcribe - e.g. to Cyrillic - but do not localize</Data></Cell>
   </Row>
   <Row ss:AutoFitHeight="0">
    <Cell><Data ss:Type="String">OATHBOUND</Data></Cell>
    <Cell><Data ss:Type="String">CITY_NAME_85</Data></Cell>
    <Cell><Data ss:Type="String">Arden’s Oath</Data></Cell>
    <Cell ss:Index="5"><Data ss:Type="String">These are city names, please transcribe - e.g. to Cyrillic - but do not localize</Data></Cell>
   </Row>
   <Row ss:AutoFitHeight="0">
    <Cell><Data ss:Type="String">OATHBOUND</Data></Cell>
    <Cell><Data ss:Type="String">CITY_NAME_86</Data></Cell>
    <Cell><Data ss:Type="String">Herzog View</Data></Cell>
    <Cell ss:Index="5"><Data ss:Type="String">These are city names, please transcribe - e.g. to Cyrillic - but do not localize</Data></Cell>
   </Row>
   <Row ss:AutoFitHeight="0">
    <Cell><Data ss:Type="String">OATHBOUND</Data></Cell>
    <Cell><Data ss:Type="String">CITY_NAME_87</Data></Cell>
    <Cell><Data ss:Type="String">Hedley Stenburg</Data></Cell>
    <Cell ss:Index="5"><Data ss:Type="String">These are city names, please transcribe - e.g. to Cyrillic - but do not localize</Data></Cell>
   </Row>
   <Row ss:AutoFitHeight="0">
    <Cell><Data ss:Type="String">OATHBOUND</Data></Cell>
    <Cell><Data ss:Type="String">CITY_NAME_88</Data></Cell>
    <Cell><Data ss:Type="String">North Watch</Data></Cell>
    <Cell ss:Index="5"><Data ss:Type="String">These are city names, please transcribe - e.g. to Cyrillic - but do not localize</Data></Cell>
   </Row>
   <Row ss:AutoFitHeight="0">
    <Cell><Data ss:Type="String">OATHBOUND</Data></Cell>
    <Cell><Data ss:Type="String">CITY_NAME_89</Data></Cell>
    <Cell><Data ss:Type="String">Saewine Palisades</Data></Cell>
    <Cell ss:Index="5"><Data ss:Type="String">These are city names, please transcribe - e.g. to Cyrillic - but do not localize</Data></Cell>
   </Row>
   <Row ss:AutoFitHeight="0">
    <Cell><Data ss:Type="String">OATHBOUND</Data></Cell>
    <Cell><Data ss:Type="String">CITY_NAME_90</Data></Cell>
    <Cell><Data ss:Type="String">Coraith’s Refuge</Data></Cell>
    <Cell ss:Index="5"><Data ss:Type="String">These are city names, please transcribe - e.g. to Cyrillic - but do not localize</Data></Cell>
   </Row>
   <Row ss:AutoFitHeight="0">
    <Cell><Data ss:Type="String">OATHBOUND</Data></Cell>
    <Cell><Data ss:Type="String">CITY_NAME_91</Data></Cell>
    <Cell><Data ss:Type="String">Alurra Archives</Data></Cell>
    <Cell ss:Index="5"><Data ss:Type="String">These are city names, please transcribe - e.g. to Cyrillic - but do not localize</Data></Cell>
   </Row>
   <Row ss:AutoFitHeight="0">
    <Cell><Data ss:Type="String">OATHBOUND</Data></Cell>
    <Cell><Data ss:Type="String">CITY_NAME_92</Data></Cell>
    <Cell><Data ss:Type="String">Walmsley Storm Hold</Data></Cell>
    <Cell ss:Index="5"><Data ss:Type="String">These are city names, please transcribe - e.g. to Cyrillic - but do not localize</Data></Cell>
   </Row>
   <Row ss:AutoFitHeight="0">
    <Cell><Data ss:Type="String">OATHBOUND</Data></Cell>
    <Cell><Data ss:Type="String">CITY_NAME_93</Data></Cell>
    <Cell><Data ss:Type="String">Neverim Keep</Data></Cell>
    <Cell ss:Index="5"><Data ss:Type="String">These are city names, please transcribe - e.g. to Cyrillic - but do not localize</Data></Cell>
   </Row>
   <Row ss:AutoFitHeight="0">
    <Cell><Data ss:Type="String">OATHBOUND</Data></Cell>
    <Cell><Data ss:Type="String">CITY_NAME_94</Data></Cell>
    <Cell><Data ss:Type="String">Castrum Burg</Data></Cell>
    <Cell ss:Index="5"><Data ss:Type="String">These are city names, please transcribe - e.g. to Cyrillic - but do not localize</Data></Cell>
   </Row>
   <Row ss:AutoFitHeight="0">
    <Cell><Data ss:Type="String">OATHBOUND</Data></Cell>
    <Cell><Data ss:Type="String">CITY_NAME_95</Data></Cell>
    <Cell><Data ss:Type="String">Hardhill Memoriam</Data></Cell>
    <Cell ss:Index="5"><Data ss:Type="String">These are city names, please transcribe - e.g. to Cyrillic - but do not localize</Data></Cell>
   </Row>
   <Row ss:AutoFitHeight="0">
    <Cell><Data ss:Type="String">OATHBOUND</Data></Cell>
    <Cell><Data ss:Type="String">CITY_NAME_96</Data></Cell>
    <Cell><Data ss:Type="String">Adaire’s Promise</Data></Cell>
    <Cell ss:Index="5"><Data ss:Type="String">These are city names, please transcribe - e.g. to Cyrillic - but do not localize</Data></Cell>
   </Row>
   <Row ss:AutoFitHeight="0">
    <Cell><Data ss:Type="String">OATHBOUND</Data></Cell>
    <Cell><Data ss:Type="String">CITY_NAME_97</Data></Cell>
    <Cell><Data ss:Type="String">Payton’s Oath</Data></Cell>
    <Cell ss:Index="5"><Data ss:Type="String">These are city names, please transcribe - e.g. to Cyrillic - but do not localize</Data></Cell>
   </Row>
   <Row ss:AutoFitHeight="0">
    <Cell><Data ss:Type="String">OATHBOUND</Data></Cell>
    <Cell><Data ss:Type="String">CITY_NAME_98</Data></Cell>
    <Cell><Data ss:Type="String">Torchen</Data></Cell>
    <Cell ss:Index="5"><Data ss:Type="String">These are city names, please transcribe - e.g. to Cyrillic - but do not localize</Data></Cell>
   </Row>
   <Row ss:AutoFitHeight="0">
    <Cell><Data ss:Type="String">OATHBOUND</Data></Cell>
    <Cell><Data ss:Type="String">CITY_NAME_99</Data></Cell>
    <Cell><Data ss:Type="String">Swordsworn Clearfall</Data></Cell>
    <Cell ss:Index="5"><Data ss:Type="String">These are city names, please transcribe - e.g. to Cyrillic - but do not localize</Data></Cell>
   </Row>
   <Row ss:AutoFitHeight="0">
    <Cell><Data ss:Type="String">OATHBOUND</Data></Cell>
    <Cell><Data ss:Type="String">UNIT_NAME_01</Data></Cell>
    <Cell><Data ss:Type="String">Sintonizado</Data></Cell>
    <Cell ss:Index="5"><Data ss:Type="String">These are names given to units which have mods - improvements, like explosive ammo - applied to them.</Data></Cell>
   </Row>
   <Row ss:AutoFitHeight="0">
    <Cell><Data ss:Type="String">OATHBOUND</Data></Cell>
    <Cell><Data ss:Type="String">UNIT_NAME_02</Data></Cell>
    <Cell><Data ss:Type="String">Autotômico</Data></Cell>
    <Cell ss:Index="5"><Data ss:Type="String">These are names given to units which have mods - improvements, like explosive ammo - applied to them.</Data></Cell>
   </Row>
   <Row ss:AutoFitHeight="0">
    <Cell><Data ss:Type="String">OATHBOUND</Data></Cell>
    <Cell><Data ss:Type="String">UNIT_NAME_03</Data></Cell>
    <Cell><Data ss:Type="String">Brilhante</Data></Cell>
    <Cell ss:Index="5"><Data ss:Type="String">These are names given to units which have mods - improvements, like explosive ammo - applied to them.</Data></Cell>
   </Row>
   <Row ss:AutoFitHeight="0">
    <Cell><Data ss:Type="String">OATHBOUND</Data></Cell>
    <Cell><Data ss:Type="String">UNIT_NAME_04</Data></Cell>
    <Cell><Data ss:Type="String">Sangue-Frio</Data></Cell>
    <Cell ss:Index="5"><Data ss:Type="String">These are names given to units which have mods - improvements, like explosive ammo - applied to them.</Data></Cell>
   </Row>
   <Row ss:AutoFitHeight="0">
    <Cell><Data ss:Type="String">OATHBOUND</Data></Cell>
    <Cell><Data ss:Type="String">UNIT_NAME_05</Data></Cell>
    <Cell><Data ss:Type="String">Imponente</Data></Cell>
    <Cell ss:Index="5"><Data ss:Type="String">These are names given to units which have mods - improvements, like explosive ammo - applied to them.</Data></Cell>
   </Row>
   <Row ss:AutoFitHeight="0">
    <Cell><Data ss:Type="String">OATHBOUND</Data></Cell>
    <Cell><Data ss:Type="String">UNIT_NAME_06</Data></Cell>
    <Cell><Data ss:Type="String">Controlado</Data></Cell>
    <Cell ss:Index="5"><Data ss:Type="String">These are names given to units which have mods - improvements, like explosive ammo - applied to them.</Data></Cell>
   </Row>
   <Row ss:AutoFitHeight="0">
    <Cell><Data ss:Type="String">OATHBOUND</Data></Cell>
    <Cell><Data ss:Type="String">UNIT_NAME_07</Data></Cell>
    <Cell><Data ss:Type="String">Cristado</Data></Cell>
    <Cell ss:Index="5"><Data ss:Type="String">These are names given to units which have mods - improvements, like explosive ammo - applied to them.</Data></Cell>
   </Row>
   <Row ss:AutoFitHeight="0">
    <Cell><Data ss:Type="String">OATHBOUND</Data></Cell>
    <Cell><Data ss:Type="String">UNIT_NAME_08</Data></Cell>
    <Cell><Data ss:Type="String">Dominador</Data></Cell>
    <Cell ss:Index="5"><Data ss:Type="String">These are names given to units which have mods - improvements, like explosive ammo - applied to them.</Data></Cell>
   </Row>
   <Row ss:AutoFitHeight="0">
    <Cell><Data ss:Type="String">OATHBOUND</Data></Cell>
    <Cell><Data ss:Type="String">UNIT_NAME_09</Data></Cell>
    <Cell><Data ss:Type="String">Autoritário</Data></Cell>
    <Cell ss:Index="5"><Data ss:Type="String">These are names given to units which have mods - improvements, like explosive ammo - applied to them.</Data></Cell>
   </Row>
   <Row ss:AutoFitHeight="0">
    <Cell><Data ss:Type="String">OATHBOUND</Data></Cell>
    <Cell><Data ss:Type="String">UNIT_NAME_10</Data></Cell>
    <Cell><Data ss:Type="String">Iluminado</Data></Cell>
    <Cell ss:Index="5"><Data ss:Type="String">These are names given to units which have mods - improvements, like explosive ammo - applied to them.</Data></Cell>
   </Row>
   <Row ss:AutoFitHeight="0">
    <Cell><Data ss:Type="String">OATHBOUND</Data></Cell>
    <Cell><Data ss:Type="String">UNIT_NAME_11</Data></Cell>
    <Cell><Data ss:Type="String">Epimórfico</Data></Cell>
    <Cell ss:Index="5"><Data ss:Type="String">These are names given to units which have mods - improvements, like explosive ammo - applied to them.</Data></Cell>
   </Row>
   <Row ss:AutoFitHeight="0">
    <Cell><Data ss:Type="String">OATHBOUND</Data></Cell>
    <Cell><Data ss:Type="String">UNIT_NAME_12</Data></Cell>
    <Cell><Data ss:Type="String">Dourado</Data></Cell>
    <Cell ss:Index="5"><Data ss:Type="String">These are names given to units which have mods - improvements, like explosive ammo - applied to them.</Data></Cell>
   </Row>
   <Row ss:AutoFitHeight="0">
    <Cell><Data ss:Type="String">OATHBOUND</Data></Cell>
    <Cell><Data ss:Type="String">UNIT_NAME_13</Data></Cell>
    <Cell><Data ss:Type="String">Reluzente</Data></Cell>
    <Cell ss:Index="5"><Data ss:Type="String">These are names given to units which have mods - improvements, like explosive ammo - applied to them.</Data></Cell>
   </Row>
   <Row ss:AutoFitHeight="0">
    <Cell><Data ss:Type="String">OATHBOUND</Data></Cell>
    <Cell><Data ss:Type="String">UNIT_NAME_14</Data></Cell>
    <Cell><Data ss:Type="String">Glorioso</Data></Cell>
    <Cell ss:Index="5"><Data ss:Type="String">These are names given to units which have mods - improvements, like explosive ammo - applied to them.</Data></Cell>
   </Row>
   <Row ss:AutoFitHeight="0">
    <Cell><Data ss:Type="String">OATHBOUND</Data></Cell>
    <Cell><Data ss:Type="String">UNIT_NAME_15</Data></Cell>
    <Cell><Data ss:Type="String">Honrado</Data></Cell>
    <Cell ss:Index="5"><Data ss:Type="String">These are names given to units which have mods - improvements, like explosive ammo - applied to them.</Data></Cell>
   </Row>
   <Row ss:AutoFitHeight="0">
    <Cell><Data ss:Type="String">OATHBOUND</Data></Cell>
    <Cell><Data ss:Type="String">UNIT_NAME_16</Data></Cell>
    <Cell><Data ss:Type="String">Marfim</Data></Cell>
    <Cell ss:Index="5"><Data ss:Type="String">These are names given to units which have mods - improvements, like explosive ammo - applied to them.</Data></Cell>
   </Row>
   <Row ss:AutoFitHeight="0">
    <Cell><Data ss:Type="String">OATHBOUND</Data></Cell>
    <Cell><Data ss:Type="String">UNIT_NAME_17</Data></Cell>
    <Cell><Data ss:Type="String">Majestoso</Data></Cell>
    <Cell ss:Index="5"><Data ss:Type="String">These are names given to units which have mods - improvements, like explosive ammo - applied to them.</Data></Cell>
   </Row>
   <Row ss:AutoFitHeight="0">
    <Cell><Data ss:Type="String">OATHBOUND</Data></Cell>
    <Cell><Data ss:Type="String">UNIT_NAME_18</Data></Cell>
    <Cell><Data ss:Type="String">Nobre</Data></Cell>
    <Cell ss:Index="5"><Data ss:Type="String">These are names given to units which have mods - improvements, like explosive ammo - applied to them.</Data></Cell>
   </Row>
   <Row ss:AutoFitHeight="0">
    <Cell><Data ss:Type="String">OATHBOUND</Data></Cell>
    <Cell><Data ss:Type="String">UNIT_NAME_19</Data></Cell>
    <Cell><Data ss:Type="String">Pretendente</Data></Cell>
    <Cell ss:Index="5"><Data ss:Type="String">These are names given to units which have mods - improvements, like explosive ammo - applied to them.</Data></Cell>
   </Row>
   <Row ss:AutoFitHeight="0">
    <Cell><Data ss:Type="String">OATHBOUND</Data></Cell>
    <Cell><Data ss:Type="String">UNIT_NAME_20</Data></Cell>
    <Cell><Data ss:Type="String">Reptiliano</Data></Cell>
    <Cell ss:Index="5"><Data ss:Type="String">These are names given to units which have mods - improvements, like explosive ammo - applied to them.</Data></Cell>
   </Row>
   <Row ss:AutoFitHeight="0">
    <Cell><Data ss:Type="String">OATHBOUND</Data></Cell>
    <Cell><Data ss:Type="String">UNIT_NAME_21</Data></Cell>
    <Cell><Data ss:Type="String">Real</Data></Cell>
    <Cell ss:Index="5"><Data ss:Type="String">These are names given to units which have mods - improvements, like explosive ammo - applied to them.</Data></Cell>
   </Row>
   <Row ss:AutoFitHeight="0">
    <Cell><Data ss:Type="String">OATHBOUND</Data></Cell>
    <Cell><Data ss:Type="String">UNIT_NAME_22</Data></Cell>
    <Cell><Data ss:Type="String">Escamado</Data></Cell>
    <Cell ss:Index="5"><Data ss:Type="String">These are names given to units which have mods - improvements, like explosive ammo - applied to them.</Data></Cell>
   </Row>
   <Row ss:AutoFitHeight="0">
    <Cell><Data ss:Type="String">OATHBOUND</Data></Cell>
    <Cell><Data ss:Type="String">UNIT_NAME_23</Data></Cell>
    <Cell><Data ss:Type="String">Língua Afiada</Data></Cell>
    <Cell ss:Index="5"><Data ss:Type="String">These are names given to units which have mods - improvements, like explosive ammo - applied to them.</Data></Cell>
   </Row>
   <Row ss:AutoFitHeight="0">
    <Cell><Data ss:Type="String">OATHBOUND</Data></Cell>
    <Cell><Data ss:Type="String">UNIT_NAME_24</Data></Cell>
    <Cell><Data ss:Type="String">Cintilante</Data></Cell>
    <Cell ss:Index="5"><Data ss:Type="String">These are names given to units which have mods - improvements, like explosive ammo - applied to them.</Data></Cell>
   </Row>
   <Row ss:AutoFitHeight="0">
    <Cell><Data ss:Type="String">OATHBOUND</Data></Cell>
    <Cell><Data ss:Type="String">UNIT_NAME_25</Data></Cell>
    <Cell><Data ss:Type="String">Prateado</Data></Cell>
    <Cell ss:Index="5"><Data ss:Type="String">These are names given to units which have mods - improvements, like explosive ammo - applied to them.</Data></Cell>
   </Row>
   <Row ss:AutoFitHeight="0">
    <Cell><Data ss:Type="String">OATHBOUND</Data></Cell>
    <Cell><Data ss:Type="String">UNIT_NAME_26</Data></Cell>
    <Cell><Data ss:Type="String">Estratégico</Data></Cell>
    <Cell ss:Index="5"><Data ss:Type="String">These are names given to units which have mods - improvements, like explosive ammo - applied to them.</Data></Cell>
   </Row>
   <Row ss:AutoFitHeight="0">
    <Cell><Data ss:Type="String">OATHBOUND</Data></Cell>
    <Cell><Data ss:Type="String">UNIT_NAME_27</Data></Cell>
    <Cell><Data ss:Type="String">Subjugador</Data></Cell>
    <Cell ss:Index="5"><Data ss:Type="String">These are names given to units which have mods - improvements, like explosive ammo - applied to them.</Data></Cell>
   </Row>
   <Row ss:AutoFitHeight="0">
    <Cell><Data ss:Type="String">OATHBOUND</Data></Cell>
    <Cell><Data ss:Type="String">UNIT_NAME_28</Data></Cell>
    <Cell><Data ss:Type="String">Titânio</Data></Cell>
    <Cell ss:Index="5"><Data ss:Type="String">These are names given to units which have mods - improvements, like explosive ammo - applied to them.</Data></Cell>
   </Row>
   <Row ss:AutoFitHeight="0">
    <Cell><Data ss:Type="String">OATHBOUND</Data></Cell>
    <Cell><Data ss:Type="String">UNIT_NAME_29</Data></Cell>
    <Cell><Data ss:Type="String">Triunfante</Data></Cell>
    <Cell ss:Index="5"><Data ss:Type="String">These are names given to units which have mods - improvements, like explosive ammo - applied to them.</Data></Cell>
   </Row>
   <Row ss:AutoFitHeight="0">
    <Cell><Data ss:Type="String">OATHBOUND</Data></Cell>
    <Cell><Data ss:Type="String">UNIT_NAME_30</Data></Cell>
    <Cell><Data ss:Type="String">Traidor</Data></Cell>
    <Cell ss:Index="5"><Data ss:Type="String">These are names given to units which have mods - improvements, like explosive ammo - applied to them.</Data></Cell>
   </Row>
   <Row ss:AutoFitHeight="0">
    <Cell><Data ss:Type="String">OATHBOUND</Data></Cell>
    <Cell><Data ss:Type="String">UNIT_NAME_31</Data></Cell>
    <Cell><Data ss:Type="String">Duplo</Data></Cell>
    <Cell ss:Index="5"><Data ss:Type="String">These are names given to units which have mods - improvements, like explosive ammo - applied to them.</Data></Cell>
   </Row>
   <Row ss:AutoFitHeight="0">
    <Cell><Data ss:Type="String">OATHBOUND</Data></Cell>
    <Cell><Data ss:Type="String">UNIT_NAME_32</Data></Cell>
    <Cell><Data ss:Type="String">Ultrassônico</Data></Cell>
    <Cell ss:Index="5"><Data ss:Type="String">These are names given to units which have mods - improvements, like explosive ammo - applied to them.</Data></Cell>
   </Row>
   <Row ss:AutoFitHeight="0">
    <Cell><Data ss:Type="String">OATHBOUND</Data></Cell>
    <Cell><Data ss:Type="String">UNIT_NAME_33</Data></Cell>
    <Cell><Data ss:Type="String">Desvelado</Data></Cell>
    <Cell ss:Index="5"><Data ss:Type="String">These are names given to units which have mods - improvements, like explosive ammo - applied to them.</Data></Cell>
   </Row>
   <Row ss:AutoFitHeight="0">
    <Cell><Data ss:Type="String">OATHBOUND</Data></Cell>
    <Cell><Data ss:Type="String">UNIT_NAME_34</Data></Cell>
    <Cell><Data ss:Type="String">Nascido da Guerra</Data></Cell>
    <Cell ss:Index="5"><Data ss:Type="String">These are names given to units which have mods - improvements, like explosive ammo - applied to them.</Data></Cell>
   </Row>
   <Row ss:AutoFitHeight="0">
    <Cell><Data ss:Type="String">OATHBOUND</Data></Cell>
    <Cell><Data ss:Type="String">UNIT_NAME_35</Data></Cell>
    <Cell><Data ss:Type="String">Aquático</Data></Cell>
    <Cell ss:Index="5"><Data ss:Type="String">These are names given to units which have mods - improvements, like explosive ammo - applied to them.</Data></Cell>
   </Row>
  </Table>
  <WorksheetOptions xmlns="urn:schemas-microsoft-com:office:excel">
   <Unsynced/>
   <Print>
    <ValidPrinterInfo/>
    <PaperSizeIndex>9</PaperSizeIndex>
    <HorizontalResolution>300</HorizontalResolution>
    <VerticalResolution>300</VerticalResolution>
   </Print>
   <Zoom>85</Zoom>
   <Selected/>
   <Panes>
    <Pane>
     <Number>3</Number>
     <ActiveRow>9</ActiveRow>
     <ActiveCol>4</ActiveCol>
    </Pane>
   </Panes>
   <ProtectObjects>False</ProtectObjects>
   <ProtectScenarios>False</ProtectScenarios>
  </WorksheetOptions>
 </Worksheet>
</Workbook>