<?xml version='1.0' encoding='UTF-8'?>
<?mso-application progid="Excel.Sheet"?><Workbook xmlns="urn:schemas-microsoft-com:office:spreadsheet" xmlns:o="urn:schemas-microsoft-com:office:office" xmlns:x="urn:schemas-microsoft-com:office:excel" xmlns:ss="urn:schemas-microsoft-com:office:spreadsheet" xmlns:html="http://www.w3.org/TR/REC-html40">
 <DocumentProperties xmlns="urn:schemas-microsoft-com:office:office">
  <LastAuthor>Jakob Matthes</LastAuthor>
  <LastSaved>2020-08-07T14:27:45Z</LastSaved>
  <Version>16.00</Version>
 </DocumentProperties>
 <OfficeDocumentSettings xmlns="urn:schemas-microsoft-com:office:office">
  <AllowPNG/>
 </OfficeDocumentSettings>
 <ExcelWorkbook xmlns="urn:schemas-microsoft-com:office:excel">
  <WindowHeight>14265</WindowHeight>
  <WindowWidth>28770</WindowWidth>
  <WindowTopX>32767</WindowTopX>
  <WindowTopY>32767</WindowTopY>
  <RefModeR1C1/>
  <ProtectStructure>False</ProtectStructure>
  <ProtectWindows>False</ProtectWindows>
 </ExcelWorkbook>
 <Styles>
  <Style ss:ID="Default" ss:Name="Normal">
   <Alignment ss:Vertical="Bottom"/>
   <Borders/>
   <Font ss:FontName="Calibri" x:Family="Swiss" ss:Size="11" ss:Color="#000000"/>
   <Interior/>
   <NumberFormat/>
   <Protection/>
  </Style>
  <Style ss:ID="s62">
   <Alignment ss:Vertical="Top" ss:WrapText="1"/>
  </Style>
 </Styles>
 <Worksheet ss:Name="Script">
  <Table ss:ExpandedColumnCount="6" ss:ExpandedRowCount="32" x:FullColumns="1" x:FullRows="1" ss:StyleID="s62" ss:DefaultRowHeight="15">
   <Column ss:StyleID="s62" ss:AutoFitWidth="0" ss:Width="219"/>
   <Column ss:StyleID="s62" ss:Width="66.75"/>
   <Column ss:StyleID="s62" ss:AutoFitWidth="0" ss:Width="477"/>
   <Column ss:StyleID="s62" ss:Width="150"/>
   <Column ss:StyleID="s62" ss:AutoFitWidth="0" ss:Width="302.25"/>
   <Column ss:StyleID="s62" ss:Width="94.5"/>
   <Row ss:Height="60">
    <Cell><Data ss:Type="String">SCENARIODEFINITIONS_DLC05CAMPAIGN</Data></Cell>
    <Cell ss:Index="5"><Data ss:Type="String">The DEV TEAM / MISC NOTES column contains info on what text between { } signs means (if applicable). It usually stands for either a numeric value, or a numeric value with an icon. Text between [ ] signs stands for a certain type of icon. </Data></Cell>
   </Row>
   <Row ss:Height="30">
    <Cell><Data ss:Type="String">SCENE ID</Data></Cell>
    <Cell><Data ss:Type="String">TEXT ID</Data></Cell>
    <Cell><Data ss:Type="String">ENGLISH STRING</Data></Cell>
    <Cell><Data ss:Type="String">ALTERNATIVE ENGLISH STRING</Data></Cell>
    <Cell><Data ss:Type="String">LOCALIZATION NOTES</Data></Cell>
    <Cell><Data ss:Type="String">DEV TEAM / MISC NOTES</Data></Cell>
   </Row>
   <Row ss:Height="135">
    <Cell ss:Index="5"><Data ss:Type="String">General Loca Notes for this XML: For references to game terminology and in-world references, please check the glossary delivered as part of the documentation.

In the text below, text is spoken by a character who can be either male or female (except for Amazon, which is always female). If relevant for translation, please use the ‘localized string’ column for the male text and the ‘alternative localized string’ column for the female text.</Data></Cell>
   </Row>
   <Row>
    <Cell><Data ss:Type="String">MISSION_ORDER01</Data></Cell>
    <Cell><Data ss:Type="String">DESCRIPTION</Data></Cell>
    <Cell><Data ss:Type="String">Um paladino aspirante é enviado para proteger uma colônia perdida.</Data></Cell>
    <Cell ss:Index="5"><Data ss:Type="String">For "Paladin" see the corresponding entry in the glossary.</Data></Cell>
   </Row>
   <Row>
    <Cell><Data ss:Type="String">ORDER01_BRIEFING_DEFAULT_PAGE01</Data></Cell>
    <Cell><Data ss:Type="String">NAME</Data></Cell>
    <Cell><Data ss:Type="String">Testemunho de um Oathbound - Dia 1, Estrofe 13</Data></Cell>
    <Cell ss:Index="5"><Data ss:Type="String">"Oathbound" is the name of the new race.</Data></Cell>
   </Row>
   <Row ss:Height="75">
    <Cell><Data ss:Type="String">ORDER01_BRIEFING_DEFAULT_PAGE01</Data></Cell>
    <Cell><Data ss:Type="String">BRIEFING</Data></Cell>
    <Cell><Data ss:Type="String">Eu me comprometo, de agora e para sempre, com a proteção e as necessidades dos fracos e dos pobres. Como Paladino, seguirei a sabedoria dos Videntes e temerei as vozes da ganância e da imodéstia que tentarão me levar a me colocar acima dos outros. Juro usar esta armadura de batalha para semear ordem onde a queda da Star Union colheu o caos, e capturar a paz onde o Cataclismo libertou a guerra. A partir deste dia, sou um Oathbound.</Data></Cell>
    <Cell ss:Index="5"><Data ss:Type="String">All Paladins are wearing battle-suits. It's the equivalent of a knight's armor.</Data></Cell>
    <Cell><Data ss:Type="String">VO: Male or Female Oathbound</Data></Cell>
   </Row>
   <Row>
    <Cell><Data ss:Type="String">ORDER01_BRIEFING_DEFAULT_PAGE02</Data></Cell>
    <Cell><Data ss:Type="String">NAME</Data></Cell>
    <Cell><Data ss:Type="String">Testemunho de um Oathbound - Dia 264, Estrofe 7</Data></Cell>
   </Row>
   <Row ss:Height="120">
    <Cell><Data ss:Type="String">ORDER01_BRIEFING_DEFAULT_PAGE02</Data></Cell>
    <Cell><Data ss:Type="String">BRIEFING</Data></Cell>
    <Cell><Data ss:Type="String">Após o sacrifício heroico de Equis Arrethorn em Atrium Alpha, o Alto Paladius e seus Videntes começaram a procurar uma alma digna para suceder Arrethorn no Círculo dos Heróis. Eles anunciaram um “Chamado à Bravura”, uma disputa amigável onde paladinos aspirantes podem competir para provar sua virtude e coragem. Estou entre os poucos escolhidos admitidos em sua fase final.</Data></Cell>
    <Cell ss:Index="5"><Data ss:Type="String">"Equis" is a title given to Paladins ruling a planet.
"Arrethorn" is the name of a male Oathbound character.
"Atrium Alpha" is the name of a planet.
"High Paladius" is the title of the highest-ranking Paladin.
For "Seers" see the corresponding entry in the glossary.
For "Circle of Heroes" see the corresponding entry in the glossary.
"Calling of Bravery" is the name of a competition.</Data></Cell>
    <Cell><Data ss:Type="String">VO: Male or Female Oathbound</Data></Cell>
   </Row>
   <Row>
    <Cell><Data ss:Type="String">ORDER01_BRIEFING_DEFAULT_PAGE03</Data></Cell>
    <Cell><Data ss:Type="String">NAME</Data></Cell>
    <Cell><Data ss:Type="String">Testemunho de um Oathbound - Dia 292, Estrofe 1</Data></Cell>
   </Row>
   <Row ss:Height="75">
    <Cell><Data ss:Type="String">ORDER01_BRIEFING_DEFAULT_PAGE03</Data></Cell>
    <Cell><Data ss:Type="String">BRIEFING</Data></Cell>
    <Cell><Data ss:Type="String">A última rodada do torneio me leva ao Equisat de Verdrice, um planeta rural outrora projetado pela Star Union para se tornar um centro agrícola hiperfertilizado. Como meus competidores enviados a outros planetas, fui incumbido de buscar nossas colônias existentes no Equisat de Verdrice, proteger seus cidadãos de todo perigo e construir um enclave próspero de paz e prosperidade. Um Vidente acompanhante será meu juiz de honra.</Data></Cell>
    <Cell ss:Index="5"><Data ss:Type="String">"Equisat" is the name the Oathbound give to a planet ruled by an Equis. In this case "Equisat of Verdrice" means the planet is governed by "Equis Verdrice", where "Verdrice" is the last name of that character.</Data></Cell>
    <Cell><Data ss:Type="String">VO: Male or Female Oathbound</Data></Cell>
   </Row>
   <Row>
    <Cell><Data ss:Type="String">ORDER01_PLANETFALL_DEFAULT</Data></Cell>
    <Cell><Data ss:Type="String">NAME</Data></Cell>
    <Cell><Data ss:Type="String">Testemunho de um Oathbound - Dia 297, Estrofe 25</Data></Cell>
   </Row>
   <Row ss:Height="60">
    <Cell><Data ss:Type="String">ORDER01_PLANETFALL_DEFAULT</Data></Cell>
    <Cell><Data ss:Type="String">BRIEFING</Data></Cell>
    <Cell><Data ss:Type="String">Nossa nave está se aproximando da órbita de nosso destino. Mesmo daqui de cima, podemos ver as vastas áreas dos campos outrora colhidos pela Star Union. Ainda não sei quais desafios exatos me aguardam na superfície, mas os cidadãos do Equisat de Verdrice estão agora sob minha proteção jurada.[br/][br/]Pela minha honra, protegê-los-ei!</Data></Cell>
    <Cell ss:Index="6"><Data ss:Type="String">VO: Male or Female Oathbound</Data></Cell>
   </Row>
   <Row>
    <Cell><Data ss:Type="String">ORDER01_PLANETFALL_DEFAULT</Data></Cell>
    <Cell><Data ss:Type="String">PLANET</Data></Cell>
    <Cell><Data ss:Type="String">Equisat de Verdrice</Data></Cell>
   </Row>
   <Row>
    <Cell><Data ss:Type="String">ORDER01_PLANETFALL_OBJECTIVE_01</Data></Cell>
    <Cell><Data ss:Type="String">OBJECTIVES</Data></Cell>
    <Cell><Data ss:Type="String">Encontre e proteja os assentamentos Oathbound</Data></Cell>
   </Row>
   <Row>
    <Cell><Data ss:Type="String">ORDER01_DEBRIEFING_DEFAULT_PAGE01</Data></Cell>
    <Cell><Data ss:Type="String">NAME</Data></Cell>
    <Cell><Data ss:Type="String">Testemunho de um Oathbound - Dia 462, Estrofe 8</Data></Cell>
   </Row>
   <Row ss:Height="75">
    <Cell><Data ss:Type="String">ORDER01_DEBRIEFING_DEFAULT_PAGE01</Data></Cell>
    <Cell><Data ss:Type="String">BRIEFING</Data></Cell>
    <Cell><Data ss:Type="String">Embora o Chamado à Bravura tenha chegado ao seu fim repentino, minha jornada como Paladino Oathbound parece ter apenas começado. Seguindo as ordens do Alto Paladius, viajarei para Archanon-8 e seus vastos arquivos de conhecimento, onde me apresentarei ao Oráculo, cuja voz é dada pelas Videntes vestais. Esta é minha prova final de coragem, pois dizem que o olho do Oráculo pode perscrutar a própria alma de um mortal.</Data></Cell>
    <Cell ss:Index="5"><Data ss:Type="String">"Archanon-8" is the name of a planet.
For "Oracle" see the corresponding glossary entry.</Data></Cell>
    <Cell><Data ss:Type="String">VO: Male or Female Oathbound</Data></Cell>
   </Row>
   <Row>
    <Cell><Data ss:Type="String">MISSION_ORDER02</Data></Cell>
    <Cell><Data ss:Type="String">DESCRIPTION</Data></Cell>
    <Cell><Data ss:Type="String">No lendário mundo-capital da Star Union, uma nova era começa.</Data></Cell>
   </Row>
   <Row>
    <Cell><Data ss:Type="String">ORDER02_BRIEFING_DEFAULT_PAGE01</Data></Cell>
    <Cell><Data ss:Type="String">NAME</Data></Cell>
    <Cell><Data ss:Type="String">Testemunho de um Oathbound - Dia 465, Estrofe 3</Data></Cell>
   </Row>
   <Row ss:Height="75">
    <Cell><Data ss:Type="String">ORDER02_BRIEFING_DEFAULT_PAGE01</Data></Cell>
    <Cell><Data ss:Type="String">BRIEFING</Data></Cell>
    <Cell><Data ss:Type="String">A sabedoria do Oráculo é insondável. Falar com ele me transformou, me inspirou. Todos os Paladinos no Círculo dos Heróis sabem que ele guia suas ações. Quando o Alto Paladius me chamou para renovar meu juramento, minha voz falou em nome de todos eles. Pois, embora sejamos indivíduos com forças e opiniões diferentes, nos encontramos no Círculo como iguais, unidos por um ideal e dever nobres.</Data></Cell>
    <Cell ss:Index="6"><Data ss:Type="String">VO: Male or Female Oathbound</Data></Cell>
   </Row>
   <Row>
    <Cell><Data ss:Type="String">ORDER02_BRIEFING_DEFAULT_PAGE02</Data></Cell>
    <Cell><Data ss:Type="String">NAME</Data></Cell>
    <Cell><Data ss:Type="String">Testemunho de um Oathbound - Dia 473, Estrofe 8</Data></Cell>
   </Row>
   <Row ss:Height="75">
    <Cell><Data ss:Type="String">ORDER02_BRIEFING_DEFAULT_PAGE02</Data></Cell>
    <Cell><Data ss:Type="String">BRIEFING</Data></Cell>
    <Cell><Data ss:Type="String">Todos os Paladinos no Círculo dos Heróis estão comprometidos com uma missão secreta: encontrar e recuperar as Configurações do Graal. Essas relíquias de uma civilização esquecida dizem trazer paz e prosperidade aos planetas que as abrigam, e apareceram em muitos momentos decisivos da história da Star Union. Com cada Configuração que nós, Oathbound, asseguramos, chegamos um passo mais perto de tornar o universo um lugar melhor e mais seguro para todos.</Data></Cell>
    <Cell ss:Index="5"><Data ss:Type="String">"Grail Configuration" is the name of an in game type of structure. They are portrayed as locations of great power.</Data></Cell>
    <Cell><Data ss:Type="String">VO: Male or Female Oathbound</Data></Cell>
   </Row>
   <Row>
    <Cell><Data ss:Type="String">ORDER02_BRIEFING_DEFAULT_PAGE03</Data></Cell>
    <Cell><Data ss:Type="String">NAME</Data></Cell>
    <Cell><Data ss:Type="String">Testemunho de um Oathbound - Dia 473, Estrofe 9</Data></Cell>
   </Row>
   <Row ss:Height="75">
    <Cell><Data ss:Type="String">ORDER02_BRIEFING_DEFAULT_PAGE03</Data></Cell>
    <Cell><Data ss:Type="String">BRIEFING</Data></Cell>
    <Cell><Data ss:Type="String">Mas tudo isso está subitamente em risco. A Assembly conseguiu realizar seu plano insano e arrancou Union Prime do Vazio. Agora, o antigo mundo-capital reapareceu nos mapas estelares, atraindo todas as facções ambiciosas que desejam reivindicar este símbolo de poder e herança humana. O pior é que a Assembly parece saber sobre o maior segredo do planeta: a Configuração do Graal Prime!</Data></Cell>
    <Cell ss:Index="5"><Data ss:Type="String">"Prime Grail Configuration" is the name of a specific "Grail Configuration".</Data></Cell>
    <Cell><Data ss:Type="String">VO: Male or Female Oathbound</Data></Cell>
   </Row>
   <Row>
    <Cell><Data ss:Type="String">ORDER02_PLANETFALL_DEFAULT</Data></Cell>
    <Cell><Data ss:Type="String">NAME</Data></Cell>
    <Cell><Data ss:Type="String">Testemunho de um Oathbound - Dia 495, Estrofe 6</Data></Cell>
   </Row>
   <Row ss:Height="60">
    <Cell><Data ss:Type="String">ORDER02_PLANETFALL_DEFAULT</Data></Cell>
    <Cell><Data ss:Type="String">BRIEFING</Data></Cell>
    <Cell><Data ss:Type="String">Junto com Equis Weviere e Equis Denard, fui escolhido e enviado para Union Prime. Conforme nos aproximamos do lendário planeta, ele brilha em preto e dourado como o tesouro de um antigo reino.[br/][br/]Mas não devemos nos deixar enganar por essa imagem e pensar nos perigos que nos aguardam: somente se reivindicarmos a Configuração do Graal Prime a tempo, a Assembly ainda poderá ser detida!</Data></Cell>
    <Cell ss:Index="5"><Data ss:Type="String">"Equis Weviere" is the last name (Weviere) and title (Equis) of a female Oathbound character.
"Equis Denard" is the last name (Denard) and title (Equis) of a male Oathbound character.</Data></Cell>
    <Cell><Data ss:Type="String">VO: Male or Female Oathbound</Data></Cell>
   </Row>
   <Row>
    <Cell><Data ss:Type="String">ORDER02_PLANETFALL_DEFAULT</Data></Cell>
    <Cell><Data ss:Type="String">PLANET</Data></Cell>
    <Cell><Data ss:Type="String">Union Prime</Data></Cell>
   </Row>
   <Row>
    <Cell><Data ss:Type="String">ORDER02_PLANETFALL_DEFAULT_HIDDEN</Data></Cell>
    <Cell><Data ss:Type="String">PLANET</Data></Cell>
    <Cell><Data ss:Type="String">??????????</Data></Cell>
   </Row>
   <Row>
    <Cell><Data ss:Type="String">ORDER02_PLANETFALL_OBJECTIVE_01</Data></Cell>
    <Cell><Data ss:Type="String">OBJECTIVES</Data></Cell>
    <Cell><Data ss:Type="String">Encontrar a Configuração do Graal Prime</Data></Cell>
   </Row>
   <Row>
    <Cell><Data ss:Type="String">ORDER02_DEBRIEFING_DEFAULT_PAGE01</Data></Cell>
    <Cell><Data ss:Type="String">NAME</Data></Cell>
    <Cell><Data ss:Type="String">Crônicas de um Império - Capítulos Preliminares</Data></Cell>
   </Row>
   <Row ss:Height="225">
    <Cell><Data ss:Type="String">ORDER02_DEBRIEFING_DEFAULT_PAGE01</Data></Cell>
    <Cell><Data ss:Type="String">BRIEFING</Data></Cell>
    <Cell><Data ss:Type="String">Nenhum grande poder deve ficar sem desafios. A dualidade entre Imperador e CORE é o que trouxe estabilidade e prosperidade à Star Union, e assim será meu reinado como Tholian II, apoiado pela sabedoria do Oracle e suas Configurações do Graal. Quando eu ascender ao trono, as tradições e objetivos dos Oathbound e Paragon se fundirão em uma nova ideologia que estimulará as elites sem abandonar a ampla base de seus cidadãos.</Data></Cell>
    <Cell><Data ss:Type="String">Nenhum grande poder deve ficar sem desafios. A dualidade entre Imperador e CORE é o que trouxe estabilidade e prosperidade à Star Union, e assim será meu reinado como Carminia II, apoiado pela sabedoria do Oracle e suas Configurações do Graal. Quando eu ascender ao trono, as tradições e objetivos dos Oathbound e Paragon se fundirão em uma nova ideologia que estimulará as elites sem abandonar a ampla base de seus cidadãos.</Data></Cell>
    <Cell><Data ss:Type="String">For "CORE" see the corresponding glossary entry.
"Tholian II" is the ruling name of a male emperor. "Carminia II" is the ruling name of a female emperor.</Data></Cell>
    <Cell><Data ss:Type="String">VO: Male or Female Oathbound</Data></Cell>
   </Row>
   <Row ss:Height="210">
    <Cell><Data ss:Type="String">ORDER02_DEBRIEFING_SOLE_EMPEROR</Data></Cell>
    <Cell><Data ss:Type="String">BRIEFING</Data></Cell>
    <Cell><Data ss:Type="String">A partir deste dia, serei conhecido como Tholian II, regente da nova Star Union. A força combinada dos Paladinos e Paragon será meu cetro, a Configuração do Graal minha coroa. É meu destino estender meu juramento de proteção a todos os cidadãos das raças antigas e novas, e evitar o perigo do Oracle se tornar um segundo CORE para controlar a humanidade. Este império será nosso.</Data></Cell>
    <Cell><Data ss:Type="String">A partir deste dia, serei conhecida como Carminia II, regente da nova Star Union. A força combinada dos Paladinos e Paragon será meu cetro, a Configuração do Graal minha coroa. É meu destino estender meu juramento de proteção a todos os cidadãos das raças antigas e novas, e evitar o perigo do Oracle se tornar um segundo CORE para controlar a humanidade. Este império será nosso.</Data></Cell>
    <Cell ss:Index="6"><Data ss:Type="String">VO: Male or Female Oathbound</Data></Cell>
   </Row>
   <Row ss:Height="75">
    <Cell><Data ss:Type="String">ORDER02_DEBRIEFING_JOINED_ELOP</Data></Cell>
    <Cell><Data ss:Type="String">BRIEFING</Data></Cell>
    <Cell><Data ss:Type="String">Union Prime é o nome, e uma nova união é o que construiremos aqui, sobre as ambições arruinadas dos Paragon, Syndicate e Assembly. Junto com os comandantes ELOP, estamos criando um senado intergaláctico com a recuperada Configuração do Graal em seu centro. É o nascimento de um império galáctico onde valores comuns e cooperação prometem proteção a todos os cidadãos, sejam eles humanos, Kir’Ko ou até mesmo Shakarn.</Data></Cell>
    <Cell ss:Index="5"><Data ss:Type="String">"ELOP" is the short form for "Egalitarian League of Planets" (see corresponding glossary entry).</Data></Cell>
    <Cell><Data ss:Type="String">VO: Male or Female Oathbound</Data></Cell>
   </Row>
  </Table>
  <WorksheetOptions xmlns="urn:schemas-microsoft-com:office:excel">
   <Unsynced/>
   <Print>
    <ValidPrinterInfo/>
    <HorizontalResolution>600</HorizontalResolution>
    <VerticalResolution>600</VerticalResolution>
   </Print>
   <Selected/>
   <TopRowVisible>12</TopRowVisible>
   <Panes>
    <Pane>
     <Number>3</Number>
     <ActiveRow>28</ActiveRow>
     <ActiveCol>2</ActiveCol>
    </Pane>
   </Panes>
   <ProtectObjects>False</ProtectObjects>
   <ProtectScenarios>False</ProtectScenarios>
  </WorksheetOptions>
 </Worksheet>
</Workbook>