<?xml version='1.0' encoding='UTF-8'?>
<?mso-application progid="Excel.Sheet"?><Workbook xmlns="urn:schemas-microsoft-com:office:spreadsheet" xmlns:o="urn:schemas-microsoft-com:office:office" xmlns:x="urn:schemas-microsoft-com:office:excel" xmlns:ss="urn:schemas-microsoft-com:office:spreadsheet" xmlns:html="http://www.w3.org/TR/REC-html40">
 <DocumentProperties xmlns="urn:schemas-microsoft-com:office:office">
  <LastAuthor>Benny Arents</LastAuthor>
  <LastSaved>2019-09-12T14:50:27Z</LastSaved>
  <Version>16.00</Version>
 </DocumentProperties>
 <OfficeDocumentSettings xmlns="urn:schemas-microsoft-com:office:office">
  <AllowPNG/>
 </OfficeDocumentSettings>
 <ExcelWorkbook xmlns="urn:schemas-microsoft-com:office:excel">
  <WindowHeight>14265</WindowHeight>
  <WindowWidth>28770</WindowWidth>
  <WindowTopX>32767</WindowTopX>
  <WindowTopY>32767</WindowTopY>
  <RefModeR1C1/>
  <ProtectStructure>False</ProtectStructure>
  <ProtectWindows>False</ProtectWindows>
 </ExcelWorkbook>
 <Styles>
  <Style ss:ID="Default" ss:Name="Normal">
   <Alignment ss:Vertical="Bottom"/>
   <Borders/>
   <Font ss:FontName="Calibri" x:Family="Swiss" ss:Size="11" ss:Color="#000000"/>
   <Interior/>
   <NumberFormat/>
   <Protection/>
  </Style>
  <Style ss:ID="s66">
   <Alignment ss:Vertical="Top" ss:WrapText="1"/>
  </Style>
 </Styles>
 <Worksheet ss:Name="Script">
  <Table ss:ExpandedColumnCount="7" ss:ExpandedRowCount="6" x:FullColumns="1" x:FullRows="1" ss:StyleID="s66" ss:DefaultColumnWidth="51.75" ss:DefaultRowHeight="15">
   <Column ss:StyleID="s66" ss:Width="192"/>
   <Column ss:StyleID="s66" ss:Width="66.75"/>
   <Column ss:StyleID="s66" ss:Width="438"/>
   <Column ss:StyleID="s66" ss:Width="147.75"/>
   <Column ss:StyleID="s66" ss:Width="149.25"/>
   <Column ss:StyleID="s66" ss:Width="120.75"/>
   <Column ss:StyleID="s66" ss:AutoFitWidth="0" ss:Width="439.5"/>
   <Row ss:Height="135">
    <Cell><Data ss:Type="String">SECTORDEFINITIONS_STRATEGIC_DLC05</Data></Cell>
    <Cell ss:Index="5"><Data ss:Type="String">The DEV TEAM / MISC NOTES column contains info on what text between { } signs means (if applicable). It usually stands for either a numeric value, or a numeric value with an icon. Text between [ ] signs stands for a certain type of icon. </Data></Cell>
   </Row>
   <Row>
    <Cell><Data ss:Type="String">SCENE ID</Data></Cell>
    <Cell><Data ss:Type="String">TEXT ID</Data></Cell>
    <Cell><Data ss:Type="String">ENGLISH STRING</Data></Cell>
    <Cell><Data ss:Type="String">ALTERNATIVE ENGLISH STRING</Data></Cell>
    <Cell><Data ss:Type="String">LOCALIZATION NOTES</Data></Cell>
    <Cell><Data ss:Type="String">DEV TEAM / MISC NOTES</Data></Cell>
   </Row>
   <Row ss:Height="30">
    <Cell><Data ss:Type="String">PSIONICA_SPAWNER</Data></Cell>
    <Cell><Data ss:Type="String">NAME</Data></Cell>
    <Cell><Data ss:Type="String">Ninho Psiónico</Data></Cell>
    <Cell ss:Index="5"><Data ss:Type="String">Structure name. Psionica are wildlife.</Data></Cell>
   </Row>
   <Row ss:Height="30">
    <Cell><Data ss:Type="String">PSIONICA_SPAWNER</Data></Cell>
    <Cell><Data ss:Type="String">DESCRIPTION</Data></Cell>
    <Cell><Data ss:Type="String">Um ninho de Psiónicas, formas de vida baseadas em silício que absorveram cristais com propriedades psiónicas.[br/]Se negligenciado, as criaturas atacarão colônias e exércitos próximos.</Data></Cell>
    <Cell ss:Index="5"><Data ss:Type="String">Structure description.</Data></Cell>
   </Row>
   <Row ss:Height="30">
    <Cell><Data ss:Type="String">MYCELIAN_SPAWNER</Data></Cell>
    <Cell><Data ss:Type="String">NAME</Data></Cell>
    <Cell><Data ss:Type="String">Aglomerado de Crescimento Miceliano</Data></Cell>
    <Cell ss:Index="5"><Data ss:Type="String">Structure name. Mycelian are wildlife.</Data></Cell>
   </Row>
   <Row ss:Height="45">
    <Cell><Data ss:Type="String">MYCELIAN_SPAWNER</Data></Cell>
    <Cell><Data ss:Type="String">DESCRIPTION</Data></Cell>
    <Cell><Data ss:Type="String">Um aglomerado vivo de carne fúngica e maquinário distorcido após anos de evolução alimentada por hormônios de crescimento, originado deste alimento outrora delicioso.[br/]Se negligenciado, as criaturas atacarão colônias e exércitos próximos.</Data></Cell>
    <Cell ss:Index="5"><Data ss:Type="String">Structure description.</Data></Cell>
   </Row>
  </Table>
  <WorksheetOptions xmlns="urn:schemas-microsoft-com:office:excel">
   <Print>
    <ValidPrinterInfo/>
    <HorizontalResolution>600</HorizontalResolution>
    <VerticalResolution>600</VerticalResolution>
   </Print>
   <Zoom>115</Zoom>
   <Selected/>
   <Panes>
    <Pane>
     <Number>3</Number>
     <ActiveRow>13</ActiveRow>
     <ActiveCol>2</ActiveCol>
    </Pane>
   </Panes>
   <ProtectObjects>False</ProtectObjects>
   <ProtectScenarios>False</ProtectScenarios>
  </WorksheetOptions>
 </Worksheet>
</Workbook>