<?xml version='1.0' encoding='UTF-8'?>
<?mso-application progid="Excel.Sheet"?><Workbook xmlns="urn:schemas-microsoft-com:office:spreadsheet" xmlns:o="urn:schemas-microsoft-com:office:office" xmlns:x="urn:schemas-microsoft-com:office:excel" xmlns:ss="urn:schemas-microsoft-com:office:spreadsheet" xmlns:html="http://www.w3.org/TR/REC-html40">
 <DocumentProperties xmlns="urn:schemas-microsoft-com:office:office">
  <Author>Arnout Sas</Author>
  <LastAuthor>Nathan van den Berg</LastAuthor>
  <Created>2019-10-14T10:38:41Z</Created>
  <LastSaved>2020-08-04T13:59:07Z</LastSaved>
  <Version>15.00</Version>
 </DocumentProperties>
 <OfficeDocumentSettings xmlns="urn:schemas-microsoft-com:office:office">
  <AllowPNG/>
 </OfficeDocumentSettings>
 <ExcelWorkbook xmlns="urn:schemas-microsoft-com:office:excel">
  <WindowHeight>17985</WindowHeight>
  <WindowWidth>-13936</WindowWidth>
  <WindowTopX>0</WindowTopX>
  <WindowTopY>0</WindowTopY>
  <RefModeR1C1/>
  <ProtectStructure>False</ProtectStructure>
  <ProtectWindows>False</ProtectWindows>
 </ExcelWorkbook>
 <Styles>
  <Style ss:ID="Default" ss:Name="Normal">
   <Alignment ss:Vertical="Bottom"/>
   <Borders/>
   <Font ss:FontName="Calibri" x:Family="Swiss" ss:Size="11" ss:Color="#000000"/>
   <Interior/>
   <NumberFormat/>
   <Protection/>
  </Style>
  <Style ss:ID="s62" ss:Name="Hyperlink">
   <Font ss:FontName="Calibri" x:Family="Swiss" ss:Size="11" ss:Color="#0066CC" ss:Underline="Single"/>
  </Style>
  <Style ss:ID="s63">
   <Alignment ss:Vertical="Top" ss:WrapText="1"/>
  </Style>
  <Style ss:ID="s65" ss:Parent="s62">
   <Alignment ss:Vertical="Top" ss:WrapText="1"/>
  </Style>
 </Styles>
 <Worksheet ss:Name="Script">
  <Table ss:ExpandedColumnCount="6" ss:ExpandedRowCount="33" x:FullColumns="1" x:FullRows="1" ss:StyleID="s63" ss:DefaultColumnWidth="563.25" ss:DefaultRowHeight="15">
   <Column ss:StyleID="s63" ss:Width="161.25"/>
   <Column ss:StyleID="s63" ss:Width="40.5"/>
   <Column ss:StyleID="s63" ss:Width="614.25"/>
   <Column ss:StyleID="s63" ss:Width="150"/>
   <Column ss:StyleID="s63" ss:Width="562.5"/>
   <Column ss:StyleID="s63" ss:Width="120.75"/>
   <Row ss:AutoFitHeight="0" ss:Height="105">
    <Cell><Data ss:Type="String">TOMEOFWONDERS_DLC05</Data></Cell>
    <Cell ss:Index="5"><Data ss:Type="String">If some concepts in the text are unclear or do not make sense, try looking that concept up in this xml as the text in this xml serves as an encyclopeadia you have a good chance of finding it. Unclear terms can be found in the AoW_Glossary.  Do not change anything that is between [ and ] because it could break the hyperlink and strip it of its function. Anything between straight brackets - i.e. [ ] - is a formatting tag. Do not change these tags and keep them in the same relative position in the text. Anything between curly brackets - i.e. { } - is a place where text or numbers will be inserted by the game. Do not change the tag, but feel free to change its position in the text to suit the localized text. </Data></Cell>
   </Row>
   <Row ss:AutoFitHeight="0">
    <Cell><Data ss:Type="String">SCENE ID</Data></Cell>
    <Cell><Data ss:Type="String">TEXT ID</Data></Cell>
    <Cell><Data ss:Type="String">ENGLISH STRING</Data></Cell>
    <Cell><Data ss:Type="String">ALTERNATIVE ENGLISH STRING</Data></Cell>
    <Cell><Data ss:Type="String">LOCALIZATION NOTES</Data></Cell>
    <Cell><Data ss:Type="String">DEV TEAM / MISC NOTES</Data></Cell>
   </Row>
   <Row ss:AutoFitHeight="0">
    <Cell><Data ss:Type="String">LINK_UNITS_OATHBOUND</Data></Cell>
    <Cell><Data ss:Type="String">NAME</Data></Cell>
    <Cell><Data ss:Type="String">Lista de todas as Unidades Oathbound</Data></Cell>
    <Cell ss:Index="5"><Data ss:Type="String">As in: the Oathbound race</Data></Cell>
   </Row>
   <Row ss:AutoFitHeight="0">
    <Cell><Data ss:Type="String">LINK_MODS_OATHBOUND</Data></Cell>
    <Cell><Data ss:Type="String">NAME</Data></Cell>
    <Cell><Data ss:Type="String">Lista de todas as Armas e Mods Oathbound</Data></Cell>
    <Cell ss:Index="5"><Data ss:Type="String">As in: the Oathbound race</Data></Cell>
   </Row>
   <Row ss:AutoFitHeight="0">
    <Cell><Data ss:Type="String">LINK_SKILLS_OATHBOUND</Data></Cell>
    <Cell><Data ss:Type="String">NAME</Data></Cell>
    <Cell><Data ss:Type="String">Lista de todas as Habilidades de Herói Oathbound</Data></Cell>
    <Cell ss:Index="5"><Data ss:Type="String">As in: the Oathbound race</Data></Cell>
   </Row>
   <Row ss:AutoFitHeight="0">
    <Cell><Data ss:Type="String">LINK_RESEARCH_OATHBOUND</Data></Cell>
    <Cell><Data ss:Type="String">NAME</Data></Cell>
    <Cell><Data ss:Type="String">Lista de todas as Tecnologias Oathbound</Data></Cell>
    <Cell ss:Index="5"><Data ss:Type="String">As in: the Oathbound race</Data></Cell>
   </Row>
   <Row ss:AutoFitHeight="0">
    <Cell><Data ss:Type="String">LINK_OPERATIONS_OATHBOUND</Data></Cell>
    <Cell><Data ss:Type="String">NAME</Data></Cell>
    <Cell><Data ss:Type="String">Lista de todas as Operações Oathbound</Data></Cell>
    <Cell ss:Index="5"><Data ss:Type="String">As in: the Oathbound race</Data></Cell>
   </Row>
   <Row ss:AutoFitHeight="0">
    <Cell><Data ss:Type="String">RACE_OATHBOUND</Data></Cell>
    <Cell><Data ss:Type="String">NAME</Data></Cell>
    <Cell><Data ss:Type="String">Raça: Oathbound</Data></Cell>
    <Cell ss:Index="5"><Data ss:Type="String">Race name</Data></Cell>
   </Row>
   <Row ss:AutoFitHeight="0" ss:Height="90">
    <Cell><Data ss:Type="String">RACE_OATHBOUND</Data></Cell>
    <Cell><Data ss:Type="String">TEXT</Data></Cell>
    <Cell ss:StyleID="s65" ss:HRef=""><Data ss:Type="String">{XML_SPECIES_OATHBOUND@RACE@DESCRIPTION}[br/][br/]ORIGEM: No mundo do data hub Archanon-8, os arquivistas sobreviventes do Cataclismo tinham à sua disposição a base de conhecimento que abrangia milhares de planetas e milênios de história. Usando seu avançado sistema de simulação e previsão Oracle, eles começaram a construir sua nova sociedade utópica, onde nobres Paladinos em poderosas armaduras de batalha governam e protegem o povo com vontade benevolente. Os arquivistas assumiram os papéis de uma casta consultiva chamada os Videntes. Aperfeiçoando sua ligação com o Oracle ao longo do tempo, aprenderam a prever e manipular o futuro, tanto na sociedade quanto em batalha.</Data></Cell>
    <Cell ss:Index="5"><Data ss:Type="String">Imperial Archives description of the Oathbound</Data></Cell>
   </Row>
   <Row ss:AutoFitHeight="0">
    <Cell><Data ss:Type="String">GE_GALACTIC_EMPIRE</Data></Cell>
    <Cell><Data ss:Type="String">NAME</Data></Cell>
    <Cell><Data ss:Type="String">Império Galáctico</Data></Cell>
   </Row>
   <Row ss:AutoFitHeight="0" ss:Height="255">
    <Cell><Data ss:Type="String">GE_GALACTIC_EMPIRE</Data></Cell>
    <Cell><Data ss:Type="String">TEXT</Data></Cell>
    <Cell><Data ss:Type="String">Império Galáctico permite que você funde seu próprio império e o expanda conquistando diferentes mundos. O Império apresenta uma série de sistemas adicionais à jogabilidade regular de Age of Wonders: Planetfall:[br/][br/][bulletlist][bullet][hyperlink,000003F300000255]Características Mundiais e Objetivos Secundários[/hyperlink][br/][tab/]Os mundos são gerados com base no nível total do seu império, combinando diferentes Características e adicionando objetivos secundários que aumentam a dificuldade conforme seu império cresce em tamanho.[/bullet][br/][bullet][hyperlink,000003F300000254]O Salão dos Heróis[/hyperlink][br/][tab/]Onde você pode recrutar Comandantes para lutar pelo seu império, seja como Comandantes liderando o ataque ou como Heróis que se juntam à batalha no planeta.[/bullet][br/][bullet][hyperlink,000003F300000256]A Relíquia[/hyperlink][br/][tab/]Onde você coleta diferentes Relíquias que representam grandes vitórias, feitos ou conquistas. Essas Relíquias servem como itens de Requisição para fortalecer sua guerra planetária.[/bullet][br/][bullet][hyperlink,000003F300000257]Requisições[/hyperlink][br/][tab/]Cada Raça e Tecnologia Secreta fornece unidades, mods, operações e doutrinas de suas respectivas árvores tecnológicas que podem ser levadas para um planeta e compradas usando [favor/][hyperlink,000003F300000258]Renome Imperial[/hyperlink] para permitir maior flexibilidade em sua abordagem ao conquistar um planeta.[/bullet][br/][bullet][hyperlink,000003F300000252]Progressão do Império[/hyperlink][br/][tab/]Conquistar Mundos e completar Objetivos Secundários rende XP para Raças e Tecnologias Secretas. Para cada nível alcançado, um novo item de requisição é desbloqueado e o Nível do Império aumenta em um. Esse nível do Império é a soma total de todos os níveis de Raças e Tecnologias Secretas.[/bullet][/bulletlist][br/][br/]Império Galáctico permite que você misture e combine muitos elementos diferentes de Planetfall e crie combinações inteiramente novas que nunca foram possíveis antes.[br/][br/]</Data></Cell>
    <Cell ss:Index="5"><Data ss:Type="String">Imperial Archives description of the Galactic Empire. EXP refers to Experience.</Data></Cell>
   </Row>
   <Row ss:AutoFitHeight="0">
    <Cell><Data ss:Type="String">GE_HALL_OF_HEROES</Data></Cell>
    <Cell><Data ss:Type="String">NAME</Data></Cell>
    <Cell><Data ss:Type="String">O Salão dos Heróis</Data></Cell>
   </Row>
   <Row ss:AutoFitHeight="0" ss:Height="165">
    <Cell><Data ss:Type="String">GE_HALL_OF_HEROES</Data></Cell>
    <Cell><Data ss:Type="String">TEXT</Data></Cell>
    <Cell><Data ss:Type="String">O Salão dos Heróis permite que você crie Comandantes leais apenas ao seu [hyperlink,000003F300000251]Império[/hyperlink]. Ser recrutado através do Salão dos Heróis significa que esses Comandantes podem servir como heróis regulares e podem ser recrutados como tal quando você estiver conquistando um planeta. Comandantes que servem ao seu Império dessa forma progredirão separadamente de seu progresso de nivelamento em um planeta.[br/][br/]Após cada planeta conquistado (ou perdido/entregue no turno 50 ou posterior), seu Comandante e todos os Heróis que lutaram por você e estão a serviço do seu Império ganharão um nível. Esses níveis determinam seu nível inicial quando forem implantados novamente, até um máximo de 20.[br/][br/]Comandantes criados no Salão dos Heróis aparecerão como Heróis durante a jogabilidade em um planeta como heróis recrutáveis da mesma forma que heróis aleatórios aparecem normalmente. Esses Comandantes são misturados com o grupo de heróis disponíveis e têm prioridade sobre aqueles que não servem exclusivamente ao seu império.[br/][br/]O Salão dos Heróis também permite que você altere a aparência de qualquer um dos Comandantes que recrutou, mas não sua Raça, Tecnologia Secreta ou Perks.[br/][br/]Você também pode dispensar qualquer Comandante do Salão dos Heróis. Fazer isso removerá qualquer progresso de nível que tenham alcançado.</Data></Cell>
    <Cell ss:Index="5"><Data ss:Type="String">Imperial Archives description of the Hall of Heroes.</Data></Cell>
   </Row>
   <Row ss:AutoFitHeight="0">
    <Cell><Data ss:Type="String">GE_EMPIRE_PROGRESSION</Data></Cell>
    <Cell><Data ss:Type="String">NAME</Data></Cell>
    <Cell><Data ss:Type="String">Progressão do Império</Data></Cell>
   </Row>
   <Row ss:AutoFitHeight="0" ss:Height="150">
    <Cell><Data ss:Type="String">GE_EMPIRE_PROGRESSION</Data></Cell>
    <Cell><Data ss:Type="String">TEXT</Data></Cell>
    <Cell><Data ss:Type="String">Conquistar mundos, completar [hyperlink,000003F300000255]Objetivos Secundários[/hyperlink] e finalizar Solicitações do Império permite que você ganhe XP e suba de nível Raças e Tecnologias Secretas dentro do seu Império.[br/][br/]Ganhar níveis por Raça e Tecnologia Secreta desbloqueia novas [hyperlink,000003F300000257]Requisições[/hyperlink] que podem então ser usadas ao conquistar um planeta, comprando-as com [favor/][hyperlink,000003F300000258]Renome Imperial[/hyperlink]. Existem limites máximos de nível diferentes para Raças e Tecnologias Secretas:[br/][bulletlist][bullet]30 para Raças[/bullet][br/][bullet]25 para Tecnologias Secretas[/bullet][br/][/bulletlist][br/][br/]Mods e Operações para tecnologias de armas estão vinculados às diferentes Raças:[br/][bulletlist][bullet]Amazon: Laser[/bullet][br/][bullet]Assembly: Arco[/bullet][br/][bullet]Dvar: Explosivos[/bullet][br/][bullet]Kir'Ko: Bioquímico[/bullet][br/][bullet]Oathbound: Entropia[/bullet][br/][bullet]Shakarn: Sônico[/bullet][br/][bullet]Syndicate: Psiónico[/bullet][br/][bullet]Vanguard: Armas de Fogo[/bullet][br/][/bulletlist][br/]Atualizações de tipo de arma são desbloqueadas nos níveis 0, 10 e 20 em vez de uma por nível. Essas atualizações desbloqueiam mods e operações.</Data></Cell>
    <Cell ss:Index="5"><Data ss:Type="String">Imperial Archives description of the Empire Progression.</Data></Cell>
   </Row>
   <Row ss:AutoFitHeight="0">
    <Cell><Data ss:Type="String">GE_TRAITS_SECONDARY</Data></Cell>
    <Cell><Data ss:Type="String">NAME</Data></Cell>
    <Cell><Data ss:Type="String">Características e Objetivos Secundários</Data></Cell>
   </Row>
   <Row ss:AutoFitHeight="0" ss:Height="165">
    <Cell><Data ss:Type="String">GE_TRAITS_SECONDARY</Data></Cell>
    <Cell><Data ss:Type="String">TEXT</Data></Cell>
    <Cell><Data ss:Type="String">Características e Objetivos Secundários definem os atributos de um planeta colonizável e as missões dadas ao jogador para completar.[br/][br/]As Características influenciam o layout do planeta, os conjuntos de spawn e a jogabilidade. Elas são divididas em 3 tipos:[br/][bulletlist][bullet]Recursos: adicionam estruturas específicas, setores ou modificam de outra forma o RMG do planeta.[/bullet][br/][bullet]Habitantes: essas características afetam o tipo de jogadores de IA, facções NPC e Vida Selvagem que podem estar presentes no planeta e qual será sua atitude em relação ao jogador.[/bullet][br/][bullet]Modificadores: afetam o planeta em escala global. Isso pode variar desde a manutenção de tipos específicos de unidades até a modificação de custos de operações ou uma mudança na renda de um determinado tipo.[/bullet][/bulletlist][br/][br/]Objetivos Secundários são missões oferecidas ao jogador desde o início. São objetivos globais e recompensarão o jogador com [favor/][hyperlink,000003F300000258]Renome Imperial[/hyperlink] e experiência para a facção relevante quando concluídos. A maioria desses Objetivos Secundários será repetível até certo ponto. Por exemplo, se você completar um objetivo relacionado a Marcos Prometeanos, será premiado com XP para a Tecnologia Secreta Prometeana para cada Marco que você limpar.</Data></Cell>
    <Cell ss:Index="5"><Data ss:Type="String">Imperial Archives description of the Traits and Secondary world objectives.</Data></Cell>
   </Row>
   <Row ss:AutoFitHeight="0">
    <Cell><Data ss:Type="String">GE_RELIQUARY</Data></Cell>
    <Cell><Data ss:Type="String">NAME</Data></Cell>
    <Cell><Data ss:Type="String">A Relíquia</Data></Cell>
   </Row>
   <Row ss:AutoFitHeight="0" ss:Height="60">
    <Cell><Data ss:Type="String">GE_RELIQUARY</Data></Cell>
    <Cell><Data ss:Type="String">TEXT</Data></Cell>
    <Cell><Data ss:Type="String">A Relíquia é onde suas Relíquias são exibidas. Relíquias servem como troféus e lembretes visuais das conquistas feitas pelo seu [hyperlink,000003F300000251]império[/hyperlink], e são obtidas ao conquistar planetas com as características relevantes ou um planeta no qual você reivindicou o Graal relevante.[br/][br/]Relíquias podem ter um item de [hyperlink,000003F300000257]Requisições[/hyperlink] associado a elas.</Data></Cell>
    <Cell ss:Index="5"><Data ss:Type="String">Imperial Archives description of the Reliquary.</Data></Cell>
   </Row>
   <Row ss:AutoFitHeight="0">
    <Cell><Data ss:Type="String">GE_REQUISITIONS</Data></Cell>
    <Cell><Data ss:Type="String">NAME</Data></Cell>
    <Cell><Data ss:Type="String">Requisições</Data></Cell>
   </Row>
   <Row ss:AutoFitHeight="0" ss:Height="285">
    <Cell><Data ss:Type="String">GE_REQUISITIONS</Data></Cell>
    <Cell><Data ss:Type="String">TEXT</Data></Cell>
    <Cell><Data ss:Type="String">Requisições são itens fornecidos a você pelas diferentes Raças e Tecnologias Secretas no seu [hyperlink,000003F300000251]Império[/hyperlink]: unidades, mods, equipamentos de herói, doutrinas e operações. Mais Requisições são desbloqueadas automaticamente quando uma Raça ou Tecnologia Secreta dentro do seu Império atinge um novo nível.[br/][br/]Cada vez que você desce a um planeta para conquistá-lo, pode escolher um número de Requisições em diferentes categorias:[br/][bulletlist][bullet]Unidades[/bullet][br/][bullet]Operações e Doutrinas[/bullet][br/][bullet]Mods[/bullet][/bulletlist][br/][br/]Requisições são limitadas em número (até um máximo de 3 por categoria), e seus slots além do primeiro são bloqueados até que você atinja níveis específicos do Império:[br/][largetab/][tab/]Unidades[largetab/][largetab/][largetab/][largetab/][largetab/]Operações[tab/][largetab/][largetab/][largetab/][largetab/][tab/]Mods[line/][br/]
[tab/]Desbloqueado por Padrão[largetab/][largetab/][largetab/][tab/]Desbloqueado por Padrão[largetab/][largetab/][largetab/][tab/]Desbloqueado por Padrão[br/] [tab/]Desbloqueia no nível 5[largetab/][largetab/][largetab/][tab/]Desbloqueia no nível 10[largetab/][largetab/][largetab/][tab/]Desbloqueia no nível 15[br/]
[tab/]Desbloqueia no nível 20[largetab/][largetab/][largetab/][tab/]Desbloqueia no nível 25[largetab/][largetab/][largetab/][tab/]Desbloqueia no nível 30[br/][br/]Fazer uso dessas Requisições exige que você as compre na loja de Requisições no planeta usando a moeda [favor/][hyperlink,000003F300000258]Renome Imperial[/hyperlink]. Essa moeda pode ser obtida ao completar Solicitações do Império e Objetivos Secundários.[br/][br/]Unidades podem ser construídas em suas colônias uma vez compradas, desde que a colônia tenha a estrutura necessária. Após desbloquear a unidade, você também pode comprá-la diretamente com Renome Imperial e fazê-la aparecer em sua capital.[br/][br/]Operações, Doutrinas e Mods só precisam ser comprados uma vez e podem então ser usados como qualquer outro.</Data></Cell>
    <Cell ss:Index="5"><Data ss:Type="String">Imperial Archives description of the Requisitions.</Data></Cell>
   </Row>
   <Row ss:AutoFitHeight="0">
    <Cell><Data ss:Type="String">GE_FAVOR</Data></Cell>
    <Cell><Data ss:Type="String">NAME</Data></Cell>
    <Cell><Data ss:Type="String">Renome Imperial[favor/]</Data></Cell>
   </Row>
   <Row ss:AutoFitHeight="0" ss:Height="60">
    <Cell><Data ss:Type="String">GE_FAVOR</Data></Cell>
    <Cell><Data ss:Type="String">TEXT</Data></Cell>
    <Cell><Data ss:Type="String">[favor/]Renome Imperial é uma moeda disponível apenas ao jogar com um [hyperlink,000003F300000251]Império[/hyperlink]. A moeda é usada para comprar [hyperlink,000003F300000257]Requisições[/hyperlink] e é obtida ao completar Pedidos do Império e [hyperlink,000003F300000255]Objetivos Secundários[/hyperlink].</Data></Cell>
    <Cell ss:Index="5"><Data ss:Type="String">Imperial Archives description of Favor.</Data></Cell>
   </Row>
   <Row ss:AutoFitHeight="0">
    <Cell><Data ss:Type="String">APOSTATES</Data></Cell>
    <Cell><Data ss:Type="String">NAME</Data></Cell>
    <Cell><Data ss:Type="String">Facção: Apóstatas</Data></Cell>
   </Row>
   <Row ss:AutoFitHeight="0" ss:Height="60">
    <Cell><Data ss:Type="String">APOSTATES</Data></Cell>
    <Cell><Data ss:Type="String">TEXT</Data></Cell>
    <Cell><Data ss:Type="String">Esses antigos [hyperlink,000003F600000318]Juramentados[/hyperlink] Videntes e Paladinos romperam seus Juramentos e agora buscam o poder e a força que lhes foram negados enquanto estavam vinculados aos Juramentos. Os Videntes se tornam poderosos emissários do caos, seus corpos consumidos pela entropia. Os antigos Paladinos forjaram armas imbuídas de Caos e empregam táticas que nenhum Juramentado permitiria.[br/]Eles buscam as Configurações do Graal como catalisador para expandir ainda mais seus poderes.</Data></Cell>
    <Cell ss:Index="5"><Data ss:Type="String">Imperial Archives description of the Apostates</Data></Cell>
   </Row>
   <Row ss:AutoFitHeight="0">
    <Cell><Data ss:Type="String">GRAIL_CONFIGURATIONS</Data></Cell>
    <Cell><Data ss:Type="String">NAME</Data></Cell>
    <Cell><Data ss:Type="String">Configurações do Graal</Data></Cell>
   </Row>
   <Row ss:AutoFitHeight="0" ss:Height="150">
    <Cell><Data ss:Type="String">GRAIL_CONFIGURATIONS</Data></Cell>
    <Cell><Data ss:Type="String">TEXT</Data></Cell>
    <Cell><Data ss:Type="String">As Configurações do Graal são estruturas poderosas abrigadas em Marcos Especiais que permitem a quem as controla alterar a realidade planetária.[br/]Embora apenas uma Configuração possa ser encontrada por mundo, elas podem fornecer bônus poderosos ao jogador que as controlar.[br/][br/]Existem cinco Configurações, incluindo:[br/][bulletList][bullet][hyperlink,000003E300003FBA]Configuração da Lei[/hyperlink] – aprimora e facilita aspectos logísticos e materiais, auxiliando na produção e na manutenção do controle sobre as tropas.[/bullet][br/][bullet][hyperlink,000003E300003FC5]Configuração da Unidade[/hyperlink] – resolve conflitos sociais internos e promove harmonia, concedendo bônus à felicidade, influência e apoio popular.[/bullet][br/][bullet][hyperlink,000003E300003FCB]Configuração da Vida[/hyperlink] – facilita a vida, concedendo bônus à produção de alimentos e sustentando o eu cognitivo das unidades, regenerando-as efetivamente de danos.[/bullet][br/][bullet][hyperlink,000003E300003FD0]Configuração do Conhecimento[/hyperlink] – aprimora processos computacionais e proficiência mental, concedendo bônus ao conhecimento e às operações.[/bullet][br/][bullet][hyperlink,000003E300003FD6]Configuração do Potencial[/hyperlink] – aumenta a eficiência elétrica, concedendo bônus à geração de energia e liberando o potencial das unidades controladas, aumentando seu dano em 50%.[/bullet][/bulletList]</Data></Cell>
   </Row>
   <Row ss:AutoFitHeight="0">
    <Cell><Data ss:Type="String">COLONY_LORDSHIP</Data></Cell>
    <Cell><Data ss:Type="String">NAME</Data></Cell>
    <Cell><Data ss:Type="String">Senhorio da Colônia</Data></Cell>
   </Row>
   <Row ss:AutoFitHeight="0" ss:Height="90">
    <Cell><Data ss:Type="String">COLONY_LORDSHIP</Data></Cell>
    <Cell><Data ss:Type="String">TEXT</Data></Cell>
    <Cell><Data ss:Type="String">[hyperlink,000003F600000318]Juramentados[/hyperlink] Heróis e qualquer Herói sob o controle de um jogador [hyperlink,000003F600000318]Juramentado[/hyperlink] têm acesso a Habilidades Especiais de Senhor da Colônia. Heróis com essas habilidades podem ser designados como Senhor ou Senhora de uma colônia. Essas habilidades concedem dois bônus econômicos à colônia à qual o Senhor ou Senhora está designado: um que está sempre ativo e outro que está ativo apenas quando o Herói está presente no domínio de sua colônia. 50% do último bônus pode ser mantido enquanto o Herói não estiver no domínio da colônia ao construir um Trono nessa colônia.[br/][br/]Você pode designar um Herói para uma colônia usando o retrato à esquerda do nome da colônia quando uma colônia estiver selecionada.</Data></Cell>
   </Row>
   <Row ss:AutoFitHeight="0">
    <Cell><Data ss:Type="String">IMPERIAL_HERO_TRAITS</Data></Cell>
    <Cell><Data ss:Type="String">NAME</Data></Cell>
    <Cell><Data ss:Type="String">Habilidades de Comando Imperial</Data></Cell>
   </Row>
   <Row ss:AutoFitHeight="0" ss:Height="165">
    <Cell><Data ss:Type="String">IMPERIAL_HERO_TRAITS</Data></Cell>
    <Cell><Data ss:Type="String">TEXT</Data></Cell>
    <Cell><Data ss:Type="String">Heróis em seu [hyperlink,000003F300000251]Império Galáctico[/hyperlink] ganham bônus poderosos ao atingirem o nível 2 no [hyperlink,000003F300000254]Salão dos Heróis[/hyperlink]. Essas habilidades de comando se tornam mais poderosas conforme seu nível no [hyperlink,000003F300000254]Salão dos Heróis[/hyperlink] aumenta:[br/][br/][bulletList][bullet]Nível 2-4[largetab/]Veterano Imperial[/bullet][bullet]Nível 5-7[largetab/]Campeão Imperial[/bullet][bullet]Nível 8-10[largetab/]Herói Imperial[/bullet][bullet]Nível 11+[largetab/]Senhor Imperial[/bullet][/bulletList][br/][br/]Existem 4 traços diferentes que um herói pode adquirir, dependendo do conjunto de equipamentos que o herói usa quando é criado. Observe que alcançar a patente de Senhor concede um bônus extra e poderoso![br/][br/][bulletlist][bullet][hyperlink,000003EB00000323]Soldado[/hyperlink][largetab/]Concede bônus de dano e moral a todo o exército[/bullet][bullet][hyperlink,000003EB0000033D]Juggernaut[/hyperlink][largetab/]Concede bônus de armadura e vida a todo o exército[/bullet][bullet][hyperlink,000003EB00000355]Atirador[/hyperlink][largetab/]Concede bônus de precisão e golpes críticos a todo o exército[/bullet][bullet][hyperlink,000003EB00000368]Piloto[/hyperlink][largetab/]Concede bônus de escudos e regeneração a todo o exército[/bullet][/bulletList]</Data></Cell>
    <Cell ss:Index="5"><Data ss:Type="String">See EmpireBonusTraits.xml for these terms being defined in game</Data></Cell>
   </Row>
   <Row ss:AutoFitHeight="0">
    <Cell><Data ss:Type="String">GRAIL_QUEST</Data></Cell>
    <Cell><Data ss:Type="String">NAME</Data></Cell>
    <Cell><Data ss:Type="String">Busca do Graal</Data></Cell>
   </Row>
   <Row ss:Height="150">
    <Cell><Data ss:Type="String">GRAIL_QUEST</Data></Cell>
    <Cell><Data ss:Type="String">TEXT</Data></Cell>
    <Cell><Data ss:Type="String">‘A Busca pela Configuração do Graal’ é uma linha de missões em múltiplos estágios que leva à descoberta de uma [hyperlink,000003E900000AC5]Configuração do Graal[/hyperlink]. Essas estruturas misteriosas foram criadas por uma raça extinta de entidades cristalinas e eram usadas para alterar a realidade. Reivindicar uma Configuração do Graal desbloqueia uma Doutrina poderosa que auxiliará na conquista planetária, enquanto anexar a Configuração do Graal a uma Colônia concederá uma renda significativa de recursos.[br/][br/]A Busca do Graal possui 4 Fases:[bulletList][bullet]Ecos de uma Era Antiga – Construa o Escâner de Frequência do Graal em suas colônias para localizar as fontes de energia que levam à localização do Graal[/bullet][bullet]Mensagem Codificada – Colete 3 Cifras do Graal em [hyperlink,000003E100000670]Locais de Exploração[/hyperlink] ou compre-as de [hyperlink,0000039A00000930]Moradas de NPCs[/hyperlink][/bullet][bullet]Decodificando as Cifras – Complete um projeto de pesquisa especial para encontrar a localização do Graal e os Códigos de Acesso necessários[/bullet][bullet]Recuperar o Graal – Complete o [hyperlink,000003AC000003E1]Sítio Anômalo[/hyperlink] do Graal e Reivindique a Configuração do Graal[/bullet][/bulletList]</Data></Cell>
   </Row>
  </Table>
  <WorksheetOptions xmlns="urn:schemas-microsoft-com:office:excel">
   <Unsynced/>
   <Print>
    <ValidPrinterInfo/>
    <HorizontalResolution>600</HorizontalResolution>
    <VerticalResolution>600</VerticalResolution>
   </Print>
   <Zoom>180</Zoom>
   <Selected/>
   <TopRowVisible>30</TopRowVisible>
   <Panes>
    <Pane>
     <Number>3</Number>
     <ActiveRow>32</ActiveRow>
     <ActiveCol>2</ActiveCol>
    </Pane>
   </Panes>
   <ProtectObjects>False</ProtectObjects>
   <ProtectScenarios>False</ProtectScenarios>
  </WorksheetOptions>
 </Worksheet>
</Workbook>