<?xml version='1.0' encoding='UTF-8'?>
<?mso-application progid="Excel.Sheet"?><Workbook xmlns="urn:schemas-microsoft-com:office:spreadsheet" xmlns:o="urn:schemas-microsoft-com:office:office" xmlns:x="urn:schemas-microsoft-com:office:excel" xmlns:ss="urn:schemas-microsoft-com:office:spreadsheet" xmlns:html="http://www.w3.org/TR/REC-html40">
 <DocumentProperties xmlns="urn:schemas-microsoft-com:office:office">
  <Author>Arnout Sas</Author>
  <LastAuthor>Glenn Smits</LastAuthor>
  <Created>2019-10-11T09:10:39Z</Created>
  <LastSaved>2020-07-10T09:37:06Z</LastSaved>
  <Version>15.00</Version>
 </DocumentProperties>
 <OfficeDocumentSettings xmlns="urn:schemas-microsoft-com:office:office">
  <AllowPNG/>
 </OfficeDocumentSettings>
 <ExcelWorkbook xmlns="urn:schemas-microsoft-com:office:excel">
  <WindowHeight>8880</WindowHeight>
  <WindowWidth>23565</WindowWidth>
  <WindowTopX>0</WindowTopX>
  <WindowTopY>0</WindowTopY>
  <RefModeR1C1/>
  <ProtectStructure>False</ProtectStructure>
  <ProtectWindows>False</ProtectWindows>
 </ExcelWorkbook>
 <Styles>
  <Style ss:ID="Default" ss:Name="Normal">
   <Alignment ss:Vertical="Bottom"/>
   <Borders/>
   <Font ss:FontName="Calibri" x:Family="Swiss" ss:Size="11" ss:Color="#000000"/>
   <Interior/>
   <NumberFormat/>
   <Protection/>
  </Style>
  <Style ss:ID="s62">
   <Alignment ss:Vertical="Top" ss:WrapText="1"/>
  </Style>
 </Styles>
 <Worksheet ss:Name="Script">
  <Table ss:ExpandedColumnCount="6" ss:ExpandedRowCount="23" x:FullColumns="1" x:FullRows="1" ss:StyleID="s62" ss:DefaultColumnWidth="51.75" ss:DefaultRowHeight="15">
   <Column ss:StyleID="s62" ss:AutoFitWidth="0" ss:Width="186"/>
   <Column ss:StyleID="s62" ss:Width="120"/>
   <Column ss:StyleID="s62" ss:Width="452.25"/>
   <Column ss:StyleID="s62" ss:Width="147.75"/>
   <Column ss:StyleID="s62" ss:Width="305.25"/>
   <Column ss:StyleID="s62" ss:Width="120"/>
   <Row ss:AutoFitHeight="0" ss:Height="60">
    <Cell><Data ss:Type="String">UNIT_UPGRADES_CORE_DLC05</Data></Cell>
    <Cell ss:Index="5"><Data ss:Type="String">The DEV TEAM / MISC NOTES column contains info on what text between { } signs means (if applicable). It usually stands for either a numeric value, or a numeric value with an icon. Text between [ ] signs stands for a certain type of icon. </Data></Cell>
   </Row>
   <Row ss:AutoFitHeight="0">
    <Cell><Data ss:Type="String">SCENE ID</Data></Cell>
    <Cell><Data ss:Type="String">TEXT ID</Data></Cell>
    <Cell><Data ss:Type="String">ENGLISH STRING</Data></Cell>
    <Cell><Data ss:Type="String">ALTERNATIVE ENGLISH STRING</Data></Cell>
    <Cell><Data ss:Type="String">LOCALIZATION NOTES</Data></Cell>
    <Cell><Data ss:Type="String">DEV TEAM / MISC NOTES</Data></Cell>
   </Row>
   <Row ss:AutoFitHeight="0" ss:Height="90">
    <Cell ss:Index="5"><Data ss:Type="String">In the text below, any inserted strings - anything of the form {text} - is replaced by an integer value for the thing described in the brackets. If the {text} is not followed by a unit - e.g. shields, hitpoints - the icon for the unit is inserted together with the integer. The same holds for symbols - e.g. '+', '%' - which are occasionally inserted together with the integer.</Data></Cell>
   </Row>
   <Row ss:AutoFitHeight="0" ss:Height="45">
    <Cell ss:Index="5"><Data ss:Type="String">For references to game terminology and in-world references, please check the glossary delivered as part of the documentation.</Data></Cell>
   </Row>
   <Row ss:AutoFitHeight="0" ss:Height="30">
    <Cell><Data ss:Type="String">OATHBOUND_REQUISITE</Data></Cell>
    <Cell><Data ss:Type="String">NAME</Data></Cell>
    <Cell ss:HRef="mailto:%7BXML_SPECIES_OATHBOUND@RACE@NAME_SINGULAR%7D"><Data ss:Type="String">{XML_SPECIES_OATHBOUND@RACE@NAME_SINGULAR}</Data></Cell>
    <Cell ss:Index="5"><Data ss:Type="String">{text} inserts the OATHBOUND singular name
Don't Translate</Data></Cell>
   </Row>
   <Row ss:AutoFitHeight="0" ss:Height="45">
    <Cell><Data ss:Type="String">OATHBOUND_REQUISITE</Data></Cell>
    <Cell><Data ss:Type="String">DESCRIPTION</Data></Cell>
    <Cell><Data ss:Type="String">Uma unidade Oathbound.[br/]{XML_SPECIES_OATHBOUND@RACE@DESCRIPTION_SHORT}</Data></Cell>
    <Cell ss:Index="5"><Data ss:Type="String">{text} inserts the short OATHBOUND description.
Don't translate: {XML_SPECIES_OATHBOUND@RACE@DESCRIPTION_SHORT}</Data></Cell>
   </Row>
   <Row ss:AutoFitHeight="0">
    <Cell><Data ss:Type="String">SEER</Data></Cell>
    <Cell><Data ss:Type="String">NAME</Data></Cell>
    <Cell><Data ss:Type="String">Vidente</Data></Cell>
    <Cell ss:Index="5"><Data ss:Type="String">Unit Type</Data></Cell>
   </Row>
   <Row ss:AutoFitHeight="0">
    <Cell><Data ss:Type="String">SEER</Data></Cell>
    <Cell><Data ss:Type="String">DESCRIPTION</Data></Cell>
    <Cell><Data ss:Type="String">Esta unidade é um Vidente.</Data></Cell>
    <Cell ss:Index="5"><Data ss:Type="String">Unit Type Description</Data></Cell>
   </Row>
   <Row ss:AutoFitHeight="0">
    <Cell><Data ss:Type="String">DEFENSE_MODE_PROTECTOR_SHIELDS</Data></Cell>
    <Cell><Data ss:Type="String">NAME</Data></Cell>
    <Cell><Data ss:Type="String">Modo Defensivo: Escudos Protetores</Data></Cell>
    <Cell ss:Index="5"><Data ss:Type="String">Defense Mode Ability Name</Data></Cell>
   </Row>
   <Row ss:AutoFitHeight="0" ss:Height="45">
    <Cell><Data ss:Type="String">DEFENSE_MODE_PROTECTOR_SHIELDS</Data></Cell>
    <Cell><Data ss:Type="String">DESCRIPTION</Data></Cell>
    <Cell><Data ss:Type="String">Esta unidade termina seu turno e entra em um modo defensivo. Concede a si mesma e a aliados adjacentes {DefenseModeProtectorShieldBonus}. Também fica {DefensiveAccuracyTarget} mais difícil de acertar e não pode ser flanqueada.[br/]Se esta unidade for atordoada, o modo defensivo é cancelado.</Data></Cell>
    <Cell ss:Index="5"><Data ss:Type="String">Defense Mode Ability Description</Data></Cell>
   </Row>
   <Row ss:AutoFitHeight="0" ss:Height="30">
    <Cell><Data ss:Type="String">DEFENSE_MODE_INDOMITABLE_CHAMPION</Data></Cell>
    <Cell><Data ss:Type="String">NAME</Data></Cell>
    <Cell><Data ss:Type="String">Modo Defensivo: Campeão Indomável</Data></Cell>
    <Cell ss:Index="5"><Data ss:Type="String">Defense Mode Ability Name</Data></Cell>
   </Row>
   <Row ss:AutoFitHeight="0" ss:Height="45">
    <Cell><Data ss:Type="String">DEFENSE_MODE_INDOMITABLE_CHAMPION</Data></Cell>
    <Cell><Data ss:Type="String">DESCRIPTION</Data></Cell>
    <Cell><Data ss:Type="String">Esta unidade termina seu turno e entra em um modo defensivo. Ganha Incansável e Resoluto. Também fica {DefensiveAccuracyTarget} mais difícil de acertar e não pode ser flanqueada.[br/]Se esta unidade for atordoada, o modo defensivo é cancelado.</Data></Cell>
    <Cell ss:Index="5"><Data ss:Type="String">Defense Mode Ability Description</Data></Cell>
   </Row>
   <Row ss:AutoFitHeight="0">
    <Cell><Data ss:Type="String">DEFENSE_MODE_INSPIRING_WARDEN</Data></Cell>
    <Cell><Data ss:Type="String">NAME</Data></Cell>
    <Cell><Data ss:Type="String">Modo Defensivo: Guardião Inspirador</Data></Cell>
    <Cell ss:Index="5"><Data ss:Type="String">Defense Mode Ability Name</Data></Cell>
   </Row>
   <Row ss:AutoFitHeight="0" ss:Height="45">
    <Cell><Data ss:Type="String">DEFENSE_MODE_INSPIRING_WARDEN</Data></Cell>
    <Cell><Data ss:Type="String">DESCRIPTION</Data></Cell>
    <Cell><Data ss:Type="String">Esta unidade termina seu turno e entra em um modo defensivo. Concede {moraleBoost} a unidades amigas em um raio de {hexrad} hexágonos por {turn} ao final deste turno.[br/]Se esta unidade for atordoada, o modo defensivo é cancelado.</Data></Cell>
    <Cell ss:Index="5"><Data ss:Type="String">Defense Mode Ability Description</Data></Cell>
   </Row>
   <Row ss:AutoFitHeight="0">
    <Cell><Data ss:Type="String">HEROISM</Data></Cell>
    <Cell><Data ss:Type="String">NAME</Data></Cell>
    <Cell><Data ss:Type="String">Heroísmo</Data></Cell>
    <Cell ss:Index="5"><Data ss:Type="String">Unit Property Name</Data></Cell>
   </Row>
   <Row ss:AutoFitHeight="0">
    <Cell><Data ss:Type="String">HEROISM</Data></Cell>
    <Cell><Data ss:Type="String">DESCRIPTION</Data></Cell>
    <Cell><Data ss:Type="String">Esta unidade causa {bonusDamage} de dano bônus para cada nível acima que a unidade alvo estiver em relação a si mesma.</Data></Cell>
    <Cell ss:Index="5"><Data ss:Type="String">Unit Property Description</Data></Cell>
   </Row>
   <Row ss:AutoFitHeight="0">
    <Cell><Data ss:Type="String">AGAINST_ALL_ODDS</Data></Cell>
    <Cell><Data ss:Type="String">NAME</Data></Cell>
    <Cell><Data ss:Type="String">Contra Todas as Probabilidades</Data></Cell>
    <Cell ss:Index="5"><Data ss:Type="String">Unit Property Name</Data></Cell>
   </Row>
   <Row ss:AutoFitHeight="0">
    <Cell><Data ss:Type="String">AGAINST_ALL_ODDS</Data></Cell>
    <Cell><Data ss:Type="String">DESCRIPTION</Data></Cell>
    <Cell><Data ss:Type="String">A unidade ganha {oddsEvasion} de esquiva para cada inimigo dentro de {oddsHexRange} hexágonos de si mesma.</Data></Cell>
    <Cell ss:Index="5"><Data ss:Type="String">Unit Property Description</Data></Cell>
   </Row>
   <Row ss:AutoFitHeight="0">
    <Cell><Data ss:Type="String">SWOOPING_OVERWATCH</Data></Cell>
    <Cell><Data ss:Type="String">NAME</Data></Cell>
    <Cell><Data ss:Type="String">Vigilância Aérea</Data></Cell>
    <Cell ss:Index="5"><Data ss:Type="String">Unit Property Name</Data></Cell>
   </Row>
   <Row ss:AutoFitHeight="0">
    <Cell><Data ss:Type="String">SWOOPING_OVERWATCH</Data></Cell>
    <Cell><Data ss:Type="String">DESCRIPTION</Data></Cell>
    <Cell><Data ss:Type="String">Esta unidade pode acionar vigilância corpo a corpo em unidades terrestres.</Data></Cell>
    <Cell ss:Index="5"><Data ss:Type="String">Unit Property Description</Data></Cell>
   </Row>
   <Row ss:AutoFitHeight="0">
    <Cell><Data ss:Type="String">UNWAVERING</Data></Cell>
    <Cell><Data ss:Type="String">NAME</Data></Cell>
    <Cell><Data ss:Type="String">Inabalável</Data></Cell>
    <Cell ss:Index="5"><Data ss:Type="String">Unit Property Name</Data></Cell>
   </Row>
   <Row ss:AutoFitHeight="0">
    <Cell><Data ss:Type="String">UNWAVERING</Data></Cell>
    <Cell><Data ss:Type="String">DESCRIPTION</Data></Cell>
    <Cell><Data ss:Type="String">Esta unidade receberá {critchance} de chance de acerto crítico quando sua vida estiver abaixo de {hptreshold}.</Data></Cell>
    <Cell ss:Index="5"><Data ss:Type="String">Unit Property Description</Data></Cell>
   </Row>
   <Row ss:AutoFitHeight="0">
    <Cell><Data ss:Type="String">UNWAVERING</Data></Cell>
    <Cell><Data ss:Type="String">MODIFIER_DESCRIPTION</Data></Cell>
    <Cell><Data ss:Type="String">Esta unidade tem {critchance} de chance de acerto crítico.</Data></Cell>
    <Cell ss:Index="5"><Data ss:Type="String">Unit Property Description</Data></Cell>
   </Row>
  </Table>
  <WorksheetOptions xmlns="urn:schemas-microsoft-com:office:excel">
   <Unsynced/>
   <Print>
    <ValidPrinterInfo/>
    <HorizontalResolution>600</HorizontalResolution>
    <VerticalResolution>600</VerticalResolution>
   </Print>
   <Selected/>
   <TopRowVisible>12</TopRowVisible>
   <Panes>
    <Pane>
     <Number>3</Number>
     <ActiveRow>16</ActiveRow>
     <ActiveCol>2</ActiveCol>
    </Pane>
   </Panes>
   <ProtectObjects>False</ProtectObjects>
   <ProtectScenarios>False</ProtectScenarios>
  </WorksheetOptions>
 </Worksheet>
</Workbook>