<?xml version='1.0' encoding='UTF-8'?>
<?mso-application progid="Excel.Sheet"?><Workbook xmlns="urn:schemas-microsoft-com:office:spreadsheet" xmlns:o="urn:schemas-microsoft-com:office:office" xmlns:x="urn:schemas-microsoft-com:office:excel" xmlns:ss="urn:schemas-microsoft-com:office:spreadsheet" xmlns:html="http://www.w3.org/TR/REC-html40">
 <DocumentProperties xmlns="urn:schemas-microsoft-com:office:office">
  <LastAuthor>Djurre van Dijk</LastAuthor>
  <LastSaved>2018-10-22T07:26:53Z</LastSaved>
  <Version>15.00</Version>
 </DocumentProperties>
 <OfficeDocumentSettings xmlns="urn:schemas-microsoft-com:office:office">
  <AllowPNG/>
 </OfficeDocumentSettings>
 <ExcelWorkbook xmlns="urn:schemas-microsoft-com:office:excel">
  <WindowHeight>9000</WindowHeight>
  <WindowWidth>18405</WindowWidth>
  <WindowTopX>0</WindowTopX>
  <WindowTopY>0</WindowTopY>
  <ProtectStructure>False</ProtectStructure>
  <ProtectWindows>False</ProtectWindows>
 </ExcelWorkbook>
 <Styles>
  <Style ss:ID="Default" ss:Name="Normal">
   <Alignment ss:Vertical="Bottom"/>
   <Borders/>
   <Font ss:FontName="Calibri" x:Family="Swiss" ss:Size="11" ss:Color="#000000"/>
   <Interior/>
   <NumberFormat/>
   <Protection/>
  </Style>
  <Style ss:ID="s62">
   <Alignment ss:Vertical="Bottom" ss:WrapText="1"/>
  </Style>
  <Style ss:ID="s63">
   <Alignment ss:Vertical="Top" ss:WrapText="1"/>
  </Style>
 </Styles>
 <Worksheet ss:Name="Script">
  <Table ss:ExpandedColumnCount="6" ss:ExpandedRowCount="106" x:FullColumns="1" x:FullRows="1" ss:StyleID="s62" ss:DefaultRowHeight="15">
   <Column ss:StyleID="s62" ss:Width="129.75"/>
   <Column ss:StyleID="s62" ss:Width="39"/>
   <Column ss:StyleID="s62" ss:Width="81"/>
   <Column ss:StyleID="s62" ss:Width="147.75"/>
   <Column ss:StyleID="s62" ss:AutoFitWidth="0" ss:Width="320.25"/>
   <Column ss:StyleID="s62" ss:Width="266.25"/>
   <Row ss:AutoFitHeight="0" ss:Height="60">
    <Cell ss:StyleID="s63"><Data ss:Type="String">AMAZON_HEROES</Data></Cell>
    <Cell ss:StyleID="s63"/>
    <Cell ss:StyleID="s63"/>
    <Cell ss:StyleID="s63"/>
    <Cell ss:StyleID="s63"><Data ss:Type="String">The DEV TEAM / MISC NOTES column contains info on what text between { } signs means (if applicable). It usually stands for either a numeric value, or a numeric value with an icon. Text between [ ] signs stands for a certain type of icon. </Data></Cell>
    <Cell ss:StyleID="s63"/>
   </Row>
   <Row ss:AutoFitHeight="0">
    <Cell ss:StyleID="s63"><Data ss:Type="String">SCENE ID</Data></Cell>
    <Cell ss:StyleID="s63"><Data ss:Type="String">TEXT ID</Data></Cell>
    <Cell ss:StyleID="s63"><Data ss:Type="String">ENGLISH STRING</Data></Cell>
    <Cell ss:StyleID="s63"><Data ss:Type="String">ALTERNATIVE ENGLISH STRING</Data></Cell>
    <Cell ss:StyleID="s63"><Data ss:Type="String">LOCALIZATION NOTES</Data></Cell>
    <Cell ss:StyleID="s63"><Data ss:Type="String">DEV TEAM / MISC NOTES</Data></Cell>
   </Row>
   <Row ss:AutoFitHeight="0" ss:Height="30">
    <Cell ss:StyleID="s63"><Data ss:Type="String">LEADER_FIRSTNAME_01</Data></Cell>
    <Cell ss:StyleID="s63"><Data ss:Type="String">NAME</Data></Cell>
    <Cell ss:StyleID="s63"><Data ss:Type="String">Mahina</Data></Cell>
    <Cell ss:StyleID="s63"/>
    <Cell ss:StyleID="s63"><Data ss:Type="String">Female
Transcribe - to non latin fonts - but do not localize</Data></Cell>
    <Cell ss:StyleID="s63"><Data ss:Type="String">Main player character in Amazon campaign</Data></Cell>
   </Row>
   <Row ss:AutoFitHeight="0" ss:Height="30">
    <Cell ss:StyleID="s63"><Data ss:Type="String">LEADER_SECONDNAME_01</Data></Cell>
    <Cell ss:StyleID="s63"><Data ss:Type="String">NAME</Data></Cell>
    <Cell ss:StyleID="s63"><Data ss:Type="String">Wateka</Data></Cell>
    <Cell ss:StyleID="s63"/>
    <Cell ss:StyleID="s63"><Data ss:Type="String">Surname/Title, for females only
Transcribe - to non latin fonts - but do not localize</Data></Cell>
    <Cell ss:StyleID="s63"/>
   </Row>
   <Row ss:AutoFitHeight="0" ss:Height="30">
    <Cell ss:StyleID="s63"><Data ss:Type="String">LEADER_FIRSTNAME_02</Data></Cell>
    <Cell ss:StyleID="s63"><Data ss:Type="String">NAME</Data></Cell>
    <Cell ss:StyleID="s63"><Data ss:Type="String">Berhane</Data></Cell>
    <Cell ss:StyleID="s63"/>
    <Cell ss:StyleID="s63"><Data ss:Type="String">Female
Transcribe - to non latin fonts - but do not localize</Data></Cell>
    <Cell ss:StyleID="s63"><Data ss:Type="String">Main antagonist AI player in Amazon campaign mission 2</Data></Cell>
   </Row>
   <Row ss:AutoFitHeight="0" ss:Height="30">
    <Cell ss:StyleID="s63"><Data ss:Type="String">LEADER_SECONDNAME_02</Data></Cell>
    <Cell ss:StyleID="s63"><Data ss:Type="String">NAME</Data></Cell>
    <Cell ss:StyleID="s63"><Data ss:Type="String">Katla</Data></Cell>
    <Cell ss:StyleID="s63"/>
    <Cell ss:StyleID="s63"><Data ss:Type="String">Surname/Title, for females only
Transcribe - to non latin fonts - but do not localize</Data></Cell>
    <Cell ss:StyleID="s63"/>
   </Row>
   <Row ss:AutoFitHeight="0" ss:Height="30">
    <Cell ss:StyleID="s63"><Data ss:Type="String">LEADER_FIRSTNAME_03</Data></Cell>
    <Cell ss:StyleID="s63"><Data ss:Type="String">NAME</Data></Cell>
    <Cell ss:StyleID="s63"><Data ss:Type="String">Selia</Data></Cell>
    <Cell ss:StyleID="s63"/>
    <Cell ss:StyleID="s63"><Data ss:Type="String">Female
Transcribe - to non latin fonts - but do not localize</Data></Cell>
    <Cell ss:StyleID="s63"/>
   </Row>
   <Row ss:AutoFitHeight="0" ss:Height="30">
    <Cell ss:StyleID="s63"><Data ss:Type="String">LEADER_SECONDNAME_03</Data></Cell>
    <Cell ss:StyleID="s63"><Data ss:Type="String">NAME</Data></Cell>
    <Cell ss:StyleID="s63"><Data ss:Type="String">Varju</Data></Cell>
    <Cell ss:StyleID="s63"/>
    <Cell ss:StyleID="s63"><Data ss:Type="String">Surname/Title, for females only
Transcribe - to non latin fonts - but do not localize</Data></Cell>
    <Cell ss:StyleID="s63"/>
   </Row>
   <Row ss:AutoFitHeight="0" ss:Height="30">
    <Cell ss:StyleID="s63"><Data ss:Type="String">LEADER_FIRSTNAME_04</Data></Cell>
    <Cell ss:StyleID="s63"><Data ss:Type="String">NAME</Data></Cell>
    <Cell ss:StyleID="s63"><Data ss:Type="String">Sappho</Data></Cell>
    <Cell ss:StyleID="s63"/>
    <Cell ss:StyleID="s63"><Data ss:Type="String">Female
Transcribe - to non latin fonts - but do not localize</Data></Cell>
    <Cell ss:StyleID="s63"><Data ss:Type="String">AI player in Amazon campaign mission 2</Data></Cell>
   </Row>
   <Row ss:AutoFitHeight="0" ss:Height="30">
    <Cell ss:StyleID="s63"><Data ss:Type="String">LEADER_SECONDNAME_04</Data></Cell>
    <Cell ss:StyleID="s63"><Data ss:Type="String">NAME</Data></Cell>
    <Cell ss:StyleID="s63"><Data ss:Type="String">Tori</Data></Cell>
    <Cell ss:StyleID="s63"/>
    <Cell ss:StyleID="s63"><Data ss:Type="String">Surname/Title, for females only
Transcribe - to non latin fonts - but do not localize</Data></Cell>
    <Cell ss:StyleID="s63"/>
   </Row>
   <Row ss:AutoFitHeight="0" ss:Height="30">
    <Cell ss:StyleID="s63"><Data ss:Type="String">LEADER_FIRSTNAME_05</Data></Cell>
    <Cell ss:StyleID="s63"><Data ss:Type="String">NAME</Data></Cell>
    <Cell ss:StyleID="s63"><Data ss:Type="String">Raxonee</Data></Cell>
    <Cell ss:StyleID="s63"/>
    <Cell ss:StyleID="s63"><Data ss:Type="String">Female
Transcribe - to non latin fonts - but do not localize</Data></Cell>
    <Cell ss:StyleID="s63"/>
   </Row>
   <Row ss:AutoFitHeight="0" ss:Height="30">
    <Cell ss:StyleID="s63"><Data ss:Type="String">LEADER_SECONDNAME_05</Data></Cell>
    <Cell ss:StyleID="s63"><Data ss:Type="String">NAME</Data></Cell>
    <Cell ss:StyleID="s63"><Data ss:Type="String">Alara</Data></Cell>
    <Cell ss:StyleID="s63"/>
    <Cell ss:StyleID="s63"><Data ss:Type="String">Surname/Title, for females only
Transcribe - to non latin fonts - but do not localize</Data></Cell>
    <Cell ss:StyleID="s63"/>
   </Row>
   <Row ss:AutoFitHeight="0" ss:Height="30">
    <Cell ss:StyleID="s63"><Data ss:Type="String">LEADER_FIRSTNAME_06</Data></Cell>
    <Cell ss:StyleID="s63"><Data ss:Type="String">NAME</Data></Cell>
    <Cell ss:StyleID="s63"><Data ss:Type="String">Uljana</Data></Cell>
    <Cell ss:StyleID="s63"/>
    <Cell ss:StyleID="s63"><Data ss:Type="String">Female
Transcribe - to non latin fonts - but do not localize</Data></Cell>
    <Cell ss:StyleID="s63"/>
   </Row>
   <Row ss:AutoFitHeight="0" ss:Height="30">
    <Cell ss:StyleID="s63"><Data ss:Type="String">LEADER_SECONDNAME_06</Data></Cell>
    <Cell ss:StyleID="s63"><Data ss:Type="String">NAME</Data></Cell>
    <Cell ss:StyleID="s63"><Data ss:Type="String">Firpakko</Data></Cell>
    <Cell ss:StyleID="s63"/>
    <Cell ss:StyleID="s63"><Data ss:Type="String">Surname/Title, for females only
Transcribe - to non latin fonts - but do not localize</Data></Cell>
    <Cell ss:StyleID="s63"/>
   </Row>
   <Row ss:AutoFitHeight="0" ss:Height="30">
    <Cell ss:StyleID="s63"><Data ss:Type="String">LEADER_FIRSTNAME_07</Data></Cell>
    <Cell ss:StyleID="s63"><Data ss:Type="String">NAME</Data></Cell>
    <Cell ss:StyleID="s63"><Data ss:Type="String">Kelshana</Data></Cell>
    <Cell ss:StyleID="s63"/>
    <Cell ss:StyleID="s63"><Data ss:Type="String">Female
Transcribe - to non latin fonts - but do not localize</Data></Cell>
    <Cell ss:StyleID="s63"/>
   </Row>
   <Row ss:AutoFitHeight="0" ss:Height="30">
    <Cell ss:StyleID="s63"><Data ss:Type="String">LEADER_SECONDNAME_07</Data></Cell>
    <Cell ss:StyleID="s63"><Data ss:Type="String">NAME</Data></Cell>
    <Cell ss:StyleID="s63"><Data ss:Type="String">Latisiak</Data></Cell>
    <Cell ss:StyleID="s63"/>
    <Cell ss:StyleID="s63"><Data ss:Type="String">Surname/Title, for females only
Transcribe - to non latin fonts - but do not localize</Data></Cell>
    <Cell ss:StyleID="s63"/>
   </Row>
   <Row ss:AutoFitHeight="0" ss:Height="30">
    <Cell ss:StyleID="s63"><Data ss:Type="String">LEADER_FIRSTNAME_08</Data></Cell>
    <Cell ss:StyleID="s63"><Data ss:Type="String">NAME</Data></Cell>
    <Cell ss:StyleID="s63"><Data ss:Type="String">Zarai</Data></Cell>
    <Cell ss:StyleID="s63"/>
    <Cell ss:StyleID="s63"><Data ss:Type="String">Female
Transcribe - to non latin fonts - but do not localize</Data></Cell>
    <Cell ss:StyleID="s63"/>
   </Row>
   <Row ss:AutoFitHeight="0" ss:Height="30">
    <Cell ss:StyleID="s63"><Data ss:Type="String">LEADER_SECONDNAME_08</Data></Cell>
    <Cell ss:StyleID="s63"><Data ss:Type="String">NAME</Data></Cell>
    <Cell ss:StyleID="s63"><Data ss:Type="String">Loreg</Data></Cell>
    <Cell ss:StyleID="s63"/>
    <Cell ss:StyleID="s63"><Data ss:Type="String">Surname/Title, for females only
Transcribe - to non latin fonts - but do not localize</Data></Cell>
    <Cell ss:StyleID="s63"/>
   </Row>
   <Row ss:Index="21" ss:AutoFitHeight="0" ss:Height="30">
    <Cell><Data ss:Type="String">HERO_FIRSTNAME_01</Data></Cell>
    <Cell><Data ss:Type="String">NAME</Data></Cell>
    <Cell><Data ss:Type="String">Leonkore</Data></Cell>
    <Cell ss:Index="5"><Data ss:Type="String">Female
Transcribe - to non latin fonts - but do not localize</Data></Cell>
    <Cell><Data ss:Type="String">Randomizer only</Data></Cell>
   </Row>
   <Row ss:AutoFitHeight="0" ss:Height="30">
    <Cell><Data ss:Type="String">HERO_SECONDNAME_01</Data></Cell>
    <Cell><Data ss:Type="String">NAME</Data></Cell>
    <Cell><Data ss:Type="String">de Alyndrial</Data></Cell>
    <Cell ss:Index="5"><Data ss:Type="String">Surname/Title, for females only
'of &lt;foo&gt;', as in 'of this place'.</Data></Cell>
    <Cell><Data ss:Type="String">Randomizer only</Data></Cell>
   </Row>
   <Row ss:AutoFitHeight="0" ss:Height="30">
    <Cell><Data ss:Type="String">HERO_FIRSTNAME_02</Data></Cell>
    <Cell><Data ss:Type="String">NAME</Data></Cell>
    <Cell><Data ss:Type="String">Clio</Data></Cell>
    <Cell ss:Index="5"><Data ss:Type="String">Female
Transcribe - to non latin fonts - but do not localize</Data></Cell>
    <Cell><Data ss:Type="String">Randomizer only</Data></Cell>
   </Row>
   <Row ss:AutoFitHeight="0">
    <Cell><Data ss:Type="String">HERO_SECONDNAME_02</Data></Cell>
    <Cell><Data ss:Type="String">NAME</Data></Cell>
    <Cell><Data ss:Type="String">o(a) Ancestral</Data></Cell>
    <Cell ss:Index="5"><Data ss:Type="String">Surname/Title, for females only</Data></Cell>
    <Cell><Data ss:Type="String">Randomizer only</Data></Cell>
   </Row>
   <Row ss:AutoFitHeight="0" ss:Height="30">
    <Cell><Data ss:Type="String">HERO_FIRSTNAME_03</Data></Cell>
    <Cell><Data ss:Type="String">NAME</Data></Cell>
    <Cell><Data ss:Type="String">Euterpe</Data></Cell>
    <Cell ss:Index="5"><Data ss:Type="String">Female
Transcribe - to non latin fonts - but do not localize</Data></Cell>
    <Cell><Data ss:Type="String">Randomizer only</Data></Cell>
   </Row>
   <Row ss:AutoFitHeight="0">
    <Cell><Data ss:Type="String">HERO_SECONDNAME_03</Data></Cell>
    <Cell><Data ss:Type="String">NAME</Data></Cell>
    <Cell><Data ss:Type="String">o(a) Colérico(a)</Data></Cell>
    <Cell ss:Index="5"><Data ss:Type="String">Surname/Title, for females only</Data></Cell>
    <Cell><Data ss:Type="String">Randomizer only</Data></Cell>
   </Row>
   <Row ss:AutoFitHeight="0" ss:Height="30">
    <Cell><Data ss:Type="String">HERO_FIRSTNAME_04</Data></Cell>
    <Cell><Data ss:Type="String">NAME</Data></Cell>
    <Cell><Data ss:Type="String">Erato</Data></Cell>
    <Cell ss:Index="5"><Data ss:Type="String">Female
Transcribe - to non latin fonts - but do not localize</Data></Cell>
    <Cell><Data ss:Type="String">Randomizer only</Data></Cell>
   </Row>
   <Row ss:AutoFitHeight="0">
    <Cell><Data ss:Type="String">HERO_SECONDNAME_04</Data></Cell>
    <Cell><Data ss:Type="String">NAME</Data></Cell>
    <Cell><Data ss:Type="String">Chamador(a) da Noite</Data></Cell>
    <Cell ss:Index="5"><Data ss:Type="String">Surname/Title, for females only</Data></Cell>
    <Cell><Data ss:Type="String">Randomizer only</Data></Cell>
   </Row>
   <Row ss:AutoFitHeight="0" ss:Height="30">
    <Cell><Data ss:Type="String">HERO_FIRSTNAME_05</Data></Cell>
    <Cell><Data ss:Type="String">NAME</Data></Cell>
    <Cell><Data ss:Type="String">Melpomene</Data></Cell>
    <Cell ss:Index="5"><Data ss:Type="String">Female
Transcribe - to non latin fonts - but do not localize</Data></Cell>
    <Cell><Data ss:Type="String">Randomizer only</Data></Cell>
   </Row>
   <Row ss:AutoFitHeight="0">
    <Cell><Data ss:Type="String">HERO_SECONDNAME_05</Data></Cell>
    <Cell><Data ss:Type="String">NAME</Data></Cell>
    <Cell><Data ss:Type="String">o(a) Sombrio(a)</Data></Cell>
    <Cell ss:Index="5"><Data ss:Type="String">Surname/Title, for females only</Data></Cell>
    <Cell><Data ss:Type="String">Randomizer only</Data></Cell>
   </Row>
   <Row ss:AutoFitHeight="0" ss:Height="30">
    <Cell><Data ss:Type="String">HERO_FIRSTNAME_06</Data></Cell>
    <Cell><Data ss:Type="String">NAME</Data></Cell>
    <Cell><Data ss:Type="String">Thelxiope</Data></Cell>
    <Cell ss:Index="5"><Data ss:Type="String">Female
Transcribe - to non latin fonts - but do not localize</Data></Cell>
    <Cell><Data ss:Type="String">Randomizer only</Data></Cell>
   </Row>
   <Row ss:AutoFitHeight="0">
    <Cell><Data ss:Type="String">HERO_SECONDNAME_06</Data></Cell>
    <Cell><Data ss:Type="String">NAME</Data></Cell>
    <Cell><Data ss:Type="String">o(a) Perfeito(a)</Data></Cell>
    <Cell ss:Index="5"><Data ss:Type="String">Surname/Title, for females only</Data></Cell>
    <Cell><Data ss:Type="String">Randomizer only</Data></Cell>
   </Row>
   <Row ss:AutoFitHeight="0" ss:Height="30">
    <Cell><Data ss:Type="String">HERO_FIRSTNAME_07</Data></Cell>
    <Cell><Data ss:Type="String">NAME</Data></Cell>
    <Cell><Data ss:Type="String">Yadira</Data></Cell>
    <Cell ss:Index="5"><Data ss:Type="String">Female
Transcribe - to non latin fonts - but do not localize</Data></Cell>
    <Cell><Data ss:Type="String">Randomizer only</Data></Cell>
   </Row>
   <Row ss:AutoFitHeight="0">
    <Cell><Data ss:Type="String">HERO_SECONDNAME_07</Data></Cell>
    <Cell><Data ss:Type="String">NAME</Data></Cell>
    <Cell><Data ss:Type="String">o(a) Generoso(a)</Data></Cell>
    <Cell ss:Index="5"><Data ss:Type="String">Surname/Title, for females only</Data></Cell>
    <Cell><Data ss:Type="String">Randomizer only</Data></Cell>
   </Row>
   <Row ss:AutoFitHeight="0" ss:Height="30">
    <Cell><Data ss:Type="String">HERO_FIRSTNAME_08</Data></Cell>
    <Cell><Data ss:Type="String">NAME</Data></Cell>
    <Cell><Data ss:Type="String">Anastasia</Data></Cell>
    <Cell ss:Index="5"><Data ss:Type="String">Female
Transcribe - to non latin fonts - but do not localize</Data></Cell>
    <Cell><Data ss:Type="String">Randomizer only</Data></Cell>
   </Row>
   <Row ss:AutoFitHeight="0" ss:Height="30">
    <Cell><Data ss:Type="String">HERO_SECONDNAME_08</Data></Cell>
    <Cell><Data ss:Type="String">NAME</Data></Cell>
    <Cell><Data ss:Type="String">o(a) Três Vezes Renascido(a)</Data></Cell>
    <Cell ss:Index="5"><Data ss:Type="String">Surname/Title, for females only</Data></Cell>
    <Cell><Data ss:Type="String">Randomizer only</Data></Cell>
   </Row>
   <Row ss:AutoFitHeight="0" ss:Height="30">
    <Cell><Data ss:Type="String">HERO_FIRSTNAME_09</Data></Cell>
    <Cell><Data ss:Type="String">NAME</Data></Cell>
    <Cell><Data ss:Type="String">Chara</Data></Cell>
    <Cell ss:Index="5"><Data ss:Type="String">Female
Transcribe - to non latin fonts - but do not localize</Data></Cell>
    <Cell><Data ss:Type="String">Randomizer only</Data></Cell>
   </Row>
   <Row ss:AutoFitHeight="0">
    <Cell><Data ss:Type="String">HERO_SECONDNAME_09</Data></Cell>
    <Cell><Data ss:Type="String">NAME</Data></Cell>
    <Cell><Data ss:Type="String">o(a) Determinado(a)</Data></Cell>
    <Cell ss:Index="5"><Data ss:Type="String">Surname/Title, for females only</Data></Cell>
    <Cell><Data ss:Type="String">Randomizer only</Data></Cell>
   </Row>
   <Row ss:AutoFitHeight="0" ss:Height="30">
    <Cell><Data ss:Type="String">HERO_FIRSTNAME_10</Data></Cell>
    <Cell><Data ss:Type="String">NAME</Data></Cell>
    <Cell><Data ss:Type="String">Demi</Data></Cell>
    <Cell ss:Index="5"><Data ss:Type="String">Female
Transcribe - to non latin fonts - but do not localize</Data></Cell>
    <Cell><Data ss:Type="String">Randomizer only</Data></Cell>
   </Row>
   <Row ss:AutoFitHeight="0">
    <Cell><Data ss:Type="String">HERO_SECONDNAME_10</Data></Cell>
    <Cell><Data ss:Type="String">NAME</Data></Cell>
    <Cell><Data ss:Type="String">o(a) Sutil</Data></Cell>
    <Cell ss:Index="5"><Data ss:Type="String">Surname/Title, for females only</Data></Cell>
    <Cell><Data ss:Type="String">Randomizer only</Data></Cell>
   </Row>
   <Row ss:AutoFitHeight="0" ss:Height="30">
    <Cell><Data ss:Type="String">HERO_FIRSTNAME_11</Data></Cell>
    <Cell><Data ss:Type="String">NAME</Data></Cell>
    <Cell><Data ss:Type="String">Maeva</Data></Cell>
    <Cell ss:Index="5"><Data ss:Type="String">Female
Transcribe - to non latin fonts - but do not localize</Data></Cell>
    <Cell><Data ss:Type="String">Randomizer only</Data></Cell>
   </Row>
   <Row ss:AutoFitHeight="0" ss:Height="30">
    <Cell><Data ss:Type="String">HERO_SECONDNAME_11</Data></Cell>
    <Cell><Data ss:Type="String">NAME</Data></Cell>
    <Cell><Data ss:Type="String">Urelias</Data></Cell>
    <Cell ss:Index="5"><Data ss:Type="String">Surname/Title, for females only
Transcribe - to non latin fonts - but do not localize</Data></Cell>
    <Cell><Data ss:Type="String">Randomizer only</Data></Cell>
   </Row>
   <Row ss:AutoFitHeight="0" ss:Height="30">
    <Cell><Data ss:Type="String">HERO_FIRSTNAME_12</Data></Cell>
    <Cell><Data ss:Type="String">NAME</Data></Cell>
    <Cell><Data ss:Type="String">Diana</Data></Cell>
    <Cell ss:Index="5"><Data ss:Type="String">Female
Transcribe - to non latin fonts - but do not localize</Data></Cell>
    <Cell><Data ss:Type="String">Randomizer only</Data></Cell>
   </Row>
   <Row ss:AutoFitHeight="0">
    <Cell><Data ss:Type="String">HERO_SECONDNAME_12</Data></Cell>
    <Cell><Data ss:Type="String">NAME</Data></Cell>
    <Cell><Data ss:Type="String">o(a) Maravilhoso(a)</Data></Cell>
    <Cell ss:Index="5"><Data ss:Type="String">Surname/Title, for females only</Data></Cell>
    <Cell><Data ss:Type="String">Randomizer only</Data></Cell>
   </Row>
   <Row ss:AutoFitHeight="0" ss:Height="30">
    <Cell><Data ss:Type="String">HERO_FIRSTNAME_13</Data></Cell>
    <Cell><Data ss:Type="String">NAME</Data></Cell>
    <Cell><Data ss:Type="String">Tiana</Data></Cell>
    <Cell ss:Index="5"><Data ss:Type="String">Female
Transcribe - to non latin fonts - but do not localize</Data></Cell>
    <Cell><Data ss:Type="String">Randomizer only</Data></Cell>
   </Row>
   <Row ss:AutoFitHeight="0" ss:Height="30">
    <Cell><Data ss:Type="String">HERO_SECONDNAME_13</Data></Cell>
    <Cell><Data ss:Type="String">NAME</Data></Cell>
    <Cell><Data ss:Type="String">Evergreen</Data></Cell>
    <Cell ss:Index="5"><Data ss:Type="String">Surname/Title, for females only
Transcribe - to non latin fonts - but do not localize</Data></Cell>
    <Cell><Data ss:Type="String">Randomizer only</Data></Cell>
   </Row>
   <Row ss:AutoFitHeight="0" ss:Height="30">
    <Cell><Data ss:Type="String">HERO_FIRSTNAME_14</Data></Cell>
    <Cell><Data ss:Type="String">NAME</Data></Cell>
    <Cell><Data ss:Type="String">Pelagia</Data></Cell>
    <Cell ss:Index="5"><Data ss:Type="String">Female
Transcribe - to non latin fonts - but do not localize</Data></Cell>
    <Cell><Data ss:Type="String">Randomizer only</Data></Cell>
   </Row>
   <Row ss:AutoFitHeight="0">
    <Cell><Data ss:Type="String">HERO_SECONDNAME_14</Data></Cell>
    <Cell><Data ss:Type="String">NAME</Data></Cell>
    <Cell><Data ss:Type="String">o(a) Puro(a)</Data></Cell>
    <Cell ss:Index="5"><Data ss:Type="String">Surname/Title, for females only</Data></Cell>
    <Cell><Data ss:Type="String">Randomizer only</Data></Cell>
   </Row>
   <Row ss:AutoFitHeight="0" ss:Height="30">
    <Cell><Data ss:Type="String">HERO_FIRSTNAME_15</Data></Cell>
    <Cell><Data ss:Type="String">NAME</Data></Cell>
    <Cell><Data ss:Type="String">Selene</Data></Cell>
    <Cell ss:Index="5"><Data ss:Type="String">Female
Transcribe - to non latin fonts - but do not localize</Data></Cell>
    <Cell><Data ss:Type="String">Randomizer only</Data></Cell>
   </Row>
   <Row ss:AutoFitHeight="0">
    <Cell><Data ss:Type="String">HERO_SECONDNAME_15</Data></Cell>
    <Cell><Data ss:Type="String">NAME</Data></Cell>
    <Cell><Data ss:Type="String">o(a) Sombrio(a)</Data></Cell>
    <Cell ss:Index="5"><Data ss:Type="String">Surname/Title, for females only</Data></Cell>
    <Cell><Data ss:Type="String">Randomizer only</Data></Cell>
   </Row>
   <Row ss:AutoFitHeight="0" ss:Height="30">
    <Cell><Data ss:Type="String">HERO_FIRSTNAME_16</Data></Cell>
    <Cell><Data ss:Type="String">NAME</Data></Cell>
    <Cell><Data ss:Type="String">Parthena</Data></Cell>
    <Cell ss:Index="5"><Data ss:Type="String">Female
Transcribe - to non latin fonts - but do not localize</Data></Cell>
    <Cell><Data ss:Type="String">Randomizer only</Data></Cell>
   </Row>
   <Row ss:AutoFitHeight="0" ss:Height="30">
    <Cell><Data ss:Type="String">HERO_SECONDNAME_16</Data></Cell>
    <Cell><Data ss:Type="String">NAME</Data></Cell>
    <Cell><Data ss:Type="String">Elysion</Data></Cell>
    <Cell ss:Index="5"><Data ss:Type="String">Surname/Title, for females only
Transcribe - to non latin fonts - but do not localize</Data></Cell>
    <Cell><Data ss:Type="String">Randomizer only</Data></Cell>
   </Row>
   <Row ss:AutoFitHeight="0" ss:Height="30">
    <Cell><Data ss:Type="String">HERO_FIRSTNAME_17</Data></Cell>
    <Cell><Data ss:Type="String">NAME</Data></Cell>
    <Cell><Data ss:Type="String">Calliope</Data></Cell>
    <Cell ss:Index="5"><Data ss:Type="String">Female
Transcribe - to non latin fonts - but do not localize</Data></Cell>
   </Row>
   <Row ss:AutoFitHeight="0">
    <Cell><Data ss:Type="String">HERO_SECONDNAME_17</Data></Cell>
    <Cell><Data ss:Type="String">NAME</Data></Cell>
    <Cell><Data ss:Type="String">Juramentado(a) do Canto</Data></Cell>
    <Cell ss:Index="5"><Data ss:Type="String">Surname/Title, for females only</Data></Cell>
   </Row>
   <Row ss:AutoFitHeight="0" ss:Height="30">
    <Cell><Data ss:Type="String">HERO_FIRSTNAME_18</Data></Cell>
    <Cell><Data ss:Type="String">NAME</Data></Cell>
    <Cell><Data ss:Type="String">Pheme</Data></Cell>
    <Cell ss:Index="5"><Data ss:Type="String">Female
Transcribe - to non latin fonts - but do not localize</Data></Cell>
    <Cell><Data ss:Type="String">Randomizer only</Data></Cell>
   </Row>
   <Row ss:AutoFitHeight="0">
    <Cell><Data ss:Type="String">HERO_SECONDNAME_18</Data></Cell>
    <Cell><Data ss:Type="String">NAME</Data></Cell>
    <Cell><Data ss:Type="String">o(a) Arauto</Data></Cell>
    <Cell ss:Index="5"><Data ss:Type="String">Surname/Title, for females only</Data></Cell>
    <Cell><Data ss:Type="String">Randomizer only</Data></Cell>
   </Row>
   <Row ss:AutoFitHeight="0" ss:Height="30">
    <Cell><Data ss:Type="String">HERO_FIRSTNAME_19</Data></Cell>
    <Cell><Data ss:Type="String">NAME</Data></Cell>
    <Cell><Data ss:Type="String">Horme</Data></Cell>
    <Cell ss:Index="5"><Data ss:Type="String">Female
Transcribe - to non latin fonts - but do not localize</Data></Cell>
    <Cell><Data ss:Type="String">Randomizer only</Data></Cell>
   </Row>
   <Row ss:AutoFitHeight="0">
    <Cell><Data ss:Type="String">HERO_SECONDNAME_19</Data></Cell>
    <Cell><Data ss:Type="String">NAME</Data></Cell>
    <Cell><Data ss:Type="String">o(a) Apaixonado(a)</Data></Cell>
    <Cell ss:Index="5"><Data ss:Type="String">Surname/Title, for females only</Data></Cell>
    <Cell><Data ss:Type="String">Randomizer only</Data></Cell>
   </Row>
   <Row ss:AutoFitHeight="0" ss:Height="30">
    <Cell><Data ss:Type="String">HERO_FIRSTNAME_20</Data></Cell>
    <Cell><Data ss:Type="String">NAME</Data></Cell>
    <Cell><Data ss:Type="String">Zosime</Data></Cell>
    <Cell ss:Index="5"><Data ss:Type="String">Female
Transcribe - to non latin fonts - but do not localize</Data></Cell>
    <Cell><Data ss:Type="String">Randomizer only</Data></Cell>
   </Row>
   <Row ss:AutoFitHeight="0">
    <Cell><Data ss:Type="String">HERO_SECONDNAME_20</Data></Cell>
    <Cell><Data ss:Type="String">NAME</Data></Cell>
    <Cell><Data ss:Type="String">o(a) Sobrevivente</Data></Cell>
    <Cell ss:Index="5"><Data ss:Type="String">Surname/Title, for females only</Data></Cell>
    <Cell><Data ss:Type="String">Randomizer only</Data></Cell>
   </Row>
   <Row ss:AutoFitHeight="0" ss:Height="30">
    <Cell><Data ss:Type="String">HERO_FIRSTNAME_21</Data></Cell>
    <Cell><Data ss:Type="String">NAME</Data></Cell>
    <Cell><Data ss:Type="String">Anahera</Data></Cell>
    <Cell ss:Index="5"><Data ss:Type="String">Female
Transcribe - to non latin fonts - but do not localize</Data></Cell>
    <Cell><Data ss:Type="String">Randomizer only</Data></Cell>
   </Row>
   <Row ss:AutoFitHeight="0">
    <Cell><Data ss:Type="String">HERO_SECONDNAME_21</Data></Cell>
    <Cell><Data ss:Type="String">NAME</Data></Cell>
    <Cell><Data ss:Type="String">o(a) Celestial</Data></Cell>
    <Cell ss:Index="5"><Data ss:Type="String">Surname/Title, for females only</Data></Cell>
    <Cell><Data ss:Type="String">Randomizer only</Data></Cell>
   </Row>
   <Row ss:AutoFitHeight="0" ss:Height="30">
    <Cell><Data ss:Type="String">HERO_FIRSTNAME_22</Data></Cell>
    <Cell><Data ss:Type="String">NAME</Data></Cell>
    <Cell><Data ss:Type="String">Creusa</Data></Cell>
    <Cell ss:Index="5"><Data ss:Type="String">Female
Transcribe - to non latin fonts - but do not localize</Data></Cell>
   </Row>
   <Row ss:AutoFitHeight="0" ss:Height="30">
    <Cell><Data ss:Type="String">HERO_SECONDNAME_22</Data></Cell>
    <Cell><Data ss:Type="String">NAME</Data></Cell>
    <Cell><Data ss:Type="String">de Oran</Data></Cell>
    <Cell ss:Index="5"><Data ss:Type="String">Surname/Title, for females only
'of &lt;foo&gt;', as in 'of this place'.</Data></Cell>
   </Row>
   <Row ss:AutoFitHeight="0" ss:Height="30">
    <Cell><Data ss:Type="String">HERO_FIRSTNAME_23</Data></Cell>
    <Cell><Data ss:Type="String">NAME</Data></Cell>
    <Cell><Data ss:Type="String">Leilani</Data></Cell>
    <Cell ss:Index="5"><Data ss:Type="String">Female
Transcribe - to non latin fonts - but do not localize</Data></Cell>
    <Cell><Data ss:Type="String">Randomizer only</Data></Cell>
   </Row>
   <Row ss:AutoFitHeight="0">
    <Cell><Data ss:Type="String">HERO_SECONDNAME_23</Data></Cell>
    <Cell><Data ss:Type="String">NAME</Data></Cell>
    <Cell><Data ss:Type="String">Trazedor(a) da Floração</Data></Cell>
    <Cell ss:Index="5"><Data ss:Type="String">Surname/Title, for females only</Data></Cell>
    <Cell><Data ss:Type="String">Randomizer only</Data></Cell>
   </Row>
   <Row ss:AutoFitHeight="0" ss:Height="30">
    <Cell><Data ss:Type="String">HERO_FIRSTNAME_24</Data></Cell>
    <Cell><Data ss:Type="String">NAME</Data></Cell>
    <Cell><Data ss:Type="String">Roimata</Data></Cell>
    <Cell ss:Index="5"><Data ss:Type="String">Female
Transcribe - to non latin fonts - but do not localize</Data></Cell>
    <Cell><Data ss:Type="String">Randomizer only</Data></Cell>
   </Row>
   <Row ss:AutoFitHeight="0">
    <Cell><Data ss:Type="String">HERO_SECONDNAME_24</Data></Cell>
    <Cell><Data ss:Type="String">NAME</Data></Cell>
    <Cell><Data ss:Type="String">Apanhadora-de-Tristeza</Data></Cell>
    <Cell ss:Index="5"><Data ss:Type="String">Surname/Title, for females only</Data></Cell>
    <Cell><Data ss:Type="String">Randomizer only</Data></Cell>
   </Row>
   <Row ss:AutoFitHeight="0" ss:Height="30">
    <Cell><Data ss:Type="String">HERO_FIRSTNAME_25</Data></Cell>
    <Cell><Data ss:Type="String">NAME</Data></Cell>
    <Cell><Data ss:Type="String">Hippolyte</Data></Cell>
    <Cell ss:Index="5"><Data ss:Type="String">Female
Transcribe - to non latin fonts - but do not localize</Data></Cell>
    <Cell><Data ss:Type="String">Randomizer only</Data></Cell>
   </Row>
   <Row ss:AutoFitHeight="0">
    <Cell><Data ss:Type="String">HERO_SECONDNAME_25</Data></Cell>
    <Cell><Data ss:Type="String">NAME</Data></Cell>
    <Cell><Data ss:Type="String">XVIII</Data></Cell>
    <Cell ss:Index="5"><Data ss:Type="String">Surname/Title, for females only</Data></Cell>
    <Cell><Data ss:Type="String">Randomizer only</Data></Cell>
   </Row>
   <Row ss:AutoFitHeight="0" ss:Height="30">
    <Cell><Data ss:Type="String">HERO_FIRSTNAME_26</Data></Cell>
    <Cell><Data ss:Type="String">NAME</Data></Cell>
    <Cell><Data ss:Type="String">Phoebe</Data></Cell>
    <Cell ss:Index="5"><Data ss:Type="String">Female
Transcribe - to non latin fonts - but do not localize</Data></Cell>
    <Cell><Data ss:Type="String">Randomizer only</Data></Cell>
   </Row>
   <Row ss:AutoFitHeight="0" ss:Height="30">
    <Cell><Data ss:Type="String">HERO_SECONDNAME_26</Data></Cell>
    <Cell><Data ss:Type="String">NAME</Data></Cell>
    <Cell><Data ss:Type="String">de Thule</Data></Cell>
    <Cell ss:Index="5"><Data ss:Type="String">Surname/Title, for females only
'of &lt;foo&gt;', as in 'of this place'.</Data></Cell>
    <Cell><Data ss:Type="String">Randomizer only</Data></Cell>
   </Row>
   <Row ss:AutoFitHeight="0" ss:Height="30">
    <Cell><Data ss:Type="String">HERO_FIRSTNAME_27</Data></Cell>
    <Cell><Data ss:Type="String">NAME</Data></Cell>
    <Cell><Data ss:Type="String">Marpesia</Data></Cell>
    <Cell ss:Index="5"><Data ss:Type="String">Female
Transcribe - to non latin fonts - but do not localize</Data></Cell>
    <Cell><Data ss:Type="String">Randomizer only</Data></Cell>
   </Row>
   <Row ss:AutoFitHeight="0">
    <Cell><Data ss:Type="String">HERO_SECONDNAME_27</Data></Cell>
    <Cell><Data ss:Type="String">NAME</Data></Cell>
    <Cell><Data ss:Type="String">a Rainha</Data></Cell>
    <Cell ss:Index="5"><Data ss:Type="String">Surname/Title, for females only</Data></Cell>
    <Cell><Data ss:Type="String">Randomizer only</Data></Cell>
   </Row>
   <Row ss:AutoFitHeight="0" ss:Height="30">
    <Cell><Data ss:Type="String">HERO_FIRSTNAME_28</Data></Cell>
    <Cell><Data ss:Type="String">NAME</Data></Cell>
    <Cell><Data ss:Type="String">Camilla</Data></Cell>
    <Cell ss:Index="5"><Data ss:Type="String">Female
Transcribe - to non latin fonts - but do not localize</Data></Cell>
    <Cell><Data ss:Type="String">Randomizer only</Data></Cell>
   </Row>
   <Row ss:AutoFitHeight="0">
    <Cell><Data ss:Type="String">HERO_SECONDNAME_28</Data></Cell>
    <Cell><Data ss:Type="String">NAME</Data></Cell>
    <Cell><Data ss:Type="String">o Bravo</Data></Cell>
    <Cell ss:Index="5"><Data ss:Type="String">Surname/Title, for females only</Data></Cell>
    <Cell><Data ss:Type="String">Randomizer only</Data></Cell>
   </Row>
   <Row ss:AutoFitHeight="0" ss:Height="30">
    <Cell><Data ss:Type="String">HERO_FIRSTNAME_29</Data></Cell>
    <Cell><Data ss:Type="String">NAME</Data></Cell>
    <Cell><Data ss:Type="String">Thalia</Data></Cell>
    <Cell ss:Index="5"><Data ss:Type="String">Female
Transcribe - to non latin fonts - but do not localize</Data></Cell>
    <Cell><Data ss:Type="String">Randomizer only</Data></Cell>
   </Row>
   <Row ss:AutoFitHeight="0">
    <Cell><Data ss:Type="String">HERO_SECONDNAME_29</Data></Cell>
    <Cell><Data ss:Type="String">NAME</Data></Cell>
    <Cell><Data ss:Type="String">o Tolo</Data></Cell>
    <Cell ss:Index="5"><Data ss:Type="String">Surname/Title, for females only</Data></Cell>
    <Cell><Data ss:Type="String">Randomizer only</Data></Cell>
   </Row>
   <Row ss:AutoFitHeight="0" ss:Height="30">
    <Cell><Data ss:Type="String">HERO_FIRSTNAME_30</Data></Cell>
    <Cell><Data ss:Type="String">NAME</Data></Cell>
    <Cell><Data ss:Type="String">Dido</Data></Cell>
    <Cell ss:Index="5"><Data ss:Type="String">Female
Transcribe - to non latin fonts - but do not localize</Data></Cell>
   </Row>
   <Row ss:AutoFitHeight="0">
    <Cell><Data ss:Type="String">HERO_SECONDNAME_30</Data></Cell>
    <Cell><Data ss:Type="String">NAME</Data></Cell>
    <Cell><Data ss:Type="String">o Explorador</Data></Cell>
    <Cell ss:Index="5"><Data ss:Type="String">Surname/Title, for females only</Data></Cell>
   </Row>
   <Row ss:AutoFitHeight="0" ss:Height="30">
    <Cell><Data ss:Type="String">HERO_FIRSTNAME_31</Data></Cell>
    <Cell><Data ss:Type="String">NAME</Data></Cell>
    <Cell><Data ss:Type="String">Cassandra</Data></Cell>
    <Cell ss:Index="5"><Data ss:Type="String">Female
Transcribe - to non latin fonts - but do not localize</Data></Cell>
    <Cell><Data ss:Type="String">Randomizer only</Data></Cell>
   </Row>
   <Row ss:AutoFitHeight="0" ss:Height="30">
    <Cell><Data ss:Type="String">HERO_SECONDNAME_31</Data></Cell>
    <Cell><Data ss:Type="String">NAME</Data></Cell>
    <Cell><Data ss:Type="String">Farseer</Data></Cell>
    <Cell ss:Index="5"><Data ss:Type="String">Surname/Title, for females only
Transcribe - to non latin fonts - but do not localize</Data></Cell>
    <Cell><Data ss:Type="String">Randomizer only</Data></Cell>
   </Row>
   <Row ss:AutoFitHeight="0" ss:Height="30">
    <Cell><Data ss:Type="String">HERO_FIRSTNAME_32</Data></Cell>
    <Cell><Data ss:Type="String">NAME</Data></Cell>
    <Cell><Data ss:Type="String">Ilsevel</Data></Cell>
    <Cell ss:Index="5"><Data ss:Type="String">Female
Transcribe - to non latin fonts - but do not localize</Data></Cell>
   </Row>
   <Row ss:AutoFitHeight="0">
    <Cell><Data ss:Type="String">HERO_SECONDNAME_32</Data></Cell>
    <Cell><Data ss:Type="String">NAME</Data></Cell>
    <Cell><Data ss:Type="String">a Aviadora</Data></Cell>
    <Cell ss:Index="5"><Data ss:Type="String">Surname/Title, for females only</Data></Cell>
   </Row>
   <Row ss:AutoFitHeight="0" ss:Height="30">
    <Cell><Data ss:Type="String">HERO_FIRSTNAME_33</Data></Cell>
    <Cell><Data ss:Type="String">NAME</Data></Cell>
    <Cell><Data ss:Type="String">Rowena</Data></Cell>
    <Cell ss:Index="5"><Data ss:Type="String">Female
Transcribe - to non latin fonts - but do not localize</Data></Cell>
   </Row>
   <Row ss:AutoFitHeight="0">
    <Cell><Data ss:Type="String">HERO_SECONDNAME_33</Data></Cell>
    <Cell><Data ss:Type="String">NAME</Data></Cell>
    <Cell><Data ss:Type="String">o Furioso</Data></Cell>
    <Cell ss:Index="5"><Data ss:Type="String">Surname/Title, for females only</Data></Cell>
   </Row>
   <Row ss:AutoFitHeight="0" ss:Height="30">
    <Cell><Data ss:Type="String">HERO_FIRSTNAME_34</Data></Cell>
    <Cell><Data ss:Type="String">NAME</Data></Cell>
    <Cell><Data ss:Type="String">Immiante</Data></Cell>
    <Cell ss:Index="5"><Data ss:Type="String">Female
Transcribe - to non latin fonts - but do not localize</Data></Cell>
   </Row>
   <Row ss:AutoFitHeight="0">
    <Cell><Data ss:Type="String">HERO_SECONDNAME_34</Data></Cell>
    <Cell><Data ss:Type="String">NAME</Data></Cell>
    <Cell><Data ss:Type="String">a Perversa</Data></Cell>
    <Cell ss:Index="5"><Data ss:Type="String">Surname/Title, for females only</Data></Cell>
   </Row>
   <Row ss:AutoFitHeight="0" ss:Height="30">
    <Cell><Data ss:Type="String">HERO_FIRSTNAME_35</Data></Cell>
    <Cell><Data ss:Type="String">NAME</Data></Cell>
    <Cell><Data ss:Type="String">Maraka</Data></Cell>
    <Cell ss:Index="5"><Data ss:Type="String">Female
Transcribe - to non latin fonts - but do not localize</Data></Cell>
   </Row>
   <Row ss:AutoFitHeight="0">
    <Cell><Data ss:Type="String">HERO_SECONDNAME_35</Data></Cell>
    <Cell><Data ss:Type="String">NAME</Data></Cell>
    <Cell><Data ss:Type="String">o Emaranhador</Data></Cell>
    <Cell ss:Index="5"><Data ss:Type="String">Surname/Title, for females only</Data></Cell>
   </Row>
   <Row ss:AutoFitHeight="0" ss:Height="30">
    <Cell><Data ss:Type="String">HERO_FIRSTNAME_36</Data></Cell>
    <Cell><Data ss:Type="String">NAME</Data></Cell>
    <Cell><Data ss:Type="String">Iaria</Data></Cell>
    <Cell ss:Index="5"><Data ss:Type="String">Female
Transcribe - to non latin fonts - but do not localize</Data></Cell>
   </Row>
   <Row ss:AutoFitHeight="0" ss:Height="30">
    <Cell><Data ss:Type="String">HERO_SECONDNAME_36</Data></Cell>
    <Cell><Data ss:Type="String">NAME</Data></Cell>
    <Cell><Data ss:Type="String">Howane</Data></Cell>
    <Cell ss:Index="5"><Data ss:Type="String">Surname/Title, for females only
Transcribe - to non latin fonts - but do not localize</Data></Cell>
   </Row>
   <Row ss:AutoFitHeight="0" ss:Height="30">
    <Cell><Data ss:Type="String">HERO_FIRSTNAME_37</Data></Cell>
    <Cell><Data ss:Type="String">NAME</Data></Cell>
    <Cell><Data ss:Type="String">Ysetta</Data></Cell>
    <Cell ss:Index="5"><Data ss:Type="String">Female
Transcribe - to non latin fonts - but do not localize</Data></Cell>
   </Row>
   <Row ss:AutoFitHeight="0" ss:Height="30">
    <Cell><Data ss:Type="String">HERO_SECONDNAME_37</Data></Cell>
    <Cell><Data ss:Type="String">NAME</Data></Cell>
    <Cell><Data ss:Type="String">Cavaleiro do Vazio</Data></Cell>
    <Cell ss:Index="5"><Data ss:Type="String">Surname/Title, for females only</Data></Cell>
   </Row>
   <Row ss:AutoFitHeight="0" ss:Height="30">
    <Cell><Data ss:Type="String">HERO_FIRSTNAME_38</Data></Cell>
    <Cell><Data ss:Type="String">NAME</Data></Cell>
    <Cell><Data ss:Type="String">Latorei</Data></Cell>
    <Cell ss:Index="5"><Data ss:Type="String">Female
Transcribe - to non latin fonts - but do not localize</Data></Cell>
   </Row>
   <Row ss:AutoFitHeight="0">
    <Cell><Data ss:Type="String">HERO_SECONDNAME_38</Data></Cell>
    <Cell><Data ss:Type="String">NAME</Data></Cell>
    <Cell><Data ss:Type="String">o Trovejante</Data></Cell>
    <Cell ss:Index="5"><Data ss:Type="String">Surname/Title, for females only</Data></Cell>
   </Row>
   <Row ss:AutoFitHeight="0" ss:Height="30">
    <Cell><Data ss:Type="String">HERO_FIRSTNAME_39</Data></Cell>
    <Cell><Data ss:Type="String">NAME</Data></Cell>
    <Cell><Data ss:Type="String">Eleanor</Data></Cell>
    <Cell ss:Index="5"><Data ss:Type="String">Female
Transcribe - to non latin fonts - but do not localize</Data></Cell>
   </Row>
   <Row ss:AutoFitHeight="0">
    <Cell><Data ss:Type="String">HERO_SECONDNAME_39</Data></Cell>
    <Cell><Data ss:Type="String">NAME</Data></Cell>
    <Cell><Data ss:Type="String">o Biocodificador</Data></Cell>
    <Cell ss:Index="5"><Data ss:Type="String">Surname/Title, for females only</Data></Cell>
   </Row>
   <Row ss:AutoFitHeight="0" ss:Height="30">
    <Cell><Data ss:Type="String">HERO_FIRSTNAME_40</Data></Cell>
    <Cell><Data ss:Type="String">NAME</Data></Cell>
    <Cell><Data ss:Type="String">Leonida</Data></Cell>
    <Cell ss:Index="5"><Data ss:Type="String">Female
Transcribe - to non latin fonts - but do not localize</Data></Cell>
   </Row>
   <Row ss:AutoFitHeight="0">
    <Cell><Data ss:Type="String">HERO_SECONDNAME_40</Data></Cell>
    <Cell><Data ss:Type="String">NAME</Data></Cell>
    <Cell><Data ss:Type="String">dos Centos</Data></Cell>
    <Cell ss:Index="5"><Data ss:Type="String">Surname/Title, for females only</Data></Cell>
   </Row>
   <Row ss:AutoFitHeight="0" ss:Height="30">
    <Cell><Data ss:Type="String">HERO_FIRSTNAME_41</Data></Cell>
    <Cell><Data ss:Type="String">NAME</Data></Cell>
    <Cell><Data ss:Type="String">Synara</Data></Cell>
    <Cell ss:Index="5"><Data ss:Type="String">Female
Transcribe - to non latin fonts - but do not localize</Data></Cell>
   </Row>
   <Row ss:AutoFitHeight="0" ss:Height="30">
    <Cell><Data ss:Type="String">HERO_SECONDNAME_41</Data></Cell>
    <Cell><Data ss:Type="String">NAME</Data></Cell>
    <Cell><Data ss:Type="String">Zahaina</Data></Cell>
    <Cell ss:Index="5"><Data ss:Type="String">Surname/Title, for females only
Transcribe - to non latin fonts - but do not localize</Data></Cell>
   </Row>
   <Row ss:AutoFitHeight="0" ss:Height="30">
    <Cell><Data ss:Type="String">HERO_FIRSTNAME_42</Data></Cell>
    <Cell><Data ss:Type="String">NAME</Data></Cell>
    <Cell><Data ss:Type="String">Anaera</Data></Cell>
    <Cell ss:Index="5"><Data ss:Type="String">Female
Transcribe - to non latin fonts - but do not localize</Data></Cell>
   </Row>
   <Row ss:AutoFitHeight="0">
    <Cell><Data ss:Type="String">HERO_SECONDNAME_42</Data></Cell>
    <Cell><Data ss:Type="String">NAME</Data></Cell>
    <Cell><Data ss:Type="String">o Adormecido</Data></Cell>
    <Cell ss:Index="5"><Data ss:Type="String">Surname/Title, for females only</Data></Cell>
   </Row>
   <Row ss:AutoFitHeight="0" ss:Height="30">
    <Cell><Data ss:Type="String">HERO_FIRSTNAME_43</Data></Cell>
    <Cell><Data ss:Type="String">NAME</Data></Cell>
    <Cell><Data ss:Type="String">Lysippe</Data></Cell>
    <Cell ss:Index="5"><Data ss:Type="String">Female
Transcribe - to non latin fonts - but do not localize</Data></Cell>
   </Row>
   <Row ss:AutoFitHeight="0" ss:Height="30">
    <Cell><Data ss:Type="String">HERO_SECONDNAME_43</Data></Cell>
    <Cell><Data ss:Type="String">NAME</Data></Cell>
    <Cell><Data ss:Type="String">Mkante</Data></Cell>
    <Cell ss:Index="5"><Data ss:Type="String">Surname/Title, for females only
Transcribe - to non latin fonts - but do not localize</Data></Cell>
   </Row>
  </Table>
  <WorksheetOptions xmlns="urn:schemas-microsoft-com:office:excel">
   <Unsynced/>
   <Selected/>
   <TopRowVisible>91</TopRowVisible>
   <Panes>
    <Pane>
     <Number>3</Number>
     <ActiveRow>101</ActiveRow>
     <ActiveCol>4</ActiveCol>
    </Pane>
   </Panes>
   <ProtectObjects>False</ProtectObjects>
   <ProtectScenarios>False</ProtectScenarios>
  </WorksheetOptions>
 </Worksheet>
</Workbook>