<?xml version='1.0' encoding='UTF-8'?>
<?mso-application progid="Excel.Sheet"?><Workbook xmlns="urn:schemas-microsoft-com:office:spreadsheet" xmlns:o="urn:schemas-microsoft-com:office:office" xmlns:x="urn:schemas-microsoft-com:office:excel" xmlns:ss="urn:schemas-microsoft-com:office:spreadsheet" xmlns:html="http://www.w3.org/TR/REC-html40">
 <DocumentProperties xmlns="urn:schemas-microsoft-com:office:office">
  <LastAuthor>Frederick Milders</LastAuthor>
  <LastSaved>2019-02-01T14:31:19Z</LastSaved>
  <Version>15.00</Version>
 </DocumentProperties>
 <OfficeDocumentSettings xmlns="urn:schemas-microsoft-com:office:office">
  <AllowPNG/>
 </OfficeDocumentSettings>
 <ExcelWorkbook xmlns="urn:schemas-microsoft-com:office:excel">
  <WindowHeight>17835</WindowHeight>
  <WindowWidth>-27136</WindowWidth>
  <WindowTopX>0</WindowTopX>
  <WindowTopY>0</WindowTopY>
  <ProtectStructure>False</ProtectStructure>
  <ProtectWindows>False</ProtectWindows>
 </ExcelWorkbook>
 <Styles>
  <Style ss:ID="Default" ss:Name="Normal">
   <Alignment ss:Vertical="Bottom"/>
   <Borders/>
   <Font ss:FontName="Calibri" x:Family="Swiss" ss:Size="11" ss:Color="#000000"/>
   <Interior/>
   <NumberFormat/>
   <Protection/>
  </Style>
  <Style ss:ID="s62">
   <Alignment ss:Vertical="Top" ss:WrapText="1"/>
  </Style>
 </Styles>
 <Worksheet ss:Name="Script">
  <Table ss:ExpandedColumnCount="6" ss:ExpandedRowCount="13" x:FullColumns="1" x:FullRows="1" ss:StyleID="s62" ss:DefaultColumnWidth="234.75" ss:DefaultRowHeight="15">
   <Column ss:StyleID="s62" ss:Width="107.25"/>
   <Column ss:StyleID="s62" ss:Width="219.75"/>
   <Column ss:StyleID="s62" ss:Width="233.25"/>
   <Column ss:StyleID="s62" ss:Width="147.75"/>
   <Column ss:StyleID="s62" ss:AutoFitWidth="0" ss:Width="166.5"/>
   <Column ss:StyleID="s62" ss:Width="123"/>
   <Row ss:AutoFitHeight="0" ss:Height="165">
    <Cell><Data ss:Type="String">ARC_TECHGROUPS</Data></Cell>
    <Cell ss:Index="5"><Data ss:Type="String">Anything between straight brackets - i.e. [ ] - is a formatting tag. Do not change these tags and keep them in the same relative position in the text. Anything between curly brackets - i.e. { } - is a place where text or numbers will be inserted by the game. Do not change the tag, but feel free to change its position in the text to suit the localized text.</Data></Cell>
   </Row>
   <Row ss:AutoFitHeight="0">
    <Cell><Data ss:Type="String">SCENE ID</Data></Cell>
    <Cell><Data ss:Type="String">TEXT ID</Data></Cell>
    <Cell><Data ss:Type="String">ENGLISH STRING</Data></Cell>
    <Cell><Data ss:Type="String">ALTERNATIVE ENGLISH STRING</Data></Cell>
    <Cell><Data ss:Type="String">LOCALIZATION NOTES</Data></Cell>
    <Cell><Data ss:Type="String">DEV TEAM / MISC NOTES</Data></Cell>
   </Row>
   <Row ss:AutoFitHeight="0">
    <Cell><Data ss:Type="String">ARC_WEAPON_SKILLS</Data></Cell>
    <Cell><Data ss:Type="String">GROUP_NAME</Data></Cell>
    <Cell><Data ss:Type="String">Arco</Data></Cell>
   </Row>
   <Row ss:AutoFitHeight="0">
    <Cell><Data ss:Type="String">ARC_WEAPON_SKILLS</Data></Cell>
    <Cell><Data ss:Type="String">ELECTRON_IMPACT_NAME</Data></Cell>
    <Cell><Data ss:Type="String">Impacto de Elétrons</Data></Cell>
   </Row>
   <Row ss:AutoFitHeight="0" ss:Height="105">
    <Cell><Data ss:Type="String">ARC_WEAPON_SKILLS</Data></Cell>
    <Cell><Data ss:Type="String">ELECTRON_IMPACT_DESCRIPTION</Data></Cell>
    <Cell><Data ss:Type="String">“As armas de Arco nos permitem interromper os sinais elétricos que ocorrem naturalmente em sistemas de controle neurais e mecânicos. O que você vê como paralisia babante é realmente o corpo funcionando sem qualquer comunicação direta com a mente.”[br/]– Claudius Proton, Pesquisador da Assembly</Data></Cell>
    <Cell ss:Index="5"><Data ss:Type="String">Assembly Male

'You' in this case is either male or female.</Data></Cell>
    <Cell><Data ss:Type="String">V.O.: Assembly Male</Data></Cell>
   </Row>
   <Row ss:AutoFitHeight="0">
    <Cell><Data ss:Type="String">ARC_WEAPON_SKILLS</Data></Cell>
    <Cell><Data ss:Type="String">MAGNETIC_ENERGY_STORAGE_NAME</Data></Cell>
    <Cell><Data ss:Type="String">Armazenamento de Energia Magnética</Data></Cell>
   </Row>
   <Row ss:AutoFitHeight="0" ss:Height="105">
    <Cell><Data ss:Type="String">ARC_WEAPON_SKILLS</Data></Cell>
    <Cell><Data ss:Type="String">MAGNETIC_ENERGY_STORAGE_DESCRIPTION</Data></Cell>
    <Cell><Data ss:Type="String">“Um de meus clientes regulares, um cientista desenvolvendo armamentos de Arco, disse que eu era sua inspiração. Meus sistemas androides foram especializados para evitar acúmulo de estática. Algo sobre fricção. Esfregar-se em pessoas o suficiente e isso cria faíscas.”[br/]– Emma III, E:bot, em uma Disputa de Patente</Data></Cell>
    <Cell ss:Index="5"><Data ss:Type="String">Female Robot</Data></Cell>
    <Cell><Data ss:Type="String">V.O.: Female (Seductive)

Edit: arc -&gt; Arc</Data></Cell>
   </Row>
   <Row ss:AutoFitHeight="0">
    <Cell><Data ss:Type="String">ARC_WEAPON_SKILLS</Data></Cell>
    <Cell><Data ss:Type="String">IONIC_DETACHMENT_NAME</Data></Cell>
    <Cell><Data ss:Type="String">Desprendimento Iônico</Data></Cell>
   </Row>
   <Row ss:AutoFitHeight="0" ss:Height="105">
    <Cell><Data ss:Type="String">ARC_WEAPON_SKILLS</Data></Cell>
    <Cell><Data ss:Type="String">IONIC_DETACHMENT_DESCRIPTION</Data></Cell>
    <Cell><Data ss:Type="String">“As armas de Arco podem ser neutralizadas usando canais de dissipação. Se você criar um circuito condutor ao redor do alvo, toda essa energia passa inofensivamente ao redor da estrutura protegida—um para-raios para um indivíduo.”[br/]– Claudius Proton, Pesquisador da Assembly</Data></Cell>
    <Cell ss:Index="5"><Data ss:Type="String">Assembly Male

'You' in this case is either male or female.</Data></Cell>
    <Cell><Data ss:Type="String">V.O.: Assembly Male</Data></Cell>
   </Row>
   <Row ss:AutoFitHeight="0">
    <Cell><Data ss:Type="String">ARC_WEAPON_SKILLS</Data></Cell>
    <Cell><Data ss:Type="String">NEURO_ELECTRIC_DISRUPTORS_NAME</Data></Cell>
    <Cell><Data ss:Type="String">Disruptores Neuroelétricos</Data></Cell>
   </Row>
   <Row ss:AutoFitHeight="0" ss:Height="75">
    <Cell><Data ss:Type="String">ARC_WEAPON_SKILLS</Data></Cell>
    <Cell><Data ss:Type="String">NEURO_ELECTRIC_DISRUPTORS_DESCRIPTION</Data></Cell>
    <Cell><Data ss:Type="String">“A maioria das formas de vida baseadas em carbono são más condutoras de eletricidade. Inundar o corpo com elétrons suficientes e os resultados são literalmente impressionantes.”[br/]– Professor R. Lin’l Bunson, Testes Neuroelétricos</Data></Cell>
    <Cell ss:Index="5"><Data ss:Type="String">Vanguard Male</Data></Cell>
    <Cell><Data ss:Type="String">V.O.: Vanguard Male</Data></Cell>
   </Row>
   <Row ss:AutoFitHeight="0">
    <Cell><Data ss:Type="String">ARC_WEAPON_SKILLS</Data></Cell>
    <Cell><Data ss:Type="String">POSITRON_TECHNOLOGY_NAME</Data></Cell>
    <Cell><Data ss:Type="String">Tecnologia de Pósitrons</Data></Cell>
   </Row>
   <Row ss:AutoFitHeight="0" ss:Height="105">
    <Cell><Data ss:Type="String">ARC_WEAPON_SKILLS</Data></Cell>
    <Cell><Data ss:Type="String">POSITRON_TECHNOLOGY_DESCRIPTION</Data></Cell>
    <Cell><Data ss:Type="String">“Tecnologias pósitronicas empregam antimatéria de alta energia em armas de Arco. Anti-elétrons colapsam elétrons em radiação gama de alta energia. Como toda antimatéria, se não aplicada corretamente, explosões catastróficas acontecem. Temos certeza de que resolvemos essa parte.”[br/]– Dr. Dewy Dollis, Paragon High-Energy Labs</Data></Cell>
    <Cell ss:Index="5"><Data ss:Type="String">Vanguard Female</Data></Cell>
    <Cell><Data ss:Type="String">V.O.: Vanguard Female

Edit: arc -&gt; Arc</Data></Cell>
   </Row>
  </Table>
  <WorksheetOptions xmlns="urn:schemas-microsoft-com:office:excel">
   <Unsynced/>
   <Zoom>115</Zoom>
   <Selected/>
   <Panes>
    <Pane>
     <Number>3</Number>
     <ActiveCol>6</ActiveCol>
     <RangeSelection>C7</RangeSelection>
    </Pane>
   </Panes>
   <ProtectObjects>False</ProtectObjects>
   <ProtectScenarios>False</ProtectScenarios>
  </WorksheetOptions>
 </Worksheet>
</Workbook>