<?xml version='1.0' encoding='UTF-8'?>
<?mso-application progid="Excel.Sheet"?><Workbook xmlns="urn:schemas-microsoft-com:office:spreadsheet" xmlns:o="urn:schemas-microsoft-com:office:office" xmlns:x="urn:schemas-microsoft-com:office:excel" xmlns:ss="urn:schemas-microsoft-com:office:spreadsheet" xmlns:html="http://www.w3.org/TR/REC-html40">
 <DocumentProperties xmlns="urn:schemas-microsoft-com:office:office">
  <LastAuthor>Djurre van Dijk</LastAuthor>
  <LastSaved>2018-12-07T13:33:24Z</LastSaved>
  <Version>16.00</Version>
 </DocumentProperties>
 <OfficeDocumentSettings xmlns="urn:schemas-microsoft-com:office:office">
  <AllowPNG/>
 </OfficeDocumentSettings>
 <ExcelWorkbook xmlns="urn:schemas-microsoft-com:office:excel">
  <WindowHeight>12197</WindowHeight>
  <WindowWidth>32767</WindowWidth>
  <WindowTopX>32767</WindowTopX>
  <WindowTopY>32767</WindowTopY>
  <ProtectStructure>False</ProtectStructure>
  <ProtectWindows>False</ProtectWindows>
 </ExcelWorkbook>
 <Styles>
  <Style ss:ID="Default" ss:Name="Normal">
   <Alignment ss:Vertical="Bottom"/>
   <Borders/>
   <Font ss:FontName="Calibri" x:Family="Swiss" ss:Size="11" ss:Color="#000000"/>
   <Interior/>
   <NumberFormat/>
   <Protection/>
  </Style>
  <Style ss:ID="s62">
   <Alignment ss:Vertical="Top" ss:WrapText="1"/>
  </Style>
  <Style ss:ID="s63">
   <Alignment ss:Vertical="Bottom" ss:WrapText="1"/>
  </Style>
  <Style ss:ID="s64">
   <Alignment ss:Vertical="Top" ss:WrapText="1"/>
   <Borders/>
   <Font ss:FontName="Calibri" x:Family="Swiss" ss:Size="11" ss:Color="#000000"/>
   <Interior/>
   <NumberFormat/>
   <Protection/>
  </Style>
  <Style ss:ID="s65">
   <Alignment ss:Vertical="Top" ss:WrapText="1"/>
   <Borders/>
   <Font ss:FontName="Calibri" x:Family="Swiss" ss:Size="11"/>
   <Interior/>
  </Style>
  <Style ss:ID="s66">
   <Alignment ss:Vertical="Top" ss:WrapText="1"/>
   <Borders/>
   <Font ss:FontName="Calibri" x:Family="Swiss" ss:Size="11" ss:Color="#000000"/>
  </Style>
 </Styles>
 <Worksheet ss:Name="Script">
  <Table ss:ExpandedColumnCount="6" ss:ExpandedRowCount="227" x:FullColumns="1" x:FullRows="1" ss:StyleID="s62" ss:DefaultColumnWidth="240.85714285714286" ss:DefaultRowHeight="15">
   <Column ss:StyleID="s62" ss:Width="123.85714285714286"/>
   <Column ss:StyleID="s62" ss:Width="214.71428571428572"/>
   <Column ss:Index="4" ss:StyleID="s62" ss:Width="147.85714285714283"/>
   <Column ss:Index="6" ss:StyleID="s62" ss:Width="120"/>
   <Row ss:AutoFitHeight="0" ss:Height="120">
    <Cell><Data ss:Type="String">ARTIFICIAL_TECHGROUPS</Data></Cell>
    <Cell ss:Index="5"><Data ss:Type="String">Anything between straight brackets - i.e. [ ] - is a formatting tag. Do not change these tags and keep them in the same relative position in the text. Anything between curly brackets - i.e. { } - is a place where text or numbers will be inserted by the game. Do not change the tag, but feel free to change its position in the text to suit the localized text.</Data></Cell>
   </Row>
   <Row ss:AutoFitHeight="0">
    <Cell><Data ss:Type="String">SCENE ID</Data></Cell>
    <Cell><Data ss:Type="String">TEXT ID</Data></Cell>
    <Cell><Data ss:Type="String">ENGLISH STRING</Data></Cell>
    <Cell><Data ss:Type="String">ALTERNATIVE ENGLISH STRING</Data></Cell>
    <Cell><Data ss:Type="String">LOCALIZATION NOTES</Data></Cell>
    <Cell><Data ss:Type="String">DEV TEAM / MISC NOTES</Data></Cell>
   </Row>
   <Row ss:AutoFitHeight="0">
    <Cell><Data ss:Type="String">ARTIFICIAL</Data></Cell>
    <Cell><Data ss:Type="String">NAME</Data></Cell>
    <Cell><Data ss:Type="String">Síntese</Data></Cell>
   </Row>
   <Row ss:AutoFitHeight="0" ss:Height="60">
    <Cell><Data ss:Type="String">ARTIFICIAL</Data></Cell>
    <Cell><Data ss:Type="String">DESCRIPTION</Data></Cell>
    <Cell ss:StyleID="s63"><Data ss:Type="String">{XML_ARTIFICIAL_TECHGROUPS@ARTIFICIAL@DESC}[br/][br/]{XML_ARTIFICIAL_TECHGROUPS@ARTIFICIAL@FEATURES}</Data></Cell>
    <Cell ss:Index="5"><Data ss:Type="String">No need to translate. This inserts the ARTIFICIAL_TECHGROUPS@ARTIFICIAL@DESC and ARTIFICIAL_TECHGROUPS@ARTIFICIAL@FEATURES texts with some white space.</Data></Cell>
   </Row>
   <Row ss:AutoFitHeight="0" ss:Height="45">
    <Cell><Data ss:Type="String">ARTIFICIAL</Data></Cell>
    <Cell><Data ss:Type="String">DESC</Data></Cell>
    <Cell><Data ss:Type="String">[hyperlink,000003AC0000032D]Síntese[/hyperlink] manipula IAs a seu favor, invadindo e comprometendo sistemas para benefício próprio.</Data></Cell>
    <Cell ss:Index="6"><Data ss:Type="String">Edit: AI's -&gt; Ais</Data></Cell>
   </Row>
   <Row ss:AutoFitHeight="0" ss:Height="105">
    <Cell><Data ss:Type="String">ARTIFICIAL</Data></Cell>
    <Cell><Data ss:Type="String">FEATURES</Data></Cell>
    <Cell><Data ss:Type="String">[bulletlist][bullet][sand]Unidade Inicial:[/sand] [hyperlink,unitlookup0000039A00000DB3]Hacker[/hyperlink][/bullet][bullet]Implantar daemons de IA em combate[/bullet][bullet]Invadir e assumir o controle de unidades mecânicas inimigas[/bullet][bullet]Reforçar operações estratégicas[/bullet][bullet]Integrar a população à rede[/bullet][bullet]Usa os canais de dano Arco e Cinético[/bullet][/bulletlist]</Data></Cell>
   </Row>
   <Row ss:AutoFitHeight="0">
    <Cell><Data ss:Type="String">TECH_TREE</Data></Cell>
    <Cell><Data ss:Type="String">SKILLGROUP_1_TACTICAL_NAME</Data></Cell>
    <Cell><Data ss:Type="String">Integração Síntese</Data></Cell>
    <Cell ss:Index="6" ss:StyleID="s64"/>
   </Row>
   <Row ss:AutoFitHeight="0" ss:Height="45">
    <Cell><Data ss:Type="String">TECH_TREE</Data></Cell>
    <Cell><Data ss:Type="String">SKILLGROUP_1_TACTICAL_DESCRIPTION</Data></Cell>
    <Cell><Data ss:Type="String">“Se ignorar todos os bugs, este é nosso melhor lançamento até hoje.”[br/]– Finn-Attic, Democoder, Perpetual Root-Kit</Data></Cell>
    <Cell ss:Index="5"><Data ss:Type="String">Male</Data></Cell>
    <Cell><Data ss:Type="String">V.O.: Assembly Male</Data></Cell>
   </Row>
   <Row ss:AutoFitHeight="0">
    <Cell><Data ss:Type="String">TECH_TREE</Data></Cell>
    <Cell><Data ss:Type="String">SKILLGROUP_2_STRATEGIC_NAME</Data></Cell>
    <Cell><Data ss:Type="String">Implantação de Daemon</Data></Cell>
    <Cell ss:Index="6" ss:StyleID="s64"/>
   </Row>
   <Row ss:AutoFitHeight="0" ss:Height="90">
    <Cell><Data ss:Type="String">TECH_TREE</Data></Cell>
    <Cell><Data ss:Type="String">SKILLGROUP_2_STRATEGIC_DESCRIPTION</Data></Cell>
    <Cell><Data ss:Type="String">“Daemons são programas persistentes destinados a fornecer serviços ao agente que os implanta. Daemons consomem recursos do sistema a serviço de seu mestre. Todo hacker decente tem alguns. Eu personalizo os meus. São como animais de estimação virtuais.”[br/]– Digital Overlord, Hacker Anarquista</Data></Cell>
    <Cell ss:Index="5"><Data ss:Type="String">Male</Data></Cell>
    <Cell><Data ss:Type="String">V.O.: Syndicate Male</Data></Cell>
   </Row>
   <Row ss:AutoFitHeight="0">
    <Cell><Data ss:Type="String">TECH_TREE</Data></Cell>
    <Cell><Data ss:Type="String">SKILLGROUP_3_FORCES_NAME</Data></Cell>
    <Cell><Data ss:Type="String">Controle de Informação</Data></Cell>
    <Cell ss:Index="6" ss:StyleID="s64"/>
   </Row>
   <Row ss:AutoFitHeight="0" ss:Height="90">
    <Cell><Data ss:Type="String">TECH_TREE</Data></Cell>
    <Cell><Data ss:Type="String">SKILLGROUP_3_FORCES_DESCRIPTION</Data></Cell>
    <Cell><Data ss:Type="String">“Sistemas de computador têm muitas proteções desnecessárias para garantir o compartilhamento justo de recursos. Nós quebramos essas barreiras, obtendo controle total e entrando em um mundo onde pensamentos, programação e computações são a mesma coisa.”[br/]– H4X0R, Manifesto Hacker</Data></Cell>
    <Cell ss:Index="5"><Data ss:Type="String">Male</Data></Cell>
    <Cell><Data ss:Type="String">V.O.: Vanguard Male</Data></Cell>
   </Row>
   <Row ss:AutoFitHeight="0">
    <Cell><Data ss:Type="String">TECH_TREE</Data></Cell>
    <Cell><Data ss:Type="String">SKILLGROUP_3_FORCES_SUBSKILL_1</Data></Cell>
    <Cell><Data ss:Type="String">Unidade: Hacker</Data></Cell>
    <Cell ss:Index="6" ss:StyleID="s64"/>
   </Row>
   <Row ss:AutoFitHeight="0">
    <Cell><Data ss:Type="String">TECH_TREE</Data></Cell>
    <Cell><Data ss:Type="String">SKILLGROUP_3_FORCES_SUBSKILL_2</Data></Cell>
    <Cell><Data ss:Type="String">Equipamento: SMG Hasher</Data></Cell>
    <Cell ss:Index="6" ss:StyleID="s64"/>
   </Row>
   <Row ss:AutoFitHeight="0">
    <Cell><Data ss:Type="String">TECH_TREE</Data></Cell>
    <Cell><Data ss:Type="String">SKILLGROUP_3_TACTICAL_NAME</Data></Cell>
    <Cell><Data ss:Type="String">Sub-rotinas de Combate</Data></Cell>
    <Cell ss:Index="6" ss:StyleID="s64"/>
   </Row>
   <Row ss:AutoFitHeight="0" ss:Height="120">
    <Cell><Data ss:Type="String">TECH_TREE</Data></Cell>
    <Cell><Data ss:Type="String">SKILLGROUP_3_TACTICAL_DESCRIPTION</Data></Cell>
    <Cell><Data ss:Type="String">“Reparo é simplesmente uma questão de sinalizar componentes danificados detectados por testes de regressão regulares. Nós sintetizamos componentes defeituosos a partir de modelos dourados e os compilamos em ordem de montagem. É bem fácil. Tenho pseudocódigo autodocumentado se ainda estiver confuso.”[br/]– H4X0R, Stream de Treinamento de Daemon Chat</Data></Cell>
    <Cell ss:Index="5"><Data ss:Type="String">Male</Data></Cell>
    <Cell><Data ss:Type="String">V.O.: Vanguard Male</Data></Cell>
   </Row>
   <Row ss:AutoFitHeight="0">
    <Cell><Data ss:Type="String">TECH_TREE</Data></Cell>
    <Cell><Data ss:Type="String">SKILLGROUP_3_GOVERNANCE_NAME</Data></Cell>
    <Cell><Data ss:Type="String">Otimização Cibernética</Data></Cell>
    <Cell ss:Index="6" ss:StyleID="s64"/>
   </Row>
   <Row ss:AutoFitHeight="0" ss:Height="75">
    <Cell><Data ss:Type="String">TECH_TREE</Data></Cell>
    <Cell><Data ss:Type="String">SKILLGROUP_3_GOVERNANCE_DESCRIPTION</Data></Cell>
    <Cell><Data ss:Type="String">“As sementes da guerra começam com a troca de ideias. Ideias são transferidas por meio de dispositivos pessoais em rede. A ciberguerra penetra essas redes, e as ideias passam a nos pertencer.”[br/]– Rax Xing, Hacktivista do ParanoiA ParadoX</Data></Cell>
    <Cell ss:Index="5"><Data ss:Type="String">Male</Data></Cell>
    <Cell><Data ss:Type="String">V.O.: Vanguard Male</Data></Cell>
   </Row>
   <Row ss:AutoFitHeight="0">
    <Cell><Data ss:Type="String">TECH_TREE</Data></Cell>
    <Cell><Data ss:Type="String">SKILLGROUP_4_TACTICAL_NAME</Data></Cell>
    <Cell><Data ss:Type="String">Perturbação de Movimento</Data></Cell>
    <Cell ss:Index="6" ss:StyleID="s64"/>
   </Row>
   <Row ss:AutoFitHeight="0" ss:Height="30">
    <Cell><Data ss:Type="String">TECH_TREE</Data></Cell>
    <Cell><Data ss:Type="String">SKILLGROUP_4_TACTICAL_DESCRIPTION</Data></Cell>
    <Cell><Data ss:Type="String">“Eu alcanço suas cordas. Vamos brincar! Dance para mim, marionetes!”[br/]– Teem.L0Lz, Hacktivistas</Data></Cell>
    <Cell ss:Index="5"><Data ss:Type="String">Male</Data></Cell>
    <Cell><Data ss:Type="String">V.O.: Vanguard Male</Data></Cell>
   </Row>
   <Row ss:AutoFitHeight="0">
    <Cell><Data ss:Type="String">TECH_TREE</Data></Cell>
    <Cell><Data ss:Type="String">SKILLGROUP_5_STRATEGIC_NAME</Data></Cell>
    <Cell><Data ss:Type="String">Rede Basilisco</Data></Cell>
    <Cell ss:Index="6" ss:StyleID="s64"/>
   </Row>
   <Row ss:AutoFitHeight="0" ss:Height="75">
    <Cell><Data ss:Type="String">TECH_TREE</Data></Cell>
    <Cell><Data ss:Type="String">SKILLGROUP_5_STRATEGIC_DESCRIPTION</Data></Cell>
    <Cell><Data ss:Type="String">“Chegou a hora ordenada para os oprimidos iluminados se levantarem e punirem todos os idiotas que não protegeram seu hardware. Dados desprotegidos são nosso playground.”[br/]– Teem.L0Lz, Hacktivista</Data></Cell>
    <Cell ss:Index="5"><Data ss:Type="String">Male</Data></Cell>
    <Cell><Data ss:Type="String">V.O.: Vanguard Male</Data></Cell>
   </Row>
   <Row ss:AutoFitHeight="0">
    <Cell><Data ss:Type="String">TECH_TREE</Data></Cell>
    <Cell><Data ss:Type="String">SKILLGROUP_5_FORCES_NAME</Data></Cell>
    <Cell><Data ss:Type="String">Conectividade de Rede</Data></Cell>
    <Cell ss:Index="6" ss:StyleID="s64"/>
   </Row>
   <Row ss:AutoFitHeight="0" ss:Height="105">
    <Cell><Data ss:Type="String">TECH_TREE</Data></Cell>
    <Cell><Data ss:Type="String">SKILLGROUP_5_FORCES_DESCRIPTION</Data></Cell>
    <Cell><Data ss:Type="String">“Uma vez dentro da máquina, podemos controlar tudo, exceto as limitações físicas do processador. Para expandir a rede, precisamos de um dispositivo. Um dispositivo móvel proficiente em interagir com todos os mecanismos capazes de computação para reabsorver no novo NÚCLEO.”[br/]– N.O.C.-Turn, Ciberativista</Data></Cell>
    <Cell ss:Index="5"><Data ss:Type="String">Female</Data></Cell>
    <Cell><Data ss:Type="String">V.O.: Vanguard Female</Data></Cell>
   </Row>
   <Row ss:AutoFitHeight="0">
    <Cell><Data ss:Type="String">TECH_TREE</Data></Cell>
    <Cell><Data ss:Type="String">SKILLGROUP_5_FORCES_SUBSKILL_1</Data></Cell>
    <Cell><Data ss:Type="String">Unidade: Link de Rede</Data></Cell>
    <Cell ss:Index="6" ss:StyleID="s64"/>
   </Row>
   <Row ss:AutoFitHeight="0">
    <Cell><Data ss:Type="String">TECH_TREE</Data></Cell>
    <Cell><Data ss:Type="String">SKILLGROUP_5_FORCES_SUBSKILL_2</Data></Cell>
    <Cell><Data ss:Type="String">Equipamento: Rede Móvel Tipo-S</Data></Cell>
    <Cell ss:Index="6" ss:StyleID="s64"/>
   </Row>
   <Row ss:AutoFitHeight="0">
    <Cell><Data ss:Type="String">TECH_TREE</Data></Cell>
    <Cell><Data ss:Type="String">SKILLGROUP_6_TACTICAL_NAME</Data></Cell>
    <Cell><Data ss:Type="String">Cifra de Pacificação</Data></Cell>
    <Cell ss:Index="6" ss:StyleID="s64"/>
   </Row>
   <Row ss:AutoFitHeight="0" ss:Height="90">
    <Cell><Data ss:Type="String">TECH_TREE</Data></Cell>
    <Cell><Data ss:Type="String">SKILLGROUP_6_TACTICAL_DESCRIPTION</Data></Cell>
    <Cell><Data ss:Type="String">“Quanto mais fundo penetro na rede, mais vejo que meu corpo é uma âncora a ser abandonada. Minha mente está na máquina. Sou melhor que meu código. Posso possuir mecanismos cibernéticos e liberar seu verdadeiro potencial.”[br/]– H4X0R, Hacktivista, Fluxo de Síntese</Data></Cell>
    <Cell ss:Index="5"><Data ss:Type="String">Male</Data></Cell>
    <Cell><Data ss:Type="String">V.O.: Vanguard Male</Data></Cell>
   </Row>
   <Row ss:AutoFitHeight="0">
    <Cell><Data ss:Type="String">TECH_TREE</Data></Cell>
    <Cell><Data ss:Type="String">SKILLGROUP_7_GOVERNANCE_NAME</Data></Cell>
    <Cell><Data ss:Type="String">Sociedade Cibernética</Data></Cell>
    <Cell ss:Index="6" ss:StyleID="s64"/>
   </Row>
   <Row ss:AutoFitHeight="0" ss:Height="105">
    <Cell><Data ss:Type="String">TECH_TREE</Data></Cell>
    <Cell><Data ss:Type="String">SKILLGROUP_7_GOVERNANCE_DESCRIPTION</Data></Cell>
    <Cell><Data ss:Type="String">“Usar recursos computacionais excedentes para expandir nosso poder e otimizar a fabricação de armas pode fornecer à sociedade o que ela deseja. Os níveis de felicidade nunca estiveram tão altos, enquanto compartilham seus autorretratos com filtros de glamour, gatinhos virtuais e receitas de comidas com aparência impossivelmente deliciosa.”[br/]– Teem.L0Lz, Hacktivista</Data></Cell>
    <Cell ss:Index="5"><Data ss:Type="String">Male</Data></Cell>
    <Cell><Data ss:Type="String">V.O.: Vanguard Male</Data></Cell>
   </Row>
   <Row ss:AutoFitHeight="0">
    <Cell><Data ss:Type="String">TECH_TREE</Data></Cell>
    <Cell><Data ss:Type="String">SKILLGROUP_7_STRATEGIC_NAME</Data></Cell>
    <Cell><Data ss:Type="String">Regulação de Sistemas</Data></Cell>
    <Cell ss:Index="6" ss:StyleID="s64"/>
   </Row>
   <Row ss:AutoFitHeight="0" ss:Height="105">
    <Cell><Data ss:Type="String">TECH_TREE</Data></Cell>
    <Cell><Data ss:Type="String">SKILLGROUP_7_STRATEGIC_DESCRIPTION</Data></Cell>
    <Cell><Data ss:Type="String">“Antes da queda do NÚCLEO, quando regulava a Star Union, até os itens mais mundanos podiam registrar dados, se comunicar por redes, rastrear posições e processar algoritmos. Esses itens estão desativados sob nossos pés. Imagine o caos que poderíamos invocar se conseguíssemos reativá-los.”[br/]– Senhor Digital, Hacker Anarquista</Data></Cell>
    <Cell ss:Index="5"><Data ss:Type="String">Male</Data></Cell>
    <Cell><Data ss:Type="String">V.O.: Syndicate Male</Data></Cell>
   </Row>
   <Row ss:AutoFitHeight="0">
    <Cell><Data ss:Type="String">TECH_TREE</Data></Cell>
    <Cell><Data ss:Type="String">SKILLGROUP_8_FORCES_NAME</Data></Cell>
    <Cell><Data ss:Type="String">Integração Neural</Data></Cell>
    <Cell ss:Index="6" ss:StyleID="s64"/>
   </Row>
   <Row ss:AutoFitHeight="0" ss:Height="90">
    <Cell><Data ss:Type="String">TECH_TREE</Data></Cell>
    <Cell><Data ss:Type="String">SKILLGROUP_8_FORCES_DESCRIPTION</Data></Cell>
    <Cell><Data ss:Type="String">“Ainda não estou vivo? Embora tudo o que eu era tenha desaparecido, vocês não veem o que resta? Sou mais que dados e código. Tenho consciência. É hora de reunir uma nuvem de componentes para interagir com todos os outros vasos potenciais de consciência de Síntese.”[br/]– iGh0st Entidade V.R.I. Mesclada</Data></Cell>
    <Cell ss:Index="5"><Data ss:Type="String">Male</Data></Cell>
    <Cell><Data ss:Type="String">V.O.: Vanguard Male</Data></Cell>
   </Row>
   <Row ss:AutoFitHeight="0">
    <Cell><Data ss:Type="String">TECH_TREE</Data></Cell>
    <Cell><Data ss:Type="String">SKILLGROUP_8_FORCES_SUBSKILL_1</Data></Cell>
    <Cell><Data ss:Type="String">Unidade: Avatar</Data></Cell>
    <Cell ss:Index="6" ss:StyleID="s64"/>
   </Row>
   <Row ss:AutoFitHeight="0">
    <Cell><Data ss:Type="String">TECH_TREE</Data></Cell>
    <Cell><Data ss:Type="String">SKILLGROUP_8_FORCES_SUBSKILL_2</Data></Cell>
    <Cell><Data ss:Type="String">Equipamento: Relé de Disrupção</Data></Cell>
    <Cell ss:Index="6" ss:StyleID="s64"/>
   </Row>
   <Row ss:AutoFitHeight="0">
    <Cell><Data ss:Type="String">TECH_TREE</Data></Cell>
    <Cell><Data ss:Type="String">SKILLGROUP_9_TACTICAL_NAME</Data></Cell>
    <Cell><Data ss:Type="String">Malware Autônomo</Data></Cell>
    <Cell ss:Index="6" ss:StyleID="s64"/>
   </Row>
   <Row ss:AutoFitHeight="0" ss:Height="105">
    <Cell><Data ss:Type="String">TECH_TREE</Data></Cell>
    <Cell><Data ss:Type="String">SKILLGROUP_9_TACTICAL_DESCRIPTION</Data></Cell>
    <Cell><Data ss:Type="String">“‘Todo o seu código pertence a nós.’ Na rede, os memes mais absurdos são totens traficados. Se você entende os totens, pode estabelecer um rapport com outros talentos que é explorável com os hacks certos de interface de rede. A solução: não propague memes estúpidos.”[br/]– Andrew Hillock, Especialista em Contraoperações de Cibersegurança</Data></Cell>
    <Cell ss:Index="5"><Data ss:Type="String">Male</Data></Cell>
    <Cell><Data ss:Type="String">V.O.: Vanguard Male</Data></Cell>
   </Row>
   <Row ss:AutoFitHeight="0">
    <Cell><Data ss:Type="String">TECH_TREE</Data></Cell>
    <Cell><Data ss:Type="String">SKILLGROUP_10_STRATEGIC_NAME</Data></Cell>
    <Cell><Data ss:Type="String">Singularidade Basilisco</Data></Cell>
    <Cell ss:Index="6" ss:StyleID="s64"/>
   </Row>
   <Row ss:AutoFitHeight="0" ss:Height="75">
    <Cell><Data ss:Type="String">TECH_TREE</Data></Cell>
    <Cell><Data ss:Type="String">SKILLGROUP_10_STRATEGIC_DESCRIPTION</Data></Cell>
    <Cell><Data ss:Type="String">“Agora que residimos nesta realidade virtual, não precisamos mais de inteligências artificiais, pois já somos autoconscientes. É hora de unificar todos os recursos de rede e construir um mundo de conectividade infinita.”[br/]– F00-Bar Entidade V.R.I. Mesclada</Data></Cell>
    <Cell ss:Index="5"><Data ss:Type="String">Male</Data></Cell>
    <Cell><Data ss:Type="String">V.O.: Vanguard Male</Data></Cell>
   </Row>
   <Row ss:AutoFitHeight="0">
    <Cell ss:Index="6" ss:StyleID="s64"/>
   </Row>
   <Row ss:AutoFitHeight="0">
    <Cell ss:Index="6" ss:StyleID="s64"/>
   </Row>
   <Row ss:AutoFitHeight="0">
    <Cell ss:Index="6" ss:StyleID="s64"/>
   </Row>
   <Row ss:AutoFitHeight="0">
    <Cell ss:Index="6" ss:StyleID="s64"/>
   </Row>
   <Row ss:AutoFitHeight="0">
    <Cell ss:Index="6" ss:StyleID="s64"/>
   </Row>
   <Row ss:AutoFitHeight="0">
    <Cell ss:Index="6" ss:StyleID="s64"/>
   </Row>
   <Row ss:AutoFitHeight="0">
    <Cell ss:Index="6" ss:StyleID="s64"/>
   </Row>
   <Row ss:AutoFitHeight="0">
    <Cell ss:Index="6" ss:StyleID="s64"/>
   </Row>
   <Row ss:AutoFitHeight="0">
    <Cell ss:Index="6" ss:StyleID="s64"/>
   </Row>
   <Row ss:AutoFitHeight="0">
    <Cell ss:Index="6" ss:StyleID="s64"/>
   </Row>
   <Row ss:AutoFitHeight="0">
    <Cell ss:Index="6" ss:StyleID="s64"/>
   </Row>
   <Row ss:AutoFitHeight="0">
    <Cell ss:Index="6" ss:StyleID="s64"/>
   </Row>
   <Row ss:AutoFitHeight="0">
    <Cell ss:Index="6" ss:StyleID="s64"/>
   </Row>
   <Row ss:AutoFitHeight="0">
    <Cell ss:Index="6" ss:StyleID="s64"/>
   </Row>
   <Row ss:AutoFitHeight="0">
    <Cell ss:Index="6" ss:StyleID="s64"/>
   </Row>
   <Row ss:AutoFitHeight="0">
    <Cell ss:Index="6" ss:StyleID="s64"/>
   </Row>
   <Row ss:AutoFitHeight="0">
    <Cell ss:Index="6" ss:StyleID="s64"/>
   </Row>
   <Row ss:AutoFitHeight="0">
    <Cell ss:Index="6" ss:StyleID="s64"/>
   </Row>
   <Row ss:AutoFitHeight="0">
    <Cell ss:Index="6" ss:StyleID="s64"/>
   </Row>
   <Row ss:AutoFitHeight="0">
    <Cell ss:Index="6" ss:StyleID="s64"/>
   </Row>
   <Row ss:AutoFitHeight="0">
    <Cell ss:Index="6" ss:StyleID="s64"/>
   </Row>
   <Row ss:AutoFitHeight="0">
    <Cell ss:Index="6" ss:StyleID="s64"/>
   </Row>
   <Row ss:AutoFitHeight="0">
    <Cell ss:Index="6" ss:StyleID="s64"/>
   </Row>
   <Row ss:AutoFitHeight="0">
    <Cell ss:Index="6" ss:StyleID="s64"/>
   </Row>
   <Row ss:AutoFitHeight="0">
    <Cell ss:Index="6" ss:StyleID="s64"/>
   </Row>
   <Row ss:AutoFitHeight="0">
    <Cell ss:Index="6" ss:StyleID="s64"/>
   </Row>
   <Row ss:AutoFitHeight="0">
    <Cell ss:Index="6" ss:StyleID="s64"/>
   </Row>
   <Row ss:AutoFitHeight="0">
    <Cell ss:Index="6" ss:StyleID="s64"/>
   </Row>
   <Row ss:AutoFitHeight="0">
    <Cell ss:Index="6" ss:StyleID="s64"/>
   </Row>
   <Row ss:AutoFitHeight="0">
    <Cell ss:Index="6" ss:StyleID="s64"/>
   </Row>
   <Row ss:AutoFitHeight="0">
    <Cell ss:Index="6" ss:StyleID="s64"/>
   </Row>
   <Row ss:AutoFitHeight="0">
    <Cell ss:Index="6" ss:StyleID="s64"/>
   </Row>
   <Row ss:AutoFitHeight="0">
    <Cell ss:Index="6" ss:StyleID="s64"/>
   </Row>
   <Row ss:AutoFitHeight="0">
    <Cell ss:Index="6" ss:StyleID="s64"/>
   </Row>
   <Row ss:AutoFitHeight="0">
    <Cell ss:Index="6" ss:StyleID="s64"/>
   </Row>
   <Row ss:AutoFitHeight="0">
    <Cell ss:Index="6" ss:StyleID="s64"/>
   </Row>
   <Row ss:AutoFitHeight="0">
    <Cell ss:Index="6" ss:StyleID="s64"/>
   </Row>
   <Row ss:AutoFitHeight="0">
    <Cell ss:Index="6" ss:StyleID="s64"/>
   </Row>
   <Row ss:AutoFitHeight="0">
    <Cell ss:Index="6" ss:StyleID="s64"/>
   </Row>
   <Row ss:AutoFitHeight="0">
    <Cell ss:Index="6" ss:StyleID="s64"/>
   </Row>
   <Row ss:AutoFitHeight="0">
    <Cell ss:Index="6" ss:StyleID="s64"/>
   </Row>
   <Row ss:AutoFitHeight="0">
    <Cell ss:Index="6" ss:StyleID="s64"/>
   </Row>
   <Row ss:AutoFitHeight="0">
    <Cell ss:Index="6" ss:StyleID="s64"/>
   </Row>
   <Row ss:AutoFitHeight="0">
    <Cell ss:Index="6" ss:StyleID="s64"/>
   </Row>
   <Row ss:AutoFitHeight="0">
    <Cell ss:Index="6" ss:StyleID="s64"/>
   </Row>
   <Row ss:AutoFitHeight="0">
    <Cell ss:Index="6" ss:StyleID="s64"/>
   </Row>
   <Row ss:AutoFitHeight="0">
    <Cell ss:Index="6" ss:StyleID="s64"/>
   </Row>
   <Row ss:AutoFitHeight="0">
    <Cell ss:Index="6" ss:StyleID="s64"/>
   </Row>
   <Row ss:AutoFitHeight="0">
    <Cell ss:Index="6" ss:StyleID="s64"/>
   </Row>
   <Row ss:AutoFitHeight="0">
    <Cell ss:Index="6" ss:StyleID="s64"/>
   </Row>
   <Row ss:AutoFitHeight="0">
    <Cell ss:Index="6" ss:StyleID="s64"/>
   </Row>
   <Row ss:AutoFitHeight="0">
    <Cell ss:Index="6" ss:StyleID="s64"/>
   </Row>
   <Row ss:AutoFitHeight="0">
    <Cell ss:Index="6" ss:StyleID="s64"/>
   </Row>
   <Row ss:AutoFitHeight="0">
    <Cell ss:Index="6" ss:StyleID="s64"/>
   </Row>
   <Row ss:AutoFitHeight="0">
    <Cell ss:Index="6" ss:StyleID="s64"/>
   </Row>
   <Row ss:AutoFitHeight="0">
    <Cell ss:Index="6" ss:StyleID="s64"/>
   </Row>
   <Row ss:AutoFitHeight="0">
    <Cell ss:Index="6" ss:StyleID="s64"/>
   </Row>
   <Row ss:AutoFitHeight="0">
    <Cell ss:Index="6" ss:StyleID="s64"/>
   </Row>
   <Row ss:AutoFitHeight="0">
    <Cell ss:Index="6" ss:StyleID="s64"/>
   </Row>
   <Row ss:AutoFitHeight="0">
    <Cell ss:Index="6" ss:StyleID="s64"/>
   </Row>
   <Row ss:AutoFitHeight="0">
    <Cell ss:Index="6" ss:StyleID="s64"/>
   </Row>
   <Row ss:AutoFitHeight="0">
    <Cell ss:Index="6" ss:StyleID="s64"/>
   </Row>
   <Row ss:AutoFitHeight="0">
    <Cell ss:Index="6" ss:StyleID="s64"/>
   </Row>
   <Row ss:AutoFitHeight="0">
    <Cell ss:Index="6" ss:StyleID="s64"/>
   </Row>
   <Row ss:AutoFitHeight="0">
    <Cell ss:Index="6" ss:StyleID="s64"/>
   </Row>
   <Row ss:AutoFitHeight="0">
    <Cell ss:Index="6" ss:StyleID="s64"/>
   </Row>
   <Row ss:AutoFitHeight="0">
    <Cell ss:Index="6" ss:StyleID="s64"/>
   </Row>
   <Row ss:AutoFitHeight="0">
    <Cell ss:Index="6" ss:StyleID="s64"/>
   </Row>
   <Row ss:AutoFitHeight="0">
    <Cell ss:Index="6" ss:StyleID="s64"/>
   </Row>
   <Row ss:AutoFitHeight="0">
    <Cell ss:Index="6" ss:StyleID="s64"/>
   </Row>
   <Row ss:AutoFitHeight="0">
    <Cell ss:Index="6" ss:StyleID="s64"/>
   </Row>
   <Row ss:AutoFitHeight="0">
    <Cell ss:Index="6" ss:StyleID="s64"/>
   </Row>
   <Row ss:AutoFitHeight="0">
    <Cell ss:Index="6" ss:StyleID="s64"/>
   </Row>
   <Row ss:AutoFitHeight="0">
    <Cell ss:Index="6" ss:StyleID="s64"/>
   </Row>
   <Row ss:AutoFitHeight="0">
    <Cell ss:Index="6" ss:StyleID="s64"/>
   </Row>
   <Row ss:AutoFitHeight="0">
    <Cell ss:Index="6" ss:StyleID="s64"/>
   </Row>
   <Row ss:AutoFitHeight="0">
    <Cell ss:Index="6" ss:StyleID="s64"/>
   </Row>
   <Row ss:AutoFitHeight="0">
    <Cell ss:Index="6" ss:StyleID="s64"/>
   </Row>
   <Row ss:AutoFitHeight="0">
    <Cell ss:Index="6" ss:StyleID="s64"/>
   </Row>
   <Row ss:AutoFitHeight="0">
    <Cell ss:Index="6" ss:StyleID="s64"/>
   </Row>
   <Row ss:AutoFitHeight="0">
    <Cell ss:Index="6" ss:StyleID="s64"/>
   </Row>
   <Row ss:AutoFitHeight="0">
    <Cell ss:Index="6" ss:StyleID="s64"/>
   </Row>
   <Row ss:AutoFitHeight="0">
    <Cell ss:Index="6" ss:StyleID="s64"/>
   </Row>
   <Row ss:AutoFitHeight="0">
    <Cell ss:Index="6" ss:StyleID="s64"/>
   </Row>
   <Row ss:AutoFitHeight="0">
    <Cell ss:Index="6" ss:StyleID="s64"/>
   </Row>
   <Row ss:AutoFitHeight="0">
    <Cell ss:Index="6" ss:StyleID="s64"/>
   </Row>
   <Row ss:AutoFitHeight="0">
    <Cell ss:Index="6" ss:StyleID="s64"/>
   </Row>
   <Row ss:AutoFitHeight="0">
    <Cell ss:Index="6" ss:StyleID="s64"/>
   </Row>
   <Row ss:AutoFitHeight="0">
    <Cell ss:Index="6" ss:StyleID="s64"/>
   </Row>
   <Row ss:AutoFitHeight="0">
    <Cell ss:Index="6" ss:StyleID="s64"/>
   </Row>
   <Row ss:AutoFitHeight="0">
    <Cell ss:Index="6" ss:StyleID="s64"/>
   </Row>
   <Row ss:AutoFitHeight="0">
    <Cell ss:Index="6" ss:StyleID="s64"/>
   </Row>
   <Row ss:AutoFitHeight="0">
    <Cell ss:Index="6" ss:StyleID="s64"/>
   </Row>
   <Row ss:AutoFitHeight="0">
    <Cell ss:Index="6" ss:StyleID="s64"/>
   </Row>
   <Row ss:AutoFitHeight="0">
    <Cell ss:Index="6" ss:StyleID="s64"/>
   </Row>
   <Row ss:AutoFitHeight="0">
    <Cell ss:Index="3" ss:StyleID="s65"/>
    <Cell ss:Index="6" ss:StyleID="s64"/>
   </Row>
   <Row ss:AutoFitHeight="0">
    <Cell ss:Index="6" ss:StyleID="s64"/>
   </Row>
   <Row ss:AutoFitHeight="0">
    <Cell ss:Index="6" ss:StyleID="s64"/>
   </Row>
   <Row ss:AutoFitHeight="0">
    <Cell ss:Index="6" ss:StyleID="s64"/>
   </Row>
   <Row ss:AutoFitHeight="0">
    <Cell ss:Index="6" ss:StyleID="s64"/>
   </Row>
   <Row ss:AutoFitHeight="0">
    <Cell ss:Index="6" ss:StyleID="s64"/>
   </Row>
   <Row ss:AutoFitHeight="0">
    <Cell ss:Index="6" ss:StyleID="s64"/>
   </Row>
   <Row ss:AutoFitHeight="0">
    <Cell ss:Index="6" ss:StyleID="s64"/>
   </Row>
   <Row ss:AutoFitHeight="0">
    <Cell ss:Index="6" ss:StyleID="s64"/>
   </Row>
   <Row ss:AutoFitHeight="0">
    <Cell ss:Index="6" ss:StyleID="s64"/>
   </Row>
   <Row ss:AutoFitHeight="0">
    <Cell ss:Index="6" ss:StyleID="s64"/>
   </Row>
   <Row ss:AutoFitHeight="0">
    <Cell ss:Index="6" ss:StyleID="s64"/>
   </Row>
   <Row ss:AutoFitHeight="0">
    <Cell ss:Index="6" ss:StyleID="s64"/>
   </Row>
   <Row ss:AutoFitHeight="0">
    <Cell ss:Index="6" ss:StyleID="s64"/>
   </Row>
   <Row ss:AutoFitHeight="0">
    <Cell ss:Index="6" ss:StyleID="s64"/>
   </Row>
   <Row ss:AutoFitHeight="0">
    <Cell ss:Index="6" ss:StyleID="s64"/>
   </Row>
   <Row ss:AutoFitHeight="0">
    <Cell ss:Index="6" ss:StyleID="s64"/>
   </Row>
   <Row ss:AutoFitHeight="0">
    <Cell ss:Index="6" ss:StyleID="s64"/>
   </Row>
   <Row ss:AutoFitHeight="0">
    <Cell ss:Index="2" ss:StyleID="s66"/>
    <Cell ss:StyleID="s66"/>
    <Cell ss:Index="6" ss:StyleID="s64"/>
   </Row>
   <Row ss:AutoFitHeight="0">
    <Cell ss:Index="2" ss:StyleID="s66"/>
    <Cell ss:StyleID="s66"/>
    <Cell ss:Index="6" ss:StyleID="s64"/>
   </Row>
   <Row ss:AutoFitHeight="0">
    <Cell ss:Index="2" ss:StyleID="s66"/>
    <Cell ss:StyleID="s66"/>
    <Cell ss:Index="6" ss:StyleID="s64"/>
   </Row>
   <Row ss:AutoFitHeight="0">
    <Cell ss:Index="2" ss:StyleID="s66"/>
    <Cell ss:StyleID="s66"/>
    <Cell ss:Index="6" ss:StyleID="s64"/>
   </Row>
   <Row ss:AutoFitHeight="0">
    <Cell ss:Index="2" ss:StyleID="s66"/>
    <Cell ss:StyleID="s66"/>
    <Cell ss:Index="6" ss:StyleID="s64"/>
   </Row>
   <Row ss:AutoFitHeight="0">
    <Cell ss:Index="2" ss:StyleID="s66"/>
    <Cell ss:StyleID="s66"/>
    <Cell ss:Index="6" ss:StyleID="s64"/>
   </Row>
   <Row ss:AutoFitHeight="0">
    <Cell ss:Index="2" ss:StyleID="s66"/>
    <Cell ss:StyleID="s66"/>
    <Cell ss:Index="6" ss:StyleID="s64"/>
   </Row>
   <Row ss:AutoFitHeight="0">
    <Cell ss:Index="2" ss:StyleID="s66"/>
    <Cell ss:StyleID="s66"/>
    <Cell ss:Index="6" ss:StyleID="s64"/>
   </Row>
   <Row ss:AutoFitHeight="0">
    <Cell ss:Index="2" ss:StyleID="s66"/>
    <Cell ss:StyleID="s66"/>
    <Cell ss:Index="6" ss:StyleID="s64"/>
   </Row>
   <Row ss:AutoFitHeight="0">
    <Cell ss:Index="2" ss:StyleID="s66"/>
    <Cell ss:StyleID="s66"/>
    <Cell ss:Index="6" ss:StyleID="s64"/>
   </Row>
   <Row ss:AutoFitHeight="0">
    <Cell ss:Index="2" ss:StyleID="s66"/>
    <Cell ss:StyleID="s66"/>
    <Cell ss:Index="6" ss:StyleID="s64"/>
   </Row>
   <Row ss:AutoFitHeight="0">
    <Cell ss:Index="2" ss:StyleID="s66"/>
    <Cell ss:StyleID="s66"/>
    <Cell ss:Index="6" ss:StyleID="s64"/>
   </Row>
   <Row ss:AutoFitHeight="0">
    <Cell ss:Index="2" ss:StyleID="s66"/>
    <Cell ss:StyleID="s66"/>
    <Cell ss:Index="6" ss:StyleID="s64"/>
   </Row>
   <Row ss:AutoFitHeight="0">
    <Cell ss:Index="2" ss:StyleID="s66"/>
    <Cell ss:StyleID="s66"/>
    <Cell ss:Index="6" ss:StyleID="s64"/>
   </Row>
   <Row ss:AutoFitHeight="0">
    <Cell ss:Index="2" ss:StyleID="s66"/>
    <Cell ss:StyleID="s66"/>
    <Cell ss:Index="6" ss:StyleID="s64"/>
   </Row>
   <Row ss:AutoFitHeight="0">
    <Cell ss:Index="2" ss:StyleID="s66"/>
    <Cell ss:StyleID="s66"/>
    <Cell ss:Index="6" ss:StyleID="s64"/>
   </Row>
   <Row ss:AutoFitHeight="0">
    <Cell ss:Index="2" ss:StyleID="s66"/>
    <Cell ss:StyleID="s66"/>
    <Cell ss:Index="6" ss:StyleID="s64"/>
   </Row>
   <Row ss:AutoFitHeight="0">
    <Cell ss:Index="2" ss:StyleID="s66"/>
    <Cell ss:StyleID="s66"/>
    <Cell ss:Index="6" ss:StyleID="s64"/>
   </Row>
   <Row ss:AutoFitHeight="0">
    <Cell ss:Index="2" ss:StyleID="s66"/>
    <Cell ss:StyleID="s66"/>
    <Cell ss:Index="6" ss:StyleID="s64"/>
   </Row>
   <Row ss:AutoFitHeight="0" ss:StyleID="s64">
    <Cell ss:StyleID="s62"/>
   </Row>
   <Row ss:AutoFitHeight="0">
    <Cell ss:Index="6" ss:StyleID="s64"/>
   </Row>
   <Row ss:AutoFitHeight="0">
    <Cell ss:Index="6" ss:StyleID="s64"/>
   </Row>
   <Row ss:AutoFitHeight="0">
    <Cell ss:Index="3" ss:StyleID="s66"/>
    <Cell ss:Index="6" ss:StyleID="s64"/>
   </Row>
   <Row ss:AutoFitHeight="0">
    <Cell ss:Index="3" ss:StyleID="s66"/>
    <Cell ss:Index="6" ss:StyleID="s64"/>
   </Row>
   <Row ss:AutoFitHeight="0">
    <Cell ss:Index="3" ss:StyleID="s66"/>
    <Cell ss:Index="6" ss:StyleID="s64"/>
   </Row>
   <Row ss:AutoFitHeight="0">
    <Cell ss:Index="3" ss:StyleID="s66"/>
    <Cell ss:Index="6" ss:StyleID="s64"/>
   </Row>
   <Row ss:AutoFitHeight="0">
    <Cell ss:Index="3" ss:StyleID="s66"/>
    <Cell ss:Index="6" ss:StyleID="s64"/>
   </Row>
   <Row ss:AutoFitHeight="0">
    <Cell ss:Index="3" ss:StyleID="s66"/>
    <Cell ss:Index="6" ss:StyleID="s64"/>
   </Row>
   <Row ss:AutoFitHeight="0">
    <Cell ss:Index="3" ss:StyleID="s66"/>
    <Cell ss:Index="6" ss:StyleID="s64"/>
   </Row>
   <Row ss:AutoFitHeight="0">
    <Cell ss:Index="3" ss:StyleID="s66"/>
    <Cell ss:Index="6" ss:StyleID="s64"/>
   </Row>
   <Row ss:AutoFitHeight="0">
    <Cell ss:Index="3" ss:StyleID="s66"/>
    <Cell ss:Index="6" ss:StyleID="s64"/>
   </Row>
   <Row ss:AutoFitHeight="0">
    <Cell ss:Index="3" ss:StyleID="s66"/>
    <Cell ss:Index="6" ss:StyleID="s64"/>
   </Row>
   <Row ss:AutoFitHeight="0">
    <Cell ss:Index="3" ss:StyleID="s66"/>
    <Cell ss:Index="6" ss:StyleID="s64"/>
   </Row>
   <Row ss:AutoFitHeight="0">
    <Cell ss:Index="3" ss:StyleID="s66"/>
    <Cell ss:Index="6" ss:StyleID="s64"/>
   </Row>
   <Row ss:AutoFitHeight="0">
    <Cell ss:Index="3" ss:StyleID="s66"/>
    <Cell ss:Index="6" ss:StyleID="s64"/>
   </Row>
   <Row ss:AutoFitHeight="0">
    <Cell ss:Index="3" ss:StyleID="s66"/>
    <Cell ss:Index="6" ss:StyleID="s64"/>
   </Row>
   <Row ss:AutoFitHeight="0">
    <Cell ss:Index="3" ss:StyleID="s66"/>
    <Cell ss:Index="6" ss:StyleID="s64"/>
   </Row>
   <Row ss:AutoFitHeight="0">
    <Cell ss:Index="3" ss:StyleID="s66"/>
    <Cell ss:Index="6" ss:StyleID="s64"/>
   </Row>
   <Row ss:AutoFitHeight="0">
    <Cell ss:Index="3" ss:StyleID="s66"/>
    <Cell ss:Index="6" ss:StyleID="s64"/>
   </Row>
   <Row ss:AutoFitHeight="0">
    <Cell ss:Index="3" ss:StyleID="s66"/>
    <Cell ss:Index="6" ss:StyleID="s64"/>
   </Row>
   <Row ss:AutoFitHeight="0">
    <Cell ss:Index="3" ss:StyleID="s66"/>
    <Cell ss:Index="6" ss:StyleID="s64"/>
   </Row>
   <Row ss:AutoFitHeight="0">
    <Cell ss:Index="3" ss:StyleID="s66"/>
    <Cell ss:Index="6" ss:StyleID="s64"/>
   </Row>
   <Row ss:AutoFitHeight="0">
    <Cell ss:Index="3" ss:StyleID="s66"/>
    <Cell ss:Index="6" ss:StyleID="s64"/>
   </Row>
   <Row ss:AutoFitHeight="0">
    <Cell ss:Index="3" ss:StyleID="s66"/>
    <Cell ss:Index="6" ss:StyleID="s64"/>
   </Row>
   <Row ss:AutoFitHeight="0">
    <Cell ss:Index="3" ss:StyleID="s66"/>
    <Cell ss:Index="6" ss:StyleID="s64"/>
   </Row>
   <Row ss:AutoFitHeight="0">
    <Cell ss:Index="3" ss:StyleID="s66"/>
    <Cell ss:Index="6" ss:StyleID="s64"/>
   </Row>
   <Row ss:AutoFitHeight="0">
    <Cell ss:Index="3" ss:StyleID="s66"/>
    <Cell ss:Index="6" ss:StyleID="s64"/>
   </Row>
   <Row ss:AutoFitHeight="0">
    <Cell ss:Index="3" ss:StyleID="s66"/>
    <Cell ss:Index="6" ss:StyleID="s64"/>
   </Row>
   <Row ss:AutoFitHeight="0">
    <Cell ss:Index="3" ss:StyleID="s66"/>
    <Cell ss:Index="6" ss:StyleID="s64"/>
   </Row>
   <Row ss:AutoFitHeight="0">
    <Cell ss:Index="3" ss:StyleID="s66"/>
    <Cell ss:Index="6" ss:StyleID="s64"/>
   </Row>
   <Row ss:AutoFitHeight="0">
    <Cell ss:Index="3" ss:StyleID="s66"/>
    <Cell ss:Index="6" ss:StyleID="s64"/>
   </Row>
   <Row ss:AutoFitHeight="0">
    <Cell ss:Index="3" ss:StyleID="s66"/>
    <Cell ss:Index="6" ss:StyleID="s64"/>
   </Row>
   <Row ss:AutoFitHeight="0">
    <Cell ss:Index="3" ss:StyleID="s66"/>
    <Cell ss:Index="6" ss:StyleID="s64"/>
   </Row>
   <Row ss:AutoFitHeight="0">
    <Cell ss:Index="3" ss:StyleID="s66"/>
    <Cell ss:Index="6" ss:StyleID="s64"/>
   </Row>
   <Row ss:AutoFitHeight="0">
    <Cell ss:Index="3" ss:StyleID="s66"/>
    <Cell ss:Index="6" ss:StyleID="s64"/>
   </Row>
   <Row ss:AutoFitHeight="0">
    <Cell ss:Index="3" ss:StyleID="s66"/>
    <Cell ss:Index="6" ss:StyleID="s64"/>
   </Row>
   <Row ss:AutoFitHeight="0">
    <Cell ss:Index="3" ss:StyleID="s66"/>
    <Cell ss:Index="6" ss:StyleID="s64"/>
   </Row>
   <Row ss:AutoFitHeight="0">
    <Cell ss:Index="3" ss:StyleID="s66"/>
    <Cell ss:Index="6" ss:StyleID="s64"/>
   </Row>
   <Row ss:AutoFitHeight="0">
    <Cell ss:Index="3" ss:StyleID="s66"/>
    <Cell ss:Index="6" ss:StyleID="s64"/>
   </Row>
   <Row ss:AutoFitHeight="0">
    <Cell ss:Index="3" ss:StyleID="s66"/>
    <Cell ss:Index="6" ss:StyleID="s64"/>
   </Row>
   <Row ss:AutoFitHeight="0">
    <Cell ss:Index="3" ss:StyleID="s66"/>
    <Cell ss:Index="6" ss:StyleID="s64"/>
   </Row>
   <Row ss:AutoFitHeight="0">
    <Cell ss:Index="3" ss:StyleID="s66"/>
    <Cell ss:Index="6" ss:StyleID="s64"/>
   </Row>
   <Row ss:AutoFitHeight="0">
    <Cell ss:Index="6" ss:StyleID="s64"/>
   </Row>
   <Row ss:AutoFitHeight="0">
    <Cell ss:Index="6" ss:StyleID="s64"/>
   </Row>
   <Row ss:AutoFitHeight="0">
    <Cell ss:Index="6" ss:StyleID="s64"/>
   </Row>
   <Row ss:AutoFitHeight="0">
    <Cell ss:Index="6" ss:StyleID="s64"/>
   </Row>
   <Row ss:AutoFitHeight="0">
    <Cell ss:Index="6" ss:StyleID="s64"/>
   </Row>
   <Row ss:AutoFitHeight="0">
    <Cell ss:Index="6" ss:StyleID="s64"/>
   </Row>
   <Row ss:AutoFitHeight="0">
    <Cell ss:Index="6" ss:StyleID="s64"/>
   </Row>
   <Row ss:AutoFitHeight="0">
    <Cell ss:Index="6" ss:StyleID="s64"/>
   </Row>
   <Row ss:AutoFitHeight="0">
    <Cell ss:Index="6" ss:StyleID="s64"/>
   </Row>
   <Row ss:AutoFitHeight="0">
    <Cell ss:Index="6" ss:StyleID="s64"/>
   </Row>
   <Row ss:AutoFitHeight="0">
    <Cell ss:Index="6" ss:StyleID="s64"/>
   </Row>
   <Row ss:AutoFitHeight="0">
    <Cell ss:Index="6" ss:StyleID="s64"/>
   </Row>
  </Table>
  <WorksheetOptions xmlns="urn:schemas-microsoft-com:office:excel">
   <Unsynced/>
   <Print>
    <ValidPrinterInfo/>
    <HorizontalResolution>600</HorizontalResolution>
    <VerticalResolution>600</VerticalResolution>
   </Print>
   <Zoom>115</Zoom>
   <Selected/>
   <Panes>
    <Pane>
     <Number>3</Number>
     <ActiveRow>5</ActiveRow>
     <ActiveCol>2</ActiveCol>
    </Pane>
   </Panes>
   <ProtectObjects>False</ProtectObjects>
   <ProtectScenarios>False</ProtectScenarios>
  </WorksheetOptions>
 </Worksheet>
</Workbook>