<?xml version='1.0' encoding='UTF-8'?>
<?mso-application progid="Excel.Sheet"?><Workbook xmlns="urn:schemas-microsoft-com:office:spreadsheet" xmlns:o="urn:schemas-microsoft-com:office:office" xmlns:x="urn:schemas-microsoft-com:office:excel" xmlns:ss="urn:schemas-microsoft-com:office:spreadsheet" xmlns:html="http://www.w3.org/TR/REC-html40">
 <DocumentProperties xmlns="urn:schemas-microsoft-com:office:office">
  <LastAuthor>Luis Ferreira</LastAuthor>
  <LastSaved>2018-12-19T14:55:19Z</LastSaved>
  <Version>16.00</Version>
 </DocumentProperties>
 <OfficeDocumentSettings xmlns="urn:schemas-microsoft-com:office:office">
  <AllowPNG/>
 </OfficeDocumentSettings>
 <ExcelWorkbook xmlns="urn:schemas-microsoft-com:office:excel">
  <WindowHeight>14025</WindowHeight>
  <WindowWidth>28800</WindowWidth>
  <WindowTopX>32767</WindowTopX>
  <WindowTopY>32767</WindowTopY>
  <ProtectStructure>False</ProtectStructure>
  <ProtectWindows>False</ProtectWindows>
 </ExcelWorkbook>
 <Styles>
  <Style ss:ID="Default" ss:Name="Normal">
   <Alignment ss:Vertical="Bottom"/>
   <Borders/>
   <Font ss:FontName="Calibri" x:Family="Swiss" ss:Size="11" ss:Color="#000000"/>
   <Interior/>
   <NumberFormat/>
   <Protection/>
  </Style>
  <Style ss:ID="s62">
   <Alignment ss:Vertical="Bottom" ss:WrapText="1"/>
  </Style>
  <Style ss:ID="s63">
   <Alignment ss:Vertical="Top" ss:WrapText="1"/>
  </Style>
  <Style ss:ID="s64">
   <Alignment ss:Horizontal="Left" ss:Vertical="Top" ss:WrapText="1"/>
  </Style>
 </Styles>
 <Worksheet ss:Name="Script">
  <Table ss:ExpandedColumnCount="7" ss:ExpandedRowCount="15" x:FullColumns="1" x:FullRows="1" ss:StyleID="s62" ss:DefaultColumnWidth="51.75" ss:DefaultRowHeight="15">
   <Column ss:StyleID="s62" ss:AutoFitWidth="0" ss:Width="144"/>
   <Column ss:StyleID="s62" ss:AutoFitWidth="0" ss:Width="209.25"/>
   <Column ss:StyleID="s62" ss:AutoFitWidth="0" ss:Width="323.25"/>
   <Column ss:StyleID="s62" ss:AutoFitWidth="0" ss:Width="151.5"/>
   <Column ss:StyleID="s62" ss:AutoFitWidth="0" ss:Width="229.5"/>
   <Column ss:StyleID="s62" ss:AutoFitWidth="0" ss:Width="118.5"/>
   <Column ss:StyleID="s62" ss:AutoFitWidth="0" ss:Width="323.25"/>
   <Row ss:AutoFitHeight="0" ss:Height="120">
    <Cell><Data ss:Type="String">BIOCHEMICAL_TECHGROUPS</Data></Cell>
    <Cell ss:Index="5" ss:StyleID="s63"><Data ss:Type="String">Anything between straight brackets - i.e. [ ] - is a formatting tag. Do not change these tags and keep them in the same relative position in the text. Anything between curly brackets - i.e. { } - is a place where text or numbers will be inserted by the game. Do not change the tag, but feel free to change its position in the text to suit the localized text.</Data></Cell>
   </Row>
   <Row ss:AutoFitHeight="0" ss:Height="30">
    <Cell><Data ss:Type="String">SCENE ID</Data></Cell>
    <Cell><Data ss:Type="String">TEXT ID</Data></Cell>
    <Cell><Data ss:Type="String">ENGLISH STRING</Data></Cell>
    <Cell><Data ss:Type="String">ALTERNATIVE ENGLISH STRING</Data></Cell>
    <Cell><Data ss:Type="String">LOCALIZATION NOTES</Data></Cell>
    <Cell><Data ss:Type="String">DEV TEAM / MISC NOTES</Data></Cell>
   </Row>
   <Row ss:AutoFitHeight="0" ss:Height="135">
    <Cell ss:Index="5" ss:StyleID="s63"><Data ss:Type="String">In the text below, any inserted strings - anything of the form {text} - is replaced by an integer value for the thing described in the brackets. If the {text} is not followed by a unit - e.g. shields, hitpoints - the icon for the unit is inserted together with the integer. The same holds for symbols - e.g. '+', '%' - which are occasionally inserted together with the integer.</Data></Cell>
   </Row>
   <Row ss:AutoFitHeight="0" ss:Height="45">
    <Cell ss:Index="5" ss:StyleID="s63"><Data ss:Type="String">For references to game terminology and in-world references, please check the glossary delivered as part of the documentation.</Data></Cell>
   </Row>
   <Row ss:AutoFitHeight="0">
    <Cell ss:StyleID="s64"><Data ss:Type="String">CORROSIVE_BURST</Data></Cell>
    <Cell ss:StyleID="s64"><Data ss:Type="String">NAME</Data></Cell>
    <Cell ss:StyleID="s64"><Data ss:Type="String">Detonador Corrosivo</Data></Cell>
    <Cell ss:Index="7" ss:StyleID="s64"/>
   </Row>
   <Row ss:AutoFitHeight="0" ss:Height="60">
    <Cell ss:StyleID="s64"><Data ss:Type="String">CORROSIVE_BURST</Data></Cell>
    <Cell ss:StyleID="s64"><Data ss:Type="String">DESCRIPTION</Data></Cell>
    <Cell ss:StyleID="s64"><Data ss:Type="String">Uma área alvo em um raio de {CorrosiveRadius} hexágonos é atingida por uma detonação corrosiva com [abilityred]Impacto Devastador[/abilityred]. Todas as unidades na área alvo perdem {CorrosiveArmorPen}[armor/] e sofrem {CorrosiveDam}[damagebio/] de dano.</Data></Cell>
    <Cell ss:Index="7" ss:StyleID="s64"/>
   </Row>
   <Row ss:AutoFitHeight="0">
    <Cell ss:StyleID="s64"><Data ss:Type="String">BIOCHEMICAL_MACERATION</Data></Cell>
    <Cell ss:StyleID="s64"><Data ss:Type="String">NAME</Data></Cell>
    <Cell ss:StyleID="s64"><Data ss:Type="String">Maceramento Bioquímico</Data></Cell>
    <Cell ss:Index="7" ss:StyleID="s64"/>
   </Row>
   <Row ss:AutoFitHeight="0" ss:Height="90">
    <Cell ss:StyleID="s64"><Data ss:Type="String">BIOCHEMICAL_MACERATION</Data></Cell>
    <Cell ss:StyleID="s64"><Data ss:Type="String">DESCRIPTION</Data></Cell>
    <Cell ss:StyleID="s64"><Data ss:Type="String">Um agente bioquímico macerante é liberado em um raio de {BiochemicalMacerationRadius} hexágonos, reduzindo a resistência bioquímica das unidades afetadas em {BiochemicalMacerationResist} por {BiochemicalMacerationTime}. Essas unidades também têm uma chance de {slowchance} de força de se tornarem [abilityred]Lentas[/abilityred] durante essa duração.</Data></Cell>
    <Cell ss:Index="7" ss:StyleID="s64"/>
   </Row>
   <Row ss:AutoFitHeight="0">
    <Cell ss:StyleID="s64"><Data ss:Type="String">BIOCHEMICAL_MACERATION</Data></Cell>
    <Cell ss:StyleID="s64"><Data ss:Type="String">UNIT_DESCRIPTION</Data></Cell>
    <Cell ss:StyleID="s64"><Data ss:Type="String">Esta unidade tem {BioMacerationResist}.</Data></Cell>
    <Cell ss:Index="7" ss:StyleID="s64"/>
   </Row>
   <Row ss:AutoFitHeight="0">
    <Cell ss:StyleID="s64"><Data ss:Type="String">VIRAL_CANISTER</Data></Cell>
    <Cell ss:StyleID="s64"><Data ss:Type="String">NAME</Data></Cell>
    <Cell ss:StyleID="s64"><Data ss:Type="String">Cartucho Virulento</Data></Cell>
    <Cell ss:Index="7" ss:StyleID="s64"/>
   </Row>
   <Row ss:AutoFitHeight="0" ss:Height="75">
    <Cell ss:StyleID="s64"><Data ss:Type="String">VIRAL_CANISTER</Data></Cell>
    <Cell ss:StyleID="s64"><Data ss:Type="String">DESCRIPTION</Data></Cell>
    <Cell ss:StyleID="s64"><Data ss:Type="String">Inunde uma área de raio de {hexrad} hexágonos com uma cepa virulenta, causando {ViralCanisterDam} de dano e infectando unidades Biológicas e Ciborgues. Unidades infectadas sofrem {InfectedDam} de dano por turno durante {InfectedTime}. Essas unidades explodem ao morrer, espalhando o efeito para unidades em um alcance de {VirulentHExRadius} hexágonos.</Data></Cell>
    <Cell ss:Index="7" ss:StyleID="s64"/>
   </Row>
   <Row ss:AutoFitHeight="0" ss:Height="45">
    <Cell ss:StyleID="s64"><Data ss:Type="String">VIRAL_CANISTER</Data></Cell>
    <Cell ss:StyleID="s64"><Data ss:Type="String">PROPERTY</Data></Cell>
    <Cell ss:StyleID="s64"><Data ss:Type="String">Esta unidade está infectada, sofrendo {InfectedDam} por turno. Ela explode ao morrer, causando um dano adicional de {InfectedExplodeDam} e espalhando a infecção em uma área de raio de {InfectedRadius} hexágonos.</Data></Cell>
    <Cell ss:Index="7" ss:StyleID="s64"/>
   </Row>
   <Row ss:AutoFitHeight="0">
    <Cell ss:StyleID="s64"><Data ss:Type="String">ACID_RAIN</Data></Cell>
    <Cell ss:StyleID="s64"><Data ss:Type="String">NAME</Data></Cell>
    <Cell ss:StyleID="s64"><Data ss:Type="String">Chuva Ácida</Data></Cell>
    <Cell ss:Index="7" ss:StyleID="s64"/>
   </Row>
   <Row ss:AutoFitHeight="0" ss:Height="30">
    <Cell ss:StyleID="s64"><Data ss:Type="String">ACID_RAIN</Data></Cell>
    <Cell ss:StyleID="s64"><Data ss:Type="String">DESCRIPTION</Data></Cell>
    <Cell ss:StyleID="s64"><Data ss:Type="String">Chuva ácida cai sobre o campo de batalha, afetando unidades inimigas. No início do turno do inimigo, a chuva derrete {AcidRainArmor} e causa {AcidRainDam} de dano. Este efeito dura {duration}[turn/][br/]Este efeito não se acumula consigo mesmo.</Data></Cell>
    <Cell ss:Index="7" ss:StyleID="s64"/>
   </Row>
   <Row ss:AutoFitHeight="0">
    <Cell ss:StyleID="s64"><Data ss:Type="String">BIO_SKILLS</Data></Cell>
    <Cell ss:StyleID="s64"><Data ss:Type="String">GROUP_NAME</Data></Cell>
    <Cell ss:StyleID="s64"><Data ss:Type="String">Bioquímico</Data></Cell>
    <Cell ss:Index="7" ss:StyleID="s64"/>
   </Row>
  </Table>
  <WorksheetOptions xmlns="urn:schemas-microsoft-com:office:excel">
   <Unsynced/>
   <Selected/>
   <TopRowVisible>4</TopRowVisible>
   <Panes>
    <Pane>
     <Number>3</Number>
     <ActiveRow>19</ActiveRow>
     <ActiveCol>2</ActiveCol>
    </Pane>
   </Panes>
   <ProtectObjects>False</ProtectObjects>
   <ProtectScenarios>False</ProtectScenarios>
  </WorksheetOptions>
 </Worksheet>
</Workbook>