<?xml version='1.0' encoding='UTF-8'?>
<?mso-application progid="Excel.Sheet"?><Workbook xmlns="urn:schemas-microsoft-com:office:spreadsheet" xmlns:o="urn:schemas-microsoft-com:office:office" xmlns:x="urn:schemas-microsoft-com:office:excel" xmlns:ss="urn:schemas-microsoft-com:office:spreadsheet" xmlns:html="http://www.w3.org/TR/REC-html40">
 <DocumentProperties xmlns="urn:schemas-microsoft-com:office:office">
  <Author>Laszlo Pieper</Author>
  <LastAuthor>Glenn Smits</LastAuthor>
  <Created>2018-09-14T10:48:07Z</Created>
  <LastSaved>2019-05-10T16:40:18Z</LastSaved>
  <Version>16.00</Version>
 </DocumentProperties>
 <OfficeDocumentSettings xmlns="urn:schemas-microsoft-com:office:office">
  <AllowPNG/>
 </OfficeDocumentSettings>
 <ExcelWorkbook xmlns="urn:schemas-microsoft-com:office:excel">
  <WindowHeight>15825</WindowHeight>
  <WindowWidth>32767</WindowWidth>
  <WindowTopX>32767</WindowTopX>
  <WindowTopY>32767</WindowTopY>
  <RefModeR1C1/>
  <ProtectStructure>False</ProtectStructure>
  <ProtectWindows>False</ProtectWindows>
 </ExcelWorkbook>
 <Styles>
  <Style ss:ID="Default" ss:Name="Normal">
   <Alignment ss:Vertical="Bottom"/>
   <Borders/>
   <Font ss:FontName="Calibri" x:Family="Swiss" ss:Size="11" ss:Color="#000000"/>
   <Interior/>
   <NumberFormat/>
   <Protection/>
  </Style>
  <Style ss:ID="s62" ss:Name="Normal 2">
   <Alignment ss:Vertical="Bottom"/>
   <Borders/>
   <Font ss:FontName="Calibri" x:Family="Swiss" ss:Size="11" ss:Color="#000000"/>
   <Interior/>
   <NumberFormat/>
   <Protection/>
  </Style>
  <Style ss:ID="s63" ss:Name="Normal 3">
   <Alignment ss:Vertical="Bottom"/>
   <Borders/>
   <Font ss:FontName="Calibri" x:CharSet="1" x:Family="Swiss" ss:Size="11" ss:Color="#000000"/>
   <Interior/>
   <NumberFormat/>
   <Protection/>
  </Style>
  <Style ss:ID="s64">
   <Alignment ss:Vertical="Top" ss:WrapText="1"/>
  </Style>
  <Style ss:ID="s65">
   <Alignment ss:Vertical="Bottom" ss:WrapText="1"/>
  </Style>
  <Style ss:ID="s67" ss:Parent="s62">
   <Alignment ss:Vertical="Top" ss:WrapText="1"/>
   <Borders/>
   <Font ss:FontName="Calibri" x:Family="Swiss" ss:Size="11" ss:Color="#000000"/>
   <Interior/>
   <NumberFormat/>
   <Protection/>
  </Style>
  <Style ss:ID="s68">
   <Alignment ss:Vertical="Top" ss:WrapText="1"/>
   <Interior/>
  </Style>
  <Style ss:ID="s69">
   <Alignment ss:Vertical="Bottom" ss:WrapText="1"/>
   <Interior/>
  </Style>
  <Style ss:ID="s70" ss:Parent="s62">
   <Alignment ss:Vertical="Top" ss:WrapText="1"/>
   <Borders/>
   <Font ss:FontName="Calibri" x:Family="Swiss" ss:Size="11"/>
   <Interior/>
  </Style>
  <Style ss:ID="s71">
   <Alignment ss:Vertical="Top" ss:WrapText="1"/>
   <Borders/>
   <Interior/>
  </Style>
  <Style ss:ID="s73" ss:Parent="s63">
   <Alignment ss:Vertical="Top" ss:WrapText="1"/>
   <Borders/>
   <Font ss:FontName="Calibri" x:CharSet="1" x:Family="Swiss" ss:Size="11" ss:Color="#000000"/>
   <Interior/>
   <NumberFormat/>
   <Protection/>
  </Style>
  <Style ss:ID="s74">
   <Alignment ss:Vertical="Top" ss:WrapText="1"/>
   <Interior/>
   <NumberFormat/>
  </Style>
  <Style ss:ID="s75">
   <Alignment ss:Vertical="Bottom" ss:WrapText="1"/>
   <Borders/>
   <Font ss:FontName="Calibri" x:Family="Swiss" ss:Size="11" ss:Color="#000000"/>
   <Interior/>
  </Style>
  <Style ss:ID="s76">
   <Alignment ss:Vertical="Bottom" ss:WrapText="1"/>
   <Borders/>
   <Interior/>
  </Style>
 </Styles>
 <Worksheet ss:Name="Script">
  <Table ss:ExpandedColumnCount="7" ss:ExpandedRowCount="241" x:FullColumns="1" x:FullRows="1" ss:StyleID="s64" ss:DefaultColumnWidth="51.75" ss:DefaultRowHeight="15">
   <Column ss:StyleID="s64" ss:AutoFitWidth="0" ss:Width="267"/>
   <Column ss:StyleID="s64" ss:Width="204"/>
   <Column ss:StyleID="s64" ss:AutoFitWidth="0" ss:Width="252.75"/>
   <Column ss:StyleID="s64" ss:AutoFitWidth="0" ss:Width="93"/>
   <Column ss:StyleID="s64" ss:AutoFitWidth="0" ss:Width="257.25"/>
   <Column ss:StyleID="s64" ss:Width="115.5"/>
   <Column ss:StyleID="s64" ss:AutoFitWidth="0" ss:Width="252.75"/>
   <Row ss:AutoFitHeight="0" ss:Height="105">
    <Cell><Data ss:Type="String">CELESTIAN_TECHGROUPS</Data></Cell>
    <Cell ss:Index="5"><Data ss:Type="String">Anything between straight brackets - i.e. [ ] - is a formatting tag. Do not change these tags and keep them in the same relative position in the text. Anything between curly brackets - i.e. { } - is a place where text or numbers will be inserted by the game. Do not change the tag, but feel free to change its position in the text to suit the localized text.</Data></Cell>
   </Row>
   <Row ss:AutoFitHeight="0" ss:Height="30">
    <Cell><Data ss:Type="String">SCENE ID</Data></Cell>
    <Cell><Data ss:Type="String">TEXT ID</Data></Cell>
    <Cell><Data ss:Type="String">ENGLISH STRING</Data></Cell>
    <Cell><Data ss:Type="String">ALTERNATIVE ENGLISH STRING</Data></Cell>
    <Cell><Data ss:Type="String">LOCALIZATION NOTES</Data></Cell>
    <Cell><Data ss:Type="String">DEV TEAM / MISC NOTES</Data></Cell>
   </Row>
   <Row ss:AutoFitHeight="0" ss:Height="60">
    <Cell><Data ss:Type="String">CELESTIAN</Data></Cell>
    <Cell><Data ss:Type="String">DESCRIPTION</Data></Cell>
    <Cell ss:StyleID="s65"><Data ss:Type="String">{XML_CELESTIAN_TECHGROUPS@CELESTIAN@DESC}[br/][br/]{XML_CELESTIAN_TECHGROUPS@CELESTIAN@FEATURES}</Data></Cell>
    <Cell ss:Index="5"><Data ss:Type="String">No need to translate. This inserts the CELESTIAN_TECHGROUPS@CELESTIAN@DESC and CELESTIAN_TECHGROUPS@CELESTIAN@FEATURES texts with some white space.</Data></Cell>
    <Cell ss:StyleID="s67"/>
   </Row>
   <Row ss:AutoFitHeight="0" ss:Height="120">
    <Cell><Data ss:Type="String">CELESTIAN</Data></Cell>
    <Cell><Data ss:Type="String">DESC</Data></Cell>
    <Cell><Data ss:Type="String">Os [hyperlink,000003AC0000032E]Celestians[/hyperlink] são uma ordem ancestral de indivíduos psiônicamente dotados que buscam alcançar a iluminação interior e criar equilíbrio e harmonia no universo. Eles acreditam que o poder Psiónico vem das Estrelas e usam esse poder para proteger seus ideais e ensinamentos.</Data></Cell>
    <Cell ss:Index="6" ss:StyleID="s67"/>
   </Row>
   <Row ss:AutoFitHeight="0" ss:Height="90">
    <Cell><Data ss:Type="String">CELESTIAN</Data></Cell>
    <Cell><Data ss:Type="String">FEATURES</Data></Cell>
    <Cell><Data ss:Type="String">[bulletlist][bullet][sand]Unidade Inicial:[/sand] [hyperlink,unitlookup0000039A00000D9C]Portador da Luz[/hyperlink][/bullet][bullet]Persuadir soldados e colonos inimigos a se juntarem à sua causa[/bullet][bullet]Bônus em diplomacia com NPCs[/bullet][bullet]Fortes bônus de Moral e reflexão de dano[/bullet][bullet]Usa os canais de dano Psiónico e Térmico[/bullet][/bulletlist]</Data></Cell>
    <Cell ss:Index="6" ss:StyleID="s67"/>
   </Row>
   <Row ss:AutoFitHeight="0">
    <Cell><Data ss:Type="String">TECH_TREE</Data></Cell>
    <Cell><Data ss:Type="String">SKILLGROUP_1_TACTICAL_NAME</Data></Cell>
    <Cell><Data ss:Type="String">Abraço da Luz</Data></Cell>
    <Cell ss:Index="6" ss:StyleID="s68"/>
   </Row>
   <Row ss:AutoFitHeight="0" ss:Height="91.5">
    <Cell><Data ss:Type="String">TECH_TREE</Data></Cell>
    <Cell><Data ss:Type="String">SKILLGROUP_1_TACTICAL_DESCRIPTION</Data></Cell>
    <Cell><Data ss:Type="String">“Contemple a chama da vela. Ao aquecê-lo, veja os hematomas que adquiriu ao longo de uma vida tropeçando na escuridão. Esta é sua decisão. Você permaneceria na escuridão?”[br/]– Irmã Rebe Katiere, Convite de Purificação</Data></Cell>
    <Cell ss:Index="5"><Data ss:Type="String">Female</Data></Cell>
    <Cell ss:StyleID="s68"><Data ss:Type="String">V.O.: Amazon</Data></Cell>
   </Row>
   <Row ss:AutoFitHeight="0">
    <Cell><Data ss:Type="String">TECH_TREE</Data></Cell>
    <Cell><Data ss:Type="String">SKILLGROUP_2_FORCES_NAME</Data></Cell>
    <Cell><Data ss:Type="String">Luminância</Data></Cell>
    <Cell ss:Index="6" ss:StyleID="s68"/>
   </Row>
   <Row ss:AutoFitHeight="0" ss:Height="75">
    <Cell><Data ss:Type="String">TECH_TREE</Data></Cell>
    <Cell><Data ss:Type="String">SKILLGROUP_2_FORCES_DESCRIPTION</Data></Cell>
    <Cell><Data ss:Type="String">“Que os portadores da luz queimem com intensidade, enviem um brilho através da baía, para que as pobres almas lutando à deriva nas torrentes escuras possam guiar suas embarcações em segurança até a margem.”[br/]– Lu’Kalla Candelieri, Guardiã dos Fótons</Data></Cell>
    <Cell ss:Index="5"><Data ss:Type="String">Female</Data></Cell>
    <Cell ss:StyleID="s68"><Data ss:Type="String">V.O.: Syndicate Female

Edit: added space before "Lu'Kalla"</Data></Cell>
   </Row>
   <Row ss:AutoFitHeight="0" ss:Height="15.75">
    <Cell><Data ss:Type="String">TECH_TREE</Data></Cell>
    <Cell><Data ss:Type="String">SKILLGROUP_2_FORCES_SUBSKILL_1</Data></Cell>
    <Cell><Data ss:Type="String">Unidade: Portador da Luz</Data></Cell>
    <Cell ss:Index="6" ss:StyleID="s68"/>
   </Row>
   <Row ss:AutoFitHeight="0">
    <Cell><Data ss:Type="String">TECH_TREE</Data></Cell>
    <Cell><Data ss:Type="String">SKILLGROUP_2_FORCES_SUBSKILL_2</Data></Cell>
    <Cell><Data ss:Type="String">Equipamento: Punhos Infernais</Data></Cell>
    <Cell ss:Index="6" ss:StyleID="s68"/>
   </Row>
   <Row ss:AutoFitHeight="0">
    <Cell><Data ss:Type="String">TECH_TREE</Data></Cell>
    <Cell><Data ss:Type="String">SKILLGROUP_2_FORCES_SUBSKILL_3</Data></Cell>
    <Cell><Data ss:Type="String">Veículo: Portador da Luz Paladino</Data></Cell>
    <Cell ss:Index="6" ss:StyleID="s68"/>
   </Row>
   <Row ss:AutoFitHeight="0">
    <Cell><Data ss:Type="String">TECH_TREE</Data></Cell>
    <Cell><Data ss:Type="String">SKILLGROUP_3_TACTICAL_NAME</Data></Cell>
    <Cell><Data ss:Type="String">Penitência</Data></Cell>
    <Cell ss:Index="6" ss:StyleID="s68"/>
   </Row>
   <Row ss:AutoFitHeight="0" ss:Height="75">
    <Cell><Data ss:Type="String">TECH_TREE</Data></Cell>
    <Cell><Data ss:Type="String">SKILLGROUP_3_TACTICAL_DESCRIPTION</Data></Cell>
    <Cell><Data ss:Type="String">“O arrependimento não é punição, é celebração. É um caminho para se tornar digno de confiança. Poderes mais sábios não compartilham seus segredos com aqueles em quem não podem confiar.”[br/]– Lu’Samaeliss, Guardiã da Gravidade</Data></Cell>
    <Cell ss:Index="5"><Data ss:Type="String">Male</Data></Cell>
    <Cell ss:StyleID="s68"><Data ss:Type="String">V.O.: Vanguard Male</Data></Cell>
   </Row>
   <Row ss:AutoFitHeight="0">
    <Cell><Data ss:Type="String">TECH_TREE</Data></Cell>
    <Cell><Data ss:Type="String">SKILLGROUP_4_TACTICAL_NAME</Data></Cell>
    <Cell><Data ss:Type="String">Perseverança</Data></Cell>
    <Cell ss:Index="6" ss:StyleID="s68"/>
   </Row>
   <Row ss:AutoFitHeight="0" ss:Height="45">
    <Cell><Data ss:Type="String">TECH_TREE</Data></Cell>
    <Cell><Data ss:Type="String">SKILLGROUP_4_TACTICAL_DESCRIPTION</Data></Cell>
    <Cell><Data ss:Type="String">“Discipline a mente e o universo confiará a você seus segredos.”[br/]– Lu’Qian Wu, Guardiã da Mente</Data></Cell>
    <Cell ss:Index="5"><Data ss:Type="String">Male</Data></Cell>
    <Cell ss:StyleID="s68"><Data ss:Type="String">V.O.: Syndicate Male</Data></Cell>
   </Row>
   <Row ss:AutoFitHeight="0">
    <Cell><Data ss:Type="String">TECH_TREE</Data></Cell>
    <Cell><Data ss:Type="String">SKILLGROUP_4_STRATEGIC_NAME</Data></Cell>
    <Cell><Data ss:Type="String">Fogo Interior</Data></Cell>
    <Cell ss:Index="6" ss:StyleID="s68"/>
   </Row>
   <Row ss:AutoFitHeight="0" ss:Height="75">
    <Cell><Data ss:Type="String">TECH_TREE</Data></Cell>
    <Cell><Data ss:Type="String">SKILLGROUP_4_STRATEGIC_DESCRIPTION</Data></Cell>
    <Cell><Data ss:Type="String">“Como filhos da Estrela Guia, toda alma nasce com uma luz para distinguir o certo do errado. Quando escolhas egoístas tentam uma alma a apagar sua luz, ela se pune, abraçando a fraqueza.”[br/]– Eris Harper, Virgem Estelar</Data></Cell>
    <Cell ss:Index="5"><Data ss:Type="String">Female</Data></Cell>
    <Cell ss:StyleID="s68"><Data ss:Type="String">V.O.: Vanguard Female</Data></Cell>
   </Row>
   <Row ss:AutoFitHeight="0">
    <Cell><Data ss:Type="String">TECH_TREE</Data></Cell>
    <Cell><Data ss:Type="String">SKILLGROUP_4_FORCES_NAME</Data></Cell>
    <Cell><Data ss:Type="String">Presença Estelar</Data></Cell>
    <Cell ss:Index="6" ss:StyleID="s68"/>
   </Row>
   <Row ss:AutoFitHeight="0" ss:Height="90">
    <Cell><Data ss:Type="String">TECH_TREE</Data></Cell>
    <Cell><Data ss:Type="String">SKILLGROUP_4_FORCES_DESCRIPTION</Data></Cell>
    <Cell><Data ss:Type="String">“Estou cheio de ignorância sombria;[br/]Minha vida perdida ansiou[br/]Em cantos de vergonha manchada,[br/]Ela me sufoca: este véu de arrependimento.[br/]Sua bondade perfura meu manto de culpa.[br/]Atos amorosos são estrelas em minha Noite.[br/]Vejo:[br/]Guiado por centelhas de Sua Graça.”[br/]– D’Nac, Confissão do Guia Estelar</Data></Cell>
    <Cell ss:Index="5"><Data ss:Type="String">Male</Data></Cell>
    <Cell ss:StyleID="s68"><Data ss:Type="String">V.O.: Syndicate Male

Edit: This -&gt; this</Data></Cell>
   </Row>
   <Row ss:AutoFitHeight="0" ss:Height="15.75">
    <Cell><Data ss:Type="String">TECH_TREE</Data></Cell>
    <Cell><Data ss:Type="String">SKILLGROUP_4_FORCES_SUBSKILL_1</Data></Cell>
    <Cell><Data ss:Type="String">Unidade: Guia Estelar</Data></Cell>
    <Cell ss:Index="6" ss:StyleID="s68"/>
   </Row>
   <Row ss:AutoFitHeight="0">
    <Cell><Data ss:Type="String">TECH_TREE</Data></Cell>
    <Cell><Data ss:Type="String">SKILLGROUP_4_FORCES_SUBSKILL_2</Data></Cell>
    <Cell><Data ss:Type="String">Equipamento: Harmonia da Luz</Data></Cell>
    <Cell ss:Index="6" ss:StyleID="s68"/>
   </Row>
   <Row ss:AutoFitHeight="0">
    <Cell><Data ss:Type="String">TECH_TREE</Data></Cell>
    <Cell><Data ss:Type="String">SKILLGROUP_5_TACTICAL_NAME</Data></Cell>
    <Cell><Data ss:Type="String">Caminho da Paz</Data></Cell>
    <Cell ss:Index="6" ss:StyleID="s68"/>
   </Row>
   <Row ss:AutoFitHeight="0" ss:Height="105">
    <Cell><Data ss:Type="String">TECH_TREE</Data></Cell>
    <Cell><Data ss:Type="String">SKILLGROUP_5_TACTICAL_DESCRIPTION</Data></Cell>
    <Cell><Data ss:Type="String">“Não há valor no orgulho.[br/]Não há segurança atrás de muros.[br/]Não há força na raiva.[br/]Não há liberdade atrás de grades.[br/]Não há alegria no julgamento.[br/]Não há fortuna no ouro.[br/]Não há paz na guerra.”[br/]– Aya Nago, Ensinamentos Pacifistas do Mestre</Data></Cell>
    <Cell ss:Index="5"><Data ss:Type="String">Female</Data></Cell>
    <Cell ss:StyleID="s68"><Data ss:Type="String">V.O.: Syndicate Female</Data></Cell>
   </Row>
   <Row ss:AutoFitHeight="0">
    <Cell><Data ss:Type="String">TECH_TREE</Data></Cell>
    <Cell><Data ss:Type="String">SKILLGROUP_5_STRATEGIC_NAME</Data></Cell>
    <Cell><Data ss:Type="String">Luz da Verdade</Data></Cell>
    <Cell ss:Index="6" ss:StyleID="s68"/>
   </Row>
   <Row ss:AutoFitHeight="0" ss:Height="90">
    <Cell><Data ss:Type="String">TECH_TREE</Data></Cell>
    <Cell><Data ss:Type="String">SKILLGROUP_5_STRATEGIC_DESCRIPTION</Data></Cell>
    <Cell><Data ss:Type="String">“A vida verdadeiramente inteligente tem a capacidade de amar. O amor transforma perda em sacrifício e suporta a dor por um propósito. O amor enxerga valor em cada alma e as inspira a abandonar seu orgulho e vingança com um exemplo de serviço altruísta.”[br/]– Sorli Auro, Peregrina Ascendente</Data></Cell>
    <Cell ss:Index="5"><Data ss:Type="String">Male</Data></Cell>
    <Cell ss:StyleID="s68"><Data ss:Type="String">V.O.: Syndicate Male</Data></Cell>
   </Row>
   <Row ss:AutoFitHeight="0">
    <Cell><Data ss:Type="String">TECH_TREE</Data></Cell>
    <Cell><Data ss:Type="String">SKILLGROUP_6_TACTICAL_NAME</Data></Cell>
    <Cell><Data ss:Type="String">Repercussão</Data></Cell>
    <Cell ss:Index="6" ss:StyleID="s68"/>
   </Row>
   <Row ss:AutoFitHeight="0" ss:Height="60">
    <Cell><Data ss:Type="String">TECH_TREE</Data></Cell>
    <Cell><Data ss:Type="String">SKILLGROUP_6_TACTICAL_DESCRIPTION</Data></Cell>
    <Cell><Data ss:Type="String">“Para aqueles que não dão trégua, nenhuma será dada. Para aqueles que não fazem reparações, haverá um ajuste de contas.”[br/]– Lu’Vir Corr, Guardiã da Chave</Data></Cell>
    <Cell ss:Index="5"><Data ss:Type="String">Female</Data></Cell>
    <Cell ss:StyleID="s68"><Data ss:Type="String">V.O.: Kir'ko Female</Data></Cell>
   </Row>
   <Row ss:AutoFitHeight="0">
    <Cell><Data ss:Type="String">TECH_TREE</Data></Cell>
    <Cell><Data ss:Type="String">SKILLGROUP_6_STRATEGIC_NAME</Data></Cell>
    <Cell><Data ss:Type="String">Proteção Estelar</Data></Cell>
    <Cell ss:Index="6" ss:StyleID="s68"/>
   </Row>
   <Row ss:AutoFitHeight="0" ss:Height="90">
    <Cell><Data ss:Type="String">TECH_TREE</Data></Cell>
    <Cell><Data ss:Type="String">SKILLGROUP_6_STRATEGIC_DESCRIPTION</Data></Cell>
    <Cell><Data ss:Type="String">“Seguimos um caminho de mártires para ascender. No entanto, enquanto a inteligência habitar este mundo, o sangue dos caídos clamará aos ouvidos dos iluminados. Suas almas recuarão diante da injustiça de tirar uma vida que merecia viver.”[br/]– Jonah Covenant, Guardião da Chama</Data></Cell>
    <Cell ss:Index="5"><Data ss:Type="String">Male</Data></Cell>
    <Cell ss:StyleID="s68"><Data ss:Type="String">V.O.: Syndicate Male</Data></Cell>
   </Row>
   <Row ss:AutoFitHeight="0">
    <Cell><Data ss:Type="String">TECH_TREE</Data></Cell>
    <Cell><Data ss:Type="String">SKILLGROUP_6_FORCES_NAME</Data></Cell>
    <Cell><Data ss:Type="String">Axioma da Luz</Data></Cell>
    <Cell ss:Index="6" ss:StyleID="s68"/>
   </Row>
   <Row ss:AutoFitHeight="0" ss:Height="90">
    <Cell><Data ss:Type="String">TECH_TREE</Data></Cell>
    <Cell><Data ss:Type="String">SKILLGROUP_6_FORCES_DESCRIPTION</Data></Cell>
    <Cell><Data ss:Type="String">“A inteligência revela reinos de escolha, assim como a luz do sol traça muitos caminhos, tornando visíveis seus destinos. Da mesma forma, dar voz à luz transmite inteligência pura a ambos os viajantes: professor e aluno.”[br/]– Lu’Dex Pon, Guardião da Porta</Data></Cell>
    <Cell ss:Index="5"><Data ss:Type="String">Female</Data></Cell>
    <Cell ss:StyleID="s68"><Data ss:Type="String">V.O.: Kir'ko Female</Data></Cell>
   </Row>
   <Row ss:AutoFitHeight="0">
    <Cell><Data ss:Type="String">TECH_TREE</Data></Cell>
    <Cell><Data ss:Type="String">SKILLGROUP_6_FORCES_SUBSKILL_1</Data></Cell>
    <Cell><Data ss:Type="String">Invocação de Unidade: Mestre Ascendido</Data></Cell>
    <Cell ss:Index="6" ss:StyleID="s68"/>
   </Row>
   <Row ss:AutoFitHeight="0">
    <Cell><Data ss:Type="String">TECH_TREE</Data></Cell>
    <Cell><Data ss:Type="String">SKILLGROUP_6_FORCES_SUBSKILL_2</Data></Cell>
    <Cell><Data ss:Type="String">Equipamento: Força Radiante</Data></Cell>
    <Cell ss:Index="6" ss:StyleID="s68"/>
   </Row>
   <Row ss:AutoFitHeight="0">
    <Cell><Data ss:Type="String">TECH_TREE</Data></Cell>
    <Cell><Data ss:Type="String">SKILLGROUP_8_STRATEGIC_NAME</Data></Cell>
    <Cell><Data ss:Type="String">Santuário da Colônia</Data></Cell>
    <Cell ss:Index="6" ss:StyleID="s68"/>
   </Row>
   <Row ss:AutoFitHeight="0" ss:Height="90">
    <Cell><Data ss:Type="String">TECH_TREE</Data></Cell>
    <Cell><Data ss:Type="String">SKILLGROUP_8_STRATEGIC_DESCRIPTION</Data></Cell>
    <Cell><Data ss:Type="String">“Oh! Meus irmãos e irmãs, agora que vemos a verdade e participamos dessa força salvífica, não se acende em seus corações um fogo para compartilhá-la com todos que a receberem? Sejamos diligentes e reunamos os peregrinos fiéis que buscam a luz.”[br/]– Sigris, Amigo dos Cometas</Data></Cell>
    <Cell ss:Index="5"><Data ss:Type="String">Female</Data></Cell>
    <Cell ss:StyleID="s68"><Data ss:Type="String">V.O.: Dvar Female</Data></Cell>
   </Row>
   <Row ss:AutoFitHeight="0">
    <Cell><Data ss:Type="String">TECH_TREE</Data></Cell>
    <Cell><Data ss:Type="String">SKILLGROUP_10_STRATEGIC_NAME</Data></Cell>
    <Cell><Data ss:Type="String">Ascensão</Data></Cell>
    <Cell ss:Index="6" ss:StyleID="s68"/>
   </Row>
   <Row ss:AutoFitHeight="0" ss:Height="60">
    <Cell><Data ss:Type="String">TECH_TREE</Data></Cell>
    <Cell><Data ss:Type="String">SKILLGROUP_10_STRATEGIC_DESCRIPTION</Data></Cell>
    <Cell><Data ss:Type="String">“A vida não é um acidente, nem um jogo de sorte, mas a consequência natural da harmonia cósmica. A grande harmonia tocada nas cordas que formaram a realidade.”[br/]– Aya Nago, Transcendente Exaltada</Data></Cell>
    <Cell ss:Index="5"><Data ss:Type="String">Female</Data></Cell>
    <Cell ss:StyleID="s68"><Data ss:Type="String">V.O.: Syndicate Female</Data></Cell>
   </Row>
   <Row ss:AutoFitHeight="0">
    <Cell><Data ss:Type="String">TECH_TREE</Data></Cell>
    <Cell><Data ss:Type="String">SKILLGROUP_4_DOCTRINE_NAME</Data></Cell>
    <Cell><Data ss:Type="String">Neoevangélicos</Data></Cell>
    <Cell ss:Index="6" ss:StyleID="s68"/>
   </Row>
   <Row ss:AutoFitHeight="0" ss:Height="45">
    <Cell><Data ss:Type="String">TECH_TREE</Data></Cell>
    <Cell><Data ss:Type="String">SKILLGROUP_4_DOCTRINE_DESCRIPTION</Data></Cell>
    <Cell><Data ss:Type="String">“Somos filhos das estrelas. Uma alma honesta — não importa sua origem — é bem-vinda na luz. Venham e vejam.”[br/]– Imperatriz Carminia</Data></Cell>
    <Cell ss:Index="5"><Data ss:Type="String">Female</Data></Cell>
    <Cell ss:StyleID="s68"><Data ss:Type="String">V.O.: Empress Carminia</Data></Cell>
   </Row>
   <Row ss:AutoFitHeight="0">
    <Cell><Data ss:Type="String">TECH_TREE</Data></Cell>
    <Cell><Data ss:Type="String">SKILLGROUP_7_DOCTRINE_NAME</Data></Cell>
    <Cell><Data ss:Type="String">Reinado Celestial</Data></Cell>
    <Cell ss:Index="6" ss:StyleID="s68"/>
   </Row>
   <Row ss:AutoFitHeight="0" ss:Height="90">
    <Cell><Data ss:Type="String">TECH_TREE</Data></Cell>
    <Cell><Data ss:Type="String">SKILLGROUP_7_DOCTRINE_DESCRIPTION</Data></Cell>
    <Cell><Data ss:Type="String">“Embora busquemos nos aninhar em uma colmeia que brilha mais que as estrelas, sempre haverá almas isoladas fora do enxame, avivando uma centelha moribunda. Penetre a escuridão. Voe até os perdidos. Acenda suas centelhas.”[br/]– Pik’Ki Pok, Missionária Celestiana, Conferência da Zona Kir’Ko</Data></Cell>
    <Cell ss:Index="5"><Data ss:Type="String">Male</Data></Cell>
    <Cell ss:StyleID="s68"><Data ss:Type="String">V.O.: Kir'ko Male

Edit: Kir'ko -&gt; Kir'Ko</Data></Cell>
   </Row>
   <Row ss:AutoFitHeight="0" ss:StyleID="s68" ss:Span="43"/>
   <Row ss:Index="87" ss:AutoFitHeight="0" ss:StyleID="s68">
    <Cell ss:Index="6" ss:StyleID="s69"/>
   </Row>
   <Row ss:AutoFitHeight="0" ss:StyleID="s68" ss:Span="21"/>
   <Row ss:Index="110" ss:AutoFitHeight="0" ss:StyleID="s68">
    <Cell ss:Index="6" ss:StyleID="s69"/>
   </Row>
   <Row ss:AutoFitHeight="0" ss:StyleID="s68" ss:Span="1"/>
   <Row ss:Index="113" ss:AutoFitHeight="0" ss:StyleID="s68">
    <Cell ss:Index="6" ss:StyleID="s69"/>
   </Row>
   <Row ss:AutoFitHeight="0" ss:StyleID="s68" ss:Span="12"/>
   <Row ss:Index="127" ss:AutoFitHeight="0" ss:StyleID="s68">
    <Cell ss:Index="6" ss:StyleID="s69"/>
   </Row>
   <Row ss:AutoFitHeight="0" ss:StyleID="s68" ss:Span="7"/>
   <Row ss:Index="136" ss:AutoFitHeight="0" ss:StyleID="s68">
    <Cell ss:Index="6" ss:StyleID="s69"/>
   </Row>
   <Row ss:AutoFitHeight="0" ss:StyleID="s68" ss:Span="6"/>
   <Row ss:Index="144" ss:AutoFitHeight="0" ss:StyleID="s68">
    <Cell ss:Index="3" ss:StyleID="s70"/>
   </Row>
   <Row ss:AutoFitHeight="0" ss:StyleID="s68">
    <Cell ss:Index="3" ss:StyleID="s71"/>
   </Row>
   <Row ss:AutoFitHeight="0" ss:StyleID="s68"/>
   <Row ss:AutoFitHeight="0" ss:StyleID="s68">
    <Cell ss:Index="6" ss:StyleID="s69"/>
   </Row>
   <Row ss:AutoFitHeight="0" ss:StyleID="s68" ss:Span="20"/>
   <Row ss:Index="169" ss:AutoFitHeight="0" ss:StyleID="s68">
    <Cell ss:Index="6" ss:StyleID="s69"/>
   </Row>
   <Row ss:AutoFitHeight="0" ss:StyleID="s68" ss:Span="1"/>
   <Row ss:Index="172" ss:AutoFitHeight="0" ss:StyleID="s68">
    <Cell ss:StyleID="s73"/>
    <Cell ss:StyleID="s73"/>
    <Cell ss:StyleID="s73"/>
    <Cell ss:StyleID="s73"/>
    <Cell ss:StyleID="s73"/>
    <Cell ss:StyleID="s69"/>
   </Row>
   <Row ss:AutoFitHeight="0" ss:StyleID="s68">
    <Cell ss:StyleID="s73"/>
    <Cell ss:StyleID="s73"/>
    <Cell ss:StyleID="s73"/>
    <Cell ss:StyleID="s73"/>
    <Cell ss:StyleID="s73"/>
    <Cell ss:StyleID="s69"/>
   </Row>
   <Row ss:AutoFitHeight="0" ss:StyleID="s68">
    <Cell ss:StyleID="s73"/>
    <Cell ss:StyleID="s73"/>
    <Cell ss:StyleID="s73"/>
    <Cell ss:StyleID="s73"/>
    <Cell ss:StyleID="s73"/>
    <Cell ss:StyleID="s69"/>
   </Row>
   <Row ss:AutoFitHeight="0" ss:StyleID="s68">
    <Cell ss:StyleID="s73"/>
    <Cell ss:StyleID="s73"/>
    <Cell ss:StyleID="s73"/>
    <Cell ss:StyleID="s73"/>
    <Cell ss:StyleID="s73"/>
    <Cell ss:StyleID="s69"/>
   </Row>
   <Row ss:AutoFitHeight="0" ss:StyleID="s68">
    <Cell ss:StyleID="s73"/>
    <Cell ss:StyleID="s73"/>
    <Cell ss:StyleID="s73"/>
    <Cell ss:StyleID="s73"/>
    <Cell ss:StyleID="s73"/>
    <Cell ss:StyleID="s69"/>
   </Row>
   <Row ss:AutoFitHeight="0" ss:StyleID="s68">
    <Cell ss:Index="2" ss:StyleID="s73"/>
    <Cell ss:Index="6" ss:StyleID="s69"/>
   </Row>
   <Row ss:AutoFitHeight="0" ss:StyleID="s68">
    <Cell ss:Index="2" ss:StyleID="s73"/>
   </Row>
   <Row ss:AutoFitHeight="0" ss:StyleID="s68">
    <Cell ss:Index="2" ss:StyleID="s73"/>
    <Cell ss:Index="6" ss:StyleID="s69"/>
   </Row>
   <Row ss:AutoFitHeight="0" ss:StyleID="s68">
    <Cell ss:Index="2" ss:StyleID="s73"/>
   </Row>
   <Row ss:AutoFitHeight="0" ss:StyleID="s68">
    <Cell ss:Index="2" ss:StyleID="s73"/>
    <Cell ss:Index="6" ss:StyleID="s69"/>
   </Row>
   <Row ss:AutoFitHeight="0" ss:StyleID="s68">
    <Cell ss:Index="2" ss:StyleID="s73"/>
   </Row>
   <Row ss:AutoFitHeight="0" ss:StyleID="s68">
    <Cell ss:Index="2" ss:StyleID="s73"/>
    <Cell ss:Index="6" ss:StyleID="s69"/>
   </Row>
   <Row ss:AutoFitHeight="0" ss:StyleID="s68">
    <Cell ss:Index="2" ss:StyleID="s73"/>
    <Cell ss:StyleID="s74"/>
    <Cell ss:Index="6" ss:StyleID="s69"/>
   </Row>
   <Row ss:AutoFitHeight="0" ss:StyleID="s68">
    <Cell ss:Index="6" ss:StyleID="s69"/>
   </Row>
   <Row ss:AutoFitHeight="0" ss:StyleID="s68">
    <Cell ss:Index="6" ss:StyleID="s69"/>
   </Row>
   <Row ss:AutoFitHeight="0" ss:StyleID="s68">
    <Cell ss:Index="2" ss:StyleID="s73"/>
    <Cell ss:Index="6" ss:StyleID="s69"/>
   </Row>
   <Row ss:AutoFitHeight="0" ss:StyleID="s68">
    <Cell ss:Index="2" ss:StyleID="s73"/>
   </Row>
   <Row ss:AutoFitHeight="0" ss:StyleID="s68">
    <Cell ss:Index="2" ss:StyleID="s73"/>
    <Cell ss:Index="6" ss:StyleID="s69"/>
   </Row>
   <Row ss:AutoFitHeight="0" ss:StyleID="s68"/>
   <Row ss:AutoFitHeight="0" ss:StyleID="s68">
    <Cell ss:Index="2" ss:StyleID="s73"/>
   </Row>
   <Row ss:AutoFitHeight="0" ss:StyleID="s68"/>
   <Row ss:AutoFitHeight="0" ss:StyleID="s68">
    <Cell ss:Index="3" ss:StyleID="s75"/>
    <Cell ss:Index="6" ss:StyleID="s69"/>
   </Row>
   <Row ss:AutoFitHeight="0" ss:StyleID="s68">
    <Cell ss:Index="3" ss:StyleID="s75"/>
    <Cell ss:Index="6" ss:StyleID="s69"/>
   </Row>
   <Row ss:AutoFitHeight="0" ss:StyleID="s68">
    <Cell ss:Index="3" ss:StyleID="s75"/>
    <Cell ss:Index="6" ss:StyleID="s69"/>
   </Row>
   <Row ss:AutoFitHeight="0" ss:StyleID="s68">
    <Cell ss:Index="3" ss:StyleID="s75"/>
    <Cell ss:Index="6" ss:StyleID="s69"/>
   </Row>
   <Row ss:AutoFitHeight="0" ss:StyleID="s68">
    <Cell ss:Index="3" ss:StyleID="s75"/>
    <Cell ss:Index="6" ss:StyleID="s69"/>
   </Row>
   <Row ss:AutoFitHeight="0" ss:StyleID="s68">
    <Cell ss:Index="3" ss:StyleID="s75"/>
    <Cell ss:Index="6" ss:StyleID="s69"/>
   </Row>
   <Row ss:AutoFitHeight="0" ss:StyleID="s68">
    <Cell ss:Index="3" ss:StyleID="s75"/>
    <Cell ss:Index="6" ss:StyleID="s69"/>
   </Row>
   <Row ss:AutoFitHeight="0" ss:StyleID="s68">
    <Cell ss:Index="3" ss:StyleID="s75"/>
    <Cell ss:Index="6" ss:StyleID="s69"/>
   </Row>
   <Row ss:AutoFitHeight="0" ss:StyleID="s68">
    <Cell ss:Index="3" ss:StyleID="s75"/>
    <Cell ss:Index="6" ss:StyleID="s69"/>
   </Row>
   <Row ss:AutoFitHeight="0" ss:StyleID="s68">
    <Cell ss:Index="3" ss:StyleID="s75"/>
    <Cell ss:Index="6" ss:StyleID="s69"/>
   </Row>
   <Row ss:AutoFitHeight="0" ss:StyleID="s68">
    <Cell ss:Index="3" ss:StyleID="s75"/>
    <Cell ss:Index="6" ss:StyleID="s69"/>
   </Row>
   <Row ss:AutoFitHeight="0" ss:StyleID="s68">
    <Cell ss:Index="3" ss:StyleID="s75"/>
    <Cell ss:Index="6" ss:StyleID="s69"/>
   </Row>
   <Row ss:AutoFitHeight="0" ss:StyleID="s68">
    <Cell ss:Index="3" ss:StyleID="s75"/>
    <Cell ss:Index="6" ss:StyleID="s69"/>
   </Row>
   <Row ss:AutoFitHeight="0" ss:StyleID="s68">
    <Cell ss:Index="3" ss:StyleID="s75"/>
    <Cell ss:Index="6" ss:StyleID="s69"/>
   </Row>
   <Row ss:AutoFitHeight="0" ss:StyleID="s68">
    <Cell ss:Index="3" ss:StyleID="s75"/>
    <Cell ss:Index="6" ss:StyleID="s69"/>
   </Row>
   <Row ss:AutoFitHeight="0" ss:StyleID="s68">
    <Cell ss:Index="3" ss:StyleID="s75"/>
    <Cell ss:Index="6" ss:StyleID="s69"/>
   </Row>
   <Row ss:AutoFitHeight="0" ss:StyleID="s68">
    <Cell ss:Index="3" ss:StyleID="s75"/>
    <Cell ss:Index="6" ss:StyleID="s69"/>
   </Row>
   <Row ss:AutoFitHeight="0" ss:StyleID="s68">
    <Cell ss:Index="3" ss:StyleID="s75"/>
    <Cell ss:Index="6" ss:StyleID="s69"/>
   </Row>
   <Row ss:AutoFitHeight="0" ss:StyleID="s68">
    <Cell ss:Index="3" ss:StyleID="s75"/>
    <Cell ss:Index="6" ss:StyleID="s69"/>
   </Row>
   <Row ss:AutoFitHeight="0" ss:StyleID="s68">
    <Cell ss:Index="3" ss:StyleID="s75"/>
    <Cell ss:Index="6" ss:StyleID="s69"/>
   </Row>
   <Row ss:AutoFitHeight="0" ss:StyleID="s68">
    <Cell ss:Index="3" ss:StyleID="s75"/>
    <Cell ss:Index="6" ss:StyleID="s69"/>
   </Row>
   <Row ss:AutoFitHeight="0" ss:StyleID="s68">
    <Cell ss:Index="3" ss:StyleID="s75"/>
    <Cell ss:Index="6" ss:StyleID="s69"/>
   </Row>
   <Row ss:AutoFitHeight="0" ss:StyleID="s68">
    <Cell ss:Index="3" ss:StyleID="s75"/>
    <Cell ss:Index="6" ss:StyleID="s69"/>
   </Row>
   <Row ss:AutoFitHeight="0" ss:StyleID="s68">
    <Cell ss:Index="3" ss:StyleID="s75"/>
    <Cell ss:Index="6" ss:StyleID="s69"/>
   </Row>
   <Row ss:AutoFitHeight="0" ss:StyleID="s68">
    <Cell ss:Index="3" ss:StyleID="s76"/>
    <Cell ss:Index="6" ss:StyleID="s69"/>
   </Row>
   <Row ss:AutoFitHeight="0" ss:StyleID="s68">
    <Cell ss:Index="3" ss:StyleID="s76"/>
    <Cell ss:Index="6" ss:StyleID="s69"/>
   </Row>
   <Row ss:AutoFitHeight="0" ss:StyleID="s68">
    <Cell ss:Index="3" ss:StyleID="s75"/>
    <Cell ss:Index="6" ss:StyleID="s69"/>
   </Row>
   <Row ss:AutoFitHeight="0" ss:StyleID="s68">
    <Cell ss:Index="3" ss:StyleID="s75"/>
    <Cell ss:Index="6" ss:StyleID="s69"/>
   </Row>
   <Row ss:AutoFitHeight="0" ss:StyleID="s68">
    <Cell ss:Index="3" ss:StyleID="s75"/>
    <Cell ss:Index="6" ss:StyleID="s69"/>
   </Row>
   <Row ss:AutoFitHeight="0" ss:StyleID="s68">
    <Cell ss:Index="3" ss:StyleID="s75"/>
    <Cell ss:Index="6" ss:StyleID="s69"/>
   </Row>
   <Row ss:AutoFitHeight="0" ss:StyleID="s68">
    <Cell ss:Index="3" ss:StyleID="s75"/>
    <Cell ss:Index="6" ss:StyleID="s69"/>
   </Row>
   <Row ss:AutoFitHeight="0" ss:StyleID="s68">
    <Cell ss:Index="3" ss:StyleID="s75"/>
    <Cell ss:Index="6" ss:StyleID="s69"/>
   </Row>
   <Row ss:AutoFitHeight="0" ss:StyleID="s68">
    <Cell ss:Index="3" ss:StyleID="s75"/>
    <Cell ss:Index="6" ss:StyleID="s69"/>
   </Row>
   <Row ss:AutoFitHeight="0" ss:StyleID="s68">
    <Cell ss:Index="3" ss:StyleID="s75"/>
    <Cell ss:Index="6" ss:StyleID="s69"/>
   </Row>
   <Row ss:AutoFitHeight="0">
    <Cell ss:Index="6" ss:StyleID="s69"/>
   </Row>
   <Row ss:AutoFitHeight="0">
    <Cell ss:Index="6" ss:StyleID="s69"/>
   </Row>
   <Row ss:AutoFitHeight="0">
    <Cell ss:Index="6" ss:StyleID="s69"/>
   </Row>
   <Row ss:AutoFitHeight="0">
    <Cell ss:Index="6" ss:StyleID="s69"/>
   </Row>
   <Row ss:AutoFitHeight="0">
    <Cell ss:Index="6" ss:StyleID="s69"/>
   </Row>
   <Row ss:AutoFitHeight="0">
    <Cell ss:Index="6" ss:StyleID="s69"/>
   </Row>
   <Row ss:AutoFitHeight="0">
    <Cell ss:Index="6" ss:StyleID="s69"/>
   </Row>
   <Row ss:AutoFitHeight="0">
    <Cell ss:Index="6" ss:StyleID="s69"/>
   </Row>
   <Row ss:AutoFitHeight="0">
    <Cell ss:Index="6" ss:StyleID="s69"/>
   </Row>
   <Row ss:AutoFitHeight="0">
    <Cell ss:Index="6" ss:StyleID="s69"/>
   </Row>
   <Row ss:AutoFitHeight="0">
    <Cell ss:Index="6" ss:StyleID="s69"/>
   </Row>
   <Row ss:AutoFitHeight="0">
    <Cell ss:Index="6" ss:StyleID="s69"/>
   </Row>
   <Row ss:AutoFitHeight="0">
    <Cell ss:Index="6" ss:StyleID="s69"/>
   </Row>
   <Row ss:AutoFitHeight="0">
    <Cell ss:Index="6" ss:StyleID="s69"/>
   </Row>
   <Row ss:AutoFitHeight="0">
    <Cell ss:Index="6" ss:StyleID="s69"/>
   </Row>
  </Table>
  <WorksheetOptions xmlns="urn:schemas-microsoft-com:office:excel">
   <Unsynced/>
   <Print>
    <ValidPrinterInfo/>
    <HorizontalResolution>600</HorizontalResolution>
    <VerticalResolution>600</VerticalResolution>
   </Print>
   <Zoom>130</Zoom>
   <Selected/>
   <TopRowVisible>3</TopRowVisible>
   <Panes>
    <Pane>
     <Number>3</Number>
     <ActiveRow>12</ActiveRow>
     <ActiveCol>1</ActiveCol>
    </Pane>
   </Panes>
   <ProtectObjects>False</ProtectObjects>
   <ProtectScenarios>False</ProtectScenarios>
  </WorksheetOptions>
 </Worksheet>
</Workbook>