<?xml version='1.0' encoding='UTF-8'?>
<?mso-application progid="Excel.Sheet"?><Workbook xmlns="urn:schemas-microsoft-com:office:spreadsheet" xmlns:o="urn:schemas-microsoft-com:office:office" xmlns:x="urn:schemas-microsoft-com:office:excel" xmlns:ss="urn:schemas-microsoft-com:office:spreadsheet" xmlns:html="http://www.w3.org/TR/REC-html40">
 <DocumentProperties xmlns="urn:schemas-microsoft-com:office:office">
  <LastAuthor>Ajay Ramautar</LastAuthor>
  <LastSaved>2019-12-03T15:25:26Z</LastSaved>
  <Version>15.00</Version>
 </DocumentProperties>
 <OfficeDocumentSettings xmlns="urn:schemas-microsoft-com:office:office">
  <AllowPNG/>
 </OfficeDocumentSettings>
 <ExcelWorkbook xmlns="urn:schemas-microsoft-com:office:excel">
  <WindowHeight>12315</WindowHeight>
  <WindowWidth>28770</WindowWidth>
  <WindowTopX>0</WindowTopX>
  <WindowTopY>0</WindowTopY>
  <RefModeR1C1/>
  <ProtectStructure>False</ProtectStructure>
  <ProtectWindows>False</ProtectWindows>
 </ExcelWorkbook>
 <Styles>
  <Style ss:ID="Default" ss:Name="Normal">
   <Alignment ss:Vertical="Bottom"/>
   <Borders/>
   <Font ss:FontName="Calibri" x:Family="Swiss" ss:Size="11" ss:Color="#000000"/>
   <Interior/>
   <NumberFormat/>
   <Protection/>
  </Style>
  <Style ss:ID="s62" ss:Name="Hyperlink">
   <Font ss:FontName="Calibri" x:Family="Swiss" ss:Size="11" ss:Color="#0066CC" ss:Underline="Single"/>
  </Style>
  <Style ss:ID="s63">
   <Alignment ss:Vertical="Top" ss:WrapText="1"/>
  </Style>
  <Style ss:ID="s65" ss:Parent="s62">
   <Alignment ss:Vertical="Top" ss:WrapText="1"/>
  </Style>
  <Style ss:ID="s67">
   <Alignment ss:Vertical="Bottom" ss:WrapText="1"/>
  </Style>
  <Style ss:ID="s68">
   <Alignment ss:Vertical="Top" ss:WrapText="1"/>
   <Borders/>
   <Font ss:FontName="Calibri" x:Family="Swiss" ss:Size="11" ss:Color="#000000"/>
   <Interior/>
   <NumberFormat/>
   <Protection/>
  </Style>
  <Style ss:ID="s69">
   <Alignment ss:Vertical="Top" ss:WrapText="1"/>
   <Borders/>
   <Interior/>
   <NumberFormat/>
   <Protection/>
  </Style>
 </Styles>
 <Worksheet ss:Name="Script">
  <Table ss:ExpandedColumnCount="6" ss:ExpandedRowCount="52" x:FullColumns="1" x:FullRows="1" ss:StyleID="s63" ss:DefaultColumnWidth="297" ss:DefaultRowHeight="15">
   <Column ss:StyleID="s63" ss:Width="219.75"/>
   <Column ss:StyleID="s63" ss:Width="132.75"/>
   <Column ss:Index="4" ss:StyleID="s63" ss:Width="147.75"/>
   <Column ss:StyleID="s63" ss:AutoFitWidth="0" ss:Width="198.75"/>
   <Column ss:StyleID="s63" ss:Width="294"/>
   <Row ss:AutoFitHeight="0" ss:Height="105">
    <Cell><Data ss:Type="String">COLONYDEFINITION_STRATEGIC</Data></Cell>
    <Cell ss:Index="5"><Data ss:Type="String">The DEV TEAM / MISC NOTES column contains info on what text between { } signs means (if applicable). It usually stands for either a numeric value, or a numeric value with an icon. Text between [ ] signs stands for a certain type of icon. </Data></Cell>
   </Row>
   <Row ss:AutoFitHeight="0">
    <Cell><Data ss:Type="String">SCENE ID</Data></Cell>
    <Cell><Data ss:Type="String">TEXT ID</Data></Cell>
    <Cell><Data ss:Type="String">ENGLISH STRING</Data></Cell>
    <Cell><Data ss:Type="String">ALTERNATIVE ENGLISH STRING</Data></Cell>
    <Cell><Data ss:Type="String">LOCALIZATION NOTES</Data></Cell>
    <Cell><Data ss:Type="String">DEV TEAM / MISC NOTES</Data></Cell>
   </Row>
   <Row ss:AutoFitHeight="0" ss:Height="90">
    <Cell ss:Index="5"><Data ss:Type="String">In the text below, text refers to a person that can either be male or female. If relevant for translation, please use the ‘localized string’ column for the male text and the ‘alternative localized string’ column for the female text.</Data></Cell>
   </Row>
   <Row ss:AutoFitHeight="0">
    <Cell><Data ss:Type="String">CITY_SECTOR_BASE</Data></Cell>
    <Cell><Data ss:Type="String">NAME</Data></Cell>
    <Cell><Data ss:Type="String">Centro da Colônia</Data></Cell>
   </Row>
   <Row ss:AutoFitHeight="0" ss:Height="16.5">
    <Cell><Data ss:Type="String">CITY_SECTOR_BASE</Data></Cell>
    <Cell><Data ss:Type="String">DESCRIPTION</Data></Cell>
    <Cell><Data ss:Type="String">Localização do Centro da Colônia dentro do setor.</Data></Cell>
   </Row>
   <Row ss:AutoFitHeight="0">
    <Cell><Data ss:Type="String">SECTOR_BASE</Data></Cell>
    <Cell><Data ss:Type="String">NAME</Data></Cell>
    <Cell><Data ss:Type="String">Base do Setor</Data></Cell>
   </Row>
   <Row ss:AutoFitHeight="0">
    <Cell><Data ss:Type="String">SECTOR_BASE</Data></Cell>
    <Cell><Data ss:Type="String">DESCRIPTION</Data></Cell>
    <Cell><Data ss:Type="String">Uma estrutura que reivindica o setor e expande o domínio.</Data></Cell>
   </Row>
   <Row ss:AutoFitHeight="0">
    <Cell><Data ss:Type="String">FORWARD_BASE</Data></Cell>
    <Cell><Data ss:Type="String">NAME</Data></Cell>
    <Cell><Data ss:Type="String">Base Avançada</Data></Cell>
   </Row>
   <Row ss:AutoFitHeight="0" ss:Height="60">
    <Cell><Data ss:Type="String">FORWARD_BASE</Data></Cell>
    <Cell><Data ss:Type="String">DESCRIPTION</Data></Cell>
    <Cell><Data ss:Type="String">Esta estrutura reivindica o setor para seu proprietário. Ela fornece cura para suas unidades, e inimigos não podem entrar nela sem invadir. No entanto, ela não gera nenhuma renda. [br/][br/]Fundar uma Colônia nesta estrutura lhe dará uma atualização gratuita de [hyperlink,0000034100000959]Infraestrutura Militar[/hyperlink].</Data></Cell>
   </Row>
   <Row ss:AutoFitHeight="0">
    <Cell><Data ss:Type="String">SECTOR_OPERATION_BUILD_BASE</Data></Cell>
    <Cell><Data ss:Type="String">NAME</Data></Cell>
    <Cell><Data ss:Type="String">[annex/]Anexar Setor por {STR_cityName}</Data></Cell>
    <Cell ss:Index="5"><Data ss:Type="String">STR_cityName is the name of the city</Data></Cell>
   </Row>
   <Row ss:AutoFitHeight="0">
    <Cell><Data ss:Type="String">SECTOR_OPERATION_BUILD_BASE</Data></Cell>
    <Cell><Data ss:Type="String">SHARED_TEXT</Data></Cell>
    <Cell><Data ss:Type="String">[bulletList][bullet][abilitygreen]Coletar renda do setor[/abilitygreen][/bullet][bullet][abilitygreen]Desenvolver setores anexados para produzir mais renda[/abilitygreen][/bullet][bullet][abilitygreen]Defendido pela guarnição da colônia[/abilitygreen][/bullet][/bulletList]</Data></Cell>
   </Row>
   <Row ss:AutoFitHeight="0" ss:Height="45">
    <Cell><Data ss:Type="String">SECTOR_OPERATION_BUILD_BASE</Data></Cell>
    <Cell><Data ss:Type="String">DESCRIPTION</Data></Cell>
    <Cell><Data ss:Type="String">Vincule este setor à sua colônia construindo uma base.[br/][br/]{XML_COLONYDEFINITION_STRATEGIC@SECTOR_OPERATION_BUILD_BASE@SHARED_TEXT}</Data></Cell>
   </Row>
   <Row ss:AutoFitHeight="0" ss:Height="30">
    <Cell><Data ss:Type="String">SECTOR_OPERATION_BUILD_BASE</Data></Cell>
    <Cell><Data ss:Type="String">INPROGRESS_DESCRIPTION</Data></Cell>
    <Cell><Data ss:Type="String">Construindo uma base neste setor. O processo será concluído em [INT_duration].</Data></Cell>
    <Cell ss:Index="5"><Data ss:Type="String">INT_duration is an amount of turns</Data></Cell>
   </Row>
   <Row ss:AutoFitHeight="0">
    <Cell><Data ss:Type="String">SECTOR_OPERATION_BUILD_WATER_BASE</Data></Cell>
    <Cell><Data ss:Type="String">NAME</Data></Cell>
    <Cell><Data ss:Type="String">[annex/]Anexar Base Naval por {STR_cityName}</Data></Cell>
    <Cell ss:Index="5"><Data ss:Type="String">STR_cityName is the name of the city</Data></Cell>
   </Row>
   <Row ss:AutoFitHeight="0" ss:Height="45">
    <Cell><Data ss:Type="String">SECTOR_OPERATION_BUILD_WATER_BASE</Data></Cell>
    <Cell><Data ss:Type="String">DESCRIPTION</Data></Cell>
    <Cell ss:StyleID="s65" ss:HRef="mailto:%7BXML_COLONYDEFINITION_STRATEGIC@SECTOR_OPERATION_BUILD_BASE@DESCRIPTION%7D"><Data ss:Type="String">{XML_COLONYDEFINITION_STRATEGIC@SECTOR_OPERATION_BUILD_BASE@DESCRIPTION}</Data></Cell>
   </Row>
   <Row ss:AutoFitHeight="0" ss:Height="30">
    <Cell><Data ss:Type="String">SECTOR_OPERATION_BUILD_WATER_BASE</Data></Cell>
    <Cell><Data ss:Type="String">INPROGRESS_DESCRIPTION</Data></Cell>
    <Cell><Data ss:Type="String">Construindo uma Base Naval neste setor. O processo será concluído em [INT_duration].</Data></Cell>
   </Row>
   <Row ss:Index="18" ss:AutoFitHeight="0">
    <Cell><Data ss:Type="String">SECTOR_OPERATION_BUILD_FORWARD_BASE</Data></Cell>
    <Cell><Data ss:Type="String">NAME</Data></Cell>
    <Cell><Data ss:Type="String">Construir Base Avançada</Data></Cell>
   </Row>
   <Row ss:AutoFitHeight="0" ss:Height="60">
    <Cell><Data ss:Type="String">SECTOR_OPERATION_BUILD_FORWARD_BASE</Data></Cell>
    <Cell><Data ss:Type="String">DESCRIPTION</Data></Cell>
    <Cell><Data ss:Type="String">Construa uma base avançada para reivindicar este setor para expansão futura.[br/][br/][bulletlist][bullet][abilitygreen]Defendido por uma guarnição forte[/abilitygreen][/bullet][bullet][warningred]Não coleta renda dos locais no setor[/warningred][/bullet][/bulletlist]</Data></Cell>
   </Row>
   <Row ss:AutoFitHeight="0" ss:Height="30">
    <Cell><Data ss:Type="String">SECTOR_OPERATION_BUILD_FORWARD_BASE</Data></Cell>
    <Cell><Data ss:Type="String">INPROGRESS_DESCRIPTION</Data></Cell>
    <Cell><Data ss:Type="String">Construindo uma base avançada neste setor. O processo será concluído em [INT_duration].</Data></Cell>
   </Row>
   <Row ss:Index="22" ss:AutoFitHeight="0" ss:StyleID="Default">
    <Cell><Data ss:Type="String">HAPPINESS_SUPPLY</Data></Cell>
    <Cell><Data ss:Type="String">NAME</Data></Cell>
    <Cell ss:StyleID="s67"><Data ss:Type="String">Evento de Felicidade: Comida!</Data></Cell>
   </Row>
   <Row ss:AutoFitHeight="0" ss:Height="30" ss:StyleID="Default">
    <Cell><Data ss:Type="String">HAPPINESS_SUPPLY</Data></Cell>
    <Cell><Data ss:Type="String">LORE_DESCRIPTION</Data></Cell>
    <Cell ss:StyleID="s67"><Data ss:Type="String">Devido à felicidade[happiness/] da sua população, há um aumento na renda de comida!</Data></Cell>
   </Row>
   <Row ss:AutoFitHeight="0" ss:Height="45" ss:StyleID="Default">
    <Cell><Data ss:Type="String">HAPPINESS_SUPPLY</Data></Cell>
    <Cell><Data ss:Type="String">LOGIC_DESCRIPTION</Data></Cell>
    <Cell ss:StyleID="s67"><Data ss:Type="String">A Colônia recebe {INT_Reward} [supply/]</Data></Cell>
   </Row>
   <Row ss:AutoFitHeight="0" ss:StyleID="Default">
    <Cell><Data ss:Type="String">HAPPINESS_PRODUCTION</Data></Cell>
    <Cell><Data ss:Type="String">NAME</Data></Cell>
    <Cell ss:StyleID="s67"><Data ss:Type="String">Evento de Felicidade: Produção!</Data></Cell>
   </Row>
   <Row ss:AutoFitHeight="0" ss:Height="30" ss:StyleID="Default">
    <Cell><Data ss:Type="String">HAPPINESS_PRODUCTION</Data></Cell>
    <Cell><Data ss:Type="String">LORE_DESCRIPTION</Data></Cell>
    <Cell ss:StyleID="s67"><Data ss:Type="String">Devido à felicidade[happiness/] da sua população, há um aumento na renda de produção!</Data></Cell>
   </Row>
   <Row ss:AutoFitHeight="0" ss:Height="59.25" ss:StyleID="Default">
    <Cell><Data ss:Type="String">HAPPINESS_PRODUCTION</Data></Cell>
    <Cell><Data ss:Type="String">LOGIC_DESCRIPTION</Data></Cell>
    <Cell ss:StyleID="s67"><Data ss:Type="String">A Colônia recebe {INT_Reward}[production/]  </Data></Cell>
    <Cell ss:StyleID="s63"/>
    <Cell ss:StyleID="s63"/>
    <Cell ss:StyleID="s67"/>
   </Row>
   <Row ss:AutoFitHeight="0" ss:StyleID="Default">
    <Cell><Data ss:Type="String">HAPPINESS_ENERGY</Data></Cell>
    <Cell><Data ss:Type="String">NAME</Data></Cell>
    <Cell ss:StyleID="s67"><Data ss:Type="String">Evento de Felicidade: Energia!</Data></Cell>
   </Row>
   <Row ss:AutoFitHeight="0" ss:Height="30" ss:StyleID="Default">
    <Cell><Data ss:Type="String">HAPPINESS_ENERGY</Data></Cell>
    <Cell><Data ss:Type="String">LORE_DESCRIPTION</Data></Cell>
    <Cell ss:StyleID="s67"><Data ss:Type="String">Devido à felicidade[happiness/] da sua população, há um aumento na renda de energia!</Data></Cell>
   </Row>
   <Row ss:AutoFitHeight="0" ss:Height="45" ss:StyleID="Default">
    <Cell><Data ss:Type="String">HAPPINESS_ENERGY</Data></Cell>
    <Cell><Data ss:Type="String">LOGIC_DESCRIPTION</Data></Cell>
    <Cell ss:StyleID="s67"><Data ss:Type="String">A Colônia recebe {INT_Reward}[energy/]  </Data></Cell>
   </Row>
   <Row ss:AutoFitHeight="0" ss:StyleID="Default">
    <Cell><Data ss:Type="String">HAPPINESS_RESEARCH</Data></Cell>
    <Cell><Data ss:Type="String">NAME</Data></Cell>
    <Cell ss:StyleID="s67"><Data ss:Type="String">Evento de Felicidade: Conhecimento!</Data></Cell>
   </Row>
   <Row ss:AutoFitHeight="0" ss:Height="30" ss:StyleID="Default">
    <Cell><Data ss:Type="String">HAPPINESS_RESEARCH</Data></Cell>
    <Cell><Data ss:Type="String">LORE_DESCRIPTION</Data></Cell>
    <Cell ss:StyleID="s67"><Data ss:Type="String">Devido à felicidade[happiness/] da sua população, há um aumento na renda de conhecimento!</Data></Cell>
   </Row>
   <Row ss:AutoFitHeight="0" ss:Height="45" ss:StyleID="Default">
    <Cell><Data ss:Type="String">HAPPINESS_RESEARCH</Data></Cell>
    <Cell><Data ss:Type="String">LOGIC_DESCRIPTION</Data></Cell>
    <Cell ss:StyleID="s67"><Data ss:Type="String">A Colônia recebe {INT_Reward}[research/] </Data></Cell>
   </Row>
   <Row ss:AutoFitHeight="0" ss:Height="45" ss:StyleID="Default">
    <Cell><Data ss:Type="String">HAPPINESS_COSMITE</Data></Cell>
    <Cell><Data ss:Type="String">NAME</Data></Cell>
    <Cell ss:StyleID="s67"><Data ss:Type="String">Evento de Felicidade: Cosmita!</Data></Cell>
   </Row>
   <Row ss:AutoFitHeight="0" ss:Height="45" ss:StyleID="Default">
    <Cell><Data ss:Type="String">HAPPINESS_COSMITE</Data></Cell>
    <Cell><Data ss:Type="String">LORE_DESCRIPTION</Data></Cell>
    <Cell ss:StyleID="s67"><Data ss:Type="String">Devido à felicidade[happiness/] da sua população, há um aumento na renda de cosmita!</Data></Cell>
   </Row>
   <Row ss:AutoFitHeight="0" ss:Height="45" ss:StyleID="Default">
    <Cell><Data ss:Type="String">HAPPINESS_COSMITE</Data></Cell>
    <Cell><Data ss:Type="String">LOGIC_DESCRIPTION</Data></Cell>
    <Cell ss:StyleID="s67"><Data ss:Type="String">A Colônia recebe {INT_Reward}[tricorium/] </Data></Cell>
   </Row>
   <Row ss:AutoFitHeight="0" ss:Height="45" ss:StyleID="Default">
    <Cell><Data ss:Type="String">HAPPINESS_INFLUENCE</Data></Cell>
    <Cell><Data ss:Type="String">NAME</Data></Cell>
    <Cell ss:StyleID="s67"><Data ss:Type="String">Evento de Felicidade: Influência!</Data></Cell>
   </Row>
   <Row ss:AutoFitHeight="0" ss:Height="45" ss:StyleID="Default">
    <Cell><Data ss:Type="String">HAPPINESS_INFLUENCE</Data></Cell>
    <Cell><Data ss:Type="String">LORE_DESCRIPTION</Data></Cell>
    <Cell ss:StyleID="s67"><Data ss:Type="String">Devido à felicidade[happiness/] da sua população, há um aumento na renda de influência!</Data></Cell>
   </Row>
   <Row ss:AutoFitHeight="0" ss:Height="45" ss:StyleID="Default">
    <Cell><Data ss:Type="String">HAPPINESS_INFLUENCE</Data></Cell>
    <Cell><Data ss:Type="String">LOGIC_DESCRIPTION</Data></Cell>
    <Cell ss:StyleID="s67"><Data ss:Type="String">A Colônia recebe {INT_Reward}[influence/] </Data></Cell>
   </Row>
   <Row ss:AutoFitHeight="0">
    <Cell><Data ss:Type="String">UNREST</Data></Cell>
    <Cell><Data ss:Type="String">NAME</Data></Cell>
    <Cell ss:StyleID="s68"><Data ss:Type="String">Agitação</Data></Cell>
   </Row>
   <Row ss:AutoFitHeight="0" ss:Height="30">
    <Cell><Data ss:Type="String">UNREST</Data></Cell>
    <Cell><Data ss:Type="String">LORE_DESCRIPTION</Data></Cell>
    <Cell><Data ss:Type="String">A infelicidade[anger/] na sua colônia levou à agitação entre a população! </Data></Cell>
   </Row>
   <Row ss:AutoFitHeight="0" ss:Height="128.25">
    <Cell><Data ss:Type="String">UNREST</Data></Cell>
    <Cell><Data ss:Type="String">LOGIC_DESCRIPTION</Data></Cell>
    <Cell><Data ss:Type="String">{INT_Reward} dos colonos nesta colônia se tornaram [rioter/] revoltosos. Revoltosos não podem ser movidos de seu slot e não produzem mais recursos.[br/][br/]Aumente sua [hyperlink,000003AC00000026]Felicidade da Colônia[/hyperlink] para transformar revoltosos em colonos normais ou ative a [hyperlink,000003AC000002AB]Lei Marcial[/hyperlink], que desativará o sistema de felicidade com perda de renda e converterá revoltosos em colonos normais.</Data></Cell>
    <Cell ss:Index="5"><Data ss:Type="String">UnrestColonists is a number of colonists</Data></Cell>
   </Row>
   <Row ss:AutoFitHeight="0">
    <Cell><Data ss:Type="String">UNHAPPINESS</Data></Cell>
    <Cell><Data ss:Type="String">NAME</Data></Cell>
    <Cell><Data ss:Type="String">Crescimento da Infelicidade</Data></Cell>
   </Row>
   <Row ss:AutoFitHeight="0" ss:Height="30">
    <Cell><Data ss:Type="String">UNHAPPINESS</Data></Cell>
    <Cell><Data ss:Type="String">LORE_DESCRIPTION</Data></Cell>
    <Cell ss:StyleID="s69"><Data ss:Type="String">As pessoas na colônia estão infelizes. Se não agirmos, elas podem começar a se revoltar![br/]Colonos revoltosos ocuparão slots de recursos e não gerarão renda!</Data></Cell>
   </Row>
   <Row ss:AutoFitHeight="0" ss:Height="135">
    <Cell><Data ss:Type="String">UNHAPPINESS</Data></Cell>
    <Cell><Data ss:Type="String">LOGIC_DESCRIPTION</Data></Cell>
    <Cell ss:StyleID="s69"><Data ss:Type="String">Deveríamos considerar construir melhorias que aumentem a felicidade, como: [hyperlink,0000034100000AD3]{XML_COLONYUPGRADES_STRATEGIC@CITY_SECTOR_HAPPINESS_I@NAME}[/hyperlink], [hyperlink,0000034100000AD9]{XML_COLONYUPGRADES_STRATEGIC@CITY_SECTOR_HAPPINESS_II@NAME}[/hyperlink], [hyperlink,0000034100000AD9]{XML_COLONYUPGRADES_STRATEGIC@CITY_SECTOR_HAPPINESS_III@NAME}[/hyperlink]. Também poderíamos designar colonos para produzir mais felicidade.</Data></Cell>
    <Cell ss:Index="5"><Data ss:Type="String">The structure names are: Recreational Dome (ColonyUpgrades_Strategic.xml, CITY_SECTOR_HAPPINESS_I, NAME), Botanical Gardens (ColonyUpgrades_Strategic.xml, CITY_SECTOR_HAPPINESS_II, NAME), Virtual Entertainment Plaza (ColonyUpgrades_Strategic.xml, CITY_SECTOR_HAPPINESS_III, NAME)</Data></Cell>
    <Cell><Data ss:Type="String">If the names of these upgrades are changed, this line might need to be relocalized because of the gender of the inserted nouns has changed.</Data></Cell>
   </Row>
   <Row ss:Index="47" ss:AutoFitHeight="0">
    <Cell><Data ss:Type="String">SECTOR_OPERATION_HAZARD_CLEANUP</Data></Cell>
    <Cell><Data ss:Type="String">NAME</Data></Cell>
    <Cell><Data ss:Type="String">Remover Perigo</Data></Cell>
   </Row>
   <Row ss:AutoFitHeight="0">
    <Cell><Data ss:Type="String">SECTOR_OPERATION_HAZARD_CLEANUP</Data></Cell>
    <Cell><Data ss:Type="String">DESCRIPTION</Data></Cell>
    <Cell><Data ss:Type="String">Remove o perigo que afeta este setor, eliminando também suas penalidades relacionadas.</Data></Cell>
   </Row>
   <Row ss:AutoFitHeight="0" ss:Height="30">
    <Cell><Data ss:Type="String">SECTOR_OPERATION_HAZARD_CLEANUP</Data></Cell>
    <Cell><Data ss:Type="String">INPROGRESS_DESCRIPTION</Data></Cell>
    <Cell><Data ss:Type="String">Removendo um Perigo deste setor. O processo será concluído em [INT_duration]</Data></Cell>
    <Cell ss:Index="5"><Data ss:Type="String">INT_duration is an amount of turns</Data></Cell>
   </Row>
   <Row ss:Index="52" ss:AutoFitHeight="0" ss:Height="30"/>
  </Table>
  <WorksheetOptions xmlns="urn:schemas-microsoft-com:office:excel">
   <Unsynced/>
   <Print>
    <ValidPrinterInfo/>
    <HorizontalResolution>600</HorizontalResolution>
    <VerticalResolution>600</VerticalResolution>
   </Print>
   <Zoom>115</Zoom>
   <Selected/>
   <TopRowVisible>9</TopRowVisible>
   <Panes>
    <Pane>
     <Number>3</Number>
     <ActiveRow>26</ActiveRow>
     <ActiveCol>2</ActiveCol>
    </Pane>
   </Panes>
   <ProtectObjects>False</ProtectObjects>
   <ProtectScenarios>False</ProtectScenarios>
  </WorksheetOptions>
 </Worksheet>
</Workbook>