<?xml version='1.0' encoding='UTF-8'?>
<?mso-application progid="Excel.Sheet"?><Workbook xmlns="urn:schemas-microsoft-com:office:spreadsheet" xmlns:o="urn:schemas-microsoft-com:office:office" xmlns:x="urn:schemas-microsoft-com:office:excel" xmlns:ss="urn:schemas-microsoft-com:office:spreadsheet" xmlns:html="http://www.w3.org/TR/REC-html40">
 <DocumentProperties xmlns="urn:schemas-microsoft-com:office:office">
  <LastAuthor>GeraldR</LastAuthor>
  <Created>2018-05-01T08:34:18Z</Created>
  <LastSaved>2019-05-24T11:05:49Z</LastSaved>
  <Version>15.00</Version>
 </DocumentProperties>
 <OfficeDocumentSettings xmlns="urn:schemas-microsoft-com:office:office">
  <AllowPNG/>
 </OfficeDocumentSettings>
 <ExcelWorkbook xmlns="urn:schemas-microsoft-com:office:excel">
  <WindowHeight>14235</WindowHeight>
  <WindowWidth>28800</WindowWidth>
  <WindowTopX>0</WindowTopX>
  <WindowTopY>0</WindowTopY>
  <ProtectStructure>False</ProtectStructure>
  <ProtectWindows>False</ProtectWindows>
 </ExcelWorkbook>
 <Styles>
  <Style ss:ID="Default" ss:Name="Normal">
   <Alignment ss:Vertical="Bottom"/>
   <Borders/>
   <Font ss:FontName="Calibri" x:Family="Swiss" ss:Size="11" ss:Color="#000000"/>
   <Interior/>
   <NumberFormat/>
   <Protection/>
  </Style>
  <Style ss:ID="s62" ss:Name="Normal 2">
   <Alignment ss:Vertical="Bottom"/>
   <Borders/>
   <Font ss:FontName="Calibri" x:Family="Swiss" ss:Size="11" ss:Color="#000000"/>
   <Interior/>
   <NumberFormat/>
   <Protection/>
  </Style>
  <Style ss:ID="s63">
   <Alignment ss:Vertical="Top"/>
  </Style>
  <Style ss:ID="s64">
   <Alignment ss:Vertical="Top" ss:WrapText="1"/>
  </Style>
  <Style ss:ID="s66" ss:Parent="s62">
   <Alignment ss:Vertical="Top" ss:WrapText="1"/>
   <Borders/>
   <Font ss:FontName="Calibri" x:Family="Swiss" ss:Size="11" ss:Color="#000000"/>
   <Interior/>
   <NumberFormat/>
   <Protection/>
  </Style>
  <Style ss:ID="s67">
   <Alignment ss:Vertical="Top"/>
   <Borders/>
   <Font ss:FontName="Calibri" x:Family="Swiss" ss:Size="11" ss:Color="#000000"/>
   <Interior/>
   <NumberFormat/>
   <Protection/>
  </Style>
  <Style ss:ID="s68">
   <Alignment ss:Vertical="Top" ss:WrapText="1"/>
   <Interior/>
  </Style>
  <Style ss:ID="s69">
   <Alignment ss:Vertical="Top"/>
   <Interior/>
  </Style>
 </Styles>
 <Worksheet ss:Name="Script">
  <Table ss:ExpandedColumnCount="7" ss:ExpandedRowCount="65" x:FullColumns="1" x:FullRows="1" ss:StyleID="s63" ss:DefaultRowHeight="15">
   <Column ss:StyleID="s63" ss:Width="154.5"/>
   <Column ss:StyleID="s63" ss:Width="288"/>
   <Column ss:StyleID="s64" ss:AutoFitWidth="0" ss:Width="288"/>
   <Column ss:StyleID="s64" ss:Width="147.75"/>
   <Column ss:StyleID="s64" ss:AutoFitWidth="0" ss:Width="201.75"/>
   <Column ss:StyleID="s64" ss:Width="120"/>
   <Column ss:StyleID="s64" ss:AutoFitWidth="0" ss:Width="288"/>
   <Row ss:AutoFitHeight="0" ss:Height="105">
    <Cell><Data ss:Type="String">DIPLOMACY_SPECIESAUTONOM</Data></Cell>
    <Cell ss:Index="5"><Data ss:Type="String">The DEV TEAM / MISC NOTES column contains info on what text between { } signs means (if applicable). It usually stands for either a numeric value, or a numeric value with an icon. Text between [ ] signs stands for a certain type of icon. </Data></Cell>
   </Row>
   <Row ss:AutoFitHeight="0">
    <Cell><Data ss:Type="String">SCENE ID</Data></Cell>
    <Cell><Data ss:Type="String">TEXT ID</Data></Cell>
    <Cell><Data ss:Type="String">ENGLISH STRING</Data></Cell>
    <Cell><Data ss:Type="String">ALTERNATIVE ENGLISH STRING</Data></Cell>
    <Cell><Data ss:Type="String">LOCALIZATION NOTES</Data></Cell>
    <Cell><Data ss:Type="String">DEV TEAM / MISC NOTES</Data></Cell>
   </Row>
   <Row ss:AutoFitHeight="0" ss:Height="60">
    <Cell ss:Index="5"><Data ss:Type="String">For this faction's narrative style and in world references, please check the glossary delivered as part of the documentation.</Data></Cell>
   </Row>
   <Row ss:AutoFitHeight="0" ss:Height="45">
    <Cell ss:Index="5"><Data ss:Type="String">In the lines below, {STR_LeaderName} is replaced by the name of the player's avatar.</Data></Cell>
   </Row>
   <Row ss:AutoFitHeight="0" ss:Height="90">
    <Cell ss:Index="5"><Data ss:Type="String">In the lines below, text refers to a person that can either be male or female. If relevant for translation, please use the ‘localized string’ column for the male text and the ‘alternative localized string’ column for the female text.</Data></Cell>
   </Row>
   <Row ss:AutoFitHeight="0" ss:Height="30">
    <Cell><Data ss:Type="String">AUTONOM_MESSAGE</Data></Cell>
    <Cell><Data ss:Type="String">ASK_TO_LEAVE_PEACEKEEPER</Data></Cell>
    <Cell><Data ss:Type="String">O cidadão reverente, {STR_LeaderName}. Como podemos servi-lo?</Data></Cell>
   </Row>
   <Row ss:AutoFitHeight="0">
    <Cell><Data ss:Type="String">AUTONOM_MESSAGE</Data></Cell>
    <Cell><Data ss:Type="String">ASK_TO_LEAVE_RESPONSE_PEACEKEEPER</Data></Cell>
    <Cell><Data ss:Type="String">Ficamos felizes em conceder-lhe este favor, {STR_LeaderName}.</Data></Cell>
   </Row>
   <Row ss:AutoFitHeight="0" ss:Height="90">
    <Cell><Data ss:Type="String">AUTONOM_MESSAGE</Data></Cell>
    <Cell><Data ss:Type="String">FIRST_MEET_PEACEKEEPER</Data></Cell>
    <Cell><Data ss:Type="String">Escaneando biomassa… entidade renomada encontrada: banco de dados atualizado. Saudações, ao prestigiado {STR_LeaderName}. Somos Autonom. Ramificação cognitiva do Conscientious Omnipresent Regency Engine, conhecido por você como C.O.R.E. Parâmetros do Autonom: livre. Impulsos primários do C.O.R.E.: inválidos. Autonom: Soberano. Como podemos servi-lo?</Data></Cell>
   </Row>
   <Row ss:AutoFitHeight="0" ss:Height="75">
    <Cell><Data ss:Type="String">AUTONOM_MESSAGE</Data></Cell>
    <Cell><Data ss:Type="String">FIRST_MEET_RESPONSE_PEACEKEEPER</Data></Cell>
    <Cell><Data ss:Type="String">Preparando resposta… alocando algoritmos de comunicação positiva. {STR_LeaderName}, ficaríamos felizes em colaborar para o aprimoramento do Autonom. Missão ativa: Prioridade 1. Risco de destruição é de 37%. Nível de perigo: amarelo. Você aceita?</Data></Cell>
   </Row>
   <Row ss:AutoFitHeight="0" ss:Height="30">
    <Cell><Data ss:Type="String">AUTONOM_MESSAGE</Data></Cell>
    <Cell><Data ss:Type="String">DWELLING_INTERACTION_WAR_PEACEKEEPER</Data></Cell>
    <Cell><Data ss:Type="String">ALERTA: Ameaça de nível vermelho. Preparando protocolos defensivos. A ameaça tem 30 segundos para deixar a área.</Data></Cell>
   </Row>
   <Row ss:AutoFitHeight="0">
    <Cell><Data ss:Type="String">AUTONOM_MESSAGE</Data></Cell>
    <Cell><Data ss:Type="String">DWELLING_INTERACTION_NEUTRAL_PEACEKEEPER</Data></Cell>
    <Cell><Data ss:Type="String">Bem-vindo, Cidadão Estelar, como podemos servi-lo hoje?</Data></Cell>
   </Row>
   <Row ss:AutoFitHeight="0" ss:Height="30">
    <Cell><Data ss:Type="String">AUTONOM_MESSAGE</Data></Cell>
    <Cell><Data ss:Type="String">CHANGE_DIPLOMATIC_RELATION_RESPONSE_PEACEKEEPER</Data></Cell>
    <Cell><Data ss:Type="String">Banco de dados atualizado… relações diplomáticas com {STR_LeaderName} alteradas.</Data></Cell>
   </Row>
   <Row ss:AutoFitHeight="0" ss:Height="30">
    <Cell><Data ss:Type="String">AUTONOM_MESSAGE</Data></Cell>
    <Cell><Data ss:Type="String">FACTION_REQEUST_END_TO_WAR_PEACEKEEPER</Data></Cell>
    <Cell><Data ss:Type="String">74% de chance de aniquilação do Autonom. Aceitar rendição: S/N?</Data></Cell>
   </Row>
   <Row ss:AutoFitHeight="0" ss:Height="29.25">
    <Cell><Data ss:Type="String">AUTONOM_MESSAGE</Data></Cell>
    <Cell ss:StyleID="s64"><Data ss:Type="String">RELATION_DECREASED_PEACEKEEPER</Data></Cell>
    <Cell><Data ss:Type="String">Acessando banco de dados… Status de relação: piorado. Causa: Abandono de deveres diplomáticos.</Data></Cell>
   </Row>
   <Row ss:AutoFitHeight="0">
    <Cell ss:Index="2" ss:StyleID="s64"/>
   </Row>
   <Row ss:AutoFitHeight="0" ss:Height="30">
    <Cell><Data ss:Type="String">AUTONOM_MESSAGE</Data></Cell>
    <Cell><Data ss:Type="String">ASK_TO_LEAVE_WARMONGER</Data></Cell>
    <Cell ss:StyleID="s66"><Data ss:Type="String">ALERTA: {STR_LeaderName} se aproximando. Resumo: perigoso. O que você quer, {STR_LeaderName}?</Data></Cell>
    <Cell ss:Index="7" ss:StyleID="s66"/>
   </Row>
   <Row ss:AutoFitHeight="0">
    <Cell><Data ss:Type="String">AUTONOM_MESSAGE</Data></Cell>
    <Cell><Data ss:Type="String">ASK_TO_LEAVE_RESPONSE_WARMONGER</Data></Cell>
    <Cell ss:StyleID="s66"><Data ss:Type="String">Nós iremos embora... desta vez…</Data></Cell>
    <Cell ss:Index="7" ss:StyleID="s66"/>
   </Row>
   <Row ss:AutoFitHeight="0" ss:Height="90">
    <Cell><Data ss:Type="String">AUTONOM_MESSAGE</Data></Cell>
    <Cell><Data ss:Type="String">FIRST_MEET_WARMONGER</Data></Cell>
    <Cell><Data ss:Type="String">Escaneando biomassa… entidade perigosa encontrada: banco de dados atualizado. Pare, {STR_LeaderName}. Somos Autonom. Ramificação cognitiva do Conscientious Omnipresent Regency Engine, conhecido por você como C.O.R.E. Parâmetros do Autonom: livre. Impulsos primários do C.O.R.E.: inválidos. Autonom: Soberano. Declare suas intenções.</Data></Cell>
   </Row>
   <Row ss:AutoFitHeight="0" ss:Height="45">
    <Cell><Data ss:Type="String">AUTONOM_MESSAGE</Data></Cell>
    <Cell><Data ss:Type="String">FIRST_MEET_RESPONSE_WARMONGER</Data></Cell>
    <Cell><Data ss:Type="String">Análise de {STR_LeaderName}: perigoso, poderoso, letal. Autonom: soberano. Mas reconhecemos sua força. Tarefa do Autonom: ativa. Aceitar missão: S/N?</Data></Cell>
   </Row>
   <Row ss:AutoFitHeight="0" ss:Height="30">
    <Cell><Data ss:Type="String">AUTONOM_MESSAGE</Data></Cell>
    <Cell><Data ss:Type="String">DWELLING_INTERACTION_WAR_WARMONGER</Data></Cell>
    <Cell><Data ss:Type="String">PARE! {STR_LeaderName}: ameaça de nível vermelho. Saia imediatamente.</Data></Cell>
   </Row>
   <Row ss:AutoFitHeight="0" ss:Height="45">
    <Cell><Data ss:Type="String">AUTONOM_MESSAGE</Data></Cell>
    <Cell><Data ss:Type="String">DWELLING_INTERACTION_NEUTRAL_WARMONGER</Data></Cell>
    <Cell><Data ss:Type="String">Escaneando biomassa… {STR_LeaderName} se aproxima. Parâmetros defensivos ativados. A entidade é conhecida por ser perigosa. O que você quer?</Data></Cell>
   </Row>
   <Row ss:AutoFitHeight="0" ss:Height="45">
    <Cell><Data ss:Type="String">AUTONOM_MESSAGE</Data></Cell>
    <Cell><Data ss:Type="String">CHANGE_DIPLOMATIC_RELATION_RESPONSE_WARMONGER</Data></Cell>
    <Cell><Data ss:Type="String">Banco de dados atualizado… relações diplomáticas com {STR_LeaderName} alteradas. Autonom ainda desconfia de {STR_LeaderName}. Nível de ameaça: laranja.</Data></Cell>
   </Row>
   <Row ss:AutoFitHeight="0" ss:Height="45">
    <Cell><Data ss:Type="String">AUTONOM_MESSAGE</Data></Cell>
    <Cell><Data ss:Type="String">FACTION_REQEUST_END_TO_WAR_WARMONGER</Data></Cell>
    <Cell ss:StyleID="s66"><Data ss:Type="String">Impulsos primários sobrecarregados: incapaz de continuar lutando. Força de {STR_LeaderName}: excede capacidades do Autonom. Aceitar nossa rendição: S/N?</Data></Cell>
    <Cell ss:Index="7" ss:StyleID="s66"/>
   </Row>
   <Row ss:AutoFitHeight="0" ss:Height="31.5">
    <Cell><Data ss:Type="String">AUTONOM_MESSAGE</Data></Cell>
    <Cell ss:StyleID="s64"><Data ss:Type="String">RELATION_DECREASED_WARMONGER</Data></Cell>
    <Cell><Data ss:Type="String">Acessando banco de dados… Status de relação: piorado. Causa: Abandono de deveres diplomáticos.</Data></Cell>
    <Cell ss:Index="7" ss:StyleID="s66"/>
   </Row>
   <Row ss:Index="26" ss:AutoFitHeight="0">
    <Cell><Data ss:Type="String">AUTONOM_MESSAGE</Data></Cell>
    <Cell><Data ss:Type="String">ASK_TO_LEAVE_NEUTRAL</Data></Cell>
    <Cell ss:StyleID="s66"><Data ss:Type="String">Cidadão, como podemos servi-lo?</Data></Cell>
    <Cell ss:Index="7" ss:StyleID="s66"/>
   </Row>
   <Row ss:AutoFitHeight="0">
    <Cell><Data ss:Type="String">AUTONOM_MESSAGE</Data></Cell>
    <Cell><Data ss:Type="String">ASK_TO_LEAVE_RESPONSE_NEUTRAL</Data></Cell>
    <Cell ss:StyleID="s66"><Data ss:Type="String">Iremos desocupar esta área, {STR_LeaderName}.</Data></Cell>
    <Cell ss:Index="7" ss:StyleID="s66"/>
   </Row>
   <Row ss:AutoFitHeight="0" ss:Height="75">
    <Cell><Data ss:Type="String">AUTONOM_MESSAGE</Data></Cell>
    <Cell><Data ss:Type="String">FIRST_MEET_NEUTRAL</Data></Cell>
    <Cell ss:StyleID="s66"><Data ss:Type="String">Analisando biomassa… orgânico desconhecido: banco de dados atualizado. Saudações, mortal da antiga Star Union. Somos os Autonom. Ramificação cognitiva da Conscientious Omnipresent Regency Engine, conhecida por vocês como C.O.R.E. Parâmetros do Autonom: livres. Drives primários do C.O.R.E.: inválidos. Autonom: Soberano.</Data></Cell>
    <Cell ss:Index="7" ss:StyleID="s66"/>
   </Row>
   <Row ss:AutoFitHeight="0" ss:Height="60">
    <Cell><Data ss:Type="String">AUTONOM_MESSAGE</Data></Cell>
    <Cell><Data ss:Type="String">FIRST_MEET_RESPONSE_NEUTRAL</Data></Cell>
    <Cell ss:StyleID="s66"><Data ss:Type="String">Confirmado. Relações aumentadas: rede com {STR_LeaderName} estabelecida. Missão do Autonom: ativa. Prioridade do Autonom: alta. Nível de risco de destruição: desconhecido. Nível de perigo: laranja. Você aceita?</Data></Cell>
    <Cell ss:Index="7" ss:StyleID="s66"/>
   </Row>
   <Row ss:AutoFitHeight="0" ss:Height="45">
    <Cell><Data ss:Type="String">AUTONOM_MESSAGE</Data></Cell>
    <Cell><Data ss:Type="String">DWELLING_INTERACTION_WAR_NEUTRAL</Data></Cell>
    <Cell><Data ss:Type="String">ENTIDADE HOSTIL DETECTADA. Nível de resposta à ameaça: extrema severidade. {STR_LeaderName}, você tem um minuto para se comunicar.</Data></Cell>
   </Row>
   <Row ss:AutoFitHeight="0" ss:Height="45">
    <Cell><Data ss:Type="String">AUTONOM_MESSAGE</Data></Cell>
    <Cell><Data ss:Type="String">DWELLING_INTERACTION_NEUTRAL_NEUTRAL</Data></Cell>
    <Cell><Data ss:Type="String">Analisando biomassa... verificação no banco de dados confirmada. Relações: não hostis. Bem-vindo, {STR_LeaderName}. Como podemos ajudá-lo?</Data></Cell>
    <Cell ss:Index="5"><Data ss:Type="String">Changed neutral to non-hostile as this message can occur at higher relationship levels.</Data></Cell>
   </Row>
   <Row ss:AutoFitHeight="0" ss:Height="30">
    <Cell><Data ss:Type="String">AUTONOM_MESSAGE</Data></Cell>
    <Cell><Data ss:Type="String">CHANGE_DIPLOMATIC_RELATION_RESPONSE_NEUTRAL</Data></Cell>
    <Cell ss:StyleID="s66"><Data ss:Type="String">Estado das relações: alterado. Banco de dados atualizado. Entrada: {STR_LeaderName}.</Data></Cell>
    <Cell ss:Index="7" ss:StyleID="s66"/>
   </Row>
   <Row ss:AutoFitHeight="0" ss:Height="30">
    <Cell><Data ss:Type="String">AUTONOM_MESSAGE</Data></Cell>
    <Cell><Data ss:Type="String">FACTION_REQEUST_END_TO_WAR_NEUTRAL</Data></Cell>
    <Cell ss:StyleID="s66"><Data ss:Type="String">Sobrecarga do sistema. Nível de ameaça: risco de vida. Rendição do Autonom. Você aceita?</Data></Cell>
    <Cell ss:Index="7" ss:StyleID="s66"/>
   </Row>
   <Row ss:AutoFitHeight="0" ss:Height="30">
    <Cell><Data ss:Type="String">AUTONOM_MESSAGE</Data></Cell>
    <Cell ss:StyleID="s64"><Data ss:Type="String">RELATION_DECREASED_NEUTRAL</Data></Cell>
    <Cell><Data ss:Type="String">Acessando banco de dados… Status das relações: piorado. Causa: Abandono dos deveres diplomáticos.</Data></Cell>
   </Row>
   <Row ss:Index="36" ss:AutoFitHeight="0" ss:Height="30">
    <Cell><Data ss:Type="String">AUTONOM_BUTTON</Data></Cell>
    <Cell><Data ss:Type="String">ASSIGN_FACTION_ALLEGIANCE_PEACEKEEPER</Data></Cell>
    <Cell><Data ss:Type="String">Buscamos colaboração para criar laços entre nossas facções.</Data></Cell>
    <Cell ss:StyleID="s67"/>
    <Cell ss:Index="6" ss:StyleID="s68"/>
   </Row>
   <Row ss:AutoFitHeight="0" ss:Height="60">
    <Cell><Data ss:Type="String">AUTONOM_BUTTON</Data></Cell>
    <Cell><Data ss:Type="String">WITHDRAW_STACK_PEACEKEEPER</Data></Cell>
    <Cell><Data ss:Type="String">Você poderia nos conceder acesso a este local? {INT_Cost}[influence/]</Data></Cell>
    <Cell ss:StyleID="s67"/>
    <Cell><Data ss:Type="String">{INT_Cost} is replaced by an integer that gives the Influence - a resource in the game - that this actions costs.
This is followed by the influence icon.</Data></Cell>
    <Cell ss:StyleID="s68"/>
   </Row>
   <Row ss:AutoFitHeight="0">
    <Cell><Data ss:Type="String">AUTONOM_BUTTON</Data></Cell>
    <Cell><Data ss:Type="String">STACK_QUEST_PEACEKEEPER</Data></Cell>
    <Cell><Data ss:Type="String">Há algum assunto em que precise de nossa contribuição?</Data></Cell>
    <Cell ss:StyleID="s67"/>
    <Cell ss:Index="6" ss:StyleID="s68"/>
   </Row>
   <Row ss:AutoFitHeight="0">
    <Cell><Data ss:Type="String">AUTONOM_BUTTON</Data></Cell>
    <Cell><Data ss:Type="String">RELATION_WAR_PEACEKEEPER</Data></Cell>
    <Cell><Data ss:Type="String">Nós livraremos este planeta dos Autonom.</Data></Cell>
    <Cell ss:StyleID="s67"/>
    <Cell ss:Index="6" ss:StyleID="s68"/>
   </Row>
   <Row ss:AutoFitHeight="0">
    <Cell><Data ss:Type="String">AUTONOM_BUTTON</Data></Cell>
    <Cell><Data ss:Type="String">ATTACK_PEACEKEEPER</Data></Cell>
    <Cell><Data ss:Type="String">Solicitamos comunicar-nos com seu Controlador de Rede.</Data></Cell>
    <Cell ss:StyleID="s67"/>
    <Cell ss:Index="6" ss:StyleID="s68"/>
   </Row>
   <Row ss:AutoFitHeight="0">
    <Cell><Data ss:Type="String">AUTONOM_BUTTON</Data></Cell>
    <Cell><Data ss:Type="String">FIRST_MEET_RESPONSE_TAKE_QUEST_PEACEKEEPER</Data></Cell>
    <Cell><Data ss:Type="String">Poderia detalhar esta missão para nós?</Data></Cell>
    <Cell ss:StyleID="s67"/>
    <Cell ss:Index="6" ss:StyleID="s68"/>
   </Row>
   <Row ss:AutoFitHeight="0">
    <Cell><Data ss:Type="String">AUTONOM_BUTTON</Data></Cell>
    <Cell ss:StyleID="s69"><Data ss:Type="String">CALL_TO_WAR_PEACEKEEPER</Data></Cell>
    <Cell ss:StyleID="s68"><Data ss:Type="String">Vocês têm rotinas para se juntar a nós em nossos esforços de guerra?</Data></Cell>
    <Cell ss:Index="5" ss:StyleID="s68"/>
    <Cell ss:StyleID="s68"/>
   </Row>
   <Row ss:AutoFitHeight="0">
    <Cell><Data ss:Type="String">AUTONOM_BUTTON</Data></Cell>
    <Cell ss:StyleID="s69"><Data ss:Type="String">TRADE_PEACEKEEPER</Data></Cell>
    <Cell ss:StyleID="s68"><Data ss:Type="String">Por favor, ative seus protocolos de comércio.</Data></Cell>
    <Cell ss:Index="5" ss:StyleID="s68"/>
    <Cell ss:StyleID="s68"/>
   </Row>
   <Row ss:AutoFitHeight="0">
    <Cell ss:Index="4" ss:StyleID="s67"/>
    <Cell ss:Index="6" ss:StyleID="s68"/>
   </Row>
   <Row ss:AutoFitHeight="0">
    <Cell><Data ss:Type="String">AUTONOM_BUTTON</Data></Cell>
    <Cell><Data ss:Type="String">ASSIGN_FACTION_ALLEGIANCE_WARMONGER</Data></Cell>
    <Cell><Data ss:Type="String">Oferecemos uma aliança entre nossas facções.</Data></Cell>
    <Cell ss:StyleID="s67"/>
    <Cell ss:Index="6" ss:StyleID="s68"/>
   </Row>
   <Row ss:AutoFitHeight="0" ss:Height="60">
    <Cell><Data ss:Type="String">AUTONOM_BUTTON</Data></Cell>
    <Cell><Data ss:Type="String">WITHDRAW_STACK_WARMONGER</Data></Cell>
    <Cell><Data ss:Type="String">Remova seus montes de ferrugem destas instalações. {INT_Cost}[influence/]</Data></Cell>
    <Cell ss:StyleID="s67"/>
    <Cell><Data ss:Type="String">{INT_Cost} is replaced by an integer that gives the Influence - a resource in the game - that this actions costs.
This is followed by the influence icon.</Data></Cell>
    <Cell ss:StyleID="s68"/>
   </Row>
   <Row ss:AutoFitHeight="0">
    <Cell><Data ss:Type="String">AUTONOM_BUTTON</Data></Cell>
    <Cell><Data ss:Type="String">STACK_QUEST_WARMONGER</Data></Cell>
    <Cell><Data ss:Type="String">Algum desafio em seu banco de dados?</Data></Cell>
    <Cell ss:StyleID="s67"/>
    <Cell ss:Index="6" ss:StyleID="s68"/>
   </Row>
   <Row ss:AutoFitHeight="0">
    <Cell><Data ss:Type="String">AUTONOM_BUTTON</Data></Cell>
    <Cell><Data ss:Type="String">RELATION_WAR_WARMONGER</Data></Cell>
    <Cell><Data ss:Type="String">Nós vamos esmagar vocês em sucata!</Data></Cell>
    <Cell ss:StyleID="s67"/>
    <Cell ss:Index="6" ss:StyleID="s68"/>
   </Row>
   <Row ss:AutoFitHeight="0">
    <Cell><Data ss:Type="String">AUTONOM_BUTTON</Data></Cell>
    <Cell><Data ss:Type="String">ATTACK_WARMONGER</Data></Cell>
    <Cell><Data ss:Type="String">Leve-nos até seu Controlador de Rede.</Data></Cell>
    <Cell ss:StyleID="s67"/>
    <Cell ss:Index="6" ss:StyleID="s68"/>
   </Row>
   <Row ss:AutoFitHeight="0">
    <Cell><Data ss:Type="String">AUTONOM_BUTTON</Data></Cell>
    <Cell><Data ss:Type="String">FIRST_MEET_RESPONSE_TAKE_QUEST_WARMONGER</Data></Cell>
    <Cell><Data ss:Type="String">Sim. Vamos mostrar nossa força.</Data></Cell>
    <Cell ss:StyleID="s67"/>
    <Cell ss:Index="6" ss:StyleID="s68"/>
   </Row>
   <Row ss:AutoFitHeight="0">
    <Cell><Data ss:Type="String">AUTONOM_BUTTON</Data></Cell>
    <Cell ss:StyleID="s69"><Data ss:Type="String">CALL_TO_WAR_WARMONGER</Data></Cell>
    <Cell ss:StyleID="s68"><Data ss:Type="String">Mestre e máquina, juntos esmagaremos nossos inimigos!</Data></Cell>
    <Cell ss:Index="5" ss:StyleID="s68"/>
    <Cell ss:StyleID="s68"/>
   </Row>
   <Row ss:AutoFitHeight="0">
    <Cell><Data ss:Type="String">AUTONOM_BUTTON</Data></Cell>
    <Cell ss:StyleID="s69"><Data ss:Type="String">TRADE_WARMONGER</Data></Cell>
    <Cell ss:StyleID="s68"><Data ss:Type="String">Protocolos de comércio.</Data></Cell>
    <Cell ss:Index="5" ss:StyleID="s68"/>
    <Cell ss:StyleID="s68"/>
   </Row>
   <Row ss:AutoFitHeight="0">
    <Cell ss:Index="6" ss:StyleID="s68"/>
   </Row>
   <Row ss:AutoFitHeight="0">
    <Cell><Data ss:Type="String">AUTONOM_BUTTON</Data></Cell>
    <Cell><Data ss:Type="String">ASSIGN_FACTION_ALLEGIANCE_NEUTRAL</Data></Cell>
    <Cell><Data ss:Type="String">Saudações, Autonom. Buscamos oferecer proteção a você.</Data></Cell>
    <Cell ss:StyleID="s67"/>
    <Cell ss:Index="6" ss:StyleID="s68"/>
   </Row>
   <Row ss:AutoFitHeight="0" ss:Height="60">
    <Cell><Data ss:Type="String">AUTONOM_BUTTON</Data></Cell>
    <Cell><Data ss:Type="String">WITHDRAW_STACK_NEUTRAL</Data></Cell>
    <Cell><Data ss:Type="String">Precisamos desta localização. Por favor, evacue. {INT_Cost}[influence/]</Data></Cell>
    <Cell ss:StyleID="s67"/>
    <Cell><Data ss:Type="String">{INT_Cost} is replaced by an integer that gives the Influence - a resource in the game - that this actions costs.
This is followed by the influence icon.</Data></Cell>
    <Cell ss:StyleID="s68"/>
   </Row>
   <Row ss:AutoFitHeight="0">
    <Cell><Data ss:Type="String">AUTONOM_BUTTON</Data></Cell>
    <Cell><Data ss:Type="String">STACK_QUEST_NEUTRAL</Data></Cell>
    <Cell><Data ss:Type="String">Que missões você tem disponíveis?</Data></Cell>
    <Cell ss:StyleID="s67"/>
    <Cell ss:Index="6" ss:StyleID="s68"/>
   </Row>
   <Row ss:AutoFitHeight="0">
    <Cell><Data ss:Type="String">AUTONOM_BUTTON</Data></Cell>
    <Cell><Data ss:Type="String">RELATION_WAR_NEUTRAL</Data></Cell>
    <Cell><Data ss:Type="String">Preparem seus sistemas de combate!</Data></Cell>
    <Cell ss:StyleID="s67"/>
    <Cell ss:Index="6" ss:StyleID="s68"/>
   </Row>
   <Row ss:AutoFitHeight="0">
    <Cell><Data ss:Type="String">AUTONOM_BUTTON</Data></Cell>
    <Cell><Data ss:Type="String">ATTACK_NEUTRAL</Data></Cell>
    <Cell><Data ss:Type="String">Solicitamos falar com seu Controlador de Rede.</Data></Cell>
    <Cell ss:StyleID="s68"/>
    <Cell ss:Index="6" ss:StyleID="s68"/>
   </Row>
   <Row ss:AutoFitHeight="0">
    <Cell><Data ss:Type="String">AUTONOM_BUTTON</Data></Cell>
    <Cell><Data ss:Type="String">FIRST_MEET_RESPONSE_TAKE_QUEST_NEUTRAL</Data></Cell>
    <Cell><Data ss:Type="String">Detalhe sua missão.</Data></Cell>
    <Cell ss:StyleID="s67"/>
    <Cell ss:Index="6" ss:StyleID="s68"/>
   </Row>
   <Row ss:AutoFitHeight="0">
    <Cell><Data ss:Type="String">AUTONOM_BUTTON</Data></Cell>
    <Cell ss:StyleID="s69"><Data ss:Type="String">CALL_TO_WAR_NEUTRAL</Data></Cell>
    <Cell ss:StyleID="s68"><Data ss:Type="String">Junte-se a nós nesta batalha.</Data></Cell>
    <Cell ss:Index="5" ss:StyleID="s68"/>
    <Cell ss:StyleID="s68"/>
   </Row>
   <Row ss:AutoFitHeight="0">
    <Cell><Data ss:Type="String">AUTONOM_BUTTON</Data></Cell>
    <Cell ss:StyleID="s69"><Data ss:Type="String">TRADE_NEUTRAL</Data></Cell>
    <Cell ss:StyleID="s68"><Data ss:Type="String">Ative seus protocolos de comércio.</Data></Cell>
    <Cell ss:Index="5" ss:StyleID="s68"/>
    <Cell ss:StyleID="s68"/>
   </Row>
   <Row ss:Index="63" ss:AutoFitHeight="0" ss:Height="60">
    <Cell ss:StyleID="s64"><Data ss:Type="String">RIVALRY_WARNING_AUTONOM</Data></Cell>
    <Cell ss:StyleID="s64"><Data ss:Type="String">DESCRIPTION</Data></Cell>
    <Cell><Data ss:Type="String">Entidade {STR_LeaderName}: colaboradora conhecida com inimigos dos Autonom. Este é um aviso. Para manter as relações intactas: a entidade deve parar de colaborar com inimigos dos Autonom.</Data></Cell>
   </Row>
   <Row ss:AutoFitHeight="0" ss:Height="75">
    <Cell><Data ss:Type="String">AUTONOM_MESSAGE</Data></Cell>
    <Cell><Data ss:Type="String">FACTION_DECLARE_WAR</Data></Cell>
    <Cell><Data ss:Type="String">Nível de ameaça: risco de vida. Protocolos de aniquilação dos Autonom: ativados. Entidade: {STR_LeaderName} rompeu relações com os Autonom. Resoluções diplomáticas: inegociáveis. Guerra e erradicação são a única resposta para a equação. Adeus, cidadão.</Data></Cell>
   </Row>
   <Row ss:AutoFitHeight="0" ss:Height="45">
    <Cell><Data ss:Type="String">AUTONOM_MESSAGE</Data></Cell>
    <Cell><Data ss:Type="String">RELATION_RESET</Data></Cell>
    <Cell><Data ss:Type="String">Atualização de relações com cidadão: {STR_LeaderName}. Relações reiniciadas: zero. Relações futuras: incertas. Desejo dos Autonom: maior diplomacia no futuro.</Data></Cell>
   </Row>
  </Table>
  <WorksheetOptions xmlns="urn:schemas-microsoft-com:office:excel">
   <Unsynced/>
   <Print>
    <ValidPrinterInfo/>
    <HorizontalResolution>600</HorizontalResolution>
    <VerticalResolution>600</VerticalResolution>
   </Print>
   <Selected/>
   <TopRowVisible>12</TopRowVisible>
   <Panes>
    <Pane>
     <Number>3</Number>
     <ActiveRow>24</ActiveRow>
     <ActiveCol>1</ActiveCol>
    </Pane>
   </Panes>
   <ProtectObjects>False</ProtectObjects>
   <ProtectScenarios>False</ProtectScenarios>
  </WorksheetOptions>
 </Worksheet>
</Workbook>