<?xml version='1.0' encoding='UTF-8'?>
<?mso-application progid="Excel.Sheet"?><Workbook xmlns="urn:schemas-microsoft-com:office:spreadsheet" xmlns:o="urn:schemas-microsoft-com:office:office" xmlns:x="urn:schemas-microsoft-com:office:excel" xmlns:ss="urn:schemas-microsoft-com:office:spreadsheet" xmlns:html="http://www.w3.org/TR/REC-html40">
 <DocumentProperties xmlns="urn:schemas-microsoft-com:office:office">
  <LastAuthor>Nathan van den Berg</LastAuthor>
  <LastSaved>2020-02-04T11:01:41Z</LastSaved>
  <Version>15.00</Version>
 </DocumentProperties>
 <OfficeDocumentSettings xmlns="urn:schemas-microsoft-com:office:office">
  <AllowPNG/>
 </OfficeDocumentSettings>
 <ExcelWorkbook xmlns="urn:schemas-microsoft-com:office:excel">
  <WindowHeight>14235</WindowHeight>
  <WindowWidth>28800</WindowWidth>
  <WindowTopX>0</WindowTopX>
  <WindowTopY>0</WindowTopY>
  <ProtectStructure>False</ProtectStructure>
  <ProtectWindows>False</ProtectWindows>
 </ExcelWorkbook>
 <Styles>
  <Style ss:ID="Default" ss:Name="Normal">
   <Alignment ss:Vertical="Bottom"/>
   <Borders/>
   <Font ss:FontName="Calibri" x:Family="Swiss" ss:Size="11" ss:Color="#000000"/>
   <Interior/>
   <NumberFormat/>
   <Protection/>
  </Style>
  <Style ss:ID="s62">
   <Alignment ss:Vertical="Top" ss:WrapText="1"/>
  </Style>
  <Style ss:ID="s63">
   <Alignment ss:Vertical="Top" ss:WrapText="1"/>
   <Interior/>
  </Style>
  <Style ss:ID="s64">
   <Alignment ss:Vertical="Top"/>
   <Borders/>
   <Font ss:FontName="Calibri" x:Family="Swiss" ss:Size="11" ss:Color="#000000"/>
   <Interior/>
   <NumberFormat/>
   <Protection/>
  </Style>
  <Style ss:ID="s65">
   <Alignment ss:Vertical="Top"/>
   <Interior/>
  </Style>
 </Styles>
 <Worksheet ss:Name="Script">
  <Table ss:ExpandedColumnCount="7" ss:ExpandedRowCount="65" x:FullColumns="1" x:FullRows="1" ss:StyleID="s62" ss:DefaultRowHeight="15">
   <Column ss:StyleID="s62" ss:Width="146.25"/>
   <Column ss:StyleID="s62" ss:Width="289.5"/>
   <Column ss:StyleID="s62" ss:AutoFitWidth="0" ss:Width="337.5"/>
   <Column ss:StyleID="s62" ss:Width="147.75"/>
   <Column ss:StyleID="s62" ss:AutoFitWidth="0" ss:Width="206.25"/>
   <Column ss:StyleID="s62" ss:Width="120"/>
   <Column ss:StyleID="s62" ss:AutoFitWidth="0" ss:Width="337.5"/>
   <Row ss:AutoFitHeight="0" ss:Height="90">
    <Cell><Data ss:Type="String">DIPLOMACY_SPECIESGROWTH</Data></Cell>
    <Cell ss:Index="5"><Data ss:Type="String">The DEV TEAM / MISC NOTES column contains info on what text between { } signs means (if applicable). It usually stands for either a numeric value, or a numeric value with an icon. Text between [ ] signs stands for a certain type of icon. </Data></Cell>
   </Row>
   <Row ss:AutoFitHeight="0">
    <Cell><Data ss:Type="String">SCENE ID</Data></Cell>
    <Cell><Data ss:Type="String">TEXT ID</Data></Cell>
    <Cell><Data ss:Type="String">ENGLISH STRING</Data></Cell>
    <Cell><Data ss:Type="String">ALTERNATIVE ENGLISH STRING</Data></Cell>
    <Cell><Data ss:Type="String">LOCALIZATION NOTES</Data></Cell>
    <Cell><Data ss:Type="String">DEV TEAM / MISC NOTES</Data></Cell>
   </Row>
   <Row ss:AutoFitHeight="0" ss:Height="60">
    <Cell ss:Index="5"><Data ss:Type="String">For this faction's narrative style and in world references, please check the glossay delivered as part of the documentation.</Data></Cell>
   </Row>
   <Row ss:AutoFitHeight="0" ss:Height="45">
    <Cell ss:Index="5"><Data ss:Type="String">In the lines below, {STR_LeaderName} is replaced by the name of the player's avatar.</Data></Cell>
   </Row>
   <Row ss:AutoFitHeight="0" ss:Height="90">
    <Cell ss:Index="5"><Data ss:Type="String">In the lines below, text refers to a person that can either be male or female. If relevant for translation, please use the ‘localized string’ column for the male text and the ‘alternative localized string’ column for the female text.</Data></Cell>
   </Row>
   <Row ss:AutoFitHeight="0" ss:Height="30">
    <Cell><Data ss:Type="String">GROWTH_MESSAGE</Data></Cell>
    <Cell><Data ss:Type="String">ASK_TO_LEAVE_PEACEKEEPER</Data></Cell>
    <Cell><Data ss:Type="String">Nós lhe damos as boas-vindas, {STR_LeaderName}. Veio observar a beleza de nossa polinização ou tem algum outro objetivo?</Data></Cell>
   </Row>
   <Row ss:AutoFitHeight="0" ss:Height="30">
    <Cell><Data ss:Type="String">GROWTH_MESSAGE</Data></Cell>
    <Cell><Data ss:Type="String">ASK_TO_LEAVE_RESPONSE_PEACEKEEPER</Data></Cell>
    <Cell><Data ss:Type="String">Deixamos este jardim aos seus cuidados com prazer, {STR_LeaderName}. Nossas sementes serão plantadas em outro lugar.</Data></Cell>
   </Row>
   <Row ss:AutoFitHeight="0" ss:Height="75">
    <Cell><Data ss:Type="String">GROWTH_MESSAGE</Data></Cell>
    <Cell><Data ss:Type="String">FIRST_MEET_PEACEKEEPER</Data></Cell>
    <Cell><Data ss:Type="String">Querido Simbionte, {STR_LeaderName}, nós somos o Growth. Nossos nós distantes espalharam notícias de seus atos graciosos. Buscamos brotar novas relações com outras formas de vida inteligente, como você, para fortalecer a simbiose. Está interessado ou tem algum outro propósito?</Data></Cell>
   </Row>
   <Row ss:AutoFitHeight="0" ss:Height="60">
    <Cell><Data ss:Type="String">GROWTH_MESSAGE</Data></Cell>
    <Cell><Data ss:Type="String">FIRST_MEET_RESPONSE_PEACEKEEPER</Data></Cell>
    <Cell><Data ss:Type="String">Estamos entusiasmados com sua resposta! Ansiamos para ver nossa relação florescer como uma linda flor. Como prova de sua lealdade à simbiose, buscamos ajuda em um assunto importante. Nossa Mother Node recompensaria abundantemente se decidir nos ajudar.</Data></Cell>
   </Row>
   <Row ss:AutoFitHeight="0" ss:Height="45">
    <Cell><Data ss:Type="String">GROWTH_MESSAGE</Data></Cell>
    <Cell><Data ss:Type="String">DWELLING_INTERACTION_WAR_PEACEKEEPER</Data></Cell>
    <Cell><Data ss:Type="String">Não confiamos em vocês, herbívoros, neste momento. Esteja avisado de que se aproximar da Mother Node pode levar à exterminação... a menos que tenha algo útil para compartilhar?</Data></Cell>
   </Row>
   <Row ss:AutoFitHeight="0" ss:Height="30">
    <Cell><Data ss:Type="String">GROWTH_MESSAGE</Data></Cell>
    <Cell><Data ss:Type="String">DWELLING_INTERACTION_NEUTRAL_PEACEKEEPER</Data></Cell>
    <Cell><Data ss:Type="String">Querido Simbionte, {STR_LeaderName}, continuamos a receber sinais positivos sobre você através de nosso sistema radicular. O que busca?</Data></Cell>
   </Row>
   <Row ss:AutoFitHeight="0" ss:Height="30">
    <Cell><Data ss:Type="String">GROWTH_MESSAGE</Data></Cell>
    <Cell><Data ss:Type="String">CHANGE_DIPLOMATIC_RELATION_RESPONSE_PEACEKEEPER</Data></Cell>
    <Cell><Data ss:Type="String">Concordamos com sua proposta, amado Simbionte. Conforme nosso laço cresce, nosso oásis se espalha.</Data></Cell>
   </Row>
   <Row ss:AutoFitHeight="0" ss:Height="60">
    <Cell><Data ss:Type="String">GROWTH_MESSAGE</Data></Cell>
    <Cell><Data ss:Type="String">FACTION_REQEUST_END_TO_WAR_PEACEKEEPER</Data></Cell>
    <Cell><Data ss:Type="String">{STR_LeaderName}, você é conhecido por sua natureza virtuosa e governo benevolente. Buscamos simbiose entre nossas espécies, para que possamos florescer neste planeta em harmonia. Vamos parar com essa violência – por favor, aceite nossa rendição.</Data></Cell>
   </Row>
   <Row ss:AutoFitHeight="0" ss:Height="60">
    <Cell><Data ss:Type="String">GROWTH_MESSAGE</Data></Cell>
    <Cell><Data ss:Type="String">RELATION_DECREASED_PEACEKEEPER</Data></Cell>
    <Cell><Data ss:Type="String">Você priva as raízes diplomáticas de nutrientes, {STR_LeaderName}. Somos forçados a nos retirar deste relacionamento para não murcharmos.</Data></Cell>
   </Row>
   <Row ss:Index="16" ss:AutoFitHeight="0" ss:Height="45">
    <Cell><Data ss:Type="String">GROWTH_MESSAGE</Data></Cell>
    <Cell><Data ss:Type="String">ASK_TO_LEAVE_WARMONGER</Data></Cell>
    <Cell><Data ss:Type="String">O solo está contaminado sob seus pés! Seria sábio buscarmos pastos intocados por sua espécie. {STR_LeaderName}, diga o que tanto deseja.</Data></Cell>
   </Row>
   <Row ss:AutoFitHeight="0" ss:Height="30">
    <Cell><Data ss:Type="String">GROWTH_MESSAGE</Data></Cell>
    <Cell><Data ss:Type="String">ASK_TO_LEAVE_RESPONSE_WARMONGER</Data></Cell>
    <Cell><Data ss:Type="String">O solo está contaminado sob seus pés! Seria sábio buscarmos pastos intocados por sua espécie.</Data></Cell>
   </Row>
   <Row ss:AutoFitHeight="0" ss:Height="60">
    <Cell><Data ss:Type="String">GROWTH_MESSAGE</Data></Cell>
    <Cell><Data ss:Type="String">FIRST_MEET_WARMONGER</Data></Cell>
    <Cell><Data ss:Type="String">Ah, Simbionte. A Mother Node falou de suas ações destrutivas. Nós somos o Growth e vivemos em simbiose com este planeta há milênios. Por favor, converse rapidamente, antes que nosso solo seja contaminado por sua reputação.</Data></Cell>
   </Row>
   <Row ss:AutoFitHeight="0" ss:Height="30">
    <Cell><Data ss:Type="String">GROWTH_MESSAGE</Data></Cell>
    <Cell><Data ss:Type="String">FIRST_MEET_RESPONSE_WARMONGER</Data></Cell>
    <Cell><Data ss:Type="String">Que assim seja, Simbionte. Esperamos que nossas relações continuem frutíferas no futuro.</Data></Cell>
   </Row>
   <Row ss:AutoFitHeight="0" ss:Height="30">
    <Cell><Data ss:Type="String">GROWTH_MESSAGE</Data></Cell>
    <Cell><Data ss:Type="String">DWELLING_INTERACTION_WAR_WARMONGER</Data></Cell>
    <Cell><Data ss:Type="String">O solo está contaminado e nossas folhas são pisoteadas com sua aproximação, Simbionte. Fale rapidamente para que possamos retomar o extermínio de sua espécie.</Data></Cell>
   </Row>
   <Row ss:AutoFitHeight="0" ss:Height="30">
    <Cell><Data ss:Type="String">GROWTH_MESSAGE</Data></Cell>
    <Cell><Data ss:Type="String">DWELLING_INTERACTION_NEUTRAL_WARMONGER</Data></Cell>
    <Cell><Data ss:Type="String">A Mother Node sente sua aproximação. O que propõe, {STR_LeaderName}?</Data></Cell>
   </Row>
   <Row ss:AutoFitHeight="0">
    <Cell><Data ss:Type="String">GROWTH_MESSAGE</Data></Cell>
    <Cell><Data ss:Type="String">CHANGE_DIPLOMATIC_RELATION_RESPONSE_WARMONGER</Data></Cell>
    <Cell><Data ss:Type="String">Que assim seja, Simbionte.</Data></Cell>
   </Row>
   <Row ss:AutoFitHeight="0" ss:Height="30">
    <Cell><Data ss:Type="String">GROWTH_MESSAGE</Data></Cell>
    <Cell><Data ss:Type="String">FACTION_REQEUST_END_TO_WAR_WARMONGER</Data></Cell>
    <Cell><Data ss:Type="String">Murchamos na terra diante de seu poder, {STR_LeaderName}. Por favor, aceite nossa rendição.</Data></Cell>
   </Row>
   <Row ss:AutoFitHeight="0">
    <Cell><Data ss:Type="String">GROWTH_MESSAGE</Data></Cell>
    <Cell><Data ss:Type="String">RELATION_DECREASED_WARMONGER</Data></Cell>
    <Cell><Data ss:Type="String">Você priva as raízes diplomáticas de nutrientes, {STR_LeaderName}. Somos forçados a nos retirar deste relacionamento para não murcharmos.</Data></Cell>
   </Row>
   <Row ss:AutoFitHeight="0" ss:Height="30"/>
   <Row ss:AutoFitHeight="0" ss:Height="45">
    <Cell><Data ss:Type="String">GROWTH_MESSAGE</Data></Cell>
    <Cell><Data ss:Type="String">ASK_TO_LEAVE_NEUTRAL</Data></Cell>
    <Cell><Data ss:Type="String">Sentimos sua aproximação. Por qual motivo perturba nossos esforços holísticos, {STR_LeaderName}?</Data></Cell>
   </Row>
   <Row ss:AutoFitHeight="0" ss:Height="75">
    <Cell><Data ss:Type="String">GROWTH_MESSAGE</Data></Cell>
    <Cell><Data ss:Type="String">ASK_TO_LEAVE_RESPONSE_NEUTRAL</Data></Cell>
    <Cell><Data ss:Type="String">Entendemos seu pedido, {STR_LeaderName}. Decidimos acatar e buscaremos outro lugar para germinar. Este pedaço de solo será seu para cultivar.</Data></Cell>
   </Row>
   <Row ss:AutoFitHeight="0" ss:Height="45">
    <Cell><Data ss:Type="String">GROWTH_MESSAGE</Data></Cell>
    <Cell><Data ss:Type="String">FIRST_MEET_NEUTRAL</Data></Cell>
    <Cell><Data ss:Type="String">Querido Simbionte {STR_LeaderName}, nós somos o Growth. Por milênios, vivemos em simbiose com incontáveis organismos pelos sistemas, germinando onde quer que nossas sementes alcancem. Detectamos sua inteligência e teríamos interesse em um relacionamento simbiótico. No entanto, ainda estamos cautelosos. O que você busca?</Data></Cell>
   </Row>
   <Row ss:AutoFitHeight="0" ss:Height="45">
    <Cell><Data ss:Type="String">GROWTH_MESSAGE</Data></Cell>
    <Cell><Data ss:Type="String">FIRST_MEET_RESPONSE_NEUTRAL</Data></Cell>
    <Cell><Data ss:Type="String">Uma escolha sábia, achamos. Nossa relação é apenas um broto, mas precisamos de ajuda com questões que estão além de nossas capacidades. Você pode nos ajudar? As recompensas já foram preparadas.</Data></Cell>
   </Row>
   <Row ss:AutoFitHeight="0" ss:Height="30">
    <Cell><Data ss:Type="String">GROWTH_MESSAGE</Data></Cell>
    <Cell><Data ss:Type="String">DWELLING_INTERACTION_WAR_NEUTRAL</Data></Cell>
    <Cell><Data ss:Type="String">Não queremos desperdiçar nutrientes na manutenção desta comunicação. Fale rápido antes que o Nó-Mãe libere esporos que infectam o cérebro.</Data></Cell>
   </Row>
   <Row ss:AutoFitHeight="0">
    <Cell><Data ss:Type="String">GROWTH_MESSAGE</Data></Cell>
    <Cell><Data ss:Type="String">DWELLING_INTERACTION_NEUTRAL_NEUTRAL</Data></Cell>
    <Cell><Data ss:Type="String">Detectamos suas tentativas de contatar o Nó-Mãe, {STR_LeaderName}. O que você busca?</Data></Cell>
   </Row>
   <Row ss:AutoFitHeight="0" ss:Height="45">
    <Cell><Data ss:Type="String">GROWTH_MESSAGE</Data></Cell>
    <Cell><Data ss:Type="String">CHANGE_DIPLOMATIC_RELATION_RESPONSE_NEUTRAL</Data></Cell>
    <Cell><Data ss:Type="String">Nossa simbiose foi alterada, {STR_LeaderName}.</Data></Cell>
   </Row>
   <Row ss:AutoFitHeight="0">
    <Cell><Data ss:Type="String">GROWTH_MESSAGE</Data></Cell>
    <Cell><Data ss:Type="String">FACTION_REQEUST_END_TO_WAR_NEUTRAL</Data></Cell>
    <Cell><Data ss:Type="String">{STR_LeaderName}, nos rendemos ao seu poder exterminador. Não há mais necessidade de arrancar nossa espécie. Deixe-nos compartilhar a luz do sol mais uma vez.</Data></Cell>
   </Row>
   <Row ss:AutoFitHeight="0">
    <Cell><Data ss:Type="String">GROWTH_MESSAGE</Data></Cell>
    <Cell><Data ss:Type="String">RELATION_DECREASED_NEUTRAL</Data></Cell>
    <Cell><Data ss:Type="String">Você priva as raízes diplomáticas de nutrientes, {STR_LeaderName}. Somos forçados a nos retirar desta relação para não definharmos.</Data></Cell>
    <Cell ss:Index="6" ss:StyleID="s63"/>
   </Row>
   <Row ss:AutoFitHeight="0" ss:Height="60">
    <Cell ss:Index="5"><Data ss:Type="String">{INT_Cost} is replaced by an integer that gives the Influence - a resource in the game - that this actions costs.
This is followed by the influence icon.</Data></Cell>
    <Cell ss:StyleID="s63"/>
   </Row>
   <Row ss:AutoFitHeight="0">
    <Cell><Data ss:Type="String">GROWTH_BUTTON</Data></Cell>
    <Cell><Data ss:Type="String">ASSIGN_FACTION_ALLEGIANCE_PEACEKEEPER</Data></Cell>
    <Cell><Data ss:Type="String">Buscamos colaboração, trabalhar juntos por um futuro mais brilhante.</Data></Cell>
    <Cell ss:Index="6" ss:StyleID="s63"/>
   </Row>
   <Row ss:AutoFitHeight="0">
    <Cell><Data ss:Type="String">GROWTH_BUTTON</Data></Cell>
    <Cell><Data ss:Type="String">WITHDRAW_STACK_PEACEKEEPER</Data></Cell>
    <Cell><Data ss:Type="String">Você poderia nos conceder acesso a este local? {INT_Cost}[influence/]</Data></Cell>
    <Cell ss:Index="6" ss:StyleID="s63"/>
   </Row>
   <Row ss:AutoFitHeight="0">
    <Cell><Data ss:Type="String">GROWTH_BUTTON</Data></Cell>
    <Cell><Data ss:Type="String">STACK_QUEST_PEACEKEEPER</Data></Cell>
    <Cell><Data ss:Type="String">Há algum assunto que se beneficiaria de nossa atenção?</Data></Cell>
    <Cell ss:Index="6" ss:StyleID="s63"/>
   </Row>
   <Row ss:AutoFitHeight="0">
    <Cell><Data ss:Type="String">GROWTH_BUTTON</Data></Cell>
    <Cell><Data ss:Type="String">RELATION_WAR_PEACEKEEPER</Data></Cell>
    <Cell><Data ss:Type="String">O Growth impede nossas empreitadas.</Data></Cell>
    <Cell ss:Index="6" ss:StyleID="s63"/>
   </Row>
   <Row ss:AutoFitHeight="0">
    <Cell><Data ss:Type="String">GROWTH_BUTTON</Data></Cell>
    <Cell><Data ss:Type="String">ATTACK_PEACEKEEPER</Data></Cell>
    <Cell><Data ss:Type="String">Valorizaríamos uma audiência com seu Nó-Mãe.</Data></Cell>
    <Cell ss:StyleID="s64"/>
    <Cell ss:StyleID="s63"/>
    <Cell ss:StyleID="s63"/>
    <Cell ss:StyleID="s64"/>
   </Row>
   <Row ss:AutoFitHeight="0">
    <Cell><Data ss:Type="String">GROWTH_BUTTON</Data></Cell>
    <Cell><Data ss:Type="String">FIRST_MEET_RESPONSE_TAKE_QUEST_PEACEKEEPER</Data></Cell>
    <Cell><Data ss:Type="String">Quais assuntos se beneficiariam de nossa ajuda?</Data></Cell>
    <Cell ss:StyleID="s64"/>
    <Cell ss:StyleID="s63"/>
    <Cell ss:StyleID="s63"/>
    <Cell ss:StyleID="s64"/>
   </Row>
   <Row ss:AutoFitHeight="0">
    <Cell ss:StyleID="s64"><Data ss:Type="String">GROWTH_BUTTON</Data></Cell>
    <Cell ss:StyleID="s65"><Data ss:Type="String">CALL_TO_WAR_PEACEKEEPER</Data></Cell>
    <Cell ss:StyleID="s63"><Data ss:Type="String">Buscamos sua ajuda em nossos esforços de guerra.</Data></Cell>
    <Cell ss:Index="6" ss:StyleID="s63"/>
   </Row>
   <Row ss:AutoFitHeight="0">
    <Cell ss:StyleID="s64"><Data ss:Type="String">GROWTH_BUTTON</Data></Cell>
    <Cell ss:StyleID="s65"><Data ss:Type="String">TRADE_PEACEKEEPER</Data></Cell>
    <Cell ss:StyleID="s63"><Data ss:Type="String">Estamos procurando trocar mercadorias.</Data></Cell>
    <Cell ss:Index="6" ss:StyleID="s63"/>
   </Row>
   <Row ss:AutoFitHeight="0" ss:Height="60">
    <Cell ss:Index="5"><Data ss:Type="String">{INT_Cost} is replaced by an integer that gives the Influence - a resource in the game - that this actions costs.
This is followed by the influence icon.</Data></Cell>
    <Cell ss:StyleID="s63"/>
   </Row>
   <Row ss:AutoFitHeight="0">
    <Cell><Data ss:Type="String">GROWTH_BUTTON</Data></Cell>
    <Cell><Data ss:Type="String">ASSIGN_FACTION_ALLEGIANCE_WARMONGER</Data></Cell>
    <Cell><Data ss:Type="String">Em nossa busca por desafios, oferecemos nossa aliança.</Data></Cell>
    <Cell ss:Index="6" ss:StyleID="s63"/>
   </Row>
   <Row ss:AutoFitHeight="0">
    <Cell><Data ss:Type="String">GROWTH_BUTTON</Data></Cell>
    <Cell><Data ss:Type="String">WITHDRAW_STACK_WARMONGER</Data></Cell>
    <Cell><Data ss:Type="String">Fora dos nossos pastos. Suas raízes estão no nosso caminho. {INT_Cost}[influence/]</Data></Cell>
   </Row>
   <Row ss:AutoFitHeight="0">
    <Cell><Data ss:Type="String">GROWTH_BUTTON</Data></Cell>
    <Cell><Data ss:Type="String">STACK_QUEST_WARMONGER</Data></Cell>
    <Cell><Data ss:Type="String">Anelamos por qualquer desafio que você tenha a oferecer.</Data></Cell>
    <Cell ss:Index="6" ss:StyleID="s63"/>
   </Row>
   <Row ss:AutoFitHeight="0">
    <Cell><Data ss:Type="String">GROWTH_BUTTON</Data></Cell>
    <Cell><Data ss:Type="String">RELATION_WAR_WARMONGER</Data></Cell>
    <Cell><Data ss:Type="String">Vamos triturá-lo e devolvê-lo à terra!</Data></Cell>
    <Cell ss:Index="6" ss:StyleID="s63"/>
   </Row>
   <Row ss:AutoFitHeight="0">
    <Cell><Data ss:Type="String">GROWTH_BUTTON</Data></Cell>
    <Cell><Data ss:Type="String">ATTACK_WARMONGER</Data></Cell>
    <Cell><Data ss:Type="String">Leve-nos até seu Nó-Mãe.</Data></Cell>
    <Cell ss:StyleID="s64"/>
    <Cell ss:StyleID="s63"/>
    <Cell ss:StyleID="s63"/>
    <Cell ss:StyleID="s64"/>
   </Row>
   <Row ss:AutoFitHeight="0">
    <Cell><Data ss:Type="String">GROWTH_BUTTON</Data></Cell>
    <Cell><Data ss:Type="String">FIRST_MEET_RESPONSE_TAKE_QUEST_WARMONGER</Data></Cell>
    <Cell><Data ss:Type="String">Como nossas habilidades serão utilizadas?</Data></Cell>
    <Cell ss:StyleID="s64"/>
    <Cell ss:StyleID="s63"/>
    <Cell ss:StyleID="s63"/>
    <Cell ss:StyleID="s64"/>
   </Row>
   <Row ss:AutoFitHeight="0">
    <Cell ss:StyleID="s64"><Data ss:Type="String">GROWTH_BUTTON</Data></Cell>
    <Cell ss:StyleID="s65"><Data ss:Type="String">CALL_TO_WAR_WARMONGER</Data></Cell>
    <Cell ss:StyleID="s63"><Data ss:Type="String">Nossa simbiose esmagará nossos inimigos!</Data></Cell>
    <Cell ss:Index="6" ss:StyleID="s63"/>
   </Row>
   <Row ss:AutoFitHeight="0">
    <Cell ss:StyleID="s64"><Data ss:Type="String">GROWTH_BUTTON</Data></Cell>
    <Cell ss:StyleID="s65"><Data ss:Type="String">TRADE_WARMONGER</Data></Cell>
    <Cell ss:StyleID="s63"><Data ss:Type="String">Comercie conosco, Growth.</Data></Cell>
    <Cell ss:Index="6" ss:StyleID="s63"/>
   </Row>
   <Row ss:AutoFitHeight="0" ss:Height="60">
    <Cell ss:Index="5"><Data ss:Type="String">{INT_Cost} is replaced by an integer that gives the Influence - a resource in the game - that this actions costs.
This is followed by the influence icon.</Data></Cell>
    <Cell ss:StyleID="s63"/>
   </Row>
   <Row ss:AutoFitHeight="0">
    <Cell><Data ss:Type="String">GROWTH_BUTTON</Data></Cell>
    <Cell><Data ss:Type="String">ASSIGN_FACTION_ALLEGIANCE_NEUTRAL</Data></Cell>
    <Cell><Data ss:Type="String">Buscamos nos unir a você em uma relação simbiótica.</Data></Cell>
    <Cell ss:Index="6" ss:StyleID="s63"/>
   </Row>
   <Row ss:AutoFitHeight="0">
    <Cell><Data ss:Type="String">GROWTH_BUTTON</Data></Cell>
    <Cell><Data ss:Type="String">WITHDRAW_STACK_NEUTRAL</Data></Cell>
    <Cell><Data ss:Type="String">Precisamos desta posição, por favor desocupe. {INT_Cost}[influence/]</Data></Cell>
    <Cell ss:Index="6" ss:StyleID="s63"/>
   </Row>
   <Row ss:AutoFitHeight="0">
    <Cell><Data ss:Type="String">GROWTH_BUTTON</Data></Cell>
    <Cell><Data ss:Type="String">STACK_QUEST_NEUTRAL</Data></Cell>
    <Cell><Data ss:Type="String">Podemos ajudar em seus empreendimentos?</Data></Cell>
    <Cell ss:Index="6" ss:StyleID="s63"/>
   </Row>
   <Row ss:AutoFitHeight="0">
    <Cell><Data ss:Type="String">GROWTH_BUTTON</Data></Cell>
    <Cell><Data ss:Type="String">RELATION_WAR_NEUTRAL</Data></Cell>
    <Cell><Data ss:Type="String">Vamos ver essas flores murcharem.</Data></Cell>
    <Cell ss:Index="6" ss:StyleID="s63"/>
   </Row>
   <Row ss:AutoFitHeight="0">
    <Cell><Data ss:Type="String">GROWTH_BUTTON</Data></Cell>
    <Cell><Data ss:Type="String">ATTACK_NEUTRAL</Data></Cell>
    <Cell><Data ss:Type="String">Gostaríamos de falar com sua Mother Node.</Data></Cell>
    <Cell ss:StyleID="s64"/>
    <Cell ss:StyleID="s63"/>
    <Cell ss:StyleID="s63"/>
    <Cell ss:StyleID="s64"/>
   </Row>
   <Row ss:AutoFitHeight="0">
    <Cell><Data ss:Type="String">GROWTH_BUTTON</Data></Cell>
    <Cell><Data ss:Type="String">FIRST_MEET_RESPONSE_TAKE_QUEST_NEUTRAL</Data></Cell>
    <Cell><Data ss:Type="String">O que podemos fazer por você?</Data></Cell>
    <Cell ss:StyleID="s64"/>
    <Cell ss:StyleID="s63"/>
    <Cell ss:StyleID="s63"/>
    <Cell ss:StyleID="s64"/>
   </Row>
   <Row ss:AutoFitHeight="0">
    <Cell ss:StyleID="s64"><Data ss:Type="String">GROWTH_BUTTON</Data></Cell>
    <Cell ss:StyleID="s65"><Data ss:Type="String">CALL_TO_WAR_NEUTRAL</Data></Cell>
    <Cell ss:StyleID="s63"><Data ss:Type="String">Estamos buscando ajuda em nossos esforços de guerra.</Data></Cell>
   </Row>
   <Row ss:AutoFitHeight="0" ss:Height="30">
    <Cell ss:StyleID="s64"><Data ss:Type="String">GROWTH_BUTTON</Data></Cell>
    <Cell ss:StyleID="s65"><Data ss:Type="String">TRADE_NEUTRAL</Data></Cell>
    <Cell ss:StyleID="s63"><Data ss:Type="String">Buscamos comerciar com você, Growth.</Data></Cell>
    <Cell ss:Index="5"><Data ss:Type="String">Mother Node is the leader of the Growth.</Data></Cell>
   </Row>
   <Row ss:AutoFitHeight="0" ss:Height="75"/>
   <Row ss:AutoFitHeight="0" ss:Height="60">
    <Cell><Data ss:Type="String">RIVALRY_WARNING_GROWTH</Data></Cell>
    <Cell><Data ss:Type="String">DESCRIPTION</Data></Cell>
    <Cell><Data ss:Type="String">Simbionte {STR_LeaderName}, por que você auxilia os inimigos da Mother Node? Pedimos que pare de ajudar nossos adversários.</Data></Cell>
    <Cell ss:Index="5"><Data ss:Type="String">Symbiont is the name given to the player by the Growth, male or female.</Data></Cell>
   </Row>
   <Row ss:AutoFitHeight="0">
    <Cell><Data ss:Type="String">GROWTH_MESSAGE</Data></Cell>
    <Cell><Data ss:Type="String">FACTION_DECLARE_WAR</Data></Cell>
    <Cell><Data ss:Type="String">Seu fim está próximo, {STR_LeaderName}. O solo deste mundo será encharcado com o sangue do seu povo. Nossos cipós e espinhos, fortes e afiados, prontos para destruir seu império. Você já foi simbiótico, {STR_LeaderName}. Agora, é um inimigo do Growth. Sua aniquilação aguarda.</Data></Cell>
   </Row>
   <Row ss:AutoFitHeight="0">
    <Cell><Data ss:Type="String">GROWTH_MESSAGE</Data></Cell>
    <Cell><Data ss:Type="String">RELATION_RESET</Data></Cell>
    <Cell><Data ss:Type="String">A vontade de Sonriel sempre guiou a simbiose dos orgânicos, e os ciclos sempre se fecham. E assim é, que nosso relacionamento volta a ser nada mais do que um broto. Só podemos esperar que ele floresça novamente no futuro, Simbionte.</Data></Cell>
   </Row>
  </Table>
  <WorksheetOptions xmlns="urn:schemas-microsoft-com:office:excel">
   <Unsynced/>
   <Print>
    <ValidPrinterInfo/>
    <HorizontalResolution>600</HorizontalResolution>
    <VerticalResolution>600</VerticalResolution>
   </Print>
   <Zoom>115</Zoom>
   <Selected/>
   <TopRowVisible>22</TopRowVisible>
   <Panes>
    <Pane>
     <Number>3</Number>
     <ActiveRow>28</ActiveRow>
     <ActiveCol>1</ActiveCol>
    </Pane>
   </Panes>
   <ProtectObjects>False</ProtectObjects>
   <ProtectScenarios>False</ProtectScenarios>
  </WorksheetOptions>
 </Worksheet>
</Workbook>