<?xml version='1.0' encoding='UTF-8'?>
<?mso-application progid="Excel.Sheet"?><Workbook xmlns="urn:schemas-microsoft-com:office:spreadsheet" xmlns:o="urn:schemas-microsoft-com:office:office" xmlns:x="urn:schemas-microsoft-com:office:excel" xmlns:ss="urn:schemas-microsoft-com:office:spreadsheet" xmlns:html="http://www.w3.org/TR/REC-html40">
 <DocumentProperties xmlns="urn:schemas-microsoft-com:office:office">
  <LastAuthor>Benny Arents</LastAuthor>
  <LastSaved>2018-09-06T07:50:38Z</LastSaved>
  <Version>12.00</Version>
 </DocumentProperties>
 <OfficeDocumentSettings xmlns="urn:schemas-microsoft-com:office:office">
  <AllowPNG/>
 </OfficeDocumentSettings>
 <ExcelWorkbook xmlns="urn:schemas-microsoft-com:office:excel">
  <WindowHeight>18720</WindowHeight>
  <WindowWidth>10003</WindowWidth>
  <WindowTopX>32767</WindowTopX>
  <WindowTopY>32767</WindowTopY>
  <ProtectStructure>False</ProtectStructure>
  <ProtectWindows>False</ProtectWindows>
 </ExcelWorkbook>
 <Styles>
  <Style ss:ID="Default" ss:Name="Normal">
   <Alignment ss:Vertical="Bottom"/>
   <Borders/>
   <Font ss:FontName="Calibri" x:CharSet="1" x:Family="Swiss" ss:Size="11" ss:Color="#000000"/>
   <Interior/>
   <NumberFormat/>
   <Protection/>
  </Style>
  <Style ss:ID="s62">
   <Alignment ss:Vertical="Top" ss:WrapText="1"/>
  </Style>
 </Styles>
 <Worksheet ss:Name="Script">
  <Table ss:ExpandedColumnCount="6" ss:ExpandedRowCount="17" x:FullColumns="1" x:FullRows="1" ss:StyleID="s62" ss:DefaultColumnWidth="176.14285714285717" ss:DefaultRowHeight="15">
   <Column ss:StyleID="s62" ss:Width="144"/>
   <Column ss:StyleID="s62" ss:Width="99"/>
   <Column ss:StyleID="s62" ss:AutoFitWidth="0" ss:Width="272.14285714285711"/>
   <Column ss:StyleID="s62" ss:Width="147.85714285714283"/>
   <Column ss:Index="6" ss:StyleID="s62" ss:Width="120"/>
   <Row ss:AutoFitHeight="0" ss:Height="120">
    <Cell><Data ss:Type="String">DOMINATION_VICTORY</Data></Cell>
    <Cell ss:Index="5"><Data ss:Type="String">The DEV TEAM / MISC NOTES column contains info on what text between { } signs means (if applicable). It usually stands for either a numeric value, or a numeric value with an icon. Text between [ ] signs stands for a certain type of icon. </Data></Cell>
   </Row>
   <Row ss:AutoFitHeight="0">
    <Cell><Data ss:Type="String">SCENE ID</Data></Cell>
    <Cell><Data ss:Type="String">TEXT ID</Data></Cell>
    <Cell><Data ss:Type="String">ENGLISH STRING</Data></Cell>
    <Cell><Data ss:Type="String">ALTERNATIVE ENGLISH STRING</Data></Cell>
    <Cell><Data ss:Type="String">LOCALIZATION NOTES</Data></Cell>
    <Cell><Data ss:Type="String">DEV TEAM / MISC NOTES</Data></Cell>
   </Row>
   <Row ss:AutoFitHeight="0" ss:Height="105">
    <Cell ss:Index="5"><Data ss:Type="String">In the text below, text refers to a person that can either be male or female. If relevant for translation, please use the ‘localized string’ column for the male text and the ‘alternative localized string’ column for the female text.</Data></Cell>
   </Row>
   <Row ss:AutoFitHeight="0" ss:Height="45">
    <Cell><Data ss:Type="String">VICTORY_CONDITION</Data></Cell>
    <Cell><Data ss:Type="String">NAME</Data></Cell>
    <Cell><Data ss:Type="String">Dominação</Data></Cell>
    <Cell ss:Index="5"><Data ss:Type="String">The name of the victory condition (which is to dominate the planet by capturing all sectors)</Data></Cell>
   </Row>
   <Row ss:AutoFitHeight="0" ss:Height="75">
    <Cell><Data ss:Type="String">VICTORY_CONDITION</Data></Cell>
    <Cell><Data ss:Type="String">DESCRIPTION</Data></Cell>
    <Cell><Data ss:Type="String">Os jogadores podem vencer esta partida ao controlar um número definido de setores do planeta, que devem ser mantidos até que uma contagem regressiva seja concluída.</Data></Cell>
    <Cell ss:Index="5"><Data ss:Type="String">The description of the victory condition.</Data></Cell>
   </Row>
   <Row ss:AutoFitHeight="0" ss:Height="30">
    <Cell><Data ss:Type="String">OBJECTIVE</Data></Cell>
    <Cell><Data ss:Type="String">OCCUPY</Data></Cell>
    <Cell><Data ss:Type="String">Ocupar setores: {INT_Count} / {INT_Total}</Data></Cell>
   </Row>
   <Row ss:AutoFitHeight="0" ss:Height="30">
    <Cell><Data ss:Type="String">OBJECTIVE</Data></Cell>
    <Cell><Data ss:Type="String">HOLD</Data></Cell>
    <Cell><Data ss:Type="String">Manter setores: {INT_Count} / {INT_Total} [turn/]</Data></Cell>
   </Row>
   <Row ss:AutoFitHeight="0" ss:Height="45">
    <Cell><Data ss:Type="String">EVENT_SECTOR_PERCENTAGE</Data></Cell>
    <Cell><Data ss:Type="String">YOU</Data></Cell>
    <Cell><Data ss:Type="String">Você controla {INT_Percentage}% dos setores necessários para a vitória.</Data></Cell>
    <Cell ss:Index="5"><Data ss:Type="String">The text that appears in an event when you control certain percentage of sectors</Data></Cell>
   </Row>
   <Row ss:AutoFitHeight="0" ss:Height="150.75">
    <Cell><Data ss:Type="String">EVENT_SECTOR_PERCENTAGE</Data></Cell>
    <Cell><Data ss:Type="String">PLAYER</Data></Cell>
    <Cell><Data ss:Type="String">{STR_Player} controla {INT_Percentage}% dos setores necessários para a vitória.</Data></Cell>
    <Cell ss:Index="5"><Data ss:Type="String">RETRANSLATION NOTE: Previoulsy this said "All Sectors", now it refers only to the sectors that the player needs to get in order to fulfil the victory condition.</Data></Cell>
   </Row>
   <Row ss:AutoFitHeight="0" ss:Height="45">
    <Cell><Data ss:Type="String">EVENT_FINAL_STAGE_ENTER</Data></Cell>
    <Cell><Data ss:Type="String">YOU</Data></Cell>
    <Cell><Data ss:Type="String">Você entrou na fase final</Data></Cell>
    <Cell ss:Index="5"><Data ss:Type="String">The text that appears in an event when you enter the final stage of the domination victory</Data></Cell>
   </Row>
   <Row ss:AutoFitHeight="0" ss:Height="45">
    <Cell><Data ss:Type="String">EVENT_FINAL_STAGE_ENTER</Data></Cell>
    <Cell><Data ss:Type="String">PLAYER</Data></Cell>
    <Cell><Data ss:Type="String">{STR_Player} entrou na fase final</Data></Cell>
    <Cell ss:Index="5"><Data ss:Type="String">The text that appears in an event when a player enters the final stage of the domination victory</Data></Cell>
   </Row>
   <Row ss:AutoFitHeight="0" ss:Height="45">
    <Cell><Data ss:Type="String">EVENT_FINAL_STAGE_LEAVE</Data></Cell>
    <Cell><Data ss:Type="String">YOU</Data></Cell>
    <Cell><Data ss:Type="String">Você saiu da fase final</Data></Cell>
    <Cell ss:Index="5"><Data ss:Type="String">The text that appears in an event when you leave the final stage of the domination victory</Data></Cell>
   </Row>
   <Row ss:AutoFitHeight="0" ss:Height="45">
    <Cell><Data ss:Type="String">EVENT_FINAL_STAGE_LEAVE</Data></Cell>
    <Cell><Data ss:Type="String">PLAYER</Data></Cell>
    <Cell><Data ss:Type="String">{STR_Player} saiu da fase final</Data></Cell>
    <Cell ss:Index="5"><Data ss:Type="String">The text that appears in an event when a player leaves the final stage of the domination victory</Data></Cell>
   </Row>
   <Row ss:AutoFitHeight="0" ss:Height="45">
    <Cell><Data ss:Type="String">EVENT_FINAL_STAGE_TICK</Data></Cell>
    <Cell><Data ss:Type="String">YOU</Data></Cell>
    <Cell><Data ss:Type="String">Vitória em {INT_Turns}[turn/]</Data></Cell>
    <Cell ss:Index="5"><Data ss:Type="String">The text that appears when you get closer to the domination victory while in final stage</Data></Cell>
   </Row>
   <Row ss:AutoFitHeight="0" ss:Height="45">
    <Cell><Data ss:Type="String">EVENT_FINAL_STAGE_TICK</Data></Cell>
    <Cell><Data ss:Type="String">PLAYER</Data></Cell>
    <Cell><Data ss:Type="String">{STR_Player} é vitorioso em {INT_Turns}[turn/]</Data></Cell>
    <Cell ss:Index="5"><Data ss:Type="String">The text that appears when a player gets closer to the domination victory while in final stage</Data></Cell>
   </Row>
   <Row ss:AutoFitHeight="0" ss:Height="75">
    <Cell><Data ss:Type="String">EVENT_FINAL_STAGE_TICK</Data></Cell>
    <Cell><Data ss:Type="String">DEFEAT_OPPONENT</Data></Cell>
    <Cell><Data ss:Type="String">Para cancelar a vitória iminente de {STR_Player}, você precisa capturar {INT_Count} dos {INT_Total} setores deles.</Data></Cell>
   </Row>
   <Row ss:AutoFitHeight="0" ss:Height="30">
    <Cell><Data ss:Type="String">EVENT_FINAL_STAGE_TICK</Data></Cell>
    <Cell><Data ss:Type="String">ALLY</Data></Cell>
    <Cell><Data ss:Type="String">Para proteger a vitória aliada, você precisa ajudar {STR_Player} a defender seus setores.</Data></Cell>
   </Row>
  </Table>
  <WorksheetOptions xmlns="urn:schemas-microsoft-com:office:excel">
   <Unsynced/>
   <Print>
    <ValidPrinterInfo/>
    <HorizontalResolution>600</HorizontalResolution>
    <VerticalResolution>600</VerticalResolution>
   </Print>
   <Selected/>
   <Panes>
    <Pane>
     <Number>3</Number>
     <ActiveRow>8</ActiveRow>
     <ActiveCol>4</ActiveCol>
    </Pane>
   </Panes>
   <ProtectObjects>False</ProtectObjects>
   <ProtectScenarios>False</ProtectScenarios>
  </WorksheetOptions>
 </Worksheet>
</Workbook>