<?xml version='1.0' encoding='UTF-8'?>
<?mso-application progid="Excel.Sheet"?><Workbook xmlns="urn:schemas-microsoft-com:office:spreadsheet" xmlns:o="urn:schemas-microsoft-com:office:office" xmlns:x="urn:schemas-microsoft-com:office:excel" xmlns:ss="urn:schemas-microsoft-com:office:spreadsheet" xmlns:html="http://www.w3.org/TR/REC-html40">
 <DocumentProperties xmlns="urn:schemas-microsoft-com:office:office">
  <LastAuthor>Glenn Smits</LastAuthor>
  <LastSaved>2019-05-13T08:14:19Z</LastSaved>
  <Version>15.00</Version>
 </DocumentProperties>
 <OfficeDocumentSettings xmlns="urn:schemas-microsoft-com:office:office">
  <AllowPNG/>
 </OfficeDocumentSettings>
 <ExcelWorkbook xmlns="urn:schemas-microsoft-com:office:excel">
  <WindowHeight>11985</WindowHeight>
  <WindowWidth>25200</WindowWidth>
  <WindowTopX>0</WindowTopX>
  <WindowTopY>0</WindowTopY>
  <ProtectStructure>False</ProtectStructure>
  <ProtectWindows>False</ProtectWindows>
 </ExcelWorkbook>
 <Styles>
  <Style ss:ID="Default" ss:Name="Normal">
   <Alignment ss:Vertical="Bottom"/>
   <Borders/>
   <Font ss:FontName="Calibri" x:Family="Swiss" ss:Size="11" ss:Color="#000000"/>
   <Interior/>
   <NumberFormat/>
   <Protection/>
  </Style>
  <Style ss:ID="s62">
   <Alignment ss:Vertical="Top" ss:WrapText="1"/>
  </Style>
  <Style ss:ID="s63">
   <Alignment ss:Vertical="Top" ss:WrapText="1"/>
   <Font ss:FontName="Calibri" x:Family="Swiss" ss:Size="11" ss:Color="#FF6600" ss:Bold="1"/>
  </Style>
 </Styles>
 <Worksheet ss:Name="Script">
  <Table ss:ExpandedColumnCount="9" ss:ExpandedRowCount="50" x:FullColumns="1" x:FullRows="1" ss:StyleID="s62" ss:DefaultColumnWidth="299.25" ss:DefaultRowHeight="15">
   <Column ss:StyleID="s62" ss:Width="219"/>
   <Column ss:StyleID="s62" ss:Width="209.25"/>
   <Column ss:StyleID="s62" ss:Width="298.5"/>
   <Column ss:StyleID="s62" ss:Width="147.75"/>
   <Column ss:StyleID="s62" ss:Width="297.75"/>
   <Column ss:StyleID="s62" ss:Width="120"/>
   <Column ss:StyleID="s62" ss:AutoFitWidth="0" ss:Width="298.5"/>
   <Row ss:AutoFitHeight="0" ss:Height="90">
    <Cell><Data ss:Type="String">MILITARYINDUSTRIALCOMPLEX_TECHGROUPS</Data></Cell>
    <Cell ss:Index="5"><Data ss:Type="String">Anything between straight brackets - i.e. [ ] - is a formatting tag. Do not change these tags and keep them in the same relative position in the text. Anything between curly brackets - i.e. { } - is a place where text or numbers will be inserted by the game. Do not change the tag, but feel free to change its position in the text to suit the localized text.</Data></Cell>
   </Row>
   <Row ss:AutoFitHeight="0">
    <Cell><Data ss:Type="String">SCENE ID</Data></Cell>
    <Cell><Data ss:Type="String">TEXT ID</Data></Cell>
    <Cell><Data ss:Type="String">ENGLISH STRING</Data></Cell>
    <Cell><Data ss:Type="String">ALTERNATIVE ENGLISH STRING</Data></Cell>
    <Cell><Data ss:Type="String">LOCALIZATION NOTES</Data></Cell>
    <Cell><Data ss:Type="String">DEV TEAM / MISC NOTES</Data></Cell>
   </Row>
   <Row ss:AutoFitHeight="0">
    <Cell><Data ss:Type="String">TECH_TREE</Data></Cell>
    <Cell><Data ss:Type="String">SKILLGROUP_3_FORCES_NAME</Data></Cell>
    <Cell><Data ss:Type="String">Divisão Aérea</Data></Cell>
   </Row>
   <Row ss:AutoFitHeight="0" ss:Height="75">
    <Cell><Data ss:Type="String">TECH_TREE</Data></Cell>
    <Cell><Data ss:Type="String">SKILLGROUP_3_FORCES_DESCRIPTION</Data></Cell>
    <Cell><Data ss:Type="String">“Por que os pilotos só usam o abalroamento quando suas naves estão completamente avariadas? Não há nada de heroico em suicídio. Foi então que percebi: por que não utilizar a inércia da massa de um veículo como arma principal? Preparem-se para a velocidade de abalroamento!”[br/]– Yakov Ukanich, Diretor da Ramjet Guild</Data></Cell>
    <Cell ss:Index="5"><Data ss:Type="String">Male</Data></Cell>
    <Cell><Data ss:Type="String">V.O.: Dvar Male

Edit: period in first sentence changed to question mark</Data></Cell>
   </Row>
   <Row ss:AutoFitHeight="0">
    <Cell><Data ss:Type="String">TECH_TREE</Data></Cell>
    <Cell><Data ss:Type="String">SKILLGROUP_3_FORCES_SUBSKILL_1</Data></Cell>
    <Cell><Data ss:Type="String">Unidade: Ramjet</Data></Cell>
   </Row>
   <Row ss:AutoFitHeight="0">
    <Cell><Data ss:Type="String">TECH_TREE</Data></Cell>
    <Cell><Data ss:Type="String">SKILLGROUP_3_FORCES_SUBSKILL_2</Data></Cell>
    <Cell><Data ss:Type="String">Veículo: Ramjet</Data></Cell>
   </Row>
   <Row ss:AutoFitHeight="0">
    <Cell><Data ss:Type="String">TECH_TREE</Data></Cell>
    <Cell><Data ss:Type="String">SKILLGROUP_4_FORCES_NAME</Data></Cell>
    <Cell><Data ss:Type="String">Divisão Nobre</Data></Cell>
   </Row>
   <Row ss:AutoFitHeight="0" ss:Height="60">
    <Cell><Data ss:Type="String">TECH_TREE</Data></Cell>
    <Cell><Data ss:Type="String">SKILLGROUP_4_FORCES_DESCRIPTION</Data></Cell>
    <Cell><Data ss:Type="String">“Não consigo pensar em lugar melhor para a realeza rica e privilegiada do que na linha de frente do campo de batalha. Viver ou morrer, apenas os mais fortes são dignos de liderar os Dvar.”[br/]– Lady Ivy Vladov, Heroína de Guerra Dvartiana</Data></Cell>
    <Cell ss:Index="5"><Data ss:Type="String">Female</Data></Cell>
    <Cell><Data ss:Type="String">V.O.: Dvar Female</Data></Cell>
   </Row>
   <Row ss:AutoFitHeight="0">
    <Cell><Data ss:Type="String">TECH_TREE</Data></Cell>
    <Cell><Data ss:Type="String">SKILLGROUP_4_FORCES_SUBSKILL_1</Data></Cell>
    <Cell><Data ss:Type="String">Unidade: Baron</Data></Cell>
   </Row>
   <Row ss:AutoFitHeight="0">
    <Cell><Data ss:Type="String">TECH_TREE</Data></Cell>
    <Cell><Data ss:Type="String">SKILLGROUP_4_FORCES_SUBSKILL_2</Data></Cell>
    <Cell><Data ss:Type="String">Veículo: Baron</Data></Cell>
   </Row>
   <Row ss:AutoFitHeight="0">
    <Cell><Data ss:Type="String">TECH_TREE</Data></Cell>
    <Cell><Data ss:Type="String">SKILLGROUP_4_FORCES_SUBSKILL_3</Data></Cell>
    <Cell><Data ss:Type="String">Equipamento: Canhão Rotativo</Data></Cell>
   </Row>
   <Row ss:AutoFitHeight="0" ss:Height="30">
    <Cell><Data ss:Type="String">TECH_TREE</Data></Cell>
    <Cell><Data ss:Type="String">SKILLGROUP_5_FORCES_NAME</Data></Cell>
    <Cell><Data ss:Type="String">Divisão Dreadnought</Data></Cell>
    <Cell ss:Index="6"><Data ss:Type="String">Edit: Dreadnaught -&gt; Dreadnought</Data></Cell>
   </Row>
   <Row ss:AutoFitHeight="0" ss:Height="45">
    <Cell><Data ss:Type="String">TECH_TREE</Data></Cell>
    <Cell><Data ss:Type="String">SKILLGROUP_5_FORCES_DESCRIPTION</Data></Cell>
    <Cell><Data ss:Type="String">“Para ser sincero, ainda não consigo acreditar que conseguimos fazer tanta blindagem e armamento flutuarem!”[br/]– Marzi Dvarwood, Engenheira-Chefe de Comando Naval</Data></Cell>
    <Cell ss:Index="5"><Data ss:Type="String">Male</Data></Cell>
    <Cell><Data ss:Type="String">V.O.: Dvar Male</Data></Cell>
   </Row>
   <Row ss:AutoFitHeight="0">
    <Cell><Data ss:Type="String">TECH_TREE</Data></Cell>
    <Cell><Data ss:Type="String">SKILLGROUP_5_FORCES_SUBSKILL_1</Data></Cell>
    <Cell><Data ss:Type="String">Unidade: Dreadnought</Data></Cell>
   </Row>
   <Row ss:AutoFitHeight="0">
    <Cell><Data ss:Type="String">TECH_TREE</Data></Cell>
    <Cell><Data ss:Type="String">SKILLGROUP_6_FORCES_NAME</Data></Cell>
    <Cell><Data ss:Type="String">Divisão de Artilharia</Data></Cell>
   </Row>
   <Row ss:AutoFitHeight="0" ss:Height="60">
    <Cell><Data ss:Type="String">TECH_TREE</Data></Cell>
    <Cell><Data ss:Type="String">SKILLGROUP_6_FORCES_DESCRIPTION</Data></Cell>
    <Cell><Data ss:Type="String">“Existe uma senhora robusta cuja voz é trovão. Quando ela canta, o chão treme. Sua voz rouca e estrondosa sinaliza que o fim chegou. Dizemos o mesmo sobre nossa artilharia.”[br/]– Bardic Kaichiv, Mestre de Lendas Dvar</Data></Cell>
    <Cell ss:Index="5"><Data ss:Type="String">Male</Data></Cell>
    <Cell><Data ss:Type="String">V.O.: Dvar Male

Edit: removed space before last comma</Data></Cell>
   </Row>
   <Row ss:AutoFitHeight="0">
    <Cell><Data ss:Type="String">TECH_TREE</Data></Cell>
    <Cell><Data ss:Type="String">SKILLGROUP_6_FORCES_SUBSKILL_1</Data></Cell>
    <Cell><Data ss:Type="String">Unidade: Artilharia de Foguetes</Data></Cell>
   </Row>
   <Row ss:AutoFitHeight="0">
    <Cell><Data ss:Type="String">TECH_TREE</Data></Cell>
    <Cell><Data ss:Type="String">SKILLGROUP_7_FORCES_NAME</Data></Cell>
    <Cell><Data ss:Type="String">Supremacia Sísmica</Data></Cell>
   </Row>
   <Row ss:AutoFitHeight="0" ss:Height="75">
    <Cell><Data ss:Type="String">TECH_TREE</Data></Cell>
    <Cell><Data ss:Type="String">SKILLGROUP_7_FORCES_DESCRIPTION</Data></Cell>
    <Cell><Data ss:Type="String">“Nossa nova máquina extrai todos os recursos da terra, deixando o solo estéril. É claro que nossos inimigos farão de tudo para nos impedir de obter essas riquezas. É por isso que o Escavador é coberto de armas e blindagem.”[br/]– Zhanna Tserber, Membro do Conselho Adamant</Data></Cell>
    <Cell ss:Index="5"><Data ss:Type="String">Female</Data></Cell>
    <Cell><Data ss:Type="String">V.O.: Dvar Female

Edit: removed extra space before "Zhanna"</Data></Cell>
   </Row>
   <Row ss:AutoFitHeight="0">
    <Cell><Data ss:Type="String">TECH_TREE</Data></Cell>
    <Cell><Data ss:Type="String">SKILLGROUP_7_FORCES_SUBSKILL_1</Data></Cell>
    <Cell><Data ss:Type="String">Unidade: Esmagador de Terra</Data></Cell>
   </Row>
   <Row ss:AutoFitHeight="0">
    <Cell><Data ss:Type="String">TECH_TREE</Data></Cell>
    <Cell><Data ss:Type="String">SKILLGROUP_8_FORCES_NAME</Data></Cell>
    <Cell><Data ss:Type="String">Divisão Couraçada</Data></Cell>
   </Row>
   <Row ss:AutoFitHeight="0" ss:Height="45">
    <Cell><Data ss:Type="String">TECH_TREE</Data></Cell>
    <Cell><Data ss:Type="String">SKILLGROUP_8_FORCES_DESCRIPTION</Data></Cell>
    <Cell><Data ss:Type="String">“Não tema a água. Você não se afoga ao cair nela. Você se afoga por não subir à superfície.”[br/]– Rock Chagrov, Pugilista Naval</Data></Cell>
    <Cell ss:Index="5"><Data ss:Type="String">Male</Data></Cell>
    <Cell><Data ss:Type="String">V.O.: Dvar Male</Data></Cell>
   </Row>
   <Row ss:AutoFitHeight="0">
    <Cell><Data ss:Type="String">TECH_TREE</Data></Cell>
    <Cell><Data ss:Type="String">SKILLGROUP_8_FORCES_SUBSKILL_1</Data></Cell>
    <Cell><Data ss:Type="String">Unidade: Couraçado</Data></Cell>
   </Row>
   <Row ss:AutoFitHeight="0">
    <Cell><Data ss:Type="String">TECH_TREE</Data></Cell>
    <Cell><Data ss:Type="String">SKILLGROUP_9_FORCES_NAME</Data></Cell>
    <Cell><Data ss:Type="String">Divisão de Escavações</Data></Cell>
   </Row>
   <Row ss:AutoFitHeight="0" ss:Height="30">
    <Cell><Data ss:Type="String">TECH_TREE</Data></Cell>
    <Cell><Data ss:Type="String">SKILLGROUP_9_FORCES_DESCRIPTION</Data></Cell>
    <Cell><Data ss:Type="String">“Se dependesse de mim, todos os veículos Dvar seriam algum tipo de tanque.”[br/]– Skuld Orvik, Contrabandista de Armas</Data></Cell>
    <Cell ss:Index="5"><Data ss:Type="String">Male</Data></Cell>
    <Cell><Data ss:Type="String">V.O.: Dvar Male</Data></Cell>
   </Row>
   <Row ss:AutoFitHeight="0">
    <Cell><Data ss:Type="String">TECH_TREE</Data></Cell>
    <Cell><Data ss:Type="String">SKILLGROUP_9_FORCES_SUBSKILL_1</Data></Cell>
    <Cell><Data ss:Type="String">Unidade: Tanque Escavador</Data></Cell>
   </Row>
   <Row ss:AutoFitHeight="0">
    <Cell><Data ss:Type="String">TECH_TREE</Data></Cell>
    <Cell><Data ss:Type="String">SKILLGROUP_9_FORCES_SUBSKILL_2</Data></Cell>
    <Cell><Data ss:Type="String">Veículo: Tanque Escavador</Data></Cell>
   </Row>
   <Row ss:AutoFitHeight="0">
    <Cell><Data ss:Type="String">TECH_TREE</Data></Cell>
    <Cell><Data ss:Type="String">SKILLGROUP_2_TACTICAL_NAME</Data></Cell>
    <Cell><Data ss:Type="String">Segurança Perimetral</Data></Cell>
   </Row>
   <Row ss:AutoFitHeight="0" ss:Height="75">
    <Cell><Data ss:Type="String">TECH_TREE</Data></Cell>
    <Cell><Data ss:Type="String">SKILLGROUP_2_TACTICAL_DESCRIPTION</Data></Cell>
    <Cell><Data ss:Type="String">“A mera existência de fortificações ou blindagem muitas vezes é suficiente para evitar um ataque. Força preciosa pode então ser poupada para medidas ofensivas produtivas.”[br/]– Diretor de Construção Radov Mog, Empresa Rumble Barricades</Data></Cell>
    <Cell ss:Index="5"><Data ss:Type="String">Male</Data></Cell>
    <Cell><Data ss:Type="String">V.O.: Dvar Male</Data></Cell>
   </Row>
   <Row ss:AutoFitHeight="0">
    <Cell><Data ss:Type="String">TECH_TREE</Data></Cell>
    <Cell><Data ss:Type="String">SKILLGROUP_2_1_STRATEGIC_NAME</Data></Cell>
    <Cell><Data ss:Type="String">Detonação Profunda</Data></Cell>
   </Row>
   <Row ss:AutoFitHeight="0" ss:Height="30">
    <Cell><Data ss:Type="String">TECH_TREE</Data></Cell>
    <Cell><Data ss:Type="String">SKILLGROUP_2_1_STRATEGIC_DESCRIPTION</Data></Cell>
    <Cell><Data ss:Type="String">“É mais fácil mover montanhas do que mudar os costumes de uma esposa Dvar.”[br/]– Jegger Flan, Líder da Guilda dos Túneis</Data></Cell>
    <Cell ss:Index="5"><Data ss:Type="String">Male</Data></Cell>
    <Cell><Data ss:Type="String">V.O.: Dvar Male</Data></Cell>
   </Row>
   <Row ss:AutoFitHeight="0">
    <Cell><Data ss:Type="String">TECH_TREE</Data></Cell>
    <Cell><Data ss:Type="String">SKILLGROUP_2_2_STRATEGIC_NAME</Data></Cell>
    <Cell><Data ss:Type="String">Mão de Obra</Data></Cell>
   </Row>
   <Row ss:AutoFitHeight="0" ss:Height="60">
    <Cell><Data ss:Type="String">TECH_TREE</Data></Cell>
    <Cell><Data ss:Type="String">SKILLGROUP_2_2_STRATEGIC_DESCRIPTION</Data></Cell>
    <Cell><Data ss:Type="String">“Seja dos trabalhadores ou do próprio núcleo deste planeta, uma verdade universal é: sempre podemos extrair mais. Basta ter um coração de aço inquebrável.”[br/]– Lorde Dvar Tog Nugget</Data></Cell>
    <Cell ss:Index="5"><Data ss:Type="String">Male</Data></Cell>
    <Cell><Data ss:Type="String">V.O.: Dvar Male
Deleted a "-" before Dvar Lord Tog Nugget </Data></Cell>
   </Row>
   <Row ss:AutoFitHeight="0">
    <Cell><Data ss:Type="String">TECH_TREE</Data></Cell>
    <Cell><Data ss:Type="String">SKILLGROUP_3_TACTICAL_NAME</Data></Cell>
    <Cell><Data ss:Type="String">Atualizações D-VR Mark IV</Data></Cell>
   </Row>
   <Row ss:AutoFitHeight="0" ss:Height="45">
    <Cell><Data ss:Type="String">TECH_TREE</Data></Cell>
    <Cell><Data ss:Type="String">SKILLGROUP_3_TACTICAL_DESCRIPTION</Data></Cell>
    <Cell><Data ss:Type="String">“Eu levo um tiro por você. Bom, quero dizer, se eu estiver usando armadura fortificada e detectores de tiros.”[br/]– Lady Ivy Vladov, Heroína de Guerra Dvar</Data></Cell>
    <Cell ss:Index="5"><Data ss:Type="String">Female</Data></Cell>
    <Cell><Data ss:Type="String">V.O.: Dvar Female

Edit: Dvartian -&gt; Dvar</Data></Cell>
   </Row>
   <Row ss:AutoFitHeight="0">
    <Cell><Data ss:Type="String">TECH_TREE</Data></Cell>
    <Cell><Data ss:Type="String">SKILLGROUP_3_STRATEGIC_NAME</Data></Cell>
    <Cell><Data ss:Type="String">Engenharia Superior</Data></Cell>
   </Row>
   <Row ss:AutoFitHeight="0" ss:Height="45">
    <Cell><Data ss:Type="String">TECH_TREE</Data></Cell>
    <Cell><Data ss:Type="String">SKILLGROUP_3_STRATEGIC_DESCRIPTION</Data></Cell>
    <Cell><Data ss:Type="String">“A maior conquista da sociedade Dvar é construir algo de valor duradouro e permanência.”[br/]– Torek Norr, Arquiteto de Muralhas</Data></Cell>
    <Cell ss:Index="5"><Data ss:Type="String">Male</Data></Cell>
    <Cell><Data ss:Type="String">V.O.: Dvar Male</Data></Cell>
   </Row>
   <Row ss:AutoFitHeight="0">
    <Cell><Data ss:Type="String">TECH_TREE</Data></Cell>
    <Cell><Data ss:Type="String">SKILLGROUP_4_TACTICAL_NAME</Data></Cell>
    <Cell><Data ss:Type="String">Gerenciamento de Riscos</Data></Cell>
   </Row>
   <Row ss:AutoFitHeight="0" ss:Height="90">
    <Cell><Data ss:Type="String">TECH_TREE</Data></Cell>
    <Cell><Data ss:Type="String">SKILLGROUP_4_TACTICAL_DESCRIPTION</Data></Cell>
    <Cell><Data ss:Type="String">“Nenhum traje de blindagem é perfeito, mas usando nossa nova Estrutura de Gerenciamento de Riscos, identificamos as partes mais propensas a falhas e as aprimoramos. Aguardamos ansiosamente para ver como nossas melhorias expuseram novos pontos de falha.”[br/]– Unoch Likitostitch, Diretor de Projetos de Pesquisa Dvar</Data></Cell>
    <Cell ss:Index="5"><Data ss:Type="String">Male</Data></Cell>
    <Cell><Data ss:Type="String">V.O.: Dvar Male

Edit: Dvartian -&gt; Dvar</Data></Cell>
    <Cell ss:Index="9" ss:StyleID="s63"/>
   </Row>
   <Row ss:AutoFitHeight="0" ss:Height="90">
    <Cell><Data ss:Type="String">TECH_TREE</Data></Cell>
    <Cell><Data ss:Type="String">SKILLGROUP_4_TACTICAL_SUBSKILL_3</Data></Cell>
    <Cell><Data ss:Type="String">Veículo: Engenheiro de Combate</Data></Cell>
    <Cell ss:Index="9" ss:StyleID="s63"/>
   </Row>
   <Row ss:AutoFitHeight="0">
    <Cell><Data ss:Type="String">TECH_TREE</Data></Cell>
    <Cell><Data ss:Type="String">SKILLGROUP_5_TACTICAL_NAME</Data></Cell>
    <Cell><Data ss:Type="String">Trajes DV-R Avançados</Data></Cell>
   </Row>
   <Row ss:AutoFitHeight="0" ss:Height="60">
    <Cell><Data ss:Type="String">TECH_TREE</Data></Cell>
    <Cell><Data ss:Type="String">SKILLGROUP_5_TACTICAL_DESCRIPTION</Data></Cell>
    <Cell><Data ss:Type="String">“Há momentos em que a melhor maneira de resolver um problema é socá-lo na cara… com uma frigideira de aço maciço… impulsionada pela força de uma explosão contida. É assim que os pistões funcionam.”[br/]– Brenna Illich, Primeira Esposa do Lorde Dvar Tog Nugget</Data></Cell>
    <Cell ss:Index="5"><Data ss:Type="String">Female</Data></Cell>
    <Cell><Data ss:Type="String">V.O.: Dvar Female</Data></Cell>
   </Row>
   <Row ss:AutoFitHeight="0">
    <Cell><Data ss:Type="String">TECH_TREE</Data></Cell>
    <Cell><Data ss:Type="String">SKILLGROUP_5_STRATEGIC_NAME</Data></Cell>
    <Cell><Data ss:Type="String">Campanha de Exploração</Data></Cell>
   </Row>
   <Row ss:AutoFitHeight="0" ss:Height="90">
    <Cell><Data ss:Type="String">TECH_TREE</Data></Cell>
    <Cell><Data ss:Type="String">SKILLGROUP_5_STRATEGIC_DESCRIPTION</Data></Cell>
    <Cell><Data ss:Type="String">“Por favor, não se alarmem se pedirmos que abandonem suas terras nativas. Não é nada pessoal. Nossa tecnologia foi especificamente criada para se adequar aos Dvar. Nossa fisiologia simplesmente não combina com a de vocês, e vocês não estão otimizados para gerar os lucros que nosso Império exige.”[br/]– Prakova Petrovik, Gerente de Segurança da Produtividade</Data></Cell>
    <Cell ss:Index="5"><Data ss:Type="String">Female</Data></Cell>
    <Cell><Data ss:Type="String">V.O.: Dvar Female</Data></Cell>
   </Row>
   <Row ss:AutoFitHeight="0">
    <Cell><Data ss:Type="String">TECH_TREE</Data></Cell>
    <Cell><Data ss:Type="String">SKILLGROUP_7_STRATEGIC_NAME</Data></Cell>
    <Cell><Data ss:Type="String">Geração do Cataclismo</Data></Cell>
   </Row>
   <Row ss:AutoFitHeight="0" ss:Height="60">
    <Cell><Data ss:Type="String">TECH_TREE</Data></Cell>
    <Cell><Data ss:Type="String">SKILLGROUP_7_STRATEGIC_DESCRIPTION</Data></Cell>
    <Cell><Data ss:Type="String">“Nosso talento para minerar abaixo da superfície do planeta cria uma oportunidade única para a destruição. Agora conhecemos os pontos mais fracos de cada pedaço de terra. Hora de desencadear um cataclismo.”[br/]– Lorde Dvar Tog Nugget</Data></Cell>
    <Cell ss:Index="5"><Data ss:Type="String">Male</Data></Cell>
    <Cell><Data ss:Type="String">V.O.: Dvar Male</Data></Cell>
   </Row>
   <Row ss:AutoFitHeight="0">
    <Cell><Data ss:Type="String">TECH_TREE</Data></Cell>
    <Cell><Data ss:Type="String">SKILLGROUP_7_TACTICAL_NAME</Data></Cell>
    <Cell><Data ss:Type="String">Eficiência Máxima</Data></Cell>
   </Row>
   <Row ss:AutoFitHeight="0" ss:Height="60">
    <Cell><Data ss:Type="String">TECH_TREE</Data></Cell>
    <Cell><Data ss:Type="String">SKILLGROUP_7_TACTICAL_DESCRIPTION</Data></Cell>
    <Cell><Data ss:Type="String">“No exército Dvar, supondo que sobreviva tempo suficiente para se tornar Capitão, os adornos desse posto realmente não são necessários. Ainda assim, é sempre bom ser reconhecido.”[br/]– Capitão Darb Sonk, Comandante da Divisão de Artilharia</Data></Cell>
    <Cell ss:Index="5"><Data ss:Type="String">Male</Data></Cell>
    <Cell><Data ss:Type="String">V.O.: Dvar Male</Data></Cell>
   </Row>
   <Row ss:AutoFitHeight="0">
    <Cell><Data ss:Type="String">TECH_TREE</Data></Cell>
    <Cell><Data ss:Type="String">SKILLGROUP_9_STRATEGIC_NAME</Data></Cell>
    <Cell><Data ss:Type="String">Oligarquia Planetária</Data></Cell>
   </Row>
   <Row ss:AutoFitHeight="0" ss:Height="75">
    <Cell><Data ss:Type="String">TECH_TREE</Data></Cell>
    <Cell><Data ss:Type="String">SKILLGROUP_9_STRATEGIC_DESCRIPTION</Data></Cell>
    <Cell><Data ss:Type="String">“Somos bons na guerra. Lucramos com ela. Dominamos no campo de batalha. Devemos abraçar nossos dons e desenvolver essa força. Meu único medo é que fiquemos sem inimigos e não reste ninguém para lutar além de nós mesmos.”[br/]– Zhanna Tserber, membro do Conselho Adamant</Data></Cell>
    <Cell ss:Index="5"><Data ss:Type="String">Female</Data></Cell>
    <Cell><Data ss:Type="String">V.O.: Dvar Female</Data></Cell>
   </Row>
  </Table>
  <WorksheetOptions xmlns="urn:schemas-microsoft-com:office:excel">
   <Unsynced/>
   <Print>
    <ValidPrinterInfo/>
    <HorizontalResolution>600</HorizontalResolution>
    <VerticalResolution>600</VerticalResolution>
   </Print>
   <Zoom>115</Zoom>
   <Selected/>
   <TopRowVisible>36</TopRowVisible>
   <Panes>
    <Pane>
     <Number>3</Number>
     <ActiveRow>40</ActiveRow>
     <ActiveCol>2</ActiveCol>
    </Pane>
   </Panes>
   <ProtectObjects>False</ProtectObjects>
   <ProtectScenarios>False</ProtectScenarios>
  </WorksheetOptions>
 </Worksheet>
</Workbook>