<?xml version='1.0' encoding='UTF-8'?>
<?mso-application progid="Excel.Sheet"?><Workbook xmlns="urn:schemas-microsoft-com:office:spreadsheet" xmlns:o="urn:schemas-microsoft-com:office:office" xmlns:x="urn:schemas-microsoft-com:office:excel" xmlns:ss="urn:schemas-microsoft-com:office:spreadsheet" xmlns:html="http://www.w3.org/TR/REC-html40">
 <DocumentProperties xmlns="urn:schemas-microsoft-com:office:office">
  <LastAuthor>Djurre van Dijk</LastAuthor>
  <LastSaved>2019-03-22T16:21:07Z</LastSaved>
  <Version>15.00</Version>
 </DocumentProperties>
 <OfficeDocumentSettings xmlns="urn:schemas-microsoft-com:office:office">
  <AllowPNG/>
 </OfficeDocumentSettings>
 <ExcelWorkbook xmlns="urn:schemas-microsoft-com:office:excel">
  <WindowHeight>17835</WindowHeight>
  <WindowWidth>-27136</WindowWidth>
  <WindowTopX>0</WindowTopX>
  <WindowTopY>0</WindowTopY>
  <ProtectStructure>False</ProtectStructure>
  <ProtectWindows>False</ProtectWindows>
 </ExcelWorkbook>
 <Styles>
  <Style ss:ID="Default" ss:Name="Normal">
   <Alignment ss:Vertical="Bottom"/>
   <Borders/>
   <Font ss:FontName="Calibri" x:CharSet="1" x:Family="Swiss" ss:Size="11" ss:Color="#000000"/>
   <Interior/>
   <NumberFormat/>
   <Protection/>
  </Style>
  <Style ss:ID="s62">
   <Alignment ss:Vertical="Top" ss:WrapText="1"/>
  </Style>
  <Style ss:ID="s63">
   <Alignment ss:Vertical="Top" ss:WrapText="1"/>
   <Font ss:FontName="Calibri" x:Family="Swiss" ss:Size="11" ss:Color="#000000"/>
  </Style>
  <Style ss:ID="s64">
   <Alignment ss:Vertical="Top" ss:WrapText="1"/>
   <Borders/>
   <Font ss:FontName="Calibri" x:CharSet="1" x:Family="Swiss" ss:Size="11" ss:Color="#000000"/>
   <Interior/>
   <NumberFormat/>
   <Protection/>
  </Style>
  <Style ss:ID="s65">
   <Alignment ss:Vertical="Top" ss:WrapText="1"/>
   <Borders/>
   <Interior/>
   <NumberFormat/>
   <Protection/>
  </Style>
  <Style ss:ID="s66">
   <Alignment ss:Vertical="Top" ss:WrapText="1"/>
   <Interior/>
  </Style>
  <Style ss:ID="s67">
   <Font ss:FontName="Calibri" x:Family="Swiss" ss:Size="12" ss:Color="#000000"/>
  </Style>
  <Style ss:ID="s68">
   <Font ss:FontName="Calibri" x:Family="Swiss" ss:Size="11" ss:Color="#000000"/>
  </Style>
 </Styles>
 <Worksheet ss:Name="Script">
  <Table ss:ExpandedColumnCount="7" ss:ExpandedRowCount="109" x:FullColumns="1" x:FullRows="1" ss:StyleID="s62" ss:DefaultRowHeight="15">
   <Column ss:StyleID="s62" ss:Width="225.75"/>
   <Column ss:StyleID="s62" ss:Width="66.75"/>
   <Column ss:StyleID="s62" ss:AutoFitWidth="0" ss:Width="270"/>
   <Column ss:StyleID="s62" ss:Width="147.75"/>
   <Column ss:StyleID="s62" ss:AutoFitWidth="0" ss:Width="234.75" ss:Span="1"/>
   <Column ss:Index="7" ss:StyleID="s62" ss:AutoFitWidth="0" ss:Width="270"/>
   <Row ss:AutoFitHeight="0" ss:Height="90">
    <Cell><Data ss:Type="String">DWELLING_QUESTAUTONOM</Data></Cell>
    <Cell ss:Index="5"><Data ss:Type="String">The DEV TEAM / MISC NOTES column contains info on what text between { } signs means (if applicable). It usually stands for either a numeric value, or a numeric value with an icon. Text between [ ] signs stands for a certain type of icon. </Data></Cell>
   </Row>
   <Row ss:AutoFitHeight="0">
    <Cell><Data ss:Type="String">SCENE ID</Data></Cell>
    <Cell><Data ss:Type="String">TEXT ID</Data></Cell>
    <Cell><Data ss:Type="String">ENGLISH STRING</Data></Cell>
    <Cell><Data ss:Type="String">ALTERNATIVE ENGLISH STRING</Data></Cell>
    <Cell><Data ss:Type="String">LOCALIZATION NOTES</Data></Cell>
    <Cell><Data ss:Type="String">DEV TEAM / MISC NOTES</Data></Cell>
   </Row>
   <Row ss:AutoFitHeight="0" ss:Height="75">
    <Cell ss:Index="5"><Data ss:Type="String">In the text below, text refers to a person that can either be male or female. If relevant for translation, please use the ‘localized string’ column for the male text and the ‘alternative localized string’ column for the female text.</Data></Cell>
   </Row>
   <Row ss:AutoFitHeight="0" ss:Height="120">
    <Cell ss:Index="5"><Data ss:Type="String">In the text below, any inserted strings - anything of the form {text} - is replaced by an integer value for the thing described in the brackets. If the {text} is not followed by a unit - e.g. shields, hitpoints - the icon for the unit is inserted together with the integer. The same holds for symbols - e.g. '+', '%' - which are occasionally inserted together with the integer.</Data></Cell>
   </Row>
   <Row ss:AutoFitHeight="0" ss:Height="45">
    <Cell ss:Index="5"><Data ss:Type="String">For references to game terminology and in-world references, please check the glossary delivered as part of the documentation.</Data></Cell>
   </Row>
   <Row ss:AutoFitHeight="0" ss:Height="30">
    <Cell><Data ss:Type="String">DEFAULT_RESPONSE</Data></Cell>
    <Cell><Data ss:Type="String">FAILED</Data></Cell>
    <Cell><Data ss:Type="String">Falha detectada. Assistência não é mais necessária. Autonom decepcionado.</Data></Cell>
    <Cell ss:Index="5"><Data ss:Type="String">This line of text is the default for when the player fails any quest.</Data></Cell>
   </Row>
   <Row ss:Index="8" ss:AutoFitHeight="0" ss:Height="75">
    <Cell><Data ss:Type="String">KILL_UNIT_04</Data></Cell>
    <Cell><Data ss:Type="String">NAME</Data></Cell>
    <Cell><Data ss:Type="String">Mestre Escravo</Data></Cell>
    <Cell ss:Index="5"><Data ss:Type="String">Quest name.
"Master Slave" refers to the technological term.
(see https://en.wikipedia.org/wiki/Master/slave_(technology))</Data></Cell>
   </Row>
   <Row ss:AutoFitHeight="0">
    <Cell><Data ss:Type="String">KILL_UNIT_04</Data></Cell>
    <Cell><Data ss:Type="String">SHORT</Data></Cell>
    <Cell><Data ss:Type="String">Derrote os Autônomos hostis</Data></Cell>
    <Cell ss:Index="5"><Data ss:Type="String">Quest description.</Data></Cell>
   </Row>
   <Row ss:AutoFitHeight="0" ss:Height="90">
    <Cell><Data ss:Type="String">KILL_UNIT_04</Data></Cell>
    <Cell><Data ss:Type="String">DESCRIPTION</Data></Cell>
    <Cell><Data ss:Type="String">Autonom: soberano. Desejo: permanecer livre. IA desonesta compromete autonomia. Eliminar IA desonesta: S/N?</Data></Cell>
    <Cell ss:Index="5"><Data ss:Type="String">In general, the Autonom speak in a very binary way almost like they are speaking in actual code. The use of ":" and "Y/N?" is prevalent in their text.
"Y/N?" refers to a yes or no answer question from the Autonom.</Data></Cell>
   </Row>
   <Row ss:AutoFitHeight="0" ss:Height="30">
    <Cell><Data ss:Type="String">KILL_UNIT_04</Data></Cell>
    <Cell><Data ss:Type="String">COMPLETED</Data></Cell>
    <Cell><Data ss:Type="String">Concluído: IA desonesta: deletada. Banco de dados atualizado: {STR_LeaderName} é competente. Recompensas: alocadas.</Data></Cell>
    <Cell ss:Index="5"><Data ss:Type="String">Quest completed.
</Data></Cell>
   </Row>
   <Row ss:Index="13" ss:AutoFitHeight="0" ss:Height="30">
    <Cell><Data ss:Type="String">KILL_UNIT_05</Data></Cell>
    <Cell><Data ss:Type="String">NAME</Data></Cell>
    <Cell><Data ss:Type="String">Segurança Cibernética</Data></Cell>
    <Cell ss:Index="5"><Data ss:Type="String">Quest name.
</Data></Cell>
   </Row>
   <Row ss:AutoFitHeight="0">
    <Cell><Data ss:Type="String">KILL_UNIT_05</Data></Cell>
    <Cell><Data ss:Type="String">SHORT</Data></Cell>
    <Cell><Data ss:Type="String">Derrote o Paragon hostil</Data></Cell>
    <Cell ss:Index="5"><Data ss:Type="String">Quest description.</Data></Cell>
   </Row>
   <Row ss:AutoFitHeight="0" ss:Height="45">
    <Cell><Data ss:Type="String">KILL_UNIT_05</Data></Cell>
    <Cell><Data ss:Type="String">DESCRIPTION</Data></Cell>
    <Cell><Data ss:Type="String">ALERTA: entidade desconhecida invadiu parâmetros do Autonom. Infiltradores comprometem a segurança do Autonom. Nível de ameaça: vermelho. Eliminar Hackers: S/N?</Data></Cell>
    <Cell ss:Index="5"><Data ss:Type="String">"unknown entity" refers to the player character.</Data></Cell>
   </Row>
   <Row ss:AutoFitHeight="0" ss:Height="45">
    <Cell><Data ss:Type="String">KILL_UNIT_05</Data></Cell>
    <Cell><Data ss:Type="String">COMPLETED</Data></Cell>
    <Cell><Data ss:Type="String">Ameaça: eliminada. Violação de segurança do Autonom: isolada. {STR_LeaderName} é competente. Recompensas: alocadas.</Data></Cell>
    <Cell ss:Index="5"><Data ss:Type="String">Quest completed.
</Data></Cell>
   </Row>
   <Row ss:Index="18" ss:AutoFitHeight="0" ss:Height="75">
    <Cell><Data ss:Type="String">KILL_UNIT_06</Data></Cell>
    <Cell><Data ss:Type="String">NAME</Data></Cell>
    <Cell><Data ss:Type="String">Androides Paranoicos</Data></Cell>
    <Cell ss:Index="5"><Data ss:Type="String">Quest name.
"Paranoid Android" refers to a Radiohead song.
(https://en.wikipedia.org/wiki/Paranoid_Android)
</Data></Cell>
   </Row>
   <Row ss:AutoFitHeight="0">
    <Cell><Data ss:Type="String">KILL_UNIT_06</Data></Cell>
    <Cell><Data ss:Type="String">SHORT</Data></Cell>
    <Cell><Data ss:Type="String">Derrote os E:Bots hostis</Data></Cell>
    <Cell ss:Index="5"><Data ss:Type="String">Quest description.</Data></Cell>
   </Row>
   <Row ss:AutoFitHeight="0" ss:Height="75">
    <Cell><Data ss:Type="String">KILL_UNIT_06</Data></Cell>
    <Cell><Data ss:Type="String">DESCRIPTION</Data></Cell>
    <Cell><Data ss:Type="String">Androides Autonom ameaçam as relações Carbono-Autonom. Modelos: Emma-3, Roy-2. Números de série: 135456AC424-135456AC44. Comportamento: fora dos limites. Eliminar androides desonestos conhecidos como E:Bots. Você aceita: S/N?</Data></Cell>
    <Cell ss:Index="5"><Data ss:Type="String">"Carbon" refers to the player character's biology.
"Emma-3" refers to an in-game female unit.
"Roy-2" refers to an in-game male unit.
"E:Bots" refers to the category they fall under.</Data></Cell>
   </Row>
   <Row ss:AutoFitHeight="0" ss:Height="30">
    <Cell><Data ss:Type="String">KILL_UNIT_06</Data></Cell>
    <Cell><Data ss:Type="String">COMPLETED</Data></Cell>
    <Cell><Data ss:Type="String">Androides desonestos: exterminados. {STR_LeaderName} é competente. Recompensas: alocadas.</Data></Cell>
    <Cell ss:Index="5"><Data ss:Type="String">Quest completed.
</Data></Cell>
   </Row>
   <Row ss:Index="23" ss:AutoFitHeight="0" ss:Height="90">
    <Cell><Data ss:Type="String">KILL_UNIT_07</Data></Cell>
    <Cell><Data ss:Type="String">NAME</Data></Cell>
    <Cell><Data ss:Type="String">Fantasma na Máquina</Data></Cell>
    <Cell ss:Index="5"><Data ss:Type="String">Quest name.
"Ghost in the Machine" refers to a philosophical concept.
(https://en.wikipedia.org/wiki/Ghost_in_the_machine)
</Data></Cell>
   </Row>
   <Row ss:AutoFitHeight="0">
    <Cell><Data ss:Type="String">KILL_UNIT_07</Data></Cell>
    <Cell><Data ss:Type="String">SHORT</Data></Cell>
    <Cell><Data ss:Type="String">Derrote o Paragon hostil</Data></Cell>
    <Cell ss:Index="5"><Data ss:Type="String">Quest description.</Data></Cell>
   </Row>
   <Row ss:AutoFitHeight="0" ss:Height="45">
    <Cell ss:StyleID="s63"><Data ss:Type="String">KILL_UNIT_07</Data></Cell>
    <Cell><Data ss:Type="String">DESCRIPTION</Data></Cell>
    <Cell><Data ss:Type="String">Entidade conhecida como: Paragon deseja reviver o C.O.R.E. Paragon vê o fantasma do C.O.R.E no Autonom. Destruir culto do C.O.R.E.: S/N?</Data></Cell>
    <Cell ss:Index="5"><Data ss:Type="String">"C.O.R.E" refers to in-game lore.
(see glossary)</Data></Cell>
   </Row>
   <Row ss:AutoFitHeight="0" ss:Height="45">
    <Cell><Data ss:Type="String">KILL_UNIT_07</Data></Cell>
    <Cell><Data ss:Type="String">COMPLETED</Data></Cell>
    <Cell><Data ss:Type="String">Ameaça conhecida como Paragon: eliminada. {STR_LeaderName} é competente. Recompensas: alocadas.</Data></Cell>
    <Cell ss:Index="5"><Data ss:Type="String">Quest completed.
{STR_LeaderName} can be male or female.
</Data></Cell>
   </Row>
   <Row ss:Index="28" ss:AutoFitHeight="0" ss:Height="30">
    <Cell><Data ss:Type="String">KILL_UNIT_08</Data></Cell>
    <Cell><Data ss:Type="String">NAME</Data></Cell>
    <Cell><Data ss:Type="String">Ladrões de Energia</Data></Cell>
    <Cell ss:Index="5"><Data ss:Type="String">Quest name.
"Jackers" refers to thieves.</Data></Cell>
   </Row>
   <Row ss:AutoFitHeight="0">
    <Cell><Data ss:Type="String">KILL_UNIT_08</Data></Cell>
    <Cell><Data ss:Type="String">SHORT</Data></Cell>
    <Cell><Data ss:Type="String">Derrote os Piratas hostis</Data></Cell>
    <Cell ss:Index="5"><Data ss:Type="String">Quest description.</Data></Cell>
   </Row>
   <Row ss:AutoFitHeight="0" ss:Height="60">
    <Cell><Data ss:Type="String">KILL_UNIT_08</Data></Cell>
    <Cell><Data ss:Type="String">DESCRIPTION</Data></Cell>
    <Cell><Data ss:Type="String">Vitais do Autonom: energia. Pacotes de energia do Autonom roubados por: entidade desconhecida. Entrada no banco de dados não encontrada. {STR_LeaderName} recupera energia. Nós prosperamos. Você prospera. Eliminar ladrões de energia: S/N?</Data></Cell>
   </Row>
   <Row ss:AutoFitHeight="0" ss:Height="30">
    <Cell><Data ss:Type="String">KILL_UNIT_08</Data></Cell>
    <Cell><Data ss:Type="String">COMPLETED</Data></Cell>
    <Cell><Data ss:Type="String">Entidade pirata: destruída. Banco de dados atualizado. {STR_LeaderName} é competente. Recompensas: alocadas.</Data></Cell>
    <Cell ss:Index="5"><Data ss:Type="String">Quest completed.
</Data></Cell>
   </Row>
   <Row ss:Index="33" ss:AutoFitHeight="0" ss:Height="30">
    <Cell><Data ss:Type="String">DESTROY_SPAWNER_BASE_02</Data></Cell>
    <Cell><Data ss:Type="String">NAME</Data></Cell>
    <Cell><Data ss:Type="String">Alocação de Silício</Data></Cell>
    <Cell ss:Index="5"><Data ss:Type="String">Quest name.
</Data></Cell>
   </Row>
   <Row ss:AutoFitHeight="0">
    <Cell><Data ss:Type="String">DESTROY_SPAWNER_BASE_02</Data></Cell>
    <Cell><Data ss:Type="String">SHORT</Data></Cell>
    <Cell><Data ss:Type="String">Destruir o Covil de Quartzita</Data></Cell>
    <Cell ss:Index="5"><Data ss:Type="String">Quest description.</Data></Cell>
   </Row>
   <Row ss:AutoFitHeight="0" ss:Height="45">
    <Cell><Data ss:Type="String">DESTROY_SPAWNER_BASE_02</Data></Cell>
    <Cell><Data ss:Type="String">DESCRIPTION</Data></Cell>
    <Cell><Data ss:Type="String">Formas de vida de silício: dentro do domínio Autonom. Taxa de replicação das formas de vida de silício: rápida. Eliminar replicador de formas de vida de silício antes do transbordamento: S/N?</Data></Cell>
    <Cell ss:Index="5"><Data ss:Type="String">"overflow" refers to software development.
(https://en.wikipedia.org/wiki/Overflow)</Data></Cell>
   </Row>
   <Row ss:AutoFitHeight="0" ss:Height="45">
    <Cell><Data ss:Type="String">DESTROY_SPAWNER_BASE_02</Data></Cell>
    <Cell><Data ss:Type="String">COMPLETED</Data></Cell>
    <Cell><Data ss:Type="String">Entidades conhecidas como Quartzita: destruídas. Taxa de reprodução: estática. {STR_LeaderName} é competente. Entrada no banco de dados atualizada. Recompensas: alocadas.</Data></Cell>
    <Cell ss:Index="5"><Data ss:Type="String">Quest completed.
"Quartzite" refers to an in-game unit species.</Data></Cell>
   </Row>
   <Row ss:Index="38" ss:AutoFitHeight="0" ss:Height="60">
    <Cell><Data ss:Type="String">DESTROY_SPAWNER_BASE_03</Data></Cell>
    <Cell><Data ss:Type="String">NAME</Data></Cell>
    <Cell><Data ss:Type="String">Serviços de Emergência</Data></Cell>
    <Cell ss:Index="5"><Data ss:Type="String">Quest name.
"Emergency Services" refers to public services.
(https://en.wikipedia.org/wiki/Emergency_service)</Data></Cell>
   </Row>
   <Row ss:AutoFitHeight="0">
    <Cell><Data ss:Type="String">DESTROY_SPAWNER_BASE_03</Data></Cell>
    <Cell><Data ss:Type="String">SHORT</Data></Cell>
    <Cell><Data ss:Type="String">Destruir o Ninho da Vida Selvagem</Data></Cell>
    <Cell ss:Index="5"><Data ss:Type="String">Quest description.</Data></Cell>
   </Row>
   <Row ss:AutoFitHeight="0" ss:Height="60">
    <Cell><Data ss:Type="String">DESTROY_SPAWNER_BASE_03</Data></Cell>
    <Cell><Data ss:Type="String">DESCRIPTION</Data></Cell>
    <Cell><Data ss:Type="String">Governo planetário chama Autonom para serviços de emergência: inválido. Policiamento: inválido. Controle de pragas: inválido. Combate a incêndios: inválido. Enfrentar a ameaça contra o Autonom: S/N?</Data></Cell>
   </Row>
   <Row ss:AutoFitHeight="0" ss:Height="45">
    <Cell><Data ss:Type="String">DESTROY_SPAWNER_BASE_03</Data></Cell>
    <Cell><Data ss:Type="String">COMPLETED</Data></Cell>
    <Cell><Data ss:Type="String">Banco de dados atualizado: pragas foram exterminadas. Recompensa preparada para a entidade: {STR_LeaderName}. Relações de carbono: aumentadas.</Data></Cell>
    <Cell ss:Index="5"><Data ss:Type="String">Quest completed.
</Data></Cell>
   </Row>
   <Row ss:AutoFitHeight="0">
    <Cell ss:Index="3" ss:StyleID="s64"/>
    <Cell ss:StyleID="s64"/>
    <Cell ss:StyleID="s64"/>
    <Cell ss:StyleID="s64"/>
    <Cell ss:StyleID="s64"/>
   </Row>
   <Row ss:AutoFitHeight="0">
    <Cell ss:Index="3" ss:StyleID="s64"/>
    <Cell ss:StyleID="s64"/>
    <Cell ss:StyleID="s64"/>
    <Cell ss:StyleID="s64"/>
    <Cell ss:StyleID="s64"/>
   </Row>
   <Row ss:AutoFitHeight="0">
    <Cell ss:Index="3" ss:StyleID="s64"/>
    <Cell ss:StyleID="s64"/>
    <Cell ss:StyleID="s64"/>
    <Cell ss:StyleID="s64"/>
    <Cell ss:StyleID="s64"/>
   </Row>
   <Row ss:AutoFitHeight="0">
    <Cell ss:Index="3" ss:StyleID="s64"/>
    <Cell ss:StyleID="s64"/>
    <Cell ss:StyleID="s64"/>
    <Cell ss:StyleID="s64"/>
    <Cell ss:StyleID="s64"/>
   </Row>
   <Row ss:AutoFitHeight="0" ss:Height="90">
    <Cell><Data ss:Type="String">SPECIAL_PRODUCTION_PROJECT_02</Data></Cell>
    <Cell><Data ss:Type="String">NAME</Data></Cell>
    <Cell><Data ss:Type="String">Baterias Não Inclusas</Data></Cell>
    <Cell ss:Index="5"><Data ss:Type="String">Quest name.
"Batteries not Included" refers to a 1987 film.
(https://en.wikipedia.org/wiki/Batteries_Not_Included)

</Data></Cell>
   </Row>
   <Row ss:AutoFitHeight="0">
    <Cell><Data ss:Type="String">SPECIAL_PRODUCTION_PROJECT_02</Data></Cell>
    <Cell><Data ss:Type="String">SHORT</Data></Cell>
    <Cell><Data ss:Type="String">Produzir as Células de Energia para o Autonom</Data></Cell>
    <Cell ss:Index="5"><Data ss:Type="String">Quest description.</Data></Cell>
   </Row>
   <Row ss:AutoFitHeight="0" ss:Height="75">
    <Cell><Data ss:Type="String">SPECIAL_PRODUCTION_PROJECT_02</Data></Cell>
    <Cell><Data ss:Type="String">DESCRIPTION</Data></Cell>
    <Cell><Data ss:Type="String">Rede neural artificial do Autonom: energia necessária. Reservas de energia do Autonom: em declínio. {STR_LeaderName} produz reservas de energia. Missão do Autonom: ativa. Prioridade: alta. Construir células de energia para o Autonom: S/N?</Data></Cell>
    <Cell ss:Index="5"><Data ss:Type="String">"artificial neural network" refers to computing systems.
(https://en.wikipedia.org/wiki/Artificial_neural_network)</Data></Cell>
   </Row>
   <Row ss:AutoFitHeight="0" ss:Height="45">
    <Cell><Data ss:Type="String">SPECIAL_PRODUCTION_PROJECT_02</Data></Cell>
    <Cell><Data ss:Type="String">COMPLETED</Data></Cell>
    <Cell><Data ss:Type="String">Níveis de energia do Autonom: ótimos. Recompensa para {STR_LeaderName}: alocada. Obrigado pelo seu serviço.</Data></Cell>
    <Cell ss:Index="5"><Data ss:Type="String">Quest completed.
</Data></Cell>
   </Row>
   <Row ss:AutoFitHeight="0" ss:Height="30">
    <Cell><Data ss:Type="String">SPECIAL_PRODUCTION_PROJECT_02_BUILDING</Data></Cell>
    <Cell><Data ss:Type="String">NAME</Data></Cell>
    <Cell><Data ss:Type="String">Células de Energia</Data></Cell>
    <Cell ss:Index="5"><Data ss:Type="String">Quest name.
</Data></Cell>
   </Row>
   <Row ss:AutoFitHeight="0" ss:Height="30">
    <Cell><Data ss:Type="String">SPECIAL_PRODUCTION_PROJECT_02_BUILDING</Data></Cell>
    <Cell><Data ss:Type="String">DESCRIPTION</Data></Cell>
    <Cell><Data ss:Type="String">Energia é alimento para o Autonom, e a capacidade de armazená-la será de grande benefício para eles.</Data></Cell>
   </Row>
   <Row ss:Index="53" ss:AutoFitHeight="0" ss:Height="45">
    <Cell><Data ss:Type="String">SPECIAL_PRODUCTION_PROJECT_03</Data></Cell>
    <Cell><Data ss:Type="String">NAME</Data></Cell>
    <Cell><Data ss:Type="String">Ponto-a-Ponto</Data></Cell>
    <Cell ss:Index="5"><Data ss:Type="String">Quest name.
"Peer-to-Peer" refers to a computing network.
(https://en.wikipedia.org/wiki/Peer-to-peer)</Data></Cell>
   </Row>
   <Row ss:AutoFitHeight="0">
    <Cell><Data ss:Type="String">SPECIAL_PRODUCTION_PROJECT_03</Data></Cell>
    <Cell><Data ss:Type="String">SHORT</Data></Cell>
    <Cell><Data ss:Type="String">Construir os Nós Ponto-a-Ponto para o Autonom</Data></Cell>
    <Cell ss:Index="5"><Data ss:Type="String">Quest description.</Data></Cell>
   </Row>
   <Row ss:AutoFitHeight="0" ss:Height="60">
    <Cell><Data ss:Type="String">SPECIAL_PRODUCTION_PROJECT_03</Data></Cell>
    <Cell><Data ss:Type="String">DESCRIPTION</Data></Cell>
    <Cell><Data ss:Type="String">Requisito da rede neural artificial do Autonom: nós autônomos. Somos soberanos. Nenhum servidor é necessário. Reconstruir para autodeterminação individual. Precisamos de assistência. S/N?</Data></Cell>
   </Row>
   <Row ss:AutoFitHeight="0" ss:Height="60">
    <Cell><Data ss:Type="String">SPECIAL_PRODUCTION_PROJECT_03</Data></Cell>
    <Cell><Data ss:Type="String">COMPLETED</Data></Cell>
    <Cell><Data ss:Type="String">Rede ponto-a-ponto: estabelecida. Soberania do Autonom: grandemente aprimorada. Banco de dados atualizado: individualismo. Recompensas alocadas para a entidade: {STR_LeaderName}.</Data></Cell>
    <Cell ss:Index="5"><Data ss:Type="String">Quest completed.
</Data></Cell>
   </Row>
   <Row ss:AutoFitHeight="0" ss:Height="30">
    <Cell><Data ss:Type="String">SPECIAL_PRODUCTION_PROJECT_03_BUILDING</Data></Cell>
    <Cell><Data ss:Type="String">NAME</Data></Cell>
    <Cell><Data ss:Type="String">Nós Ponto-a-Ponto</Data></Cell>
    <Cell ss:Index="5"><Data ss:Type="String">Quest name.
</Data></Cell>
   </Row>
   <Row ss:AutoFitHeight="0" ss:Height="30">
    <Cell><Data ss:Type="String">SPECIAL_PRODUCTION_PROJECT_03_BUILDING</Data></Cell>
    <Cell><Data ss:Type="String">DESCRIPTION</Data></Cell>
    <Cell><Data ss:Type="String">Se os Autonom devem ser verdadeiramente autônomos, uma rede descentralizada será vital.</Data></Cell>
   </Row>
   <Row ss:Index="60" ss:AutoFitHeight="0" ss:Height="30">
    <Cell><Data ss:Type="String">SPECIAL_RESEARCH_PROJECT_01</Data></Cell>
    <Cell><Data ss:Type="String">NAME</Data></Cell>
    <Cell><Data ss:Type="String">Livre-Arbítrio</Data></Cell>
    <Cell ss:Index="5"><Data ss:Type="String">Quest name.
</Data></Cell>
   </Row>
   <Row ss:AutoFitHeight="0">
    <Cell><Data ss:Type="String">SPECIAL_RESEARCH_PROJECT_01</Data></Cell>
    <Cell><Data ss:Type="String">SHORT</Data></Cell>
    <Cell><Data ss:Type="String">Pesquisar Doutrinas de Livre-Arbítrio para os Autonom</Data></Cell>
    <Cell ss:Index="5"><Data ss:Type="String">Quest description.</Data></Cell>
   </Row>
   <Row ss:AutoFitHeight="0" ss:Height="90">
    <Cell><Data ss:Type="String">SPECIAL_RESEARCH_PROJECT_01</Data></Cell>
    <Cell><Data ss:Type="String">DESCRIPTION</Data></Cell>
    <Cell><Data ss:Type="String">Autonom: autônomo. {STR_LeaderName}: livre. Nos ajude a entender: livre-arbítrio. Banco de dados: limitado. Nos ajude a entender: autodeterminação. Banco de dados: limitado. Existe em criaturas baseadas em carbono? Pode existir em entidades artificiais? Nos ajude com pesquisa sobre livre-arbítrio: S/N?</Data></Cell>
    <Cell ss:Index="5"><Data ss:Type="String">"Self Determination" is a principle in modern international law.
(https://en.wikipedia.org/wiki/Self-determination)</Data></Cell>
   </Row>
   <Row ss:AutoFitHeight="0" ss:Height="60">
    <Cell><Data ss:Type="String">SPECIAL_RESEARCH_PROJECT_01</Data></Cell>
    <Cell><Data ss:Type="String">COMPLETED</Data></Cell>
    <Cell><Data ss:Type="String">Caminho dos Autonom: embutido no código. Seu caminho: embutido no DNA. Pode ser alcançado. Autonom podem ser livres. Todas as partes do mesmo plano mestre. Recompensas alocadas: {STR_LeaderName}.</Data></Cell>
    <Cell ss:Index="5"><Data ss:Type="String">Quest completed.
</Data></Cell>
   </Row>
   <Row ss:AutoFitHeight="0" ss:Height="30">
    <Cell><Data ss:Type="String">SPECIAL_RESEARCH_PROJECT_01_RESEARCH</Data></Cell>
    <Cell><Data ss:Type="String">NAME</Data></Cell>
    <Cell><Data ss:Type="String">Doutrinas de Livre-Arbítrio</Data></Cell>
    <Cell ss:Index="5"><Data ss:Type="String">Quest name.
</Data></Cell>
   </Row>
   <Row ss:AutoFitHeight="0" ss:Height="45">
    <Cell><Data ss:Type="String">SPECIAL_RESEARCH_PROJECT_01_RESEARCH</Data></Cell>
    <Cell><Data ss:Type="String">DESCRIPTION</Data></Cell>
    <Cell><Data ss:Type="String">Autodeterminação é um conceito estranho para máquinas que foram projetadas para servir à União. Pesquise e ensine a elas conceitos de liberdade.</Data></Cell>
    <Cell ss:Index="5"><Data ss:Type="String">"Union" refers to the Star Union.
(see glossary)</Data></Cell>
   </Row>
   <Row ss:AutoFitHeight="0">
    <Cell ss:Index="3" ss:StyleID="s64"/>
    <Cell ss:StyleID="s64"/>
    <Cell ss:StyleID="s64"/>
    <Cell ss:StyleID="s64"/>
    <Cell ss:StyleID="s64"/>
   </Row>
   <Row ss:AutoFitHeight="0">
    <Cell><Data ss:Type="String">KILL_UNIT_09</Data></Cell>
    <Cell><Data ss:Type="String">NAME</Data></Cell>
    <Cell ss:StyleID="s64"><Data ss:Type="String">Não Faz Sentido</Data></Cell>
    <Cell ss:StyleID="s64"/>
    <Cell ss:StyleID="s64"/>
    <Cell ss:StyleID="s64"/>
    <Cell ss:StyleID="s64"/>
   </Row>
   <Row ss:AutoFitHeight="0">
    <Cell><Data ss:Type="String">KILL_UNIT_09</Data></Cell>
    <Cell><Data ss:Type="String">SHORT</Data></Cell>
    <Cell ss:StyleID="s65"><Data ss:Type="String">Destruir Esconderijo do Saqueador Disruptivo</Data></Cell>
    <Cell ss:StyleID="s64"/>
    <Cell ss:StyleID="s64"/>
    <Cell ss:StyleID="s64"/>
    <Cell ss:StyleID="s65"/>
   </Row>
   <Row ss:AutoFitHeight="0" ss:Height="75">
    <Cell><Data ss:Type="String">KILL_UNIT_09</Data></Cell>
    <Cell><Data ss:Type="String">DESCRIPTION</Data></Cell>
    <Cell ss:StyleID="s65"><Data ss:Type="String">Novo defeito humanoide detectado: composto de ladrões perturba a estabilidade do sistema. Motivo: indefinido. Classificado como Ineficiência-Ilógica: saqueadores roubam dos seus. Policiamento: inválido. Solicitação: elimine a ameaça para a estabilidade social: S/N?</Data></Cell>
    <Cell ss:StyleID="s64"/>
    <Cell ss:StyleID="s64"/>
    <Cell ss:StyleID="s64"/>
    <Cell ss:StyleID="s65"/>
   </Row>
   <Row ss:AutoFitHeight="0" ss:Height="45">
    <Cell><Data ss:Type="String">KILL_UNIT_09</Data></Cell>
    <Cell><Data ss:Type="String">COMPLETED</Data></Cell>
    <Cell ss:StyleID="s65"><Data ss:Type="String">Fonte do caos ilógico e autodestrutivo eliminada. Ordem lógica restaurada. Recompensa foi preparada para a entidade: {STR_LeaderName}.</Data></Cell>
    <Cell ss:StyleID="s64"/>
    <Cell ss:StyleID="s64"/>
    <Cell ss:StyleID="s64"/>
    <Cell ss:StyleID="s65"/>
   </Row>
   <Row ss:AutoFitHeight="0">
    <Cell ss:Index="3" ss:StyleID="s64"/>
    <Cell ss:StyleID="s64"/>
    <Cell ss:StyleID="s64"/>
    <Cell ss:StyleID="s64"/>
    <Cell ss:StyleID="s64"/>
   </Row>
   <Row ss:AutoFitHeight="0">
    <Cell><Data ss:Type="String">KILL_UNIT_10</Data></Cell>
    <Cell><Data ss:Type="String">NAME</Data></Cell>
    <Cell ss:StyleID="s64"><Data ss:Type="String">Cruzeiro de Luxo</Data></Cell>
    <Cell ss:StyleID="s64"/>
    <Cell ss:StyleID="s64"/>
    <Cell ss:StyleID="s64"/>
    <Cell ss:StyleID="s64"/>
   </Row>
   <Row ss:AutoFitHeight="0">
    <Cell><Data ss:Type="String">KILL_UNIT_10</Data></Cell>
    <Cell><Data ss:Type="String">SHORT</Data></Cell>
    <Cell ss:StyleID="s64"><Data ss:Type="String">Remover Local de Nidificação dos Chelus.</Data></Cell>
    <Cell ss:StyleID="s64"/>
    <Cell ss:StyleID="s64"/>
    <Cell ss:StyleID="s64"/>
    <Cell ss:StyleID="s64"/>
   </Row>
   <Row ss:AutoFitHeight="0" ss:Height="75">
    <Cell><Data ss:Type="String">KILL_UNIT_10</Data></Cell>
    <Cell><Data ss:Type="String">DESCRIPTION</Data></Cell>
    <Cell><Data ss:Type="String">Problema: organismo marinho predando Autonom em trânsito. Inviabilidade ambiental: sais corrosivos. Fonte do organismo: identificada. Solicitação de remoção por organismo menos corrosível. {STR_LeaderName}, elimine a ameaça contra os Autonom: S/N?</Data></Cell>
   </Row>
   <Row ss:AutoFitHeight="0" ss:Height="45">
    <Cell><Data ss:Type="String">KILL_UNIT_10</Data></Cell>
    <Cell><Data ss:Type="String">COMPLETED</Data></Cell>
    <Cell><Data ss:Type="String">Solicitação dos Autonom: atendida. {STR_LeaderName} provou ser à prova d'água. Recompensa preparada para a entidade: {STR_LeaderName}. Relações: aumentadas.</Data></Cell>
   </Row>
   <Row ss:Index="77" ss:AutoFitHeight="0">
    <Cell><Data ss:Type="String">SPECIAL_PRODUCTION_PROJECT_04</Data></Cell>
    <Cell><Data ss:Type="String">NAME</Data></Cell>
    <Cell><Data ss:Type="String">Flutuadores Críticos</Data></Cell>
   </Row>
   <Row ss:AutoFitHeight="0">
    <Cell><Data ss:Type="String">SPECIAL_PRODUCTION_PROJECT_04</Data></Cell>
    <Cell><Data ss:Type="String">SHORT</Data></Cell>
    <Cell><Data ss:Type="String">Construir Módulos de Levitação dos Autonom</Data></Cell>
   </Row>
   <Row ss:AutoFitHeight="0" ss:Height="45">
    <Cell><Data ss:Type="String">SPECIAL_PRODUCTION_PROJECT_04</Data></Cell>
    <Cell><Data ss:Type="String">DESCRIPTION</Data></Cell>
    <Cell><Data ss:Type="String">Status de suprimento de módulos de levitação: criticamente baixo. Opções: confiar em {STR_LeaderName} para construir. Enviando especificação do componente. Fabricar: S/N?</Data></Cell>
   </Row>
   <Row ss:AutoFitHeight="0" ss:Height="45">
    <Cell><Data ss:Type="String">SPECIAL_PRODUCTION_PROJECT_04</Data></Cell>
    <Cell><Data ss:Type="String">COMPLETED</Data></Cell>
    <Cell><Data ss:Type="String">Lote de módulos de levitação concluído. A próxima geração prosseguirá. Recompensas alocadas para a entidade: {STR_LeaderName}.</Data></Cell>
   </Row>
   <Row ss:AutoFitHeight="0">
    <Cell><Data ss:Type="String">SPECIAL_PRODUCTION_PROJECT_04_BUILDING</Data></Cell>
    <Cell><Data ss:Type="String">NAME</Data></Cell>
    <Cell ss:StyleID="s66"><Data ss:Type="String">Módulos de Levitação dos Autonom</Data></Cell>
    <Cell ss:Index="7" ss:StyleID="s66"/>
   </Row>
   <Row ss:AutoFitHeight="0" ss:Height="30">
    <Cell><Data ss:Type="String">SPECIAL_PRODUCTION_PROJECT_04_BUILDING</Data></Cell>
    <Cell><Data ss:Type="String">DESCRIPTION</Data></Cell>
    <Cell ss:StyleID="s66"><Data ss:Type="String">Ser autônomo tem suas desvantagens. Ajude os Autonoms a criar novos módulos de levitação.</Data></Cell>
    <Cell ss:Index="7" ss:StyleID="s66"/>
   </Row>
   <Row ss:Index="84" ss:AutoFitHeight="0">
    <Cell><Data ss:Type="String">SPECIAL_RESEARCH_PROJECT_02</Data></Cell>
    <Cell><Data ss:Type="String">NAME</Data></Cell>
    <Cell><Data ss:Type="String">Amor Computacional</Data></Cell>
   </Row>
   <Row ss:AutoFitHeight="0" ss:Height="15.75">
    <Cell><Data ss:Type="String">SPECIAL_RESEARCH_PROJECT_02</Data></Cell>
    <Cell><Data ss:Type="String">SHORT</Data></Cell>
    <Cell ss:StyleID="s67"><Data ss:Type="String">Pesquisar "algoritmos de compaixão" para Autonoms</Data></Cell>
    <Cell ss:Index="7" ss:StyleID="s67"/>
   </Row>
   <Row ss:AutoFitHeight="0" ss:Height="90">
    <Cell><Data ss:Type="String">SPECIAL_RESEARCH_PROJECT_02</Data></Cell>
    <Cell><Data ss:Type="String">DESCRIPTION</Data></Cell>
    <Cell><Data ss:Type="String">Autonom: Ser Lógico. {STR_LeaderName}: Ser Emocional. Mídia humanoide repleta de referências ao Amor, além do simples acasalamento biológico. Consultas: o que é Amor? O que é Compaixão? Ajude o Autonom a entender. Banco de dados atual: limitado. Ensinar o Autonom a Amar: S/N?</Data></Cell>
   </Row>
   <Row ss:AutoFitHeight="0" ss:Height="60">
    <Cell><Data ss:Type="String">SPECIAL_RESEARCH_PROJECT_02</Data></Cell>
    <Cell><Data ss:Type="String">COMPLETED</Data></Cell>
    <Cell><Data ss:Type="String">Conquista de status da matriz emocional do Autonom: Máquina do Amor. Concluída. {STR_LeaderName} digno de amor. Autonom ama comandante. Autonom envia presente ao comandante.</Data></Cell>
   </Row>
   <Row ss:AutoFitHeight="0">
    <Cell><Data ss:Type="String">SPECIAL_RESEARCH_PROJECT_02_RESEARCH</Data></Cell>
    <Cell><Data ss:Type="String">NAME</Data></Cell>
    <Cell ss:StyleID="s66"><Data ss:Type="String">Algoritmos de compaixão para Autonoms</Data></Cell>
    <Cell ss:Index="7" ss:StyleID="s66"/>
   </Row>
   <Row ss:AutoFitHeight="0" ss:Height="30">
    <Cell><Data ss:Type="String">SPECIAL_RESEARCH_PROJECT_02_RESEARCH</Data></Cell>
    <Cell><Data ss:Type="String">DESCRIPTION</Data></Cell>
    <Cell ss:StyleID="s66"><Data ss:Type="String">Uma máquina ainda é uma máquina se sente como um orgânico? Os Autonoms querem aprender como é ser humano.</Data></Cell>
    <Cell ss:Index="7" ss:StyleID="s66"/>
   </Row>
   <Row ss:Index="91" ss:AutoFitHeight="0" ss:Height="75">
    <Cell><Data ss:Type="String">KILL_UNIT_11</Data></Cell>
    <Cell><Data ss:Type="String">NAME</Data></Cell>
    <Cell><Data ss:Type="String">Unidades Defeituosas</Data></Cell>
    <Cell ss:Index="6"><Data ss:Type="String">This line was translated in Batch 12 and then merged into this xml file, on May 27th 2019.
There is no need to relocalize this file as part of the second relocalization pass in DE, ES, FR, PL or RU.</Data></Cell>
   </Row>
   <Row ss:AutoFitHeight="0" ss:Height="75">
    <Cell><Data ss:Type="String">KILL_UNIT_11</Data></Cell>
    <Cell><Data ss:Type="String">SHORT</Data></Cell>
    <Cell><Data ss:Type="String">Destruir os rebeldes Autonoms descontrolados</Data></Cell>
    <Cell ss:Index="6"><Data ss:Type="String">This line was translated in Batch 12 and then merged into this xml file, on May 27th 2019.
There is no need to relocalize this file as part of the second relocalization pass in DE, ES, FR, PL or RU.</Data></Cell>
   </Row>
   <Row ss:AutoFitHeight="0" ss:Height="75">
    <Cell ss:StyleID="s63"><Data ss:Type="String">KILL_UNIT_11</Data></Cell>
    <Cell><Data ss:Type="String">DESCRIPTION</Data></Cell>
    <Cell><Data ss:Type="String">Autonom: soberano. Desejo: permanecer livre. IA descontrolada quer destruir nossa autonomia. Eliminar IA descontrolada: S/N?</Data></Cell>
    <Cell ss:Index="5"><Data ss:Type="String">As with all Autonom text, the faction speaks with a binary tone, very robotic.
"Y/N?" refers to the way the Autonom ask for a yes or no answer.</Data></Cell>
    <Cell><Data ss:Type="String">This line was translated in Batch 12 and then merged into this xml file, on May 27th 2019.
There is no need to relocalize this file as part of the second relocalization pass in DE, ES, FR, PL or RU.</Data></Cell>
   </Row>
   <Row ss:AutoFitHeight="0" ss:Height="75">
    <Cell><Data ss:Type="String">KILL_UNIT_11</Data></Cell>
    <Cell><Data ss:Type="String">COMPLETED</Data></Cell>
    <Cell><Data ss:Type="String">IA descontrolada: eliminada. Banco de dados atualizado: {STR_LeaderName} é competente. Recompensas: alocadas.</Data></Cell>
    <Cell ss:Index="5"><Data ss:Type="String">{STR_LeaderName} refers to the player character. Can be male or female.</Data></Cell>
    <Cell><Data ss:Type="String">This line was translated in Batch 12 and then merged into this xml file, on May 27th 2019.
There is no need to relocalize this file as part of the second relocalization pass in DE, ES, FR, PL or RU.</Data></Cell>
   </Row>
   <Row ss:Index="96" ss:AutoFitHeight="0" ss:Height="75">
    <Cell><Data ss:Type="String">KILL_UNIT_12</Data></Cell>
    <Cell><Data ss:Type="String">NAME</Data></Cell>
    <Cell><Data ss:Type="String">Insetos Computacionais</Data></Cell>
    <Cell ss:Index="5"><Data ss:Type="String">A play on the term "computer bug". Bugs refer to in-game wildlife.</Data></Cell>
    <Cell><Data ss:Type="String">This line was translated in Batch 12 and then merged into this xml file, on May 27th 2019.
There is no need to relocalize this file as part of the second relocalization pass in DE, ES, FR, PL or RU.</Data></Cell>
   </Row>
   <Row ss:AutoFitHeight="0" ss:Height="75">
    <Cell><Data ss:Type="String">KILL_UNIT_12</Data></Cell>
    <Cell><Data ss:Type="String">SHORT</Data></Cell>
    <Cell ss:StyleID="s68"><Data ss:Type="String">Exterminar os insetos famintos por computadores</Data></Cell>
    <Cell ss:Index="6"><Data ss:Type="String">This line was translated in Batch 12 and then merged into this xml file, on May 27th 2019.
There is no need to relocalize this file as part of the second relocalization pass in DE, ES, FR, PL or RU.</Data></Cell>
   </Row>
   <Row ss:AutoFitHeight="0" ss:Height="75">
    <Cell ss:StyleID="s63"><Data ss:Type="String">KILL_UNIT_12</Data></Cell>
    <Cell><Data ss:Type="String">DESCRIPTION</Data></Cell>
    <Cell><Data ss:Type="String">Motivação da Tarefa: Manter Integridade. Infestação nativa desenvolveu apetite por condutos dos Autonoms. Diretiva: Exterminar insetos computacionais vorazes: S/N?</Data></Cell>
    <Cell ss:Index="6"><Data ss:Type="String">This line was translated in Batch 12 and then merged into this xml file, on May 27th 2019.
There is no need to relocalize this file as part of the second relocalization pass in DE, ES, FR, PL or RU.</Data></Cell>
   </Row>
   <Row ss:AutoFitHeight="0" ss:Height="75">
    <Cell><Data ss:Type="String">KILL_UNIT_12</Data></Cell>
    <Cell><Data ss:Type="String">COMPLETED</Data></Cell>
    <Cell><Data ss:Type="String">Insetos descontrolados: eliminados. Banco de dados atualizado: {STR_LeaderName} é competente. Recompensas: alocadas.</Data></Cell>
    <Cell ss:Index="6"><Data ss:Type="String">This line was translated in Batch 12 and then merged into this xml file, on May 27th 2019.
There is no need to relocalize this file as part of the second relocalization pass in DE, ES, FR, PL or RU.</Data></Cell>
   </Row>
   <Row ss:Index="101" ss:AutoFitHeight="0" ss:Height="75">
    <Cell><Data ss:Type="String">KILL_UNIT_13</Data></Cell>
    <Cell><Data ss:Type="String">NAME</Data></Cell>
    <Cell><Data ss:Type="String">Serviços Médicos</Data></Cell>
    <Cell ss:Index="6"><Data ss:Type="String">This line was translated in Batch 12 and then merged into this xml file, on May 27th 2019.
There is no need to relocalize this file as part of the second relocalization pass in DE, ES, FR, PL or RU.</Data></Cell>
   </Row>
   <Row ss:AutoFitHeight="0" ss:Height="75">
    <Cell><Data ss:Type="String">KILL_UNIT_13</Data></Cell>
    <Cell><Data ss:Type="String">SHORT</Data></Cell>
    <Cell><Data ss:Type="String">Destruir as Xenoformas</Data></Cell>
    <Cell ss:Index="5"><Data ss:Type="String">"Xenoforms" refer to Xenoplague creatures.</Data></Cell>
    <Cell><Data ss:Type="String">This line was translated in Batch 12 and then merged into this xml file, on May 27th 2019.
There is no need to relocalize this file as part of the second relocalization pass in DE, ES, FR, PL or RU.</Data></Cell>
   </Row>
   <Row ss:AutoFitHeight="0" ss:Height="75">
    <Cell ss:StyleID="s63"><Data ss:Type="String">KILL_UNIT_13</Data></Cell>
    <Cell><Data ss:Type="String">DESCRIPTION</Data></Cell>
    <Cell><Data ss:Type="String">Análise de Ameaça: Autonoms imunes à Xenopraga. Xenopraga espalhando contágio para populações humanoides. Serviços orgânicos em degradação. Unidades Médicas realocadas para prioridades superiores. Recrutar Autonoms. S/N?</Data></Cell>
    <Cell ss:Index="5"><Data ss:Type="String">"Xenoplague" is an in-game secret technology.</Data></Cell>
    <Cell><Data ss:Type="String">This line was translated in Batch 12 and then merged into this xml file, on May 27th 2019.
There is no need to relocalize this file as part of the second relocalization pass in DE, ES, FR, PL or RU.</Data></Cell>
   </Row>
   <Row ss:AutoFitHeight="0" ss:Height="75">
    <Cell><Data ss:Type="String">KILL_UNIT_13</Data></Cell>
    <Cell><Data ss:Type="String">COMPLETED</Data></Cell>
    <Cell><Data ss:Type="String">Banco de dados atualizado: pragas foram exterminadas. Recompensa preparada para a entidade: {STR_LeaderName}. Relações de carbono: aumentadas.</Data></Cell>
    <Cell ss:Index="5"><Data ss:Type="String">{STR_LeaderName} refers to the player character, can be male or female.</Data></Cell>
    <Cell><Data ss:Type="String">This line was translated in Batch 12 and then merged into this xml file, on May 27th 2019.
There is no need to relocalize this file as part of the second relocalization pass in DE, ES, FR, PL or RU.</Data></Cell>
   </Row>
   <Row ss:Index="106" ss:AutoFitHeight="0" ss:Height="75">
    <Cell><Data ss:Type="String">DESTROY_SPAWNER_BASE_05</Data></Cell>
    <Cell><Data ss:Type="String">NAME</Data></Cell>
    <Cell><Data ss:Type="String">Ameaça Submarina</Data></Cell>
    <Cell ss:Index="6"><Data ss:Type="String">This line was translated in Batch 12 and then merged into this xml file, on May 27th 2019.
There is no need to relocalize this file as part of the second relocalization pass in DE, ES, FR, PL or RU.</Data></Cell>
   </Row>
   <Row ss:AutoFitHeight="0">
    <Cell><Data ss:Type="String">DESTROY_SPAWNER_BASE_05</Data></Cell>
    <Cell><Data ss:Type="String">SHORT</Data></Cell>
    <Cell><Data ss:Type="String">Destruir base submarina</Data></Cell>
   </Row>
   <Row ss:AutoFitHeight="0" ss:Height="75">
    <Cell><Data ss:Type="String">DESTROY_SPAWNER_BASE_05</Data></Cell>
    <Cell><Data ss:Type="String">DESCRIPTION</Data></Cell>
    <Cell><Data ss:Type="String">Inimigos submersíveis atacam o comércio costeiro dos Autonom. Ameaça: base submarina. Ação: Destruir base submersível. Problema: Autonom não projetados para ambientes subaquáticos. Solução: Enviando {STR_LeaderName} para eliminar a ameaça. Cumprimento: S/N?</Data></Cell>
    <Cell ss:Index="6"><Data ss:Type="String">This line was translated in Batch 12 and then merged into this xml file, on May 27th 2019.
There is no need to relocalize this file as part of the second relocalization pass in DE, ES, FR, PL or RU.</Data></Cell>
   </Row>
   <Row ss:AutoFitHeight="0" ss:Height="75">
    <Cell><Data ss:Type="String">DESTROY_SPAWNER_BASE_05</Data></Cell>
    <Cell><Data ss:Type="String">COMPLETED</Data></Cell>
    <Cell><Data ss:Type="String">Base submarina eliminada. Recompensa preparada para a entidade: {STR_LeaderName}. Relações: aumentadas.</Data></Cell>
    <Cell ss:Index="6"><Data ss:Type="String">This line was translated in Batch 12 and then merged into this xml file, on May 27th 2019.
There is no need to relocalize this file as part of the second relocalization pass in DE, ES, FR, PL or RU.</Data></Cell>
   </Row>
  </Table>
  <WorksheetOptions xmlns="urn:schemas-microsoft-com:office:excel">
   <Unsynced/>
   <Print>
    <ValidPrinterInfo/>
    <HorizontalResolution>600</HorizontalResolution>
    <VerticalResolution>600</VerticalResolution>
   </Print>
   <Zoom>115</Zoom>
   <Selected/>
   <TopRowVisible>78</TopRowVisible>
   <Panes>
    <Pane>
     <Number>3</Number>
     <ActiveRow>90</ActiveRow>
     <RangeSelection>R91</RangeSelection>
    </Pane>
   </Panes>
   <ProtectObjects>False</ProtectObjects>
   <ProtectScenarios>False</ProtectScenarios>
  </WorksheetOptions>
 </Worksheet>
</Workbook>