<?xml version='1.0' encoding='UTF-8'?>
<?mso-application progid="Excel.Sheet"?><Workbook xmlns="urn:schemas-microsoft-com:office:spreadsheet" xmlns:o="urn:schemas-microsoft-com:office:office" xmlns:x="urn:schemas-microsoft-com:office:excel" xmlns:ss="urn:schemas-microsoft-com:office:spreadsheet" xmlns:html="http://www.w3.org/TR/REC-html40">
 <DocumentProperties xmlns="urn:schemas-microsoft-com:office:office">
  <LastAuthor>Luis Ferreira</LastAuthor>
  <LastSaved>2018-10-19T13:20:23Z</LastSaved>
  <Version>16.00</Version>
 </DocumentProperties>
 <OfficeDocumentSettings xmlns="urn:schemas-microsoft-com:office:office">
  <AllowPNG/>
 </OfficeDocumentSettings>
 <ExcelWorkbook xmlns="urn:schemas-microsoft-com:office:excel">
  <WindowHeight>12197</WindowHeight>
  <WindowWidth>32767</WindowWidth>
  <WindowTopX>32767</WindowTopX>
  <WindowTopY>32767</WindowTopY>
  <ProtectStructure>False</ProtectStructure>
  <ProtectWindows>False</ProtectWindows>
 </ExcelWorkbook>
 <Styles>
  <Style ss:ID="Default" ss:Name="Normal">
   <Alignment ss:Vertical="Bottom"/>
   <Borders/>
   <Font ss:FontName="Calibri" x:Family="Swiss" ss:Size="11" ss:Color="#000000"/>
   <Interior/>
   <NumberFormat/>
   <Protection/>
  </Style>
  <Style ss:ID="s62">
   <Alignment ss:Vertical="Top" ss:WrapText="1"/>
  </Style>
 </Styles>
 <Worksheet ss:Name="Script">
  <Table ss:ExpandedColumnCount="6" ss:ExpandedRowCount="16" x:FullColumns="1" x:FullRows="1" ss:StyleID="s62" ss:DefaultColumnWidth="210.85714285714283" ss:DefaultRowHeight="15">
   <Column ss:StyleID="s62" ss:Width="180"/>
   <Column ss:StyleID="s62" ss:Width="112.71428571428571"/>
   <Column ss:StyleID="s62" ss:AutoFitWidth="0" ss:Width="482.14285714285711"/>
   <Column ss:StyleID="s62" ss:Width="147.85714285714283"/>
   <Column ss:StyleID="s62" ss:AutoFitWidth="0" ss:Width="318"/>
   <Column ss:StyleID="s62" ss:Width="120"/>
   <Row ss:AutoFitHeight="0" ss:Height="90">
    <Cell><Data ss:Type="String">EXPLOSIVE_TECHGROUPS</Data></Cell>
    <Cell ss:Index="5"><Data ss:Type="String">Anything between straight brackets - i.e. [ ] - is a formatting tag. Do not change these tags and keep them in the same relative position in the text. Anything between curly brackets - i.e. { } - is a place where text or numbers will be inserted by the game. Do not change the tag, but feel free to change its position in the text to suit the localized text.</Data></Cell>
   </Row>
   <Row ss:AutoFitHeight="0">
    <Cell><Data ss:Type="String">SCENE ID</Data></Cell>
    <Cell><Data ss:Type="String">TEXT ID</Data></Cell>
    <Cell><Data ss:Type="String">ENGLISH STRING</Data></Cell>
    <Cell><Data ss:Type="String">ALTERNATIVE ENGLISH STRING</Data></Cell>
    <Cell><Data ss:Type="String">LOCALIZATION NOTES</Data></Cell>
    <Cell><Data ss:Type="String">DEV TEAM / MISC NOTES</Data></Cell>
   </Row>
   <Row ss:AutoFitHeight="0" ss:Height="90">
    <Cell ss:Index="5"><Data ss:Type="String">In the text below, any inserted strings - anything of the form {text} - is replaced by an integer value for the thing described in the brackets. If the {text} is not followed by a unit - e.g. shields, hitpoints - the icon for the unit is inserted together with the integer. The same holds for symbols - e.g. '+', '%' - which are occasionally inserted together with the integer.</Data></Cell>
   </Row>
   <Row ss:AutoFitHeight="0" ss:Height="30">
    <Cell ss:Index="5"><Data ss:Type="String">For references to game terminology and in-world references, please check the glossary delivered as part of the documentation.</Data></Cell>
   </Row>
   <Row ss:AutoFitHeight="0">
    <Cell><Data ss:Type="String">EXPLOSIVE_SKILLS</Data></Cell>
    <Cell><Data ss:Type="String">GROUP_NAME</Data></Cell>
    <Cell><Data ss:Type="String">Explosivo</Data></Cell>
   </Row>
   <Row ss:AutoFitHeight="0">
    <Cell><Data ss:Type="String">ADVANCED_MUNITIONS_PROVISION</Data></Cell>
    <Cell><Data ss:Type="String">NAME</Data></Cell>
    <Cell><Data ss:Type="String">Provisão de Munições Avançadas</Data></Cell>
   </Row>
   <Row ss:AutoFitHeight="0" ss:Height="45">
    <Cell><Data ss:Type="String">ADVANCED_MUNITIONS_PROVISION</Data></Cell>
    <Cell><Data ss:Type="String">DESCRIPTION</Data></Cell>
    <Cell><Data ss:Type="String">Unidade aliada alvo de um ataque Explosivo ganha +{AdvancedMunitionsProvisionRange} de alcance, +{AdvancedMunitionsProvisionDamage}% de dano e [abilityred]Impacto Devastador[/abilityred] por {AdvancedMunitionsProvisionDuration}[turn/].</Data></Cell>
   </Row>
   <Row ss:AutoFitHeight="0">
    <Cell><Data ss:Type="String">ADVANCED_MUNITIONS_PROVISION</Data></Cell>
    <Cell><Data ss:Type="String">MOD_DESCRIPTION</Data></Cell>
    <Cell><Data ss:Type="String">{AdvancedMunitionsProvisionRange} de alcance, {AdvancedMunitionsProvisionDamage}% de dano</Data></Cell>
   </Row>
   <Row ss:AutoFitHeight="0">
    <Cell><Data ss:Type="String">CREEPING_BARRAGE</Data></Cell>
    <Cell><Data ss:Type="String">NAME</Data></Cell>
    <Cell><Data ss:Type="String">Barragem Rasteira</Data></Cell>
   </Row>
   <Row ss:AutoFitHeight="0" ss:Height="60">
    <Cell><Data ss:Type="String">CREEPING_BARRAGE</Data></Cell>
    <Cell><Data ss:Type="String">DESCRIPTION</Data></Cell>
    <Cell><Data ss:Type="String">Fogo de artilharia cai sobre um único hex alvo, causando {CreepingBarrageDamage}[damagephysical/] de dano com [abilityred]Alto Impacto[/abilityred]. Isso é acionado no início de cada um dos seus turnos por {CreepingBarrageDuration}[turn/], e o raio da área de efeito aumenta em 1 hex a cada turno.</Data></Cell>
   </Row>
   <Row ss:AutoFitHeight="0" ss:Height="30">
    <Cell><Data ss:Type="String">CREEPING_BARRAGE</Data></Cell>
    <Cell><Data ss:Type="String">HAZARD_DESCRIPTION</Data></Cell>
    <Cell><Data ss:Type="String">Fogo de artilharia cai sobre uma área de raio de {hexrad} hex, causando {CreepingBarrageDamage}[damagephysical/] de dano no início do próximo turno.</Data></Cell>
   </Row>
   <Row ss:AutoFitHeight="0">
    <Cell><Data ss:Type="String">TIME_ON_TARGET</Data></Cell>
    <Cell><Data ss:Type="String">NAME</Data></Cell>
    <Cell><Data ss:Type="String">Foco no Alvo</Data></Cell>
   </Row>
   <Row ss:AutoFitHeight="0" ss:Height="60">
    <Cell><Data ss:Type="String">TIME_ON_TARGET</Data></Cell>
    <Cell><Data ss:Type="String">DESCRIPTION</Data></Cell>
    <Cell><Data ss:Type="String">Marque uma unidade para lançar uma sinalização. A sinalização dá a unidades em um raio de {hexrad} hex o efeito [abilityred]Iluminado[/abilityred], tornando-as {TimeOnTargetAccuracy}% mais fáceis de acertar.[br/]No início do próximo turno, a unidade alvo e aliados em um raio de {hexrad} hex são atingidos por fogo de artilharia, causando {TimeOnTargetDamage}[damagePhysical/] e [abilityred]Impacto Devastador[/abilityred].</Data></Cell>
   </Row>
   <Row ss:AutoFitHeight="0" ss:Height="60">
    <Cell><Data ss:Type="String">TIME_ON_TARGET</Data></Cell>
    <Cell><Data ss:Type="String">MOD_DESCRIPTION</Data></Cell>
    <Cell><Data ss:Type="String">Esta unidade está marcada para fogo de artilharia e, ao final do turno dela, ela e aliados adjacentes receberão {TimeOnTargetDamage}[damagePhysical/] e [abilityred]Impacto Devastador[/abilityred].</Data></Cell>
   </Row>
   <Row ss:AutoFitHeight="0">
    <Cell><Data ss:Type="String">TACTICAL_NUCLEAR_STRIKE</Data></Cell>
    <Cell><Data ss:Type="String">NAME</Data></Cell>
    <Cell><Data ss:Type="String">Ataque Nuclear Tático</Data></Cell>
   </Row>
   <Row ss:AutoFitHeight="0" ss:Height="90">
    <Cell><Data ss:Type="String">TACTICAL_NUCLEAR_STRIKE</Data></Cell>
    <Cell><Data ss:Type="String">DESCRIPTION</Data></Cell>
    <Cell><Data ss:Type="String">Um míssil nuclear tático cai em uma área de raio de {TacticalNuclearStrikeAoE} hex, causando {TacticalNuclearStrikeCenterDamage}[damagethermal/] de dano e [abilityred]Impacto Devastador[/abilityred].[br/] Além disso, toda unidade inimiga em combate tem {TacticalNuclearStrikeBlindStrength}[strengthphysical/]% de chance de ficar [abilityred]Cega[/abilityred].</Data></Cell>
   </Row>
  </Table>
  <WorksheetOptions xmlns="urn:schemas-microsoft-com:office:excel">
   <Unsynced/>
   <Selected/>
   <Panes>
    <Pane>
     <Number>3</Number>
     <ActiveRow>6</ActiveRow>
     <ActiveCol>3</ActiveCol>
    </Pane>
   </Panes>
   <ProtectObjects>False</ProtectObjects>
   <ProtectScenarios>False</ProtectScenarios>
  </WorksheetOptions>
 </Worksheet>
</Workbook>