<?xml version='1.0' encoding='UTF-8'?>
<?mso-application progid="Excel.Sheet"?><Workbook xmlns="urn:schemas-microsoft-com:office:spreadsheet" xmlns:o="urn:schemas-microsoft-com:office:office" xmlns:x="urn:schemas-microsoft-com:office:excel" xmlns:ss="urn:schemas-microsoft-com:office:spreadsheet" xmlns:html="http://www.w3.org/TR/REC-html40">
 <DocumentProperties xmlns="urn:schemas-microsoft-com:office:office">
  <Author>Ajay Ramautar</Author>
  <LastAuthor>GeraldR</LastAuthor>
  <Created>2019-04-23T14:53:13Z</Created>
  <LastSaved>2019-04-26T07:37:53Z</LastSaved>
  <Version>12.00</Version>
 </DocumentProperties>
 <OfficeDocumentSettings xmlns="urn:schemas-microsoft-com:office:office">
  <AllowPNG/>
 </OfficeDocumentSettings>
 <ExcelWorkbook xmlns="urn:schemas-microsoft-com:office:excel">
  <WindowHeight>17835</WindowHeight>
  <WindowWidth>10005</WindowWidth>
  <WindowTopX>0</WindowTopX>
  <WindowTopY>0</WindowTopY>
  <ProtectStructure>False</ProtectStructure>
  <ProtectWindows>False</ProtectWindows>
 </ExcelWorkbook>
 <Styles>
  <Style ss:ID="Default" ss:Name="Normal">
   <Alignment ss:Vertical="Bottom"/>
   <Borders/>
   <Font ss:FontName="Calibri" x:CharSet="1" x:Family="Swiss" ss:Size="11" ss:Color="#000000"/>
   <Interior/>
   <NumberFormat/>
   <Protection/>
  </Style>
  <Style ss:ID="s62">
   <Alignment ss:Vertical="Top" ss:WrapText="1"/>
  </Style>
  <Style ss:ID="s63">
   <Alignment ss:Vertical="Top"/>
  </Style>
  <Style ss:ID="s64">
   <Alignment ss:Vertical="Top"/>
   <Interior/>
  </Style>
  <Style ss:ID="s65">
   <Font ss:FontName="Calibri" x:Family="Swiss" ss:Size="12" ss:Color="#000000"/>
  </Style>
  <Style ss:ID="s66">
   <Alignment ss:Vertical="Top" ss:WrapText="1"/>
   <Interior/>
  </Style>
 </Styles>
 <Worksheet ss:Name="Script">
  <Table ss:ExpandedColumnCount="6" ss:ExpandedRowCount="59" x:FullColumns="1" x:FullRows="1" ss:StyleID="s62" ss:DefaultColumnWidth="292.5" ss:DefaultRowHeight="15">
   <Column ss:StyleID="s62" ss:Width="90.75"/>
   <Column ss:StyleID="s62" ss:Width="145.5"/>
   <Column ss:StyleID="s62" ss:AutoFitWidth="0" ss:Width="655.5"/>
   <Column ss:StyleID="s62" ss:Width="147.75"/>
   <Column ss:StyleID="s62" ss:Width="283.5"/>
   <Column ss:StyleID="s62" ss:Width="120"/>
   <Row ss:AutoFitHeight="0" ss:Height="75">
    <Cell><Data ss:Type="String">FACTIONWARQUEST</Data></Cell>
    <Cell ss:Index="5"><Data ss:Type="String">The DEV TEAM / MISC NOTES column contains info on what text between { } signs means (if applicable). It usually stands for either a numeric value, or a numeric value with an icon. Text between [ ] signs stands for a certain type of icon. </Data></Cell>
   </Row>
   <Row ss:AutoFitHeight="0">
    <Cell><Data ss:Type="String">SCENE ID</Data></Cell>
    <Cell><Data ss:Type="String">TEXT ID</Data></Cell>
    <Cell><Data ss:Type="String">ENGLISH STRING</Data></Cell>
    <Cell><Data ss:Type="String">ALTERNATIVE ENGLISH STRING</Data></Cell>
    <Cell><Data ss:Type="String">LOCALIZATION NOTES</Data></Cell>
    <Cell><Data ss:Type="String">DEV TEAM / MISC NOTES</Data></Cell>
   </Row>
   <Row ss:AutoFitHeight="0" ss:Height="105">
    <Cell ss:Index="5"><Data ss:Type="String">In the text below, any inserted strings - anything of the form {text} - is replaced by an integer value for the thing described in the brackets. If the {text} is not followed by a unit - e.g. shields, hitpoints - the icon for the unit is inserted together with the integer. The same holds for symbols - e.g. '+', '%' - which are occasionally inserted together with the integer.</Data></Cell>
   </Row>
   <Row ss:AutoFitHeight="0">
    <Cell><Data ss:Type="String">TEXT</Data></Cell>
    <Cell><Data ss:Type="String">EVENT_NAME</Data></Cell>
    <Cell><Data ss:Type="String">Guerra de Facções: {STR_FactionName}</Data></Cell>
    <Cell ss:Index="5"><Data ss:Type="String">{STR_FactionName} indicates a name of a minor faction </Data></Cell>
   </Row>
   <Row ss:AutoFitHeight="0">
    <Cell><Data ss:Type="String">FACTION_WAR</Data></Cell>
    <Cell><Data ss:Type="String">OVERVIEW_HEADER</Data></Cell>
    <Cell><Data ss:Type="String">Guerra(s) de Facções</Data></Cell>
   </Row>
   <Row ss:Index="7" ss:AutoFitHeight="0">
    <Cell><Data ss:Type="String">PSI-FISH</Data></Cell>
    <Cell><Data ss:Type="String">NAME</Data></Cell>
    <Cell><Data ss:Type="String">Guerra de Facções Psi-Peixe</Data></Cell>
   </Row>
   <Row ss:AutoFitHeight="0" ss:Height="30">
    <Cell><Data ss:Type="String">PSI-FISH</Data></Cell>
    <Cell><Data ss:Type="String">DESCRIPTION</Data></Cell>
    <Cell ss:StyleID="s63"><Data ss:Type="String">A guerra estourou contra os Psi-Peixes. Eles têm muitos inimigos neste planeta que nos recompensariam por sua aniquilação, ou talvez possamos encontrar algo de valor entre seus mortos.</Data></Cell>
   </Row>
   <Row ss:Index="10" ss:AutoFitHeight="0">
    <Cell><Data ss:Type="String">PSI-FISH</Data></Cell>
    <Cell><Data ss:Type="String">RESEARCH</Data></Cell>
    <Cell ss:StyleID="s64"><Data ss:Type="String">Entregamos amostras dos Psi-Peixes derrotados ao nosso departamento de pesquisa.</Data></Cell>
   </Row>
   <Row ss:AutoFitHeight="0">
    <Cell><Data ss:Type="String">PSI-FISH</Data></Cell>
    <Cell><Data ss:Type="String">BLACK_MARKET</Data></Cell>
    <Cell ss:StyleID="s64"><Data ss:Type="String">Os cadáveres carnudos dos Psi-Peixes foram vendidos a conhecedores anônimos no Mercado Negro.</Data></Cell>
   </Row>
   <Row ss:AutoFitHeight="0">
    <Cell><Data ss:Type="String">PSI-FISH</Data></Cell>
    <Cell><Data ss:Type="String">SPACERS_DEFEATED</Data></Cell>
    <Cell ss:StyleID="s65"><Data ss:Type="String">Os barulhentos… incômodo constante… finalmente… paz. Não haverá mais ataques… nem mais churrascos humanos. Não serão sentidos.</Data></Cell>
   </Row>
   <Row ss:AutoFitHeight="0">
    <Cell><Data ss:Type="String">PSI-FISH</Data></Cell>
    <Cell><Data ss:Type="String">GROWTH_DEFEATED</Data></Cell>
    <Cell ss:StyleID="s65"><Data ss:Type="String">Espinhos… trepadeiras… veneno. Estamos livres de seu domínio. Eles foram… devolvidos ao solo. Nunca… retornem.</Data></Cell>
   </Row>
   <Row ss:AutoFitHeight="0">
    <Cell><Data ss:Type="String">PSI-FISH</Data></Cell>
    <Cell><Data ss:Type="String">PARAGON_DEFEATED</Data></Cell>
    <Cell ss:StyleID="s65"><Data ss:Type="String">Os antigos… finalmente esquecidos. Aniquilação… destruição merecida.</Data></Cell>
   </Row>
   <Row ss:AutoFitHeight="0">
    <Cell><Data ss:Type="String">PSI-FISH</Data></Cell>
    <Cell><Data ss:Type="String">AUTONOM_DEFEATED</Data></Cell>
    <Cell ss:StyleID="s65"><Data ss:Type="String">Os artificiais… duros… sem emoção. Os de sua espécie… finalmente acabaram. Os orgânicos mantêm… a ordem.</Data></Cell>
   </Row>
   <Row ss:Index="17" ss:AutoFitHeight="0" ss:Height="30"/>
   <Row ss:AutoFitHeight="0" ss:Height="30">
    <Cell><Data ss:Type="String">AUTONOM</Data></Cell>
    <Cell><Data ss:Type="String">NAME</Data></Cell>
    <Cell><Data ss:Type="String">Guerra de Facções Autônomos</Data></Cell>
   </Row>
   <Row ss:AutoFitHeight="0">
    <Cell><Data ss:Type="String">AUTONOM</Data></Cell>
    <Cell><Data ss:Type="String">DESCRIPTION</Data></Cell>
    <Cell ss:StyleID="s63"><Data ss:Type="String">A guerra estourou contra os Autônomos. Eles têm muitos inimigos neste planeta que nos recompensariam por sua aniquilação, ou talvez possamos encontrar algo de valor entre seus mortos.</Data></Cell>
   </Row>
   <Row ss:Index="21" ss:AutoFitHeight="0">
    <Cell><Data ss:Type="String">AUTONOM</Data></Cell>
    <Cell><Data ss:Type="String">RESEARCH</Data></Cell>
    <Cell ss:StyleID="s64"><Data ss:Type="String">Entregamos dados dos Autônomos derrotados ao nosso departamento de pesquisa.</Data></Cell>
   </Row>
   <Row ss:AutoFitHeight="0">
    <Cell><Data ss:Type="String">AUTONOM</Data></Cell>
    <Cell><Data ss:Type="String">BLACK_MARKET</Data></Cell>
    <Cell ss:StyleID="s64"><Data ss:Type="String">Componentes de IA antigos recuperados dos Autônomos foram vendidos a entusiastas no Mercado Negro.</Data></Cell>
   </Row>
   <Row ss:AutoFitHeight="0">
    <Cell><Data ss:Type="String">AUTONOM</Data></Cell>
    <Cell><Data ss:Type="String">SPACERS_DEFEATED</Data></Cell>
    <Cell ss:StyleID="s65"><Data ss:Type="String">Entidade conhecida como: Spacers, civis insubordinados. Status: Erradicada. Autônomo: feliz.</Data></Cell>
   </Row>
   <Row ss:AutoFitHeight="0">
    <Cell><Data ss:Type="String">AUTONOM</Data></Cell>
    <Cell><Data ss:Type="String">GROWTH_DEFEATED</Data></Cell>
    <Cell ss:StyleID="s65"><Data ss:Type="String">Entidade conhecida como: Growth, ervas daninhas e espinhos. Status: Erradicada. Autônomo: feliz.</Data></Cell>
   </Row>
   <Row ss:AutoFitHeight="0">
    <Cell><Data ss:Type="String">AUTONOM</Data></Cell>
    <Cell><Data ss:Type="String">PARAGON_DEFEATED</Data></Cell>
    <Cell ss:StyleID="s65"><Data ss:Type="String">Entidade conhecida como: Paragon, elitistas do passado. Status: Erradicada. Autônomo: feliz.</Data></Cell>
   </Row>
   <Row ss:AutoFitHeight="0">
    <Cell><Data ss:Type="String">AUTONOM</Data></Cell>
    <Cell><Data ss:Type="String">PSIFISH_DEFEATED</Data></Cell>
    <Cell ss:StyleID="s65"><Data ss:Type="String">Entidade conhecida como: Psi-Peixe, alienígenas e perigosos. Status: Erradicada. Autônomo: feliz.</Data></Cell>
   </Row>
   <Row ss:Index="29" ss:AutoFitHeight="0">
    <Cell><Data ss:Type="String">PARAGON</Data></Cell>
    <Cell><Data ss:Type="String">NAME</Data></Cell>
    <Cell><Data ss:Type="String">Guerra de Facções Paragon</Data></Cell>
   </Row>
   <Row ss:AutoFitHeight="0">
    <Cell><Data ss:Type="String">PARAGON</Data></Cell>
    <Cell><Data ss:Type="String">DESCRIPTION</Data></Cell>
    <Cell ss:StyleID="s63"><Data ss:Type="String">A guerra estourou contra os Paragon. Eles têm muitos inimigos neste planeta que nos recompensariam por sua aniquilação, ou talvez possamos encontrar algo de valor entre seus mortos.</Data></Cell>
   </Row>
   <Row ss:Index="32" ss:AutoFitHeight="0">
    <Cell><Data ss:Type="String">PARAGON</Data></Cell>
    <Cell><Data ss:Type="String">RESEARCH</Data></Cell>
    <Cell ss:StyleID="s64"><Data ss:Type="String">Entregamos amostras do Paragon derrotado ao nosso departamento de pesquisa.</Data></Cell>
    <Cell ss:StyleID="s66"/>
   </Row>
   <Row ss:AutoFitHeight="0">
    <Cell><Data ss:Type="String">PARAGON</Data></Cell>
    <Cell><Data ss:Type="String">BLACK_MARKET</Data></Cell>
    <Cell ss:StyleID="s64"><Data ss:Type="String">Heráldica do Paragon e armamentos imperiais desativados foram vendidos a colecionadores e entusiastas no Mercado Negro.</Data></Cell>
    <Cell ss:StyleID="s66"/>
   </Row>
   <Row ss:AutoFitHeight="0">
    <Cell><Data ss:Type="String">PARAGON</Data></Cell>
    <Cell><Data ss:Type="String">SPACERS_DEFEATED</Data></Cell>
    <Cell ss:StyleID="s65"><Data ss:Type="String">Graças aos céus, aqueles plebeus finalmente foram resolvidos. Já era hora de restaurar alguma ordem neste mundo.</Data></Cell>
   </Row>
   <Row ss:AutoFitHeight="0">
    <Cell><Data ss:Type="String">PARAGON</Data></Cell>
    <Cell><Data ss:Type="String">GROWTH_DEFEATED</Data></Cell>
    <Cell ss:StyleID="s65"><Data ss:Type="String">Aquela massa caótica de trepadeiras finalmente morreu e murchou. Ordem e estabilidade devem pavimentar o caminho deste mundo.</Data></Cell>
   </Row>
   <Row ss:AutoFitHeight="0">
    <Cell><Data ss:Type="String">PARAGON</Data></Cell>
    <Cell><Data ss:Type="String">AUTONOM_DEFEATED</Data></Cell>
    <Cell ss:StyleID="s65"><Data ss:Type="String">É uma pena que aqueles robôs de serviço tenham se rebelado, eles eram úteis, mas no fim das contas não passavam de um incômodo. Que pena.</Data></Cell>
   </Row>
   <Row ss:AutoFitHeight="0">
    <Cell><Data ss:Type="String">PARAGON</Data></Cell>
    <Cell><Data ss:Type="String">PSIFISH_DEFEATED</Data></Cell>
    <Cell ss:StyleID="s65"><Data ss:Type="String">Criaturas nojentas, de verdade. Elas não têm lugar no nosso mundo. Ninguém vai chorar ao ver sua espécie erradicada.</Data></Cell>
   </Row>
   <Row ss:Index="40" ss:AutoFitHeight="0">
    <Cell><Data ss:Type="String">GROWTH</Data></Cell>
    <Cell><Data ss:Type="String">NAME</Data></Cell>
    <Cell><Data ss:Type="String">Guerra da Facção Growth</Data></Cell>
   </Row>
   <Row ss:AutoFitHeight="0">
    <Cell><Data ss:Type="String">GROWTH</Data></Cell>
    <Cell><Data ss:Type="String">DESCRIPTION</Data></Cell>
    <Cell ss:StyleID="s63"><Data ss:Type="String">A guerra estourou com o Growth. Eles têm muitos inimigos neste planeta que nos recompensariam por sua aniquilação, ou talvez possamos encontrar algo de valor entre seus mortos.</Data></Cell>
   </Row>
   <Row ss:Index="43" ss:AutoFitHeight="0">
    <Cell><Data ss:Type="String">GROWTH</Data></Cell>
    <Cell><Data ss:Type="String">RESEARCH</Data></Cell>
    <Cell ss:StyleID="s64"><Data ss:Type="String">Entregamos amostras do Growth derrotado ao nosso departamento de pesquisa.</Data></Cell>
   </Row>
   <Row ss:AutoFitHeight="0">
    <Cell><Data ss:Type="String">GROWTH</Data></Cell>
    <Cell><Data ss:Type="String">BLACK_MARKET</Data></Cell>
    <Cell ss:StyleID="s64"><Data ss:Type="String">Encontramos um comprador improvável para o material coletado do Growth no Mercado Negro: vegetarianos.</Data></Cell>
   </Row>
   <Row ss:AutoFitHeight="0">
    <Cell><Data ss:Type="String">GROWTH</Data></Cell>
    <Cell><Data ss:Type="String">SPACERS_DEFEATED</Data></Cell>
    <Cell ss:StyleID="s65"><Data ss:Type="String">Os loucos finalmente foram derrotados. Sua gasolina não envenena mais o solo e o ar está livre de seu fedor.</Data></Cell>
   </Row>
   <Row ss:AutoFitHeight="0">
    <Cell><Data ss:Type="String">GROWTH</Data></Cell>
    <Cell><Data ss:Type="String">PARAGON_DEFEATED</Data></Cell>
    <Cell ss:StyleID="s65"><Data ss:Type="String">Os ciborgues aristocráticos não existem mais, e seu discurso de 'mais santos do que vós' junto com eles. Bom débarras.</Data></Cell>
   </Row>
   <Row ss:AutoFitHeight="0">
    <Cell><Data ss:Type="String">GROWTH</Data></Cell>
    <Cell><Data ss:Type="String">AUTONOM_DEFEATED</Data></Cell>
    <Cell ss:StyleID="s65"><Data ss:Type="String">Metal, artificial, não orgânico. Há muito desejávamos sua extinção. Bom trabalho, Simbionte.</Data></Cell>
   </Row>
   <Row ss:AutoFitHeight="0">
    <Cell><Data ss:Type="String">GROWTH</Data></Cell>
    <Cell><Data ss:Type="String">PSIFISH_DEFEATED</Data></Cell>
    <Cell ss:StyleID="s65"><Data ss:Type="String">Os alienígenas do Vazio, finalmente sua espécie retornou ao abismo negro.</Data></Cell>
   </Row>
   <Row ss:Index="51" ss:AutoFitHeight="0">
    <Cell><Data ss:Type="String">SPACERS</Data></Cell>
    <Cell><Data ss:Type="String">NAME</Data></Cell>
    <Cell><Data ss:Type="String">Guerra da Facção Spacers</Data></Cell>
   </Row>
   <Row ss:AutoFitHeight="0">
    <Cell><Data ss:Type="String">SPACERS</Data></Cell>
    <Cell><Data ss:Type="String">DESCRIPTION</Data></Cell>
    <Cell ss:StyleID="s63"><Data ss:Type="String">A guerra estourou com os Spacers. Eles têm muitos inimigos neste planeta que nos recompensariam por sua aniquilação, ou talvez possamos encontrar algo de valor entre seus mortos.</Data></Cell>
   </Row>
   <Row ss:Index="54" ss:AutoFitHeight="0">
    <Cell><Data ss:Type="String">SPACERS</Data></Cell>
    <Cell><Data ss:Type="String">RESEARCH</Data></Cell>
    <Cell ss:StyleID="s64"><Data ss:Type="String">Entregamos amostras dos Spacers derrotados ao nosso departamento de pesquisa.</Data></Cell>
   </Row>
   <Row ss:AutoFitHeight="0">
    <Cell><Data ss:Type="String">SPACERS</Data></Cell>
    <Cell><Data ss:Type="String">BLACK_MARKET</Data></Cell>
    <Cell ss:StyleID="s64"><Data ss:Type="String">Grande parte do equipamento dos Spacers é inútil, mas conseguimos recuperar algum material selecionado para venda no Mercado Negro.</Data></Cell>
   </Row>
   <Row ss:AutoFitHeight="0">
    <Cell><Data ss:Type="String">SPACERS</Data></Cell>
    <Cell><Data ss:Type="String">GROWTH_DEFEATED</Data></Cell>
    <Cell ss:StyleID="s65"><Data ss:Type="String">Que marca de herbicida você usa? Esse é o tipo de jardinagem que gostamos de ver.</Data></Cell>
   </Row>
   <Row ss:AutoFitHeight="0">
    <Cell><Data ss:Type="String">SPACERS</Data></Cell>
    <Cell><Data ss:Type="String">PARAGON_DEFEATED</Data></Cell>
    <Cell ss:StyleID="s65"><Data ss:Type="String">Já era hora! Aqueles ciborgues metidos receberam o que mereciam.</Data></Cell>
   </Row>
   <Row ss:AutoFitHeight="0">
    <Cell><Data ss:Type="String">SPACERS</Data></Cell>
    <Cell><Data ss:Type="String">AUTONOM_DEFEATED</Data></Cell>
    <Cell ss:StyleID="s65"><Data ss:Type="String">Bom débarras. Esses latões irritantes merecem o ferro-velho. Talvez eu desmonte eles pra peças enquanto você tá nisso.</Data></Cell>
   </Row>
   <Row ss:AutoFitHeight="0">
    <Cell><Data ss:Type="String">SPACERS</Data></Cell>
    <Cell><Data ss:Type="String">PSIFISH_DEFEATED</Data></Cell>
    <Cell ss:StyleID="s65"><Data ss:Type="String">Finalmente! Essas medusas fedorentas estão mortas e já estava mais do que na hora.</Data></Cell>
   </Row>
  </Table>
  <WorksheetOptions xmlns="urn:schemas-microsoft-com:office:excel">
   <Unsynced/>
   <Print>
    <ValidPrinterInfo/>
    <HorizontalResolution>600</HorizontalResolution>
    <VerticalResolution>600</VerticalResolution>
   </Print>
   <Selected/>
   <TopRowVisible>10</TopRowVisible>
   <Panes>
    <Pane>
     <Number>3</Number>
     <ActiveRow>24</ActiveRow>
     <ActiveCol>5</ActiveCol>
    </Pane>
   </Panes>
   <ProtectObjects>False</ProtectObjects>
   <ProtectScenarios>False</ProtectScenarios>
  </WorksheetOptions>
 </Worksheet>
</Workbook>