<?xml version='1.0' encoding='UTF-8'?>
<?mso-application progid="Excel.Sheet"?><Workbook xmlns="urn:schemas-microsoft-com:office:spreadsheet" xmlns:o="urn:schemas-microsoft-com:office:office" xmlns:x="urn:schemas-microsoft-com:office:excel" xmlns:ss="urn:schemas-microsoft-com:office:spreadsheet" xmlns:html="http://www.w3.org/TR/REC-html40">
 <DocumentProperties xmlns="urn:schemas-microsoft-com:office:office">
  <LastAuthor>Luis Ferreira</LastAuthor>
  <LastSaved>2018-11-15T13:07:44Z</LastSaved>
  <Version>16.00</Version>
 </DocumentProperties>
 <OfficeDocumentSettings xmlns="urn:schemas-microsoft-com:office:office">
  <AllowPNG/>
 </OfficeDocumentSettings>
 <ExcelWorkbook xmlns="urn:schemas-microsoft-com:office:excel">
  <WindowHeight>15825</WindowHeight>
  <WindowWidth>32767</WindowWidth>
  <WindowTopX>32767</WindowTopX>
  <WindowTopY>32767</WindowTopY>
  <RefModeR1C1/>
  <ProtectStructure>False</ProtectStructure>
  <ProtectWindows>False</ProtectWindows>
 </ExcelWorkbook>
 <Styles>
  <Style ss:ID="Default" ss:Name="Normal">
   <Alignment ss:Vertical="Bottom"/>
   <Borders/>
   <Font ss:FontName="Calibri" x:Family="Swiss" ss:Size="11" ss:Color="#000000"/>
   <Interior/>
   <NumberFormat/>
   <Protection/>
  </Style>
  <Style ss:ID="s62">
   <Alignment ss:Vertical="Top" ss:WrapText="1"/>
  </Style>
  <Style ss:ID="s63">
   <Alignment ss:Vertical="Top" ss:WrapText="1"/>
   <Borders/>
   <Font ss:FontName="Calibri" x:Family="Swiss" ss:Size="11" ss:Color="#000000"/>
  </Style>
  <Style ss:ID="s64">
   <Alignment ss:Vertical="Bottom" ss:WrapText="1"/>
   <Interior ss:Color="#F8CBAD" ss:Pattern="Solid"/>
  </Style>
  <Style ss:ID="s65">
   <Alignment ss:Vertical="Top" ss:WrapText="1"/>
   <Borders/>
  </Style>
  <Style ss:ID="s66">
   <Alignment ss:Vertical="Bottom" ss:WrapText="1"/>
   <Interior/>
  </Style>
 </Styles>
 <Worksheet ss:Name="Script">
  <Table ss:ExpandedColumnCount="7" ss:ExpandedRowCount="80" x:FullColumns="1" x:FullRows="1" ss:StyleID="s62" ss:DefaultColumnWidth="231" ss:DefaultRowHeight="15">
   <Column ss:Index="4" ss:StyleID="s62" ss:AutoFitWidth="0" ss:Width="126.75"/>
   <Column ss:StyleID="s62" ss:AutoFitWidth="0" ss:Width="148.5"/>
   <Column ss:StyleID="s62" ss:AutoFitWidth="0" ss:Width="149.25"/>
   <Row ss:AutoFitHeight="0" ss:Height="90">
    <Cell><Data ss:Type="String">THEGROWTH_UNITPROPERTIES</Data></Cell>
    <Cell ss:Index="5"><Data ss:Type="String">The DEV TEAM / MISC NOTES column contains info on what text between { } signs means (if applicable). It usually stands for either a numeric value, or a numeric value with an icon. Text between [ ] signs stands for a certain type of icon. </Data></Cell>
   </Row>
   <Row ss:AutoFitHeight="0">
    <Cell><Data ss:Type="String">SCENE ID</Data></Cell>
    <Cell><Data ss:Type="String">TEXT ID</Data></Cell>
    <Cell><Data ss:Type="String">ENGLISH STRING</Data></Cell>
    <Cell><Data ss:Type="String">ALTERNATIVE ENGLISH STRING</Data></Cell>
    <Cell><Data ss:Type="String">LOCALIZATION NOTES</Data></Cell>
    <Cell><Data ss:Type="String">DEV TEAM / MISC NOTES</Data></Cell>
   </Row>
   <Row ss:AutoFitHeight="0" ss:Height="135">
    <Cell ss:Index="5"><Data ss:Type="String">In the text below, any inserted strings - anything of the form {text} - is replaced by an integer value for the thing described in the brackets. If the {text} is not followed by a unit - e.g. shields, hitpoints - the icon for the unit is inserted together with the integer. The same holds for symbols - e.g. '+', '%' - which are occasionally inserted together with the integer.</Data></Cell>
   </Row>
   <Row ss:AutoFitHeight="0" ss:Height="45">
    <Cell ss:Index="5"><Data ss:Type="String">For references to game terminology and in-world references, please check the glossary delivered as part of the documentation.</Data></Cell>
   </Row>
   <Row ss:AutoFitHeight="0">
    <Cell><Data ss:Type="String">WORKER_BEE_STING</Data></Cell>
    <Cell><Data ss:Type="String">NAME</Data></Cell>
    <Cell><Data ss:Type="String">Ferrão</Data></Cell>
   </Row>
   <Row ss:AutoFitHeight="0">
    <Cell><Data ss:Type="String">WORKER_BEE_STING</Data></Cell>
    <Cell><Data ss:Type="String">DESCRIPTION</Data></Cell>
    <Cell><Data ss:Type="String">Fura o alvo com um ferrão afiado.</Data></Cell>
   </Row>
   <Row ss:AutoFitHeight="0">
    <Cell><Data ss:Type="String">PHEROMONE_SPRAY</Data></Cell>
    <Cell><Data ss:Type="String">NAME</Data></Cell>
    <Cell><Data ss:Type="String">Spray de Feromônios</Data></Cell>
   </Row>
   <Row ss:AutoFitHeight="0" ss:Height="75">
    <Cell><Data ss:Type="String">PHEROMONE_SPRAY</Data></Cell>
    <Cell><Data ss:Type="String">DESCRIPTION</Data></Cell>
    <Cell><Data ss:Type="String">Libera um spray de feromônios, tentando aplicar [abilityred]Controle Mental[/abilityred] a um alvo Biológico ou Ciborgue não-Mente-Vazia até o fim do combate. Tem {MindControlChance} de chance de sucesso.</Data></Cell>
   </Row>
   <Row ss:AutoFitHeight="0">
    <Cell><Data ss:Type="String">SEED_BOMB</Data></Cell>
    <Cell><Data ss:Type="String">NAME</Data></Cell>
    <Cell><Data ss:Type="String">Bomba de Sementes</Data></Cell>
   </Row>
   <Row ss:AutoFitHeight="0" ss:Height="30">
    <Cell><Data ss:Type="String">SEED_BOMB</Data></Cell>
    <Cell><Data ss:Type="String">DESCRIPTION</Data></Cell>
    <Cell><Data ss:Type="String">Dispara uma única semente que detona ao entrar em contato com o alvo.</Data></Cell>
   </Row>
   <Row ss:AutoFitHeight="0">
    <Cell><Data ss:Type="String">SEED_BARRAGE</Data></Cell>
    <Cell><Data ss:Type="String">NAME</Data></Cell>
    <Cell><Data ss:Type="String">Barragem de Sementes</Data></Cell>
   </Row>
   <Row ss:AutoFitHeight="0" ss:Height="30">
    <Cell><Data ss:Type="String">SEED_BARRAGE</Data></Cell>
    <Cell><Data ss:Type="String">DESCRIPTION</Data></Cell>
    <Cell><Data ss:Type="String">Explosão Bioquímica de {hexrad} hexágonos de raio à longa distância.</Data></Cell>
   </Row>
   <Row ss:AutoFitHeight="0">
    <Cell><Data ss:Type="String">SPAWN_VINE_SPROUT</Data></Cell>
    <Cell><Data ss:Type="String">NAME</Data></Cell>
    <Cell><Data ss:Type="String">Invocar Broto de Videira</Data></Cell>
   </Row>
   <Row ss:AutoFitHeight="0" ss:Height="30">
    <Cell><Data ss:Type="String">SPAWN_VINE_SPROUT</Data></Cell>
    <Cell><Data ss:Type="String">DESCRIPTION</Data></Cell>
    <Cell><Data ss:Type="String">Invoca um Broto de Videira que dura até o fim do combate. Coloca a unidade em Modo Defensivo após o uso.[br/][br/]A unidade invocada herdará quaisquer mods compatíveis que não concedam uma habilidade ativa.[br/]</Data></Cell>
   </Row>
   <Row ss:AutoFitHeight="0">
    <Cell><Data ss:Type="String">ENTANGLING_STRIKE</Data></Cell>
    <Cell><Data ss:Type="String">NAME</Data></Cell>
    <Cell><Data ss:Type="String">Golpe Enredante</Data></Cell>
   </Row>
   <Row ss:AutoFitHeight="0" ss:Height="30">
    <Cell><Data ss:Type="String">ENTANGLING_STRIKE</Data></Cell>
    <Cell><Data ss:Type="String">DESCRIPTION</Data></Cell>
    <Cell><Data ss:Type="String">Chance de enredar o alvo por {entanglingstrikeTime}.</Data></Cell>
   </Row>
   <Row ss:AutoFitHeight="0">
    <Cell><Data ss:Type="String">REGENERATIVE_POLLENATION</Data></Cell>
    <Cell><Data ss:Type="String">NAME</Data></Cell>
    <Cell><Data ss:Type="String">Polinização Regenerativa</Data></Cell>
   </Row>
   <Row ss:AutoFitHeight="0" ss:Height="30">
    <Cell><Data ss:Type="String">REGENERATIVE_POLLENATION</Data></Cell>
    <Cell><Data ss:Type="String">DESCRIPTION</Data></Cell>
    <Cell><Data ss:Type="String">Cura uma unidade Biológica ou Ciborgue aliada por {RegenerativeHeal}.</Data></Cell>
   </Row>
   <Row ss:AutoFitHeight="0">
    <Cell><Data ss:Type="String">SHOOT_POLLEN</Data></Cell>
    <Cell><Data ss:Type="String">NAME</Data></Cell>
    <Cell><Data ss:Type="String">Spray Alergênico</Data></Cell>
   </Row>
   <Row ss:AutoFitHeight="0" ss:Height="30">
    <Cell><Data ss:Type="String">SHOOT_POLLEN</Data></Cell>
    <Cell><Data ss:Type="String">DESCRIPTION</Data></Cell>
    <Cell><Data ss:Type="String">Espalha pólen no alvo, causando dano Bioquímico.</Data></Cell>
   </Row>
   <Row ss:Index="22" ss:AutoFitHeight="0">
    <Cell><Data ss:Type="String">EUPHORIC_SPORES</Data></Cell>
    <Cell><Data ss:Type="String">NAME</Data></Cell>
    <Cell><Data ss:Type="String">Esporos Eufóricos</Data></Cell>
   </Row>
   <Row ss:AutoFitHeight="0" ss:Height="75">
    <Cell><Data ss:Type="String">EUPHORIC_SPORES</Data></Cell>
    <Cell><Data ss:Type="String">DESCRIPTION</Data></Cell>
    <Cell><Data ss:Type="String">Esta unidade libera esporos indutores de euforia, concedendo [abilityblue]Eufórico[/abilityblue] a si mesma e a todas as unidades Biológicas e Ciborgues adjacentes. Essas unidades ganham +{EuphoriaMorale} e ignoram penalidades de moral em combate.</Data></Cell>
   </Row>
   <Row ss:AutoFitHeight="0">
    <Cell><Data ss:Type="String">EUPHORIC_SPORES</Data></Cell>
    <Cell><Data ss:Type="String">PROP_NAME</Data></Cell>
    <Cell><Data ss:Type="String">Eufórico</Data></Cell>
   </Row>
   <Row ss:AutoFitHeight="0" ss:Height="30">
    <Cell><Data ss:Type="String">EUPHORIC_SPORES</Data></Cell>
    <Cell><Data ss:Type="String">PROP_DESCRIPTION</Data></Cell>
    <Cell><Data ss:Type="String">Esta unidade tem +{EuphoriaMorale} e +{EuphoricRes} de resistência.</Data></Cell>
   </Row>
   <Row ss:AutoFitHeight="0">
    <Cell><Data ss:Type="String">REGENERATION_SPORES</Data></Cell>
    <Cell><Data ss:Type="String">NAME</Data></Cell>
    <Cell><Data ss:Type="String">Esporos Regenerativos</Data></Cell>
   </Row>
   <Row ss:AutoFitHeight="0" ss:Height="75">
    <Cell><Data ss:Type="String">REGENERATION_SPORES</Data></Cell>
    <Cell><Data ss:Type="String">DESCRIPTION</Data></Cell>
    <Cell><Data ss:Type="String">Esta unidade libera esporos regenerativos que curam a si mesma e todas as unidades Biológicas ou Ciborgues amigas adjacentes em {RegenerationHeal}[hp/] ao final de cada turno em combate tático.</Data></Cell>
   </Row>
   <Row ss:AutoFitHeight="0">
    <Cell><Data ss:Type="String">REGENERATION_SPORES</Data></Cell>
    <Cell><Data ss:Type="String">PROP_NAME</Data></Cell>
    <Cell><Data ss:Type="String">Regeneração</Data></Cell>
   </Row>
   <Row ss:AutoFitHeight="0" ss:Height="30">
    <Cell><Data ss:Type="String">REGENERATION_SPORES</Data></Cell>
    <Cell><Data ss:Type="String">PROP_DESCRIPTION</Data></Cell>
    <Cell><Data ss:Type="String">Unidade está se curando em {PollenDelugeRegen}[hp/] por turno.</Data></Cell>
   </Row>
   <Row ss:AutoFitHeight="0">
    <Cell><Data ss:Type="String">POISON_GLANDS</Data></Cell>
    <Cell><Data ss:Type="String">NAME</Data></Cell>
    <Cell><Data ss:Type="String">Glândulas Venenosas</Data></Cell>
   </Row>
   <Row ss:AutoFitHeight="0" ss:Height="95.25">
    <Cell><Data ss:Type="String">POISON_GLANDS</Data></Cell>
    <Cell><Data ss:Type="String">DESCRIPTION</Data></Cell>
    <Cell><Data ss:Type="String">Glândulas especializadas revestem os ataques corpo a corpo desta unidade com veneno, concedendo a eles uma chance de força {Poisongland}[strengthBio/] ({PoisonglandRep}[strengthBio/] para ataques repetidos) de aplicar [abilityred]Envenenado[/abilityred].</Data></Cell>
   </Row>
   <Row ss:AutoFitHeight="0">
    <Cell><Data ss:Type="String">SPROUTING_INFESTATION</Data></Cell>
    <Cell><Data ss:Type="String">NAME</Data></Cell>
    <Cell><Data ss:Type="String">Infestação Brotante</Data></Cell>
   </Row>
   <Row ss:AutoFitHeight="0" ss:Height="142.5">
    <Cell><Data ss:Type="String">SPROUTING_INFESTATION</Data></Cell>
    <Cell><Data ss:Type="String">DESCRIPTION</Data></Cell>
    <Cell><Data ss:Type="String">Os ataques Bioquímicos desta unidade têm uma chance de força {SproutInfest}[strengthBio/] ({SproutInfestRep}[strengthBio/] para ataques repetidos) de aplicar [abilityred]Infestação Brotante[/abilityred] a unidades Biológicas ou Ciborgues. Isso causa {BioDamage}[damagebio/] a cada turno até o final do combate. [br/]Uma unidade que morre sob este efeito cria um Broto de Videira aliado.</Data></Cell>
   </Row>
   <Row ss:AutoFitHeight="0" ss:Height="60">
    <Cell><Data ss:Type="String">SPROUTING_INFESTATION</Data></Cell>
    <Cell><Data ss:Type="String">MOD_DESCRIPTION</Data></Cell>
    <Cell><Data ss:Type="String">Chance de força {SproutInfest} de aplicar [abilityred]Infestação Brotante[/abilityred] a unidades Biológicas ou Ciborgues até o final do combate.</Data></Cell>
   </Row>
   <Row ss:AutoFitHeight="0" ss:Height="45">
    <Cell><Data ss:Type="String">SPROUTING_INFESTATION</Data></Cell>
    <Cell><Data ss:Type="String">PROP_DESCRIPTION</Data></Cell>
    <Cell><Data ss:Type="String">Esta unidade está sofrendo {InfestationDamage} de dano por turno. [br/]Se esta unidade morrer, ela se transforma em um Broto de Videira sob o controle do inimigo.</Data></Cell>
   </Row>
   <Row ss:AutoFitHeight="0">
    <Cell><Data ss:Type="String">ALLERGIC_POLLEN</Data></Cell>
    <Cell><Data ss:Type="String">NAME</Data></Cell>
    <Cell><Data ss:Type="String">Pólen Alergênico</Data></Cell>
    <Cell ss:Index="5"><Data ss:Type="String">Ability Modifier</Data></Cell>
   </Row>
   <Row ss:AutoFitHeight="0" ss:Height="60">
    <Cell><Data ss:Type="String">ALLERGIC_POLLEN</Data></Cell>
    <Cell><Data ss:Type="String">DESCRIPTION</Data></Cell>
    <Cell><Data ss:Type="String">{AllergicPollenChance}[StrengthBio/] de chance de força para aplicar [abilityred]Reação Alérgica[/abilityred] a unidades Biológicas ou Ciborgues por {AllergicPollenDuration}[turn/].</Data></Cell>
   </Row>
   <Row ss:AutoFitHeight="0">
    <Cell><Data ss:Type="String">ALLERGIC_POLLEN_REACTION</Data></Cell>
    <Cell><Data ss:Type="String">NAME</Data></Cell>
    <Cell><Data ss:Type="String">Reação Alérgica</Data></Cell>
    <Cell ss:Index="5"><Data ss:Type="String">Status effect</Data></Cell>
   </Row>
   <Row ss:AutoFitHeight="0" ss:Height="60">
    <Cell><Data ss:Type="String">ALLERGIC_POLLEN_REACTION</Data></Cell>
    <Cell><Data ss:Type="String">DESCRIPTION</Data></Cell>
    <Cell><Data ss:Type="String">Esta unidade tem -{AllergicReactionPenalty}[DamagePhysical/] e -{AllergicReactionPenalty}[DamageBio/] de resistência.</Data></Cell>
   </Row>
   <Row ss:AutoFitHeight="0">
    <Cell><Data ss:Type="String">NOXIOUS_POLLEN</Data></Cell>
    <Cell><Data ss:Type="String">NAME</Data></Cell>
    <Cell><Data ss:Type="String">Pólen Nocivo</Data></Cell>
   </Row>
   <Row ss:AutoFitHeight="0" ss:Height="30">
    <Cell><Data ss:Type="String">NOXIOUS_POLLEN</Data></Cell>
    <Cell><Data ss:Type="String">DESCRIPTION</Data></Cell>
    <Cell><Data ss:Type="String">Libera uma grande quantidade de pólen em uma área de {hexrad} hexágonos.</Data></Cell>
   </Row>
   <Row ss:AutoFitHeight="0">
    <Cell><Data ss:Type="String">POLLEN_DELUGE</Data></Cell>
    <Cell><Data ss:Type="String">NAME</Data></Cell>
    <Cell><Data ss:Type="String">Dilúvio de Pólen Regenerativo</Data></Cell>
   </Row>
   <Row ss:AutoFitHeight="0" ss:Height="90">
    <Cell><Data ss:Type="String">POLLEN_DELUGE</Data></Cell>
    <Cell><Data ss:Type="String">DESCRIPTION</Data></Cell>
    <Cell><Data ss:Type="String">Um dilúvio de pólen nectarizado inunda a área, removendo Efeitos de Status negativos de todas as unidades Biológicas e Ciborgues amigas, além de fazê-las regenerar {PollenDelugeRegen}[hp/] no início de seu turno, por {PollenDelugeDuration}[turn/].</Data></Cell>
   </Row>
   <Row ss:AutoFitHeight="0" ss:Height="30">
    <Cell><Data ss:Type="String">POLLEN_DELUGE</Data></Cell>
    <Cell><Data ss:Type="String">DESCRIPTION_UNIT</Data></Cell>
    <Cell><Data ss:Type="String">Unidade está se curando em {PollenDelugeRegen} de vida por turno.</Data></Cell>
   </Row>
   <Row ss:Index="47" ss:AutoFitHeight="0">
    <Cell><Data ss:Type="String">REGENERATION_SPORES</Data></Cell>
    <Cell><Data ss:Type="String">TEMPLATE_NAME_1</Data></Cell>
    <Cell ss:StyleID="s63"><Data ss:Type="String">Esporopuf</Data></Cell>
    <Cell ss:Index="6" ss:StyleID="s64"><Data ss:Type="String">Review needed?</Data></Cell>
    <Cell ss:StyleID="s63"/>
   </Row>
   <Row ss:AutoFitHeight="0">
    <Cell><Data ss:Type="String">REGENERATION_SPORES</Data></Cell>
    <Cell><Data ss:Type="String">TEMPLATE_NAME_2</Data></Cell>
    <Cell ss:StyleID="s63"><Data ss:Type="String">Curandeiro Floral</Data></Cell>
    <Cell ss:Index="6" ss:StyleID="s64"><Data ss:Type="String">Review needed?</Data></Cell>
    <Cell ss:StyleID="s63"/>
   </Row>
   <Row ss:AutoFitHeight="0">
    <Cell><Data ss:Type="String">REGENERATION_SPORES</Data></Cell>
    <Cell><Data ss:Type="String">TEMPLATE_NAME_3</Data></Cell>
    <Cell ss:StyleID="s63"><Data ss:Type="String">Herbal</Data></Cell>
    <Cell ss:Index="6" ss:StyleID="s64"><Data ss:Type="String">Review needed?</Data></Cell>
    <Cell ss:StyleID="s63"/>
   </Row>
   <Row ss:AutoFitHeight="0">
    <Cell><Data ss:Type="String">REGENERATION_SPORES</Data></Cell>
    <Cell><Data ss:Type="String">TEMPLATE_NAME_4</Data></Cell>
    <Cell ss:StyleID="s63"><Data ss:Type="String">Exuberante</Data></Cell>
    <Cell ss:Index="6" ss:StyleID="s64"><Data ss:Type="String">Review needed?</Data></Cell>
    <Cell ss:StyleID="s63"/>
   </Row>
   <Row ss:AutoFitHeight="0">
    <Cell><Data ss:Type="String">REGENERATION_SPORES</Data></Cell>
    <Cell><Data ss:Type="String">TEMPLATE_NAME_5</Data></Cell>
    <Cell ss:StyleID="s63"><Data ss:Type="String">Botão Restaurador</Data></Cell>
    <Cell ss:Index="6" ss:StyleID="s64"><Data ss:Type="String">Review needed?</Data></Cell>
    <Cell ss:StyleID="s63"/>
   </Row>
   <Row ss:AutoFitHeight="0">
    <Cell><Data ss:Type="String">REGENERATION_SPORES</Data></Cell>
    <Cell><Data ss:Type="String">TEMPLATE_NAME_6</Data></Cell>
    <Cell ss:StyleID="s63"><Data ss:Type="String">Fotossíntese</Data></Cell>
    <Cell ss:Index="6" ss:StyleID="s64"><Data ss:Type="String">Review needed?</Data></Cell>
    <Cell ss:StyleID="s63"/>
   </Row>
   <Row ss:AutoFitHeight="0">
    <Cell><Data ss:Type="String">REGENERATION_SPORES</Data></Cell>
    <Cell><Data ss:Type="String">TEMPLATE_NAME_7</Data></Cell>
    <Cell ss:StyleID="s63"><Data ss:Type="String">Polinizante</Data></Cell>
    <Cell ss:Index="6" ss:StyleID="s64"><Data ss:Type="String">Review needed?</Data></Cell>
    <Cell ss:StyleID="s63"/>
   </Row>
   <Row ss:AutoFitHeight="0">
    <Cell><Data ss:Type="String">EUPHORIC_SPORES</Data></Cell>
    <Cell><Data ss:Type="String">TEMPLATE_NAME_1</Data></Cell>
    <Cell ss:StyleID="s63"><Data ss:Type="String">Alegre</Data></Cell>
    <Cell ss:Index="6" ss:StyleID="s64"><Data ss:Type="String">Review needed?</Data></Cell>
    <Cell ss:StyleID="s63"/>
   </Row>
   <Row ss:AutoFitHeight="0">
    <Cell><Data ss:Type="String">EUPHORIC_SPORES</Data></Cell>
    <Cell><Data ss:Type="String">TEMPLATE_NAME_2</Data></Cell>
    <Cell ss:StyleID="s63"><Data ss:Type="String">Disseminador de Alegria</Data></Cell>
    <Cell ss:Index="6" ss:StyleID="s64"><Data ss:Type="String">Review needed?</Data></Cell>
    <Cell ss:StyleID="s63"/>
   </Row>
   <Row ss:AutoFitHeight="0">
    <Cell><Data ss:Type="String">EUPHORIC_SPORES</Data></Cell>
    <Cell><Data ss:Type="String">TEMPLATE_NAME_3</Data></Cell>
    <Cell ss:StyleID="s63"><Data ss:Type="String">Floralegre</Data></Cell>
    <Cell ss:Index="6" ss:StyleID="s64"><Data ss:Type="String">Review needed?</Data></Cell>
    <Cell ss:StyleID="s63"/>
   </Row>
   <Row ss:AutoFitHeight="0">
    <Cell><Data ss:Type="String">EUPHORIC_SPORES</Data></Cell>
    <Cell><Data ss:Type="String">TEMPLATE_NAME_4</Data></Cell>
    <Cell ss:StyleID="s63"><Data ss:Type="String">Botão-de-ouro</Data></Cell>
    <Cell ss:Index="6" ss:StyleID="s64"><Data ss:Type="String">Review needed?</Data></Cell>
    <Cell ss:StyleID="s63"/>
   </Row>
   <Row ss:AutoFitHeight="0">
    <Cell><Data ss:Type="String">EUPHORIC_SPORES</Data></Cell>
    <Cell><Data ss:Type="String">TEMPLATE_NAME_5</Data></Cell>
    <Cell ss:StyleID="s63"><Data ss:Type="String">Luz-de-margarida</Data></Cell>
    <Cell ss:Index="6" ss:StyleID="s64"><Data ss:Type="String">Review needed?</Data></Cell>
    <Cell ss:StyleID="s63"/>
   </Row>
   <Row ss:AutoFitHeight="0">
    <Cell><Data ss:Type="String">EUPHORIC_SPORES</Data></Cell>
    <Cell><Data ss:Type="String">TEMPLATE_NAME_6</Data></Cell>
    <Cell ss:StyleID="s63"><Data ss:Type="String">Cravo-silvestre</Data></Cell>
    <Cell ss:Index="6" ss:StyleID="s64"><Data ss:Type="String">Review needed?</Data></Cell>
    <Cell ss:StyleID="s63"/>
   </Row>
   <Row ss:AutoFitHeight="0">
    <Cell><Data ss:Type="String">POISON_GLANDS</Data></Cell>
    <Cell><Data ss:Type="String">TEMPLATE_NAME_1</Data></Cell>
    <Cell ss:StyleID="s63"><Data ss:Type="String">Venenoflagelo</Data></Cell>
    <Cell ss:Index="6" ss:StyleID="s64"><Data ss:Type="String">Review needed?</Data></Cell>
    <Cell ss:StyleID="s63"/>
   </Row>
   <Row ss:AutoFitHeight="0">
    <Cell><Data ss:Type="String">POISON_GLANDS</Data></Cell>
    <Cell><Data ss:Type="String">TEMPLATE_NAME_2</Data></Cell>
    <Cell ss:StyleID="s63"><Data ss:Type="String">Venenoso</Data></Cell>
    <Cell ss:Index="6" ss:StyleID="s64"><Data ss:Type="String">Review needed?</Data></Cell>
    <Cell ss:StyleID="s63"/>
   </Row>
   <Row ss:AutoFitHeight="0">
    <Cell><Data ss:Type="String">POISON_GLANDS</Data></Cell>
    <Cell><Data ss:Type="String">TEMPLATE_NAME_3</Data></Cell>
    <Cell ss:StyleID="s63"><Data ss:Type="String">Sombra Nociva</Data></Cell>
    <Cell ss:Index="6" ss:StyleID="s64"><Data ss:Type="String">Review needed?</Data></Cell>
    <Cell ss:StyleID="s63"/>
   </Row>
   <Row ss:AutoFitHeight="0">
    <Cell><Data ss:Type="String">POISON_GLANDS</Data></Cell>
    <Cell><Data ss:Type="String">TEMPLATE_NAME_4</Data></Cell>
    <Cell ss:StyleID="s63"><Data ss:Type="String">Jacinto</Data></Cell>
    <Cell ss:Index="6" ss:StyleID="s64"><Data ss:Type="String">Review needed?</Data></Cell>
    <Cell ss:StyleID="s63"/>
   </Row>
   <Row ss:AutoFitHeight="0">
    <Cell><Data ss:Type="String">POISON_GLANDS</Data></Cell>
    <Cell><Data ss:Type="String">TEMPLATE_NAME_5</Data></Cell>
    <Cell ss:StyleID="s65"><Data ss:Type="String">Intoxicado</Data></Cell>
    <Cell ss:Index="6" ss:StyleID="s64"><Data ss:Type="String">Review needed?</Data></Cell>
    <Cell ss:StyleID="s63"/>
   </Row>
   <Row ss:AutoFitHeight="0">
    <Cell><Data ss:Type="String">POISON_GLANDS</Data></Cell>
    <Cell><Data ss:Type="String">TEMPLATE_NAME_6</Data></Cell>
    <Cell ss:StyleID="s63"><Data ss:Type="String">Toxicidade</Data></Cell>
    <Cell ss:Index="6" ss:StyleID="s64"><Data ss:Type="String">Review needed?</Data></Cell>
    <Cell ss:StyleID="s63"/>
   </Row>
   <Row ss:AutoFitHeight="0">
    <Cell><Data ss:Type="String">SPROUTING_INFESTATION</Data></Cell>
    <Cell><Data ss:Type="String">TEMPLATE_NAME_1</Data></Cell>
    <Cell ss:StyleID="s63"><Data ss:Type="String">Senhor dos Rebentos</Data></Cell>
    <Cell ss:Index="6" ss:StyleID="s64"><Data ss:Type="String">Review needed?</Data></Cell>
    <Cell ss:StyleID="s63"/>
   </Row>
   <Row ss:AutoFitHeight="0">
    <Cell><Data ss:Type="String">SPROUTING_INFESTATION</Data></Cell>
    <Cell><Data ss:Type="String">TEMPLATE_NAME_2</Data></Cell>
    <Cell ss:StyleID="s63"><Data ss:Type="String">Procriador</Data></Cell>
    <Cell ss:Index="6" ss:StyleID="s64"><Data ss:Type="String">Review needed?</Data></Cell>
    <Cell ss:StyleID="s63"/>
   </Row>
   <Row ss:AutoFitHeight="0">
    <Cell><Data ss:Type="String">SPROUTING_INFESTATION</Data></Cell>
    <Cell><Data ss:Type="String">TEMPLATE_NAME_3</Data></Cell>
    <Cell ss:StyleID="s63"><Data ss:Type="String">Fertilizante</Data></Cell>
    <Cell ss:Index="6" ss:StyleID="s64"><Data ss:Type="String">Review needed?</Data></Cell>
    <Cell ss:StyleID="s63"/>
   </Row>
   <Row ss:AutoFitHeight="0">
    <Cell><Data ss:Type="String">SPROUTING_INFESTATION</Data></Cell>
    <Cell><Data ss:Type="String">TEMPLATE_NAME_4</Data></Cell>
    <Cell ss:StyleID="s63"><Data ss:Type="String">Floramorfo</Data></Cell>
    <Cell ss:Index="6" ss:StyleID="s64"><Data ss:Type="String">Review needed?</Data></Cell>
    <Cell ss:StyleID="s63"/>
   </Row>
   <Row ss:AutoFitHeight="0">
    <Cell><Data ss:Type="String">SPROUTING_INFESTATION</Data></Cell>
    <Cell><Data ss:Type="String">TEMPLATE_NAME_5</Data></Cell>
    <Cell ss:StyleID="s63"><Data ss:Type="String">Proliferador</Data></Cell>
    <Cell ss:Index="6" ss:StyleID="s64"><Data ss:Type="String">Review needed?</Data></Cell>
    <Cell ss:StyleID="s63"/>
   </Row>
   <Row ss:AutoFitHeight="0">
    <Cell><Data ss:Type="String">SPROUTING_INFESTATION</Data></Cell>
    <Cell><Data ss:Type="String">TEMPLATE_NAME_6</Data></Cell>
    <Cell ss:StyleID="s63"><Data ss:Type="String">Guardião Verde</Data></Cell>
    <Cell ss:Index="6" ss:StyleID="s64"><Data ss:Type="String">Review needed?</Data></Cell>
    <Cell ss:StyleID="s63"/>
   </Row>
   <Row ss:AutoFitHeight="0">
    <Cell ss:Index="6" ss:StyleID="s66"/>
   </Row>
   <Row ss:AutoFitHeight="0">
    <Cell ss:Index="6" ss:StyleID="s66"/>
   </Row>
   <Row ss:Index="76" ss:AutoFitHeight="0">
    <Cell ss:Index="6" ss:StyleID="s66"/>
   </Row>
   <Row ss:AutoFitHeight="0">
    <Cell ss:Index="6" ss:StyleID="s66"/>
   </Row>
   <Row ss:AutoFitHeight="0">
    <Cell ss:Index="6" ss:StyleID="s66"/>
   </Row>
   <Row ss:AutoFitHeight="0">
    <Cell ss:Index="6" ss:StyleID="s66"/>
   </Row>
   <Row ss:AutoFitHeight="0">
    <Cell ss:Index="6" ss:StyleID="s66"/>
   </Row>
  </Table>
  <WorksheetOptions xmlns="urn:schemas-microsoft-com:office:excel">
   <Unsynced/>
   <Print>
    <ValidPrinterInfo/>
    <HorizontalResolution>600</HorizontalResolution>
    <VerticalResolution>600</VerticalResolution>
   </Print>
   <Selected/>
   <TopRowVisible>3</TopRowVisible>
   <Panes>
    <Pane>
     <Number>3</Number>
     <ActiveRow>22</ActiveRow>
     <ActiveCol>4</ActiveCol>
    </Pane>
   </Panes>
   <ProtectObjects>False</ProtectObjects>
   <ProtectScenarios>False</ProtectScenarios>
  </WorksheetOptions>
 </Worksheet>
</Workbook>