<?xml version='1.0' encoding='UTF-8'?>
<?mso-application progid="Excel.Sheet"?><Workbook xmlns="urn:schemas-microsoft-com:office:spreadsheet" xmlns:o="urn:schemas-microsoft-com:office:office" xmlns:x="urn:schemas-microsoft-com:office:excel" xmlns:ss="urn:schemas-microsoft-com:office:spreadsheet" xmlns:c="urn:schemas-microsoft-com:office:component:spreadsheet" xmlns:html="http://www.w3.org/TR/REC-html40" xmlns:x2="http://schemas.microsoft.com/office/excel/2003/xml" xmlns:xsi="http://www.w3.org/2001/XMLSchema-instance">
 <DocumentProperties xmlns="urn:schemas-microsoft-com:office:office">
  <Version>16.00</Version>
 </DocumentProperties>
 <OfficeDocumentSettings xmlns="urn:schemas-microsoft-com:office:office">
  <Colors>
   <Color>
    <Index>3</Index>
    <RGB>#000000</RGB>
   </Color>
   <Color>
    <Index>4</Index>
    <RGB>#C0C0C0</RGB>
   </Color>
   <Color>
    <Index>5</Index>
    <RGB>#FF0000</RGB>
   </Color>
  </Colors>
 </OfficeDocumentSettings>
 <ExcelWorkbook xmlns="urn:schemas-microsoft-com:office:excel">
  <WindowHeight>13425</WindowHeight>
  <WindowWidth>28800</WindowWidth>
  <WindowTopX>32767</WindowTopX>
  <WindowTopY>32767</WindowTopY>
  <ProtectStructure>False</ProtectStructure>
  <ProtectWindows>False</ProtectWindows>
 </ExcelWorkbook>
 <Styles>
  <Style ss:ID="Default" ss:Name="Normal">
   <Alignment ss:Vertical="Bottom"/>
   <Borders/>
   <Font ss:FontName="Calibri" x:Family="Swiss" ss:Size="11" ss:Color="#000000"/>
   <Interior/>
   <NumberFormat/>
   <Protection/>
  </Style>
  <Style ss:ID="s62" ss:Name="Default">
  </Style>
  <Style ss:ID="s65" ss:Parent="s62">
   <Alignment ss:Vertical="Top" ss:WrapText="1"/>
  </Style>
 </Styles>
 <Worksheet ss:Name="Script">
  <Table ss:ExpandedColumnCount="6" ss:ExpandedRowCount="27" x:FullColumns="1" x:FullRows="1" ss:StyleID="s65" ss:DefaultRowHeight="15">
   <Column ss:StyleID="s65" ss:Width="183"/>
   <Column ss:StyleID="s65" ss:Width="39"/>
   <Column ss:StyleID="s65" ss:Width="81"/>
   <Column ss:StyleID="s65" ss:Width="147.75"/>
   <Column ss:StyleID="s65" ss:Width="186.75"/>
   <Column ss:StyleID="s65" ss:Width="120"/>
   <Row ss:Height="105">
    <Cell><Data ss:Type="String">HERO_CUSTOMIZATION_CUSTOM_NAMES</Data></Cell>
    <Cell ss:Index="5"><Data ss:Type="String">The DEV TEAM / MISC NOTES column contains info on what text between { } signs means (if applicable). It usually stands for either a numeric value, or a numeric value with an icon. Text between [ ] signs stands for a certain type of icon. </Data></Cell>
   </Row>
   <Row>
    <Cell><Data ss:Type="String">SCENE ID</Data></Cell>
    <Cell><Data ss:Type="String">TEXT ID</Data></Cell>
    <Cell><Data ss:Type="String">ENGLISH STRING</Data></Cell>
    <Cell><Data ss:Type="String">ALTERNATIVE ENGLISH STRING</Data></Cell>
    <Cell><Data ss:Type="String">LOCALIZATION NOTES</Data></Cell>
    <Cell><Data ss:Type="String">DEV TEAM / MISC NOTES</Data></Cell>
   </Row>
   <Row>
    <Cell><Data ss:Type="String">SHARED_SCENE_NAME</Data></Cell>
    <Cell><Data ss:Type="String">NAME</Data></Cell>
    <Cell><Data ss:Type="String">Plano de fundo</Data></Cell>
    <Cell ss:Index="5"><Data ss:Type="String">Customization option</Data></Cell>
   </Row>
   <Row>
    <Cell><Data ss:Type="String">SHARED_POSTURE_NAME</Data></Cell>
    <Cell><Data ss:Type="String">NAME</Data></Cell>
    <Cell><Data ss:Type="String">Postura</Data></Cell>
    <Cell ss:Index="5"><Data ss:Type="String">Customization option</Data></Cell>
   </Row>
   <Row>
    <Cell><Data ss:Type="String">SHARED_HEAD_NAME</Data></Cell>
    <Cell><Data ss:Type="String">NAME</Data></Cell>
    <Cell><Data ss:Type="String">Cabeça</Data></Cell>
    <Cell ss:Index="5"><Data ss:Type="String">Customization option</Data></Cell>
   </Row>
   <Row>
    <Cell><Data ss:Type="String">SHARED_SKIN_TEXTURE_NAME</Data></Cell>
    <Cell><Data ss:Type="String">NAME</Data></Cell>
    <Cell><Data ss:Type="String">Textura da pele</Data></Cell>
    <Cell ss:Index="5"><Data ss:Type="String">Customization option</Data></Cell>
   </Row>
   <Row>
    <Cell><Data ss:Type="String">SHARED_SKIN_DECORATION_NAME</Data></Cell>
    <Cell><Data ss:Type="String">NAME</Data></Cell>
    <Cell><Data ss:Type="String">Decoração da pele</Data></Cell>
    <Cell ss:Index="5"><Data ss:Type="String">Customization option</Data></Cell>
   </Row>
   <Row>
    <Cell><Data ss:Type="String">SHARED_EYES_NAME</Data></Cell>
    <Cell><Data ss:Type="String">NAME</Data></Cell>
    <Cell><Data ss:Type="String">Olhos</Data></Cell>
    <Cell ss:Index="5"><Data ss:Type="String">Customization option</Data></Cell>
   </Row>
   <Row>
    <Cell><Data ss:Type="String">SHARED_EYEBROWS_NAME</Data></Cell>
    <Cell><Data ss:Type="String">NAME</Data></Cell>
    <Cell><Data ss:Type="String">Sobrancelhas</Data></Cell>
    <Cell ss:Index="5"><Data ss:Type="String">Customization option</Data></Cell>
   </Row>
   <Row>
    <Cell><Data ss:Type="String">SHARED_HAIR_STYLE_NAME</Data></Cell>
    <Cell><Data ss:Type="String">NAME</Data></Cell>
    <Cell><Data ss:Type="String">Penteado</Data></Cell>
    <Cell ss:Index="5"><Data ss:Type="String">Customization option</Data></Cell>
   </Row>
   <Row>
    <Cell><Data ss:Type="String">SHARED_FACIAL_HAIR_NAME</Data></Cell>
    <Cell><Data ss:Type="String">NAME</Data></Cell>
    <Cell><Data ss:Type="String">Mandíbula</Data></Cell>
    <Cell ss:Index="5"><Data ss:Type="String">Customization option</Data></Cell>
   </Row>
   <Row>
    <Cell><Data ss:Type="String">SHARED_HAIR_COLOR_NAME</Data></Cell>
    <Cell><Data ss:Type="String">NAME</Data></Cell>
    <Cell><Data ss:Type="String">Cor do cabelo</Data></Cell>
    <Cell ss:Index="5"><Data ss:Type="String">Customization option</Data></Cell>
   </Row>
   <Row>
    <Cell><Data ss:Type="String">SHARED_TORSO_NAME</Data></Cell>
    <Cell><Data ss:Type="String">NAME</Data></Cell>
    <Cell><Data ss:Type="String">Tronco</Data></Cell>
    <Cell ss:Index="5"><Data ss:Type="String">Customization option</Data></Cell>
   </Row>
   <Row>
    <Cell><Data ss:Type="String">SHARED_LEGS_NAME</Data></Cell>
    <Cell><Data ss:Type="String">NAME</Data></Cell>
    <Cell><Data ss:Type="String">Pernas</Data></Cell>
    <Cell ss:Index="5"><Data ss:Type="String">Customization option</Data></Cell>
   </Row>
   <Row>
    <Cell><Data ss:Type="String">SHARED_ACCESSORIES_NAMES</Data></Cell>
    <Cell><Data ss:Type="String">NAME</Data></Cell>
    <Cell><Data ss:Type="String">Acessório</Data></Cell>
    <Cell ss:Index="5"><Data ss:Type="String">Customization option</Data></Cell>
   </Row>
   <Row>
    <Cell><Data ss:Type="String">SHARED_CAPE_NAME</Data></Cell>
    <Cell><Data ss:Type="String">NAME</Data></Cell>
    <Cell><Data ss:Type="String">Manto</Data></Cell>
    <Cell ss:Index="5"><Data ss:Type="String">Customization option</Data></Cell>
   </Row>
   <Row>
    <Cell><Data ss:Type="String">SHARED_SKIN_COLOR_NAME</Data></Cell>
    <Cell><Data ss:Type="String">NAME</Data></Cell>
    <Cell><Data ss:Type="String">Cor da pele</Data></Cell>
    <Cell ss:Index="5"><Data ss:Type="String">Customization option</Data></Cell>
   </Row>
   <Row>
    <Cell><Data ss:Type="String">SHARED_HEAD_ITEM_NAME</Data></Cell>
    <Cell><Data ss:Type="String">NAME</Data></Cell>
    <Cell><Data ss:Type="String">Item de cabeça</Data></Cell>
    <Cell ss:Index="5"><Data ss:Type="String">Customization option</Data></Cell>
   </Row>
   <Row>
    <Cell><Data ss:Type="String">KIRKO_HAIR_STYLE_NAME</Data></Cell>
    <Cell><Data ss:Type="String">NAME</Data></Cell>
    <Cell><Data ss:Type="String">Chifres</Data></Cell>
    <Cell ss:Index="5"><Data ss:Type="String">Customization option</Data></Cell>
   </Row>
   <Row>
    <Cell><Data ss:Type="String">KIRKO_FACIAL_HAIR_NAME</Data></Cell>
    <Cell><Data ss:Type="String">NAME</Data></Cell>
    <Cell><Data ss:Type="String">Mandíbulas</Data></Cell>
    <Cell ss:Index="5"><Data ss:Type="String">Customization option</Data></Cell>
   </Row>
   <Row>
    <Cell><Data ss:Type="String">KIRKO_ACCESSORIES_NAMES</Data></Cell>
    <Cell><Data ss:Type="String">NAME</Data></Cell>
    <Cell><Data ss:Type="String">Cauda</Data></Cell>
    <Cell ss:Index="5"><Data ss:Type="String">Customization option</Data></Cell>
   </Row>
   <Row>
    <Cell><Data ss:Type="String">KIRKO_CAPE_NAME</Data></Cell>
    <Cell><Data ss:Type="String">NAME</Data></Cell>
    <Cell><Data ss:Type="String">Asas</Data></Cell>
    <Cell ss:Index="5"><Data ss:Type="String">Customization option</Data></Cell>
   </Row>
   <Row>
    <Cell><Data ss:Type="String">DVAR_HEAD_NAME</Data></Cell>
    <Cell><Data ss:Type="String">NAME</Data></Cell>
    <Cell><Data ss:Type="String">Ombreiras</Data></Cell>
    <Cell ss:Index="5"><Data ss:Type="String">Customization option</Data></Cell>
   </Row>
   <Row>
    <Cell><Data ss:Type="String">DVAR_HAIR_STYLE_NAME</Data></Cell>
    <Cell><Data ss:Type="String">NAME</Data></Cell>
    <Cell><Data ss:Type="String">Capacete</Data></Cell>
    <Cell ss:Index="5"><Data ss:Type="String">Customization option</Data></Cell>
   </Row>
   <Row>
    <Cell><Data ss:Type="String">DVAR_FACIAL_HAIR_NAME</Data></Cell>
    <Cell><Data ss:Type="String">NAME</Data></Cell>
    <Cell><Data ss:Type="String">Boca</Data></Cell>
    <Cell ss:Index="5"><Data ss:Type="String">Customization option</Data></Cell>
   </Row>
   <Row>
    <Cell><Data ss:Type="String">DVAR_ACCESSORIES_NAMES</Data></Cell>
    <Cell><Data ss:Type="String">NAME</Data></Cell>
    <Cell><Data ss:Type="String">Óculos</Data></Cell>
    <Cell ss:Index="5"><Data ss:Type="String">Customization option</Data></Cell>
   </Row>
   <Row>
    <Cell><Data ss:Type="String">DVAR_HEAD_ITEM_NAME</Data></Cell>
    <Cell><Data ss:Type="String">NAME</Data></Cell>
    <Cell><Data ss:Type="String">Capacete completo</Data></Cell>
    <Cell ss:Index="5"><Data ss:Type="String">Customization option</Data></Cell>
   </Row>
  </Table>
  <WorksheetOptions xmlns="urn:schemas-microsoft-com:office:excel">
   <Selected/>
   <Panes>
    <Pane>
     <Number>3</Number>
     <ActiveRow>15</ActiveRow>
     <ActiveCol>8</ActiveCol>
    </Pane>
   </Panes>
   <ProtectObjects>False</ProtectObjects>
   <ProtectScenarios>False</ProtectScenarios>
  </WorksheetOptions>
  <x:WorksheetOptions/>
 </Worksheet>
</Workbook>