<?xml version='1.0' encoding='UTF-8'?>
<?mso-application progid="Excel.Sheet"?><Workbook xmlns="urn:schemas-microsoft-com:office:spreadsheet" xmlns:o="urn:schemas-microsoft-com:office:office" xmlns:x="urn:schemas-microsoft-com:office:excel" xmlns:ss="urn:schemas-microsoft-com:office:spreadsheet" xmlns:html="http://www.w3.org/TR/REC-html40">
 <DocumentProperties xmlns="urn:schemas-microsoft-com:office:office">
  <LastAuthor>Tom Bird</LastAuthor>
  <LastSaved>2020-06-19T07:39:10Z</LastSaved>
  <Version>16.00</Version>
 </DocumentProperties>
 <OfficeDocumentSettings xmlns="urn:schemas-microsoft-com:office:office">
  <AllowPNG/>
 </OfficeDocumentSettings>
 <ExcelWorkbook xmlns="urn:schemas-microsoft-com:office:excel">
  <WindowHeight>14265</WindowHeight>
  <WindowWidth>28770</WindowWidth>
  <WindowTopX>32767</WindowTopX>
  <WindowTopY>32767</WindowTopY>
  <RefModeR1C1/>
  <ProtectStructure>False</ProtectStructure>
  <ProtectWindows>False</ProtectWindows>
 </ExcelWorkbook>
 <Styles>
  <Style ss:ID="Default" ss:Name="Normal">
   <Alignment ss:Vertical="Bottom"/>
   <Borders/>
   <Font ss:FontName="Calibri" x:Family="Swiss" ss:Size="11" ss:Color="#000000"/>
   <Interior/>
   <NumberFormat/>
   <Protection/>
  </Style>
  <Style ss:ID="s62">
   <Alignment ss:Vertical="Top" ss:WrapText="1"/>
  </Style>
 </Styles>
 <Worksheet ss:Name="Script">
  <Table ss:ExpandedColumnCount="6" ss:ExpandedRowCount="22" x:FullColumns="1" x:FullRows="1" ss:StyleID="s62" ss:DefaultColumnWidth="156" ss:DefaultRowHeight="15">
   <Column ss:StyleID="s62" ss:AutoFitWidth="0" ss:Width="123.75"/>
   <Column ss:StyleID="s62" ss:AutoFitWidth="0" ss:Width="270"/>
   <Column ss:StyleID="s62" ss:AutoFitWidth="0" ss:Width="460.5"/>
   <Column ss:StyleID="s62" ss:AutoFitWidth="0" ss:Width="309.75"/>
   <Column ss:StyleID="s62" ss:Width="756"/>
   <Column ss:StyleID="s62" ss:Width="120"/>
   <Row ss:AutoFitHeight="0" ss:Height="45">
    <Cell><Data ss:Type="String">INTERFACE</Data></Cell>
    <Cell ss:Index="5"><Data ss:Type="String">text serounded by {} or [] are special tags for code. These tag will be replaced with other text eg: the name of a player. The tags should NOT be localized. They represent the place in the sentens for their replacing string. Some {} tags start with STR or INT. STR means it will be replaced with text, INT means it will be replaced with a numerical value</Data></Cell>
   </Row>
   <Row ss:AutoFitHeight="0">
    <Cell><Data ss:Type="String">SCENE ID</Data></Cell>
    <Cell><Data ss:Type="String">TEXT ID</Data></Cell>
    <Cell><Data ss:Type="String">ENGLISH STRING</Data></Cell>
    <Cell><Data ss:Type="String">ALTERNATIVE ENGLISH STRING</Data></Cell>
    <Cell><Data ss:Type="String">LOCALIZATION NOTES</Data></Cell>
    <Cell><Data ss:Type="String">DEV TEAM / MISC NOTES</Data></Cell>
   </Row>
   <Row ss:AutoFitHeight="0">
    <Cell><Data ss:Type="String">TEXT</Data></Cell>
    <Cell><Data ss:Type="String">REENABLED</Data></Cell>
    <Cell><Data ss:Type="String">Reativado</Data></Cell>
    <Cell ss:Index="5"><Data ss:Type="String">Indicates that "Disabled" has been removed</Data></Cell>
   </Row>
   <Row ss:AutoFitHeight="0">
    <Cell><Data ss:Type="String">HERO_CITY_LINK</Data></Cell>
    <Cell><Data ss:Type="String">CHOOSE_A_HERO</Data></Cell>
    <Cell><Data ss:Type="String">Escolha um herói para liderar esta colônia, concedendo bônus econômicos.[br/]Os bônus serão ativados após {delay}[turn/]</Data></Cell>
   </Row>
   <Row ss:AutoFitHeight="0">
    <Cell><Data ss:Type="String">HERO_CITY_LINK</Data></Cell>
    <Cell><Data ss:Type="String">CHOOSE_A_HERO_SHORT</Data></Cell>
    <Cell><Data ss:Type="String">Escolher um Herói</Data></Cell>
   </Row>
   <Row ss:AutoFitHeight="0">
    <Cell><Data ss:Type="String">HERO_CITY_LINK</Data></Cell>
    <Cell><Data ss:Type="String">CHOOSE_A_CITY</Data></Cell>
    <Cell><Data ss:Type="String">Escolha uma colônia para este herói liderar, concedendo bônus econômicos.[br/]Os bônus serão ativados após {delay}[turn/]</Data></Cell>
    <Cell ss:Index="5"><Data ss:Type="String">Used as sub-title to explain to the player they can assign a hero to lead a colony which will then grant that colony an economic boost.</Data></Cell>
   </Row>
   <Row ss:AutoFitHeight="0">
    <Cell><Data ss:Type="String">HERO_CITY_LINK</Data></Cell>
    <Cell><Data ss:Type="String">CHOOSE_A_CITY_SHORT</Data></Cell>
    <Cell><Data ss:Type="String">Escolher uma Colônia</Data></Cell>
    <Cell ss:Index="5"><Data ss:Type="String">Used as title for the assign lord to colony panel</Data></Cell>
   </Row>
   <Row ss:AutoFitHeight="0">
    <Cell><Data ss:Type="String">HERO_CITY_LINK</Data></Cell>
    <Cell><Data ss:Type="String">LORD_OF</Data></Cell>
    <Cell><Data ss:Type="String">Lorde de {CityName}</Data></Cell>
    <Cell><Data ss:Type="String">Lady de {CityName}</Data></Cell>
    <Cell><Data ss:Type="String">The alternate text is used for female heroes</Data></Cell>
   </Row>
   <Row ss:AutoFitHeight="0">
    <Cell><Data ss:Type="String">HERO_CITY_LINK</Data></Cell>
    <Cell><Data ss:Type="String">LORD_WITHOUT</Data></Cell>
    <Cell><Data ss:Type="String">Lorde sem colônia</Data></Cell>
    <Cell><Data ss:Type="String">Lady sem colônia</Data></Cell>
    <Cell><Data ss:Type="String">The alternate text is used for female heroes</Data></Cell>
   </Row>
   <Row ss:AutoFitHeight="0">
    <Cell><Data ss:Type="String">HERO_CITY_LINK</Data></Cell>
    <Cell><Data ss:Type="String">HERO_ALREADY_LINKED</Data></Cell>
    <Cell><Data ss:Type="String">Este herói já é o Lorde de outra colônia</Data></Cell>
    <Cell><Data ss:Type="String">Este herói já é a Lady de outra colônia</Data></Cell>
    <Cell><Data ss:Type="String">The alternate text is used for female heroes</Data></Cell>
   </Row>
   <Row ss:AutoFitHeight="0">
    <Cell><Data ss:Type="String">HERO_CITY_LINK</Data></Cell>
    <Cell><Data ss:Type="String">ACTIVATING_LONG</Data></Cell>
    <Cell><Data ss:Type="String">O herói ainda está se acostumando com seu papel. Os bônus serão ativados em {delay}[turn/]</Data></Cell>
   </Row>
   <Row ss:AutoFitHeight="0">
    <Cell><Data ss:Type="String">HERO_CITY_LINK</Data></Cell>
    <Cell><Data ss:Type="String">ACTIVATING_SHORT</Data></Cell>
    <Cell><Data ss:Type="String">Bônus serão ativados em {delay}[turn/]</Data></Cell>
   </Row>
   <Row ss:AutoFitHeight="0">
    <Cell><Data ss:Type="String">HERO_UNIT_BONUSES</Data></Cell>
    <Cell><Data ss:Type="String">TOOLTIP</Data></Cell>
    <Cell><Data ss:Type="String">Alternar exibição de dados sobre bônus de produção de unidades para esta colônia</Data></Cell>
   </Row>
   <Row ss:AutoFitHeight="0">
    <Cell><Data ss:Type="String">HERO_UNIT_BONUSES</Data></Cell>
    <Cell><Data ss:Type="String">NO_BONUSES</Data></Cell>
    <Cell><Data ss:Type="String">Esta colônia não possui bônus de produção de unidades</Data></Cell>
   </Row>
   <Row ss:AutoFitHeight="0">
    <Cell><Data ss:Type="String">HERO_UNIT_BONUSES</Data></Cell>
    <Cell><Data ss:Type="String">BONUS_HEADER</Data></Cell>
    <Cell><Data ss:Type="String">Bônus de Produção de Unidades</Data></Cell>
   </Row>
   <Row ss:AutoFitHeight="0">
    <Cell><Data ss:Type="String">UPGRADE_TRIGGERS</Data></Cell>
    <Cell><Data ss:Type="String">NOTIFY</Data></Cell>
    <Cell><Data ss:Type="String">{STR_UpgradeName} ({STR_CityName}) produz: {STR_Rewards}{STR_UnitName}{STR_ItemName}</Data></Cell>
   </Row>
   <Row ss:AutoFitHeight="0">
    <Cell><Data ss:Type="String">TEXT</Data></Cell>
    <Cell><Data ss:Type="String">CURRENT_EFFECTS</Data></Cell>
    <Cell><Data ss:Type="String">Efeitos Atuais:</Data></Cell>
   </Row>
   <Row ss:AutoFitHeight="0">
    <Cell><Data ss:Type="String">TEXT</Data></Cell>
    <Cell><Data ss:Type="String">POTENTIAL_EFFECTS</Data></Cell>
    <Cell><Data ss:Type="String">Efeitos Potenciais:</Data></Cell>
   </Row>
   <Row ss:AutoFitHeight="0">
    <Cell><Data ss:Type="String">HERO_CITY_LINK</Data></Cell>
    <Cell><Data ss:Type="String">REALLY_DISCONNECT</Data></Cell>
    <Cell><Data ss:Type="String">Tem certeza de que deseja desvincular este herói de sua colônia?</Data></Cell>
   </Row>
   <Row ss:AutoFitHeight="0">
    <Cell><Data ss:Type="String">HERO_CITY_LINK</Data></Cell>
    <Cell><Data ss:Type="String">CITY_ALREADY_LINKED</Data></Cell>
    <Cell><Data ss:Type="String">Esta cidade pertence a outro herói</Data></Cell>
   </Row>
   <Row ss:AutoFitHeight="0">
    <Cell><Data ss:Type="String">TACTICAL_OPERATION</Data></Cell>
    <Cell><Data ss:Type="String">TOGGLE_TO_ENABLE</Data></Cell>
    <Cell><Data ss:Type="String">[abilityred]Desativado[/abilityred] no combate automático! [checkmark/] para ativar.</Data></Cell>
    <Cell ss:Index="5"><Data ss:Type="String">Refers to whether or no combat operations will be used by the AI is autocombat for the player</Data></Cell>
   </Row>
   <Row ss:AutoFitHeight="0">
    <Cell><Data ss:Type="String">TACTICAL_OPERATION</Data></Cell>
    <Cell><Data ss:Type="String">TOGGLE_TO_DISABLE</Data></Cell>
    <Cell><Data ss:Type="String">[abilityblue]Ativado[/abilityblue] no combate automático! [checkmark/] para desativar.</Data></Cell>
    <Cell ss:Index="5"><Data ss:Type="String">Refers to whether or no combat operations will be used by the AI is autocombat for the player</Data></Cell>
   </Row>
  </Table>
  <WorksheetOptions xmlns="urn:schemas-microsoft-com:office:excel">
   <Unsynced/>
   <Print>
    <ValidPrinterInfo/>
    <HorizontalResolution>600</HorizontalResolution>
    <VerticalResolution>600</VerticalResolution>
   </Print>
   <Selected/>
   <Panes>
    <Pane>
     <Number>3</Number>
     <ActiveRow>21</ActiveRow>
     <ActiveCol>3</ActiveCol>
    </Pane>
   </Panes>
   <ProtectObjects>False</ProtectObjects>
   <ProtectScenarios>False</ProtectScenarios>
  </WorksheetOptions>
 </Worksheet>
</Workbook>