<?xml version='1.0' encoding='UTF-8'?>
<?mso-application progid="Excel.Sheet"?><Workbook xmlns="urn:schemas-microsoft-com:office:spreadsheet" xmlns:o="urn:schemas-microsoft-com:office:office" xmlns:x="urn:schemas-microsoft-com:office:excel" xmlns:ss="urn:schemas-microsoft-com:office:spreadsheet" xmlns:html="http://www.w3.org/TR/REC-html40">
 <DocumentProperties xmlns="urn:schemas-microsoft-com:office:office">
  <LastAuthor>KyleB</LastAuthor>
  <LastSaved>2019-02-11T12:51:11Z</LastSaved>
  <Version>16.00</Version>
 </DocumentProperties>
 <OfficeDocumentSettings xmlns="urn:schemas-microsoft-com:office:office">
  <AllowPNG/>
 </OfficeDocumentSettings>
 <ExcelWorkbook xmlns="urn:schemas-microsoft-com:office:excel">
  <WindowHeight>17625</WindowHeight>
  <WindowWidth>32767</WindowWidth>
  <WindowTopX>32767</WindowTopX>
  <WindowTopY>32767</WindowTopY>
  <ProtectStructure>False</ProtectStructure>
  <ProtectWindows>False</ProtectWindows>
 </ExcelWorkbook>
 <Styles>
  <Style ss:ID="Default" ss:Name="Normal">
   <Alignment ss:Vertical="Bottom"/>
   <Borders/>
   <Font ss:FontName="Calibri" x:Family="Swiss" ss:Size="11" ss:Color="#000000"/>
   <Interior/>
   <NumberFormat/>
   <Protection/>
  </Style>
  <Style ss:ID="s62">
   <Alignment ss:Vertical="Top" ss:WrapText="1"/>
  </Style>
 </Styles>
 <Worksheet ss:Name="Script">
  <Table ss:ExpandedColumnCount="6" ss:ExpandedRowCount="19" x:FullColumns="1" x:FullRows="1" ss:StyleID="s62" ss:DefaultColumnWidth="51.75" ss:DefaultRowHeight="15">
   <Column ss:StyleID="s62" ss:Width="102"/>
   <Column ss:StyleID="s62" ss:Width="121.5"/>
   <Column ss:StyleID="s62" ss:Width="359.25"/>
   <Column ss:StyleID="s62" ss:Width="147.75"/>
   <Column ss:StyleID="s62" ss:Width="186.75"/>
   <Column ss:StyleID="s62" ss:Width="120"/>
   <Row ss:AutoFitHeight="0" ss:Height="105">
    <Cell><Data ss:Type="String">KIRKO_HERO_SKILLS</Data></Cell>
    <Cell ss:Index="5"><Data ss:Type="String">The DEV TEAM / MISC NOTES column contains info on what text between { } signs means (if applicable). It usually stands for either a numeric value, or a numeric value with an icon. Text between [ ] signs stands for a certain type of icon. </Data></Cell>
   </Row>
   <Row ss:AutoFitHeight="0">
    <Cell><Data ss:Type="String">SCENE ID</Data></Cell>
    <Cell><Data ss:Type="String">TEXT ID</Data></Cell>
    <Cell><Data ss:Type="String">ENGLISH STRING</Data></Cell>
    <Cell><Data ss:Type="String">ALTERNATIVE ENGLISH STRING</Data></Cell>
    <Cell><Data ss:Type="String">LOCALIZATION NOTES</Data></Cell>
    <Cell><Data ss:Type="String">DEV TEAM / MISC NOTES</Data></Cell>
   </Row>
   <Row ss:AutoFitHeight="0" ss:Height="165">
    <Cell ss:Index="5"><Data ss:Type="String">Text between {} should NOT be localized as they are numerical values in-game. Text between [] should NOT be localized as they are either icons or text formatting

EXAMPLE: "Hero gains {PersonaAccDmg} increased damage and accuracy " looks in-game like "Hero gains +5 increased damage and accuracy"</Data></Cell>
   </Row>
   <Row ss:AutoFitHeight="0">
    <Cell><Data ss:Type="String">KIRKO_SKILL_GROUP</Data></Cell>
    <Cell><Data ss:Type="String">SKILL_SUBTITLE</Data></Cell>
    <Cell><Data ss:Type="String">Habilidade de Herói Kir'Ko</Data></Cell>
    <Cell ss:Index="5"><Data ss:Type="String">Skill tree header.</Data></Cell>
   </Row>
   <Row ss:AutoFitHeight="0">
    <Cell><Data ss:Type="String">HERO_SKILL_2</Data></Cell>
    <Cell><Data ss:Type="String">NAME</Data></Cell>
    <Cell><Data ss:Type="String">Passo Oculto</Data></Cell>
    <Cell ss:Index="5"><Data ss:Type="String">Skill name. </Data></Cell>
   </Row>
   <Row ss:AutoFitHeight="0">
    <Cell><Data ss:Type="String">HERO_SKILL_3</Data></Cell>
    <Cell><Data ss:Type="String">NAME</Data></Cell>
    <Cell><Data ss:Type="String">Assalto Frenético</Data></Cell>
    <Cell ss:Index="5"><Data ss:Type="String">Skill name. </Data></Cell>
   </Row>
   <Row ss:AutoFitHeight="0" ss:Height="45">
    <Cell><Data ss:Type="String">HERO_SKILL_3</Data></Cell>
    <Cell><Data ss:Type="String">DESCRIPTION</Data></Cell>
    <Cell><Data ss:Type="String">Os ataques corpo a corpo desta unidade lhe concedem [abilityblue]Frenesi[/abilityblue], adicionando +10% de dano corpo a corpo por ataque corpo a corpo bem-sucedido, acumulando consigo mesmo e durando 2[turn/]</Data></Cell>
    <Cell ss:Index="5"><Data ss:Type="String">Skill description.
Frenzy is an in-game buff</Data></Cell>
   </Row>
   <Row ss:AutoFitHeight="0">
    <Cell><Data ss:Type="String">HERO_SKILL_4</Data></Cell>
    <Cell><Data ss:Type="String">NAME</Data></Cell>
    <Cell><Data ss:Type="String">Mão Orientadora</Data></Cell>
    <Cell ss:Index="5"><Data ss:Type="String">Skill name. </Data></Cell>
   </Row>
   <Row ss:AutoFitHeight="0">
    <Cell><Data ss:Type="String">HERO_SKILL_5</Data></Cell>
    <Cell><Data ss:Type="String">NAME</Data></Cell>
    <Cell><Data ss:Type="String">Eco da Mente Coletiva</Data></Cell>
    <Cell ss:Index="5"><Data ss:Type="String">Skill name. </Data></Cell>
   </Row>
   <Row ss:AutoFitHeight="0" ss:Height="45">
    <Cell><Data ss:Type="String">HERO_SKILL_5</Data></Cell>
    <Cell><Data ss:Type="String">DESCRIPTION</Data></Cell>
    <Cell><Data ss:Type="String">O herói fornece um adicional de +{HeroSkill05Shield} a unidades adjacentes com [abilityblue]Escudo Enxame[/abilityblue].</Data></Cell>
    <Cell ss:Index="5"><Data ss:Type="String">Skill description.
Swarm Shield is an in-game unit ability</Data></Cell>
   </Row>
   <Row ss:AutoFitHeight="0">
    <Cell><Data ss:Type="String">HERO_SKILL_5</Data></Cell>
    <Cell><Data ss:Type="String">PROPERTY_DESCRIPTION</Data></Cell>
    <Cell><Data ss:Type="String">Tem +{HeroSkill05Shield} de um herói adjacente.</Data></Cell>
    <Cell ss:Index="5"><Data ss:Type="String">Unit buff description.</Data></Cell>
   </Row>
   <Row ss:AutoFitHeight="0">
    <Cell><Data ss:Type="String">HERO_SKILL_6</Data></Cell>
    <Cell><Data ss:Type="String">NAME</Data></Cell>
    <Cell><Data ss:Type="String">Sacrifício Altruísta</Data></Cell>
    <Cell ss:Index="5"><Data ss:Type="String">Skill name. </Data></Cell>
   </Row>
   <Row ss:AutoFitHeight="0">
    <Cell><Data ss:Type="String">HERO_SKILL_7</Data></Cell>
    <Cell><Data ss:Type="String">NAME</Data></Cell>
    <Cell><Data ss:Type="String">Feromônios Revigorantes</Data></Cell>
    <Cell ss:Index="5"><Data ss:Type="String">Skill name. </Data></Cell>
   </Row>
   <Row ss:AutoFitHeight="0" ss:Height="30">
    <Cell><Data ss:Type="String">HERO_SKILL_7</Data></Cell>
    <Cell><Data ss:Type="String">DESCRIPTION</Data></Cell>
    <Cell><Data ss:Type="String">Todas as unidades Biológicas neste exército do herói ganham +{InvigoratingPheromonesHP} de [hp/]máximo[br/]. Funciona apenas quando este herói é o comandante do exército.</Data></Cell>
    <Cell ss:Index="5"><Data ss:Type="String">Skill description.
A Stack is another word for army</Data></Cell>
   </Row>
   <Row ss:AutoFitHeight="0" ss:Height="30">
    <Cell><Data ss:Type="String">HERO_SKILL_7</Data></Cell>
    <Cell><Data ss:Type="String">PROPERTY_DESCRIPTION</Data></Cell>
    <Cell><Data ss:Type="String">A presença do herói revigora esta unidade, concedendo-lhe +{InvigoratingPheromonesHP} de [hp/]máximo__PH2__</Data></Cell>
    <Cell ss:Index="5"><Data ss:Type="String">Unit buff description.</Data></Cell>
   </Row>
   <Row ss:AutoFitHeight="0">
    <Cell><Data ss:Type="String">HERO_SKILL_8</Data></Cell>
    <Cell><Data ss:Type="String">NAME</Data></Cell>
    <Cell><Data ss:Type="String">Fúria do Enxame</Data></Cell>
    <Cell ss:Index="5"><Data ss:Type="String">Skill name. </Data></Cell>
   </Row>
   <Row ss:AutoFitHeight="0" ss:Height="45">
    <Cell><Data ss:Type="String">HERO_SKILL_8</Data></Cell>
    <Cell><Data ss:Type="String">DESCRIPTION</Data></Cell>
    <Cell><Data ss:Type="String">Unidades adjacentes com [abilityblue]Escudo Enxame[/abilityblue] ganham +{DamageBoost} de dano em todas as habilidades.</Data></Cell>
    <Cell ss:Index="5"><Data ss:Type="String">Skill description.
Swarm Shield is an in-game unit ability</Data></Cell>
   </Row>
   <Row ss:AutoFitHeight="0">
    <Cell><Data ss:Type="String">HERO_SKILL_8</Data></Cell>
    <Cell><Data ss:Type="String">PROPERTY_DESCRIPTION</Data></Cell>
    <Cell><Data ss:Type="String">Esta unidade ganha +{DamageBoost} de dano em todas as habilidades.</Data></Cell>
    <Cell ss:Index="5"><Data ss:Type="String">Unit buff description.</Data></Cell>
   </Row>
   <Row ss:AutoFitHeight="0">
    <Cell><Data ss:Type="String">HERO_SKILL_8</Data></Cell>
    <Cell><Data ss:Type="String">MODIFIER_DESCRIPTION</Data></Cell>
    <Cell><Data ss:Type="String">Dano aumentado em {DamageBoost}.</Data></Cell>
   </Row>
  </Table>
  <WorksheetOptions xmlns="urn:schemas-microsoft-com:office:excel">
   <Unsynced/>
   <Selected/>
   <Panes>
    <Pane>
     <Number>3</Number>
     <ActiveRow>8</ActiveRow>
     <ActiveCol>2</ActiveCol>
    </Pane>
   </Panes>
   <ProtectObjects>False</ProtectObjects>
   <ProtectScenarios>False</ProtectScenarios>
  </WorksheetOptions>
 </Worksheet>
</Workbook>