<?xml version='1.0' encoding='UTF-8'?>
<?mso-application progid="Excel.Sheet"?><Workbook xmlns="urn:schemas-microsoft-com:office:spreadsheet" xmlns:o="urn:schemas-microsoft-com:office:office" xmlns:x="urn:schemas-microsoft-com:office:excel" xmlns:ss="urn:schemas-microsoft-com:office:spreadsheet" xmlns:html="http://www.w3.org/TR/REC-html40">
 <DocumentProperties xmlns="urn:schemas-microsoft-com:office:office">
  <LastAuthor>Luis Ferreira</LastAuthor>
  <LastSaved>2019-02-20T10:40:26Z</LastSaved>
  <Version>15.00</Version>
 </DocumentProperties>
 <OfficeDocumentSettings xmlns="urn:schemas-microsoft-com:office:office">
  <AllowPNG/>
 </OfficeDocumentSettings>
 <ExcelWorkbook xmlns="urn:schemas-microsoft-com:office:excel">
  <WindowHeight>17835</WindowHeight>
  <WindowWidth>-27136</WindowWidth>
  <WindowTopX>0</WindowTopX>
  <WindowTopY>0</WindowTopY>
  <ProtectStructure>False</ProtectStructure>
  <ProtectWindows>False</ProtectWindows>
 </ExcelWorkbook>
 <Styles>
  <Style ss:ID="Default" ss:Name="Normal">
   <Alignment ss:Vertical="Bottom"/>
   <Borders/>
   <Font ss:FontName="Calibri" x:Family="Swiss" ss:Size="11" ss:Color="#000000"/>
   <Interior/>
   <NumberFormat/>
   <Protection/>
  </Style>
  <Style ss:ID="s62">
   <Alignment ss:Vertical="Top" ss:WrapText="1"/>
  </Style>
 </Styles>
 <Worksheet ss:Name="Script">
  <Table ss:ExpandedColumnCount="6" ss:ExpandedRowCount="12" x:FullColumns="1" x:FullRows="1" ss:StyleID="s62" ss:DefaultColumnWidth="239.25" ss:DefaultRowHeight="14.4375">
   <Column ss:StyleID="s62" ss:Width="102"/>
   <Column ss:Index="4" ss:StyleID="s62" ss:AutoFitWidth="0" ss:Width="147"/>
   <Column ss:StyleID="s62" ss:AutoFitWidth="0" ss:Width="204.75"/>
   <Column ss:StyleID="s62" ss:AutoFitWidth="0" ss:Width="150"/>
   <Row ss:AutoFitHeight="0" ss:Height="135">
    <Cell><Data ss:Type="String">LASER_TECHGROUPS</Data></Cell>
    <Cell ss:Index="5"><Data ss:Type="String">Anything between straight brackets - i.e. [ ] - is a formatting tag. Do not change these tags and keep them in the same relative position in the text. Anything between curly brackets - i.e. { } - is a place where text or numbers will be inserted by the game. Do not change the tag, but feel free to change its position in the text to suit the localized text.</Data></Cell>
   </Row>
   <Row ss:AutoFitHeight="0" ss:Height="30">
    <Cell><Data ss:Type="String">SCENE ID</Data></Cell>
    <Cell><Data ss:Type="String">TEXT ID</Data></Cell>
    <Cell><Data ss:Type="String">ENGLISH STRING</Data></Cell>
    <Cell><Data ss:Type="String">ALTERNATIVE ENGLISH STRING</Data></Cell>
    <Cell><Data ss:Type="String">LOCALIZATION NOTES</Data></Cell>
    <Cell><Data ss:Type="String">DEV TEAM / MISC NOTES</Data></Cell>
   </Row>
   <Row ss:AutoFitHeight="0" ss:Height="15">
    <Cell><Data ss:Type="String">LASER_SKILLS</Data></Cell>
    <Cell><Data ss:Type="String">OPTICS_AND_LASER_TECHNOLOGY_NAME</Data></Cell>
    <Cell><Data ss:Type="String">Aplicações de Laser Pesado</Data></Cell>
   </Row>
   <Row ss:AutoFitHeight="0" ss:Height="45">
    <Cell><Data ss:Type="String">LASER_SKILLS</Data></Cell>
    <Cell><Data ss:Type="String">OPTICS_AND_LASER_TECHNOLOGY_DESCRIPTION</Data></Cell>
    <Cell><Data ss:Type="String">“Lasers são rápidos, precisos e não deixam uma bagunça sangrenta — apenas o delicioso cheiro de bacon frito.”[br/]– Mark McNash, CEO Laztech</Data></Cell>
    <Cell ss:Index="5"><Data ss:Type="String">Male</Data></Cell>
    <Cell><Data ss:Type="String">V.O.: Vanguard Male</Data></Cell>
   </Row>
   <Row ss:AutoFitHeight="0" ss:Height="15">
    <Cell><Data ss:Type="String">LASER_SKILLS</Data></Cell>
    <Cell><Data ss:Type="String">LASER_WEAPON_SYSTEMS_NAME</Data></Cell>
    <Cell><Data ss:Type="String">Aceleração de Fótons</Data></Cell>
   </Row>
   <Row ss:AutoFitHeight="0" ss:Height="45">
    <Cell><Data ss:Type="String">LASER_SKILLS</Data></Cell>
    <Cell><Data ss:Type="String">LASER_WEAPON_SYSTEMS_DESCRIPTION</Data></Cell>
    <Cell><Data ss:Type="String">“Não pense de forma tão rígida. A velocidade da luz não é uma constante se você a alterar.”[br/]– Dra. Millicent Rickles, Chefe de Pesquisa, Lazilite Inc.</Data></Cell>
    <Cell ss:Index="5"><Data ss:Type="String">Female</Data></Cell>
    <Cell><Data ss:Type="String">V.O.: Vanguard Female</Data></Cell>
   </Row>
   <Row ss:AutoFitHeight="0" ss:Height="15">
    <Cell><Data ss:Type="String">LASER_SKILLS</Data></Cell>
    <Cell><Data ss:Type="String">DIRECTED_ENERGY_WEAPONS_NAME</Data></Cell>
    <Cell><Data ss:Type="String">Lasers Não Refratários</Data></Cell>
   </Row>
   <Row ss:AutoFitHeight="0" ss:Height="75">
    <Cell><Data ss:Type="String">LASER_SKILLS</Data></Cell>
    <Cell><Data ss:Type="String">DIRECTED_ENERGY_WEAPONS_DESCRIPTION</Data></Cell>
    <Cell><Data ss:Type="String">“O conceito é bem simples, na verdade. É uma tecnologia médica antiga aplicada ao campo de batalha. Pense em si mesmo como um cirurgião e seu inimigo é uma tatuagem ruim que você precisa remover.”[br/]– Mark McNash, CEO Laztech</Data></Cell>
    <Cell ss:Index="5"><Data ss:Type="String">Male</Data></Cell>
    <Cell><Data ss:Type="String">V.O.: Vanguard Male</Data></Cell>
   </Row>
   <Row ss:AutoFitHeight="0" ss:Height="15">
    <Cell><Data ss:Type="String">LASER_SKILLS</Data></Cell>
    <Cell><Data ss:Type="String">LASER_OPTICS_NAME</Data></Cell>
    <Cell><Data ss:Type="String">Tecnologia Cristalina</Data></Cell>
   </Row>
   <Row ss:AutoFitHeight="0" ss:Height="45">
    <Cell><Data ss:Type="String">LASER_SKILLS</Data></Cell>
    <Cell><Data ss:Type="String">LASER_OPTICS_DESCRIPTION</Data></Cell>
    <Cell><Data ss:Type="String">“Até a tecnologia mais avançada e brutal eventualmente evolui para algo deslumbrantemente belo.”[br/]– Varla Prakash, Filósofa</Data></Cell>
    <Cell ss:Index="5"><Data ss:Type="String">Female</Data></Cell>
    <Cell><Data ss:Type="String">V.O.: Amazon Female</Data></Cell>
   </Row>
   <Row ss:AutoFitHeight="0" ss:Height="15">
    <Cell><Data ss:Type="String">LASER_SKILLS</Data></Cell>
    <Cell><Data ss:Type="String">STAR_INFUSION_TECHNOLOGY_NAME</Data></Cell>
    <Cell><Data ss:Type="String">Armamento de Plasma</Data></Cell>
   </Row>
   <Row ss:AutoFitHeight="0" ss:Height="105">
    <Cell><Data ss:Type="String">LASER_SKILLS</Data></Cell>
    <Cell><Data ss:Type="String">STAR_INFUSION_TECHNOLOGY_DESCRIPTION</Data></Cell>
    <Cell><Data ss:Type="String">“Dizem que as primeiras formas de vida evoluíram da poeira estelar primordial. Se for assim, nossa nova arma é um botão de reset. Em vez de a poeira estelar-vida se tornar vida complexa, a vida complexa é reduzida a poeira estelar. Simplesmente lindo! O ciclo da vida, eu digo!”[br/]– Mestre Sargento de Artilharia Talwar Aag, 2ª Divisão de Desembarque da Vanguard</Data></Cell>
    <Cell ss:Index="5"><Data ss:Type="String">Female</Data></Cell>
    <Cell><Data ss:Type="String">V.O.: Vanguard Female</Data></Cell>
   </Row>
  </Table>
  <WorksheetOptions xmlns="urn:schemas-microsoft-com:office:excel">
   <Unsynced/>
   <Print>
    <ValidPrinterInfo/>
    <HorizontalResolution>600</HorizontalResolution>
    <VerticalResolution>600</VerticalResolution>
   </Print>
   <Zoom>130</Zoom>
   <Selected/>
   <Panes>
    <Pane>
     <Number>3</Number>
     <ActiveCol>6</ActiveCol>
     <RangeSelection>C7</RangeSelection>
    </Pane>
   </Panes>
   <ProtectObjects>False</ProtectObjects>
   <ProtectScenarios>False</ProtectScenarios>
  </WorksheetOptions>
 </Worksheet>
</Workbook>