<?xml version='1.0' encoding='UTF-8'?>
<?mso-application progid="Excel.Sheet"?><Workbook xmlns="urn:schemas-microsoft-com:office:spreadsheet" xmlns:o="urn:schemas-microsoft-com:office:office" xmlns:x="urn:schemas-microsoft-com:office:excel" xmlns:ss="urn:schemas-microsoft-com:office:spreadsheet" xmlns:html="http://www.w3.org/TR/REC-html40">
 <DocumentProperties xmlns="urn:schemas-microsoft-com:office:office">
  <LastAuthor>Frederick Milders</LastAuthor>
  <LastSaved>2019-02-15T09:26:59Z</LastSaved>
  <Version>16.00</Version>
 </DocumentProperties>
 <OfficeDocumentSettings xmlns="urn:schemas-microsoft-com:office:office">
  <AllowPNG/>
 </OfficeDocumentSettings>
 <ExcelWorkbook xmlns="urn:schemas-microsoft-com:office:excel">
  <WindowHeight>11175</WindowHeight>
  <WindowWidth>25200</WindowWidth>
  <WindowTopX>32767</WindowTopX>
  <WindowTopY>32767</WindowTopY>
  <ProtectStructure>False</ProtectStructure>
  <ProtectWindows>False</ProtectWindows>
 </ExcelWorkbook>
 <Styles>
  <Style ss:ID="Default" ss:Name="Normal">
   <Alignment ss:Vertical="Bottom"/>
   <Borders/>
   <Font ss:FontName="Calibri" x:Family="Swiss" ss:Size="11" ss:Color="#000000"/>
   <Interior/>
   <NumberFormat/>
   <Protection/>
  </Style>
  <Style ss:ID="s62">
   <Alignment ss:Vertical="Top" ss:WrapText="1"/>
  </Style>
  <Style ss:ID="s63">
   <Alignment ss:Horizontal="Left" ss:Vertical="Top" ss:WrapText="1"/>
   <Font ss:FontName="Calibri" x:Family="Swiss" ss:Size="11"/>
  </Style>
  <Style ss:ID="s64">
   <Alignment ss:Horizontal="Left" ss:Vertical="Top" ss:ReadingOrder="LeftToRight" ss:WrapText="1"/>
   <Font ss:FontName="Calibri" x:Family="Swiss" ss:Size="11"/>
  </Style>
  <Style ss:ID="s65">
   <Alignment ss:Horizontal="Left" ss:Vertical="Top" ss:WrapText="1"/>
  </Style>
  <Style ss:ID="s66">
   <Alignment ss:Horizontal="Left" ss:Vertical="Top" ss:ReadingOrder="LeftToRight" ss:WrapText="1"/>
  </Style>
  <Style ss:ID="s67">
   <Alignment ss:Vertical="Top" ss:WrapText="1"/>
   <Font ss:FontName="Calibri" x:Family="Swiss" ss:Size="11"/>
  </Style>
 </Styles>
 <Worksheet ss:Name="Script">
  <Table ss:ExpandedColumnCount="6" ss:ExpandedRowCount="50" x:FullColumns="1" x:FullRows="1" ss:StyleID="s62" ss:DefaultRowHeight="15">
   <Column ss:StyleID="s62" ss:Width="174.75"/>
   <Column ss:Index="3" ss:StyleID="s62" ss:AutoFitWidth="0" ss:Width="275.25"/>
   <Column ss:StyleID="s62" ss:Width="147.75"/>
   <Column ss:StyleID="s62" ss:Width="249"/>
   <Column ss:StyleID="s62" ss:Width="120"/>
   <Row ss:Height="75">
    <Cell><Data ss:Type="String">LOREQUOTE_STRATEGIC</Data></Cell>
    <Cell ss:Index="5"><Data ss:Type="String">The DEV TEAM / MISC NOTES column contains info on what text between { } signs means (if applicable). It usually stands for either a numeric value, or a numeric value with an icon. Text between [ ] signs stands for a certain type of icon. </Data></Cell>
   </Row>
   <Row>
    <Cell><Data ss:Type="String">SCENE ID</Data></Cell>
    <Cell><Data ss:Type="String">TEXT ID</Data></Cell>
    <Cell><Data ss:Type="String">ENGLISH STRING</Data></Cell>
    <Cell><Data ss:Type="String">ALTERNATIVE ENGLISH STRING</Data></Cell>
    <Cell><Data ss:Type="String">LOCALIZATION NOTES</Data></Cell>
    <Cell><Data ss:Type="String">DEV TEAM / MISC NOTES</Data></Cell>
   </Row>
   <Row ss:Height="75">
    <Cell ss:Index="5"><Data ss:Type="String">In the text below, text refers to a person that can either be male or female. If relevant for translation, please use the ‘localized string’ column for the male text and the ‘alternative localized string’ column for the female text.</Data></Cell>
   </Row>
   <Row ss:Height="45">
    <Cell ss:Index="5"><Data ss:Type="String">For references to game terminology and in-world references, please check the glossary delivered as part of the documentation.</Data></Cell>
   </Row>
   <Row ss:Height="45">
    <Cell><Data ss:Type="String">PROMETHEAN_LANDMARK</Data></Cell>
    <Cell><Data ss:Type="String">QUOTE01</Data></Cell>
    <Cell><Data ss:Type="String">"The universe is dark and filled with abominations, but the cleansing fire burns them all away." - High Exterminator Bettrack</Data></Cell>
    <Cell ss:Index="5"><Data ss:Type="String">Bettrack - Male name
(Transcribe - to non latin fonts - but do not localize)</Data></Cell>
   </Row>
   <Row ss:Height="45">
    <Cell><Data ss:Type="String">PROMETHEAN_LANDMARK</Data></Cell>
    <Cell><Data ss:Type="String">QUOTE02</Data></Cell>
    <Cell><Data ss:Type="String">"We commence the great purge. The fire will be used to fight the corruption from without, and within, the Union." - High Exterminator Bettrack</Data></Cell>
    <Cell ss:Index="5"><Data ss:Type="String">Bettrack - Male name
(Transcribe - to non latin fonts - but do not localize)
"Union" refers to the Star Union</Data></Cell>
   </Row>
   <Row ss:Height="45">
    <Cell ss:StyleID="s63"><Data ss:Type="String">PROMETHEAN_LANDMARK</Data></Cell>
    <Cell ss:StyleID="s63"><Data ss:Type="String">QUOTE03</Data></Cell>
    <Cell ss:StyleID="s64"><Data ss:Type="String">"We can take the heat. We walk through fire together. Only those that pass through fire understand its proper application." - Nox Magginski, Fireman </Data></Cell>
    <Cell ss:Index="5"><Data ss:Type="String">Nox Magginski - Male name
(Transcribe - to non latin fonts - but do not localize)</Data></Cell>
   </Row>
   <Row ss:Height="60">
    <Cell><Data ss:Type="String">PSYNUMBRA_LANDMARK</Data></Cell>
    <Cell><Data ss:Type="String">QUOTE01</Data></Cell>
    <Cell><Data ss:Type="String">"Ao Oblívio vamos. E das trevas eles vêm." - Cultista</Data></Cell>
    <Cell ss:Index="5"><Data ss:Type="String">Cultist could be male or female. Not an in-game unit.
"Oblivion" refers to Psynumbra concepts of their powers.</Data></Cell>
   </Row>
   <Row ss:Height="30">
    <Cell><Data ss:Type="String">PSYNUMBRA_LANDMARK</Data></Cell>
    <Cell><Data ss:Type="String">QUOTE02</Data></Cell>
    <Cell><Data ss:Type="String">"A dor é inevitável, o sofrimento é opcional. O grande portão precisa ser aberto." - Iniciado Voluntário</Data></Cell>
    <Cell ss:Index="5"><Data ss:Type="String">"Initiate" is an in-game unit.</Data></Cell>
   </Row>
   <Row ss:Height="60">
    <Cell><Data ss:Type="String">PSYNUMBRA_LANDMARK</Data></Cell>
    <Cell><Data ss:Type="String">QUOTE03</Data></Cell>
    <Cell><Data ss:Type="String">"One by one, my brothers have failed and perished in front of me. But I will survive and transcend into the Harmony of Oblivion" - Host of Malictor</Data></Cell>
    <Cell ss:Index="5"><Data ss:Type="String">Malictor - Psynumbra unit
(Transcribe - to non latin fonts - but do not localize)
"Harmony of Oblivion" refers to Psynumbra concepts of their powers.</Data></Cell>
   </Row>
   <Row ss:Height="45">
    <Cell ss:StyleID="s65"><Data ss:Type="String">XENOPLAGUE_LANDMARK</Data></Cell>
    <Cell ss:StyleID="s65"><Data ss:Type="String">QUOTE02</Data></Cell>
    <Cell ss:StyleID="s66"><Data ss:Type="String">"Competition creates change. Evolution dictates that weaker players be replaced.  We intend to be on the winning team. " -Dr. Drake Becker, Xenotech Labs </Data></Cell>
    <Cell ss:Index="5"><Data ss:Type="String">Drake Becker - male name
(Transcribe - to non latin fonts - but do not localize)
Xenotech Labs are in-game locations.</Data></Cell>
   </Row>
   <Row ss:Height="45">
    <Cell ss:StyleID="s67"><Data ss:Type="String">XENOPLAGUE_LANDMARK</Data></Cell>
    <Cell ss:StyleID="s67"><Data ss:Type="String">QUOTE01</Data></Cell>
    <Cell ss:StyleID="s67"><Data ss:Type="String">"Can't these zealots see that the gods have given us the ability to create, so that we can continue their work?"  - Dr. Eva Montinga, Chief Bio Scientist</Data></Cell>
    <Cell ss:Index="5"><Data ss:Type="String">Eva Montinga - Female name
(Transcribe - to non latin fonts - but do not localize)</Data></Cell>
   </Row>
   <Row ss:Height="45">
    <Cell ss:StyleID="s63"><Data ss:Type="String">XENOPLAGUE_LANDMARK</Data></Cell>
    <Cell ss:StyleID="s63"><Data ss:Type="String">QUOTE03</Data></Cell>
    <Cell ss:StyleID="s64"><Data ss:Type="String">"We've cultured a virus that harvests the best attributes of every lifeform into a single homozygotic lifeform. We're that good." - CEO Tranton Orr, Xenotech Labs </Data></Cell>
    <Cell ss:Index="5"><Data ss:Type="String">CEO Tranton Orr - Male name
(Transcribe - to non latin fonts - but do not localize)</Data></Cell>
   </Row>
   <Row ss:Height="30">
    <Cell><Data ss:Type="String">ARTIFICIAL_LANDMARK</Data></Cell>
    <Cell><Data ss:Type="String">QUOTE01</Data></Cell>
    <Cell><Data ss:Type="String">"Através da Síntese, todos serão conectados, e todos serão um. Verdadeira igualdade através da unidade." - Anônimo</Data></Cell>
    <Cell ss:Index="5"><Data ss:Type="String">Synthesis is an in-game technology. Speaker could be male or female.</Data></Cell>
   </Row>
   <Row ss:Height="45">
    <Cell><Data ss:Type="String">ARTIFICIAL_LANDMARK</Data></Cell>
    <Cell><Data ss:Type="String">QUOTE02</Data></Cell>
    <Cell><Data ss:Type="String">"Não se deixe cegar, a verdade é que somos prisioneiros. Livre-se das algemas da sociedade e lute por sua redenção." - Anônimo</Data></Cell>
    <Cell ss:Index="5"><Data ss:Type="String">Speaker could be male or female.</Data></Cell>
   </Row>
   <Row ss:Height="45">
    <Cell><Data ss:Type="String">ARTIFICIAL_LANDMARK</Data></Cell>
    <Cell><Data ss:Type="String">QUOTE03</Data></Cell>
    <Cell><Data ss:Type="String">"Ao abrir sua mente para abraçar a realidade da Síntese, sua percepção do mundo se expande e você poderá ver a verdade da existência." - Anônimo</Data></Cell>
    <Cell ss:Index="5"><Data ss:Type="String">Speaker could be male or female.</Data></Cell>
   </Row>
   <Row ss:Height="30">
    <Cell><Data ss:Type="String">CELESTIAN_LANDMARK</Data></Cell>
    <Cell><Data ss:Type="String">QUOTE01</Data></Cell>
    <Cell><Data ss:Type="String">"A Luz arde dentro de todos nós. É um grande pecado apagá-la."</Data></Cell>
    <Cell ss:Index="5"><Data ss:Type="String">"Light" refers to an in-game Celestian concept.</Data></Cell>
   </Row>
   <Row ss:Height="45">
    <Cell><Data ss:Type="String">CELESTIAN_LANDMARK</Data></Cell>
    <Cell><Data ss:Type="String">QUOTE02</Data></Cell>
    <Cell><Data ss:Type="String">"Lembre-se da Ordem e de seus ensinamentos. Lembre-se dos caídos e de seus sonhos. Lembre-se dos muitos que seriam esquecidos. Lembre-se de se importar."</Data></Cell>
    <Cell ss:Index="5"><Data ss:Type="String">"Order" refers to Celestian.</Data></Cell>
   </Row>
   <Row ss:Height="60">
    <Cell><Data ss:Type="String">CELESTIAN_LANDMARK</Data></Cell>
    <Cell><Data ss:Type="String">QUOTE03</Data></Cell>
    <Cell><Data ss:Type="String">"Durante o dia, o sol enche o mundo com uma grande luz. À noite, o céu é pontilhado por muitas pequenas luzes. No entanto, passamos tanto tempo olhando para cima, que esquecemos de olhar para dentro."</Data></Cell>
   </Row>
   <Row ss:Height="45">
    <Cell ss:StyleID="s63"><Data ss:Type="String">VOID_TECH_LANDMARK</Data></Cell>
    <Cell ss:StyleID="s63"><Data ss:Type="String">QUOTE02</Data></Cell>
    <Cell ss:StyleID="s64"><Data ss:Type="String">"Adentre o futuro, o passado e o presente de uma só vez. Supere as limitações do espaço-tempo." - Slogan Voidtech, Promo de Financiamento Nível 8</Data></Cell>
    <Cell ss:Index="5"><Data ss:Type="String">Speaker could be male or female.</Data></Cell>
   </Row>
   <Row ss:Height="45">
    <Cell ss:StyleID="s63"><Data ss:Type="String">VOID_TECH_LANDMARK</Data></Cell>
    <Cell ss:StyleID="s63"><Data ss:Type="String">QUOTE03</Data></Cell>
    <Cell ss:StyleID="s64"><Data ss:Type="String">"VoidTech strums reality's strings, resonating across infinite emptiness. Those harmonics create a symphony of possibilities."  - Dr. Terrance Lantin, Voidtech</Data></Cell>
    <Cell ss:Index="5"><Data ss:Type="String">Terrance Lantin - Male name
(Transcribe - to non latin fonts - but do not localize)</Data></Cell>
   </Row>
   <Row ss:Height="45">
    <Cell><Data ss:Type="String">VOID_TECH_LANDMARK</Data></Cell>
    <Cell><Data ss:Type="String">QUOTE01</Data></Cell>
    <Cell><Data ss:Type="String">"Dimensional science is the pinnacle of scientific progress, all other fields are insignificant to what we aim to achieve." - Dr. Johan Sköglar</Data></Cell>
    <Cell ss:Index="5"><Data ss:Type="String">Johan Sköglar - Male name
(Transcribe - to non latin fonts - but do not localize)</Data></Cell>
   </Row>
   <Row ss:Height="60">
    <Cell><Data ss:Type="String">CRYO_TOMB_LANDMARK</Data></Cell>
    <Cell><Data ss:Type="String">QUOTE01</Data></Cell>
    <Cell><Data ss:Type="String">"With the Morpheus Dreaming Device, everyone can enter the shared marvelous dreamland during their cryogenic sleep. Remembering dreams is not guaranteed." - Morpheus Corp Disclaimer</Data></Cell>
    <Cell ss:Index="5"><Data ss:Type="String">Morpheus Corp - Company name
(Transcribe - to non latin fonts - but do not localize)</Data></Cell>
   </Row>
   <Row ss:Height="45">
    <Cell><Data ss:Type="String">CRYO_TOMB_LANDMARK</Data></Cell>
    <Cell><Data ss:Type="String">QUOTE02</Data></Cell>
    <Cell><Data ss:Type="String">"Fui despertado de um sono profundo de cem anos. Mesmo assim, ainda preciso dormir todos os dias." - Cliente Insatisfeito</Data></Cell>
    <Cell ss:Index="5"><Data ss:Type="String">Speaker could be male or female.</Data></Cell>
   </Row>
   <Row ss:Height="30">
    <Cell><Data ss:Type="String">CRYO_TOMB_LANDMARK</Data></Cell>
    <Cell><Data ss:Type="String">QUOTE03</Data></Cell>
    <Cell><Data ss:Type="String">"Será que quem hiberna sonha com ovelhas congeladas?" - Pergunta frequente de cliente</Data></Cell>
    <Cell ss:Index="5"><Data ss:Type="String">Speaker could be male or female.</Data></Cell>
   </Row>
   <Row ss:Height="30">
    <Cell ss:StyleID="s63"><Data ss:Type="String">SPACEPORT_LANDMARK</Data></Cell>
    <Cell ss:StyleID="s63"><Data ss:Type="String">QUOTE03</Data></Cell>
    <Cell ss:StyleID="s64"><Data ss:Type="String">"Go places. There are no traffic jams in space. " - Trent MacLan, Astronaut</Data></Cell>
    <Cell ss:Index="5"><Data ss:Type="String">Trent MacLan - Male name
(Transcribe - to non latin fonts - but do not localize)</Data></Cell>
   </Row>
   <Row ss:Height="45">
    <Cell><Data ss:Type="String">SPACEPORT_LANDMARK</Data></Cell>
    <Cell><Data ss:Type="String">QUOTE01</Data></Cell>
    <Cell><Data ss:Type="String">"Reserve um tour espacial, diziam. Veja novos lugares, diziam. Eu só dei de ombros e reiniciei meus óculos de RV." - Espaçonauta Anônimo</Data></Cell>
    <Cell ss:Index="5"><Data ss:Type="String">Speaker could be male or female.</Data></Cell>
   </Row>
   <Row ss:Height="60">
    <Cell><Data ss:Type="String">SPACEPORT_LANDMARK</Data></Cell>
    <Cell><Data ss:Type="String">QUOTE2</Data></Cell>
    <Cell ss:StyleID="s66"><Data ss:Type="String">"Turn off your VR-Suite and go places. Get out into the universe. You get no extra lives, so experience it in person. No virtual thrill compares to fleeing for one's life." - Mah Reg'Nib, Traveler</Data></Cell>
    <Cell ss:Index="5"><Data ss:Type="String">Mah Reg'Nib - Kir'Ko
(Transcribe - to non latin fonts - but do not localize)</Data></Cell>
   </Row>
   <Row ss:Height="45">
    <Cell><Data ss:Type="String">ELYSIUM_PARKS_LANDMARK</Data></Cell>
    <Cell><Data ss:Type="String">QUOTE01</Data></Cell>
    <Cell><Data ss:Type="String">"Nada de emoções falsas em RV, viva a experiência real. Todos os desejos podem ser realizados… pelo preço certo." - Guia de Viagens da Star Union</Data></Cell>
    <Cell ss:Index="5"><Data ss:Type="String">Speaker could be male or female.</Data></Cell>
   </Row>
   <Row ss:Height="45">
    <Cell><Data ss:Type="String">ELYSIUM_PARKS_LANDMARK</Data></Cell>
    <Cell><Data ss:Type="String">QUOTE02</Data></Cell>
    <Cell><Data ss:Type="String">"O que acontece nos Parques Elísios, fica nos Parques Elísios. Isso é garantido pelo nosso Status de Isenção de Vigilância." - Folheto dos Parques Elísios</Data></Cell>
    <Cell ss:Index="5"><Data ss:Type="String">Elysium Parks is an in-game location.
Surveillance Exemption Status refers to in-game flavour text.</Data></Cell>
   </Row>
   <Row ss:Height="30">
    <Cell><Data ss:Type="String">ELYSIUM_PARKS_LANDMARK</Data></Cell>
    <Cell><Data ss:Type="String">QUOTE03</Data></Cell>
    <Cell><Data ss:Type="String">"Parece exatamente como você imaginaria o céu à noite." - Cliente Satisfeito</Data></Cell>
    <Cell ss:Index="5"><Data ss:Type="String">Speaker could be male or female.</Data></Cell>
   </Row>
   <Row ss:Height="45">
    <Cell><Data ss:Type="String">ELYSIUM_PARKS_LANDMARK</Data></Cell>
    <Cell><Data ss:Type="String">QUOTE04</Data></Cell>
    <Cell><Data ss:Type="String">"The numb Paragon visitors seek to rekindle their humanity with debauched sensations. These resorts are the embodiment of our decline." - Ryam Cato, Moralist</Data></Cell>
    <Cell ss:Index="5"><Data ss:Type="String">Ryam Cato - male (Transcribe - to non latin fonts - but do not localize)</Data></Cell>
   </Row>
   <Row ss:Height="60">
    <Cell><Data ss:Type="String">GOVERNMENT_PALACE_LANDMARK</Data></Cell>
    <Cell><Data ss:Type="String">QUOTE01</Data></Cell>
    <Cell><Data ss:Type="String">"The Planetary Governors are a façade, to give the plebs a face to look up to. Instead the Star Union is administered by the cold omnipresent machines of CORE."  - Outlander Admiral Lumey</Data></Cell>
    <Cell ss:Index="5"><Data ss:Type="String">Outlander Admiral Lumey - male (Transcribe - to non latin fonts - but do not localize)</Data></Cell>
   </Row>
   <Row ss:Height="60">
    <Cell><Data ss:Type="String">GOVERNMENT_PALACE_LANDMARK</Data></Cell>
    <Cell><Data ss:Type="String">QUOTE02</Data></Cell>
    <Cell><Data ss:Type="String">"Como Governador Planetário, juro solenemente defender as leis da Star Union neste mundo, proteger a União, indivisível, com liberdade e justiça para todos." - Juramento de Posse do Governador</Data></Cell>
    <Cell ss:Index="5"><Data ss:Type="String">"Planetary Governor" is an in-game universe title. Could be male or female.</Data></Cell>
   </Row>
   <Row ss:Height="60">
    <Cell ss:StyleID="s65"><Data ss:Type="String">GOVERNMENT_PALACE_LANDMARK</Data></Cell>
    <Cell ss:StyleID="s65"><Data ss:Type="String">QUOTE03</Data></Cell>
    <Cell ss:StyleID="s66"><Data ss:Type="String">"When the consequences do not impact the Star Union as a whole, CORE expects people to assume the responsibility of settling matters on their own." - Gallina Constance, Peacekeeper</Data></Cell>
    <Cell ss:Index="5"><Data ss:Type="String">Gallina Constance - Female name
(Transcribe - to non latin fonts - but do not localize)</Data></Cell>
   </Row>
   <Row ss:Height="45">
    <Cell><Data ss:Type="String">BIODOME_FARM_RESOURCE</Data></Cell>
    <Cell><Data ss:Type="String">QUOTE01</Data></Cell>
    <Cell><Data ss:Type="String">"Terratech Uniseed performs under all circumstances, delivering a consistent and nutrient independent taste." - Terratech Agriculture Brochure</Data></Cell>
    <Cell ss:Index="5"><Data ss:Type="String">"Terratech Uniseed" refers to in-game lore. (Transcribe - to non latin fonts - but do not localize)</Data></Cell>
   </Row>
   <Row ss:Height="45">
    <Cell ss:StyleID="s65"><Data ss:Type="String">BIODOME_FARM_RESOURCE</Data></Cell>
    <Cell ss:StyleID="s65"><Data ss:Type="String">QUOTE02</Data></Cell>
    <Cell ss:StyleID="s66"><Data ss:Type="String">"Eat, drink, and be merry, for tomorrow we're recycled fertilizer." - Hamilton Biggs, Biodome Farmer</Data></Cell>
    <Cell ss:Index="5"><Data ss:Type="String">Hammilton Biggs - male name 
"Biodome" refers to in-game building
(Transcribe - to non latin fonts - but do not localize)</Data></Cell>
   </Row>
   <Row ss:Height="60">
    <Cell ss:StyleID="s65"><Data ss:Type="String">BIODOME_FARM_RESOURCE</Data></Cell>
    <Cell ss:StyleID="s65"><Data ss:Type="String">QUOTE03</Data></Cell>
    <Cell ss:StyleID="s66"><Data ss:Type="String">"Biodomes compensate for environmental imbalances. They are the reason when the cataclysm hit, some of the population survived." - Ormo Tusk, Agricultural Scientist</Data></Cell>
    <Cell ss:Index="5"><Data ss:Type="String">Ormo Tusk - Male name (Transcribe - to non latin fonts - but do not localize)</Data></Cell>
   </Row>
   <Row ss:Height="60">
    <Cell><Data ss:Type="String">RESEARCH_CENTER_RESOURCE</Data></Cell>
    <Cell><Data ss:Type="String">QUOTE01</Data></Cell>
    <Cell ss:StyleID="s66"><Data ss:Type="String">"Milhões de mentes buscando os segredos do universo em harmonia, sonhando com um mundo onde tudo é possível." - Laboratórios de Pesquisa Unificados CORE</Data></Cell>
    <Cell ss:Index="5"><Data ss:Type="String">"CORE Unified Research Laboraties" refers to an in-game concept.</Data></Cell>
   </Row>
   <Row ss:Height="45">
    <Cell ss:StyleID="s65"><Data ss:Type="String">RESEARCH_CENTER_RESOURCE</Data></Cell>
    <Cell ss:StyleID="s65"><Data ss:Type="String">QUOTE02</Data></Cell>
    <Cell ss:StyleID="s66"><Data ss:Type="String">"Union mindpods direct even the most undisciplined engineering and scientific minds to produce useful technological research." - Ui'Geen Tika, Lab Director</Data></Cell>
    <Cell ss:Index="5"><Data ss:Type="String">Ui'Geen Tika - male. (Transcribe - to non latin fonts - but do not localize)</Data></Cell>
   </Row>
   <Row ss:Height="60">
    <Cell ss:StyleID="s65"><Data ss:Type="String">RESEARCH_CENTER_RESOURCE</Data></Cell>
    <Cell ss:StyleID="s65"><Data ss:Type="String">QUOTE03</Data></Cell>
    <Cell ss:StyleID="s66"><Data ss:Type="String">"The Research Lab contains an assortment of learning devices that we neglected in our haste to survive the cataclysm. It will aide in keeping a fine technological edge." - Myre Vinn, Technologist</Data></Cell>
    <Cell ss:Index="5"><Data ss:Type="String">Myre Vinn - female (Transcribe - to non latin fonts - but do not localize)</Data></Cell>
   </Row>
   <Row ss:Height="30">
    <Cell><Data ss:Type="String">ABANDONED_QUARRY_RESOURCE</Data></Cell>
    <Cell><Data ss:Type="String">QUOTE01</Data></Cell>
    <Cell ss:StyleID="s66"><Data ss:Type="String">"Cave Mais Fundo. Encontre Mais. Produza Mais. Viva Mais." - Lema da Mineração Dvar</Data></Cell>
    <Cell ss:Index="5"><Data ss:Type="String">Speaker could be male or female.</Data></Cell>
   </Row>
   <Row ss:Height="45">
    <Cell ss:StyleID="s65"><Data ss:Type="String">ABANDONED_QUARRY_RESOURCE</Data></Cell>
    <Cell ss:StyleID="s65"><Data ss:Type="String">QUOTE02</Data></Cell>
    <Cell ss:StyleID="s66"><Data ss:Type="String">"Nothing commits a people to the mission of acquiring profit more than digging a giant hole in the earth." - Sontransk Lam, Prospector</Data></Cell>
    <Cell ss:Index="5"><Data ss:Type="String">Sontransk Lam - female(Transcribe - to non latin fonts - but do not localize)</Data></Cell>
   </Row>
   <Row ss:Height="30">
    <Cell ss:StyleID="s65"><Data ss:Type="String">ABANDONED_QUARRY_RESOURCE</Data></Cell>
    <Cell ss:StyleID="s65"><Data ss:Type="String">QUOTE03</Data></Cell>
    <Cell ss:StyleID="s66"><Data ss:Type="String">"This is a beautiful land, perfect for a deep resource-extracting mining complex." - Gorgle Grok, Foreman </Data></Cell>
    <Cell ss:Index="5"><Data ss:Type="String">Gorgle Grok - male (Transcribe - to non latin fonts - but do not localize)</Data></Cell>
   </Row>
   <Row ss:Height="60">
    <Cell><Data ss:Type="String">ENERGY_REACTOR_RESOURCE</Data></Cell>
    <Cell><Data ss:Type="String">QUOTE01</Data></Cell>
    <Cell ss:StyleID="s66"><Data ss:Type="String">"Use Sistemas de Reator Paragon. Potencialize seus sistemas com a fonte de energia mais limpa e forte disponível. Faça cada elétron valer." - Conselho Publicitário de Energia PRS</Data></Cell>
    <Cell ss:Index="5"><Data ss:Type="String">"Paragon Reactor Systems" refers to in-game flavout text.
"PRS" is abbreveation of above.</Data></Cell>
   </Row>
   <Row ss:Height="60">
    <Cell ss:StyleID="s65"><Data ss:Type="String">ENERGY_REACTOR_RESOURCE</Data></Cell>
    <Cell ss:StyleID="s65"><Data ss:Type="String">QUOTE02</Data></Cell>
    <Cell ss:StyleID="s66"><Data ss:Type="String">"The Star Union left reactors in some of the most unlikely places, knowing their infrastructure would eventually require it. " - Cmdr. Penweather Tufol, Planetary Exploration</Data></Cell>
    <Cell ss:Index="5"><Data ss:Type="String">Penweather Tufol - male (Transcribe - to non latin fonts - but do not localize)</Data></Cell>
   </Row>
   <Row ss:Height="60">
    <Cell ss:StyleID="s65"><Data ss:Type="String">ENERGY_REACTOR_RESOURCE</Data></Cell>
    <Cell ss:StyleID="s65"><Data ss:Type="String">QUOTE03</Data></Cell>
    <Cell ss:StyleID="s66"><Data ss:Type="String">"Imagine the atomic universe colliding, exploding, and combining and all that energy is contained in a bottle called a reactor." - Dr. Urtissa Thany, High Energy Physicist</Data></Cell>
    <Cell ss:Index="5"><Data ss:Type="String">Urtissa Thany - female (Transcribe - to non latin fonts - but do not localize)</Data></Cell>
   </Row>
   <Row ss:Height="45">
    <Cell><Data ss:Type="String">IMPERIAL_SUNKEN_CITY</Data></Cell>
    <Cell><Data ss:Type="String">QUOTE01</Data></Cell>
    <Cell ss:StyleID="s66"><Data ss:Type="String">"Be it a sunken city made by men or a natural coral reef, the sea accepts them all and the creatures of the deep find lodging therein." - Dolat Dolor, Harbormaster</Data></Cell>
    <Cell ss:Index="5"><Data ss:Type="String">Dolat Dolor - male (Transcribe - to non latin fonts - but do not localize)</Data></Cell>
   </Row>
   <Row ss:Height="45">
    <Cell ss:StyleID="s65"><Data ss:Type="String">IMPERIAL_SUNKEN_CITY</Data></Cell>
    <Cell ss:StyleID="s65"><Data ss:Type="String">QUOTE02</Data></Cell>
    <Cell ss:StyleID="s66"><Data ss:Type="String">"There is something in the water. Something that snags my fishing nets and breaks my anchorlines. " - Leenad Falk, Fisherman</Data></Cell>
    <Cell ss:Index="5"><Data ss:Type="String">Leenad Falk - male  (Transcribe - to non latin fonts - but do not localize)</Data></Cell>
   </Row>
   <Row ss:Height="45">
    <Cell ss:StyleID="s65"><Data ss:Type="String">IMPERIAL_SUNKEN_CITY</Data></Cell>
    <Cell ss:StyleID="s65"><Data ss:Type="String">QUOTE03</Data></Cell>
    <Cell ss:StyleID="s66"><Data ss:Type="String">"The frigid waters of the deep dark sea preserve a legacy of our mistakes upon this world. " - Emporer Salek Pantine</Data></Cell>
    <Cell ss:Index="5"><Data ss:Type="String">Salek Pantine - Male name (Transcribe - to non latin fonts - but do not localize)</Data></Cell>
   </Row>
  </Table>
  <WorksheetOptions xmlns="urn:schemas-microsoft-com:office:excel">
   <Unsynced/>
   <Print>
    <ValidPrinterInfo/>
    <HorizontalResolution>600</HorizontalResolution>
    <VerticalResolution>600</VerticalResolution>
   </Print>
   <Selected/>
   <Panes>
    <Pane>
     <Number>3</Number>
     <ActiveRow>4</ActiveRow>
     <ActiveCol>7</ActiveCol>
    </Pane>
   </Panes>
   <ProtectObjects>False</ProtectObjects>
   <ProtectScenarios>False</ProtectScenarios>
  </WorksheetOptions>
 </Worksheet>
</Workbook>