<?xml version='1.0' encoding='UTF-8'?>
<?mso-application progid="Excel.Sheet"?><Workbook xmlns="urn:schemas-microsoft-com:office:spreadsheet" xmlns:o="urn:schemas-microsoft-com:office:office" xmlns:x="urn:schemas-microsoft-com:office:excel" xmlns:ss="urn:schemas-microsoft-com:office:spreadsheet" xmlns:html="http://www.w3.org/TR/REC-html40">
 <DocumentProperties xmlns="urn:schemas-microsoft-com:office:office">
  <LastAuthor>Thomas Schuiten</LastAuthor>
  <LastSaved>2019-10-28T13:48:47Z</LastSaved>
  <Version>15.00</Version>
 </DocumentProperties>
 <OfficeDocumentSettings xmlns="urn:schemas-microsoft-com:office:office">
  <AllowPNG/>
 </OfficeDocumentSettings>
 <ExcelWorkbook xmlns="urn:schemas-microsoft-com:office:excel">
  <WindowHeight>11550</WindowHeight>
  <WindowWidth>25410</WindowWidth>
  <WindowTopX>0</WindowTopX>
  <WindowTopY>0</WindowTopY>
  <RefModeR1C1/>
  <ProtectStructure>False</ProtectStructure>
  <ProtectWindows>False</ProtectWindows>
 </ExcelWorkbook>
 <Styles>
  <Style ss:ID="Default" ss:Name="Normal">
   <Alignment ss:Vertical="Bottom"/>
   <Borders/>
   <Font ss:FontName="Calibri" x:Family="Swiss" ss:Size="11" ss:Color="#000000"/>
   <Interior/>
   <NumberFormat/>
   <Protection/>
  </Style>
  <Style ss:ID="s62">
   <Alignment ss:Vertical="Bottom" ss:WrapText="1"/>
  </Style>
  <Style ss:ID="s63">
   <Alignment ss:Vertical="Bottom" ss:WrapText="1"/>
   <Font ss:FontName="Arial" x:Family="Swiss" ss:Color="#000000"/>
  </Style>
 </Styles>
 <Worksheet ss:Name="Script">
  <Table ss:ExpandedColumnCount="6" ss:ExpandedRowCount="42" x:FullColumns="1" x:FullRows="1" ss:StyleID="s62" ss:DefaultRowHeight="15">
   <Column ss:StyleID="s62" ss:Width="205.5"/>
   <Column ss:StyleID="s62" ss:Width="168.75"/>
   <Column ss:StyleID="s62" ss:AutoFitWidth="0" ss:Width="319.5"/>
   <Column ss:StyleID="s62" ss:Width="147.75"/>
   <Column ss:StyleID="s62" ss:Width="156.75"/>
   <Column ss:StyleID="s62" ss:Width="120.75"/>
   <Row ss:AutoFitHeight="0" ss:Height="120">
    <Cell><Data ss:Type="String">NODES_STRATEGIC</Data></Cell>
    <Cell ss:Index="5"><Data ss:Type="String">The DEV TEAM / MISC NOTES column contains info on what text between { } signs means (if applicable). It usually stands for either a numeric value, or a numeric value with an icon. Text between [ ] signs stands for a certain type of icon. </Data></Cell>
   </Row>
   <Row ss:AutoFitHeight="0">
    <Cell><Data ss:Type="String">SCENE ID</Data></Cell>
    <Cell><Data ss:Type="String">TEXT ID</Data></Cell>
    <Cell><Data ss:Type="String">ENGLISH STRING</Data></Cell>
    <Cell><Data ss:Type="String">ALTERNATIVE ENGLISH STRING</Data></Cell>
    <Cell><Data ss:Type="String">LOCALIZATION NOTES</Data></Cell>
    <Cell><Data ss:Type="String">DEV TEAM / MISC NOTES</Data></Cell>
   </Row>
   <Row ss:AutoFitHeight="0">
    <Cell><Data ss:Type="String">TOME_OF_WONDERS_LINKS</Data></Cell>
    <Cell><Data ss:Type="String">CRYSTAL_TAG</Data></Cell>
    <Cell><Data ss:Type="String">[hyperlink,0000039F000024D8]Cosmita[/hyperlink]</Data></Cell>
    <Cell ss:Index="5"><Data ss:Type="String">Cosmite is an in-game currency</Data></Cell>
   </Row>
   <Row ss:AutoFitHeight="0" ss:Height="45">
    <Cell><Data ss:Type="String">TOME_OF_WONDERS_LINKS</Data></Cell>
    <Cell><Data ss:Type="String">RESOURCE_NODE_TAG</Data></Cell>
    <Cell ss:StyleID="s63"><Data ss:Type="String">[hyperlink,0000039A00000924]Nó de Recursos[/hyperlink]</Data></Cell>
    <Cell ss:Index="5"><Data ss:Type="String">Resource nodes are locations on the map that generate a steady income of the resource.</Data></Cell>
   </Row>
   <Row ss:Index="6" ss:AutoFitHeight="0">
    <Cell><Data ss:Type="String">ENERGY_NODE</Data></Cell>
    <Cell><Data ss:Type="String">NAME</Data></Cell>
    <Cell><Data ss:Type="String">Usina de Energia Abandonada</Data></Cell>
    <Cell ss:Index="5"><Data ss:Type="String">Resource node name.</Data></Cell>
   </Row>
   <Row ss:AutoFitHeight="0" ss:Height="60">
    <Cell><Data ss:Type="String">ENERGY_NODE</Data></Cell>
    <Cell><Data ss:Type="String">DESCRIPTION</Data></Cell>
    <Cell><Data ss:Type="String">Uma usina de energia da Star Union em pequena escala jaz abandonada aqui. Concede {Energy} Energia à colônia à qual está vinculada.[br/][br/]Concede {SynergyEnergy} Energia adicional quando em uma Exploração de Energia.</Data></Cell>
    <Cell ss:Index="5"><Data ss:Type="String">Resource node description. Exploitations are structures built in the sector by the player.</Data></Cell>
   </Row>
   <Row ss:AutoFitHeight="0">
    <Cell><Data ss:Type="String">ENERGY_NODE</Data></Cell>
    <Cell><Data ss:Type="String">FEATURE</Data></Cell>
    <Cell><Data ss:Type="String">{Income}</Data></Cell>
    <Cell ss:Index="5"><Data ss:Type="String">No translation required.</Data></Cell>
   </Row>
   <Row ss:AutoFitHeight="0">
    <Cell><Data ss:Type="String">WATER_ENERGY_NODE</Data></Cell>
    <Cell><Data ss:Type="String">NAME</Data></Cell>
    <Cell><Data ss:Type="String">Usina Hidrelétrica Abandonada</Data></Cell>
    <Cell ss:Index="5"><Data ss:Type="String">Resource node name.</Data></Cell>
   </Row>
   <Row ss:AutoFitHeight="0" ss:Height="60">
    <Cell><Data ss:Type="String">WATER_ENERGY_NODE</Data></Cell>
    <Cell><Data ss:Type="String">DESCRIPTION</Data></Cell>
    <Cell><Data ss:Type="String">Uma usina hidrelétrica esquecida da Star Union está localizada aqui. Concede {Energy} Energia à colônia à qual está vinculada.[br/][br/]Concede {SynergyEnergy} Energia adicional quando em uma Exploração Aquática.</Data></Cell>
    <Cell ss:Index="5"><Data ss:Type="String">Resource node description.</Data></Cell>
   </Row>
   <Row ss:AutoFitHeight="0">
    <Cell><Data ss:Type="String">PRODUCTION_NODE</Data></Cell>
    <Cell><Data ss:Type="String">NAME</Data></Cell>
    <Cell><Data ss:Type="String">Pedreira Abandonada</Data></Cell>
    <Cell ss:Index="5"><Data ss:Type="String">Resource node name.</Data></Cell>
   </Row>
   <Row ss:AutoFitHeight="0" ss:Height="60">
    <Cell><Data ss:Type="String">PRODUCTION_NODE</Data></Cell>
    <Cell><Data ss:Type="String">DESCRIPTION</Data></Cell>
    <Cell><Data ss:Type="String">Minerais são extraídos aqui. Concede {Production} Produção à colônia à qual está vinculada.[br/][br/]Concede {SynergyProduction} Produção adicional quando em uma Exploração de Produção.</Data></Cell>
    <Cell ss:Index="5"><Data ss:Type="String">Resource node description. Exploitations are structures built in the sector by the player.</Data></Cell>
   </Row>
   <Row ss:AutoFitHeight="0">
    <Cell><Data ss:Type="String">PRODUCTION_NODE</Data></Cell>
    <Cell><Data ss:Type="String">FEATURE</Data></Cell>
    <Cell><Data ss:Type="String">{Income}</Data></Cell>
    <Cell ss:Index="5"><Data ss:Type="String">No translation required.</Data></Cell>
   </Row>
   <Row ss:AutoFitHeight="0">
    <Cell><Data ss:Type="String">WATER_PRODUCTION_NODE</Data></Cell>
    <Cell><Data ss:Type="String">NAME</Data></Cell>
    <Cell><Data ss:Type="String">Estação de Mineração Submarina</Data></Cell>
    <Cell ss:Index="5"><Data ss:Type="String">Resource node name.</Data></Cell>
   </Row>
   <Row ss:AutoFitHeight="0" ss:Height="60">
    <Cell><Data ss:Type="String">WATER_PRODUCTION_NODE</Data></Cell>
    <Cell><Data ss:Type="String">DESCRIPTION</Data></Cell>
    <Cell><Data ss:Type="String">Minerais valiosos do fundo do mar são extraídos nesta estação de mineração. Concede {Production} Produção à colônia à qual está vinculada.[br/][br/]Concede {SynergyProduction} Produção adicional quando em uma Exploração Aquática.</Data></Cell>
    <Cell ss:Index="5"><Data ss:Type="String">Resource node description.</Data></Cell>
   </Row>
   <Row ss:AutoFitHeight="0">
    <Cell><Data ss:Type="String">RESEARCH_NODE</Data></Cell>
    <Cell><Data ss:Type="String">NAME</Data></Cell>
    <Cell><Data ss:Type="String">Estação de Pesquisa</Data></Cell>
    <Cell ss:Index="5"><Data ss:Type="String">Resource node name.</Data></Cell>
   </Row>
   <Row ss:AutoFitHeight="0" ss:Height="60">
    <Cell><Data ss:Type="String">RESEARCH_NODE</Data></Cell>
    <Cell><Data ss:Type="String">DESCRIPTION</Data></Cell>
    <Cell><Data ss:Type="String">Pesquisas são realizadas nestes laboratórios de alta tecnologia em formato de domo. Concede {Research} Conhecimento à colônia à qual está vinculada.[br/][br/]Concede {SynergyResearch} Conhecimento adicional quando em uma Exploração de Pesquisa.</Data></Cell>
    <Cell ss:Index="5"><Data ss:Type="String">Resource node description. Exploitations are structures built in the sector by the player.</Data></Cell>
   </Row>
   <Row ss:AutoFitHeight="0">
    <Cell><Data ss:Type="String">RESEARCH_NODE</Data></Cell>
    <Cell><Data ss:Type="String">FEATURE</Data></Cell>
    <Cell><Data ss:Type="String">{Income}</Data></Cell>
    <Cell ss:Index="5"><Data ss:Type="String">No translation required.</Data></Cell>
   </Row>
   <Row ss:AutoFitHeight="0">
    <Cell><Data ss:Type="String">WATER_RESEARCH_NODE</Data></Cell>
    <Cell><Data ss:Type="String">NAME</Data></Cell>
    <Cell><Data ss:Type="String">Estação de Pesquisa Marinha</Data></Cell>
    <Cell ss:Index="5"><Data ss:Type="String">Resource node name.</Data></Cell>
   </Row>
   <Row ss:AutoFitHeight="0" ss:Height="75">
    <Cell><Data ss:Type="String">WATER_RESEARCH_NODE</Data></Cell>
    <Cell><Data ss:Type="String">DESCRIPTION</Data></Cell>
    <Cell><Data ss:Type="String">Pesquisas sobre aplicações aquáticas de tecnologia são realizadas nestas Estações de Pesquisa Marinha especiais. Concede {Research} Conhecimento à colônia à qual está vinculada.[br/][br/]Concede {SynergyResearch} Conhecimento adicional quando em uma Exploração Aquática.</Data></Cell>
    <Cell ss:Index="5"><Data ss:Type="String">Resource node description.</Data></Cell>
   </Row>
   <Row ss:AutoFitHeight="0">
    <Cell><Data ss:Type="String">SUPPLY_NODE</Data></Cell>
    <Cell><Data ss:Type="String">NAME</Data></Cell>
    <Cell><Data ss:Type="String">Biodomo Invadido pela Vegetação</Data></Cell>
    <Cell ss:Index="5"><Data ss:Type="String">Resource node name.</Data></Cell>
   </Row>
   <Row ss:AutoFitHeight="0" ss:Height="45">
    <Cell><Data ss:Type="String">SUPPLY_NODE</Data></Cell>
    <Cell><Data ss:Type="String">DESCRIPTION</Data></Cell>
    <Cell><Data ss:Type="String">Suprimentos vitais são cultivados e fabricados aqui. Concede {Supply} Alimentos à colônia à qual está vinculada.[br/][br/]Concede {SynergySupply} Alimentos adicionais quando em uma Exploração Agrícola.</Data></Cell>
    <Cell ss:Index="5"><Data ss:Type="String">Resource node description. Exploitations are structures built in the sector by the player.</Data></Cell>
   </Row>
   <Row ss:AutoFitHeight="0">
    <Cell><Data ss:Type="String">SUPPLY_NODE</Data></Cell>
    <Cell><Data ss:Type="String">FEATURE</Data></Cell>
    <Cell><Data ss:Type="String">{Income}</Data></Cell>
    <Cell ss:Index="5"><Data ss:Type="String">No translation required.</Data></Cell>
   </Row>
   <Row ss:AutoFitHeight="0">
    <Cell><Data ss:Type="String">WATER_SUPPLY_NODE</Data></Cell>
    <Cell><Data ss:Type="String">NAME</Data></Cell>
    <Cell><Data ss:Type="String">Fazendas de Algas Aquáticas</Data></Cell>
    <Cell ss:Index="5"><Data ss:Type="String">Resource node name.</Data></Cell>
   </Row>
   <Row ss:AutoFitHeight="0" ss:Height="60">
    <Cell><Data ss:Type="String">WATER_SUPPLY_NODE</Data></Cell>
    <Cell><Data ss:Type="String">DESCRIPTION</Data></Cell>
    <Cell><Data ss:Type="String">Fazendas de algas à base de água têm taxas de crescimento aumentadas para a fabricação orgânica. Concede {Supply} Alimentos à colônia à qual está vinculada.[br/][br/]Concede {SynergySupply} Alimentos adicionais quando em uma Exploração Aquática.</Data></Cell>
    <Cell ss:Index="5"><Data ss:Type="String">Resource node description.</Data></Cell>
   </Row>
   <Row ss:AutoFitHeight="0">
    <Cell><Data ss:Type="String">CRYSTAL</Data></Cell>
    <Cell><Data ss:Type="String">NAME</Data></Cell>
    <Cell><Data ss:Type="String">Fenda Espacial de Cosmita</Data></Cell>
    <Cell ss:Index="5"><Data ss:Type="String">Resource node name.</Data></Cell>
   </Row>
   <Row ss:AutoFitHeight="0" ss:Height="60">
    <Cell><Data ss:Type="String">CRYSTAL</Data></Cell>
    <Cell><Data ss:Type="String">DESCRIPTION</Data></Cell>
    <Cell><Data ss:Type="String">Uma fenda espacial para o Vazio está localizada aqui, da qual fragmentos de Cosmita estão emergindo. Cosmita pode ser coletada aqui em quantidades limitadas. Concede renda de {Crystal} Cosmita à colônia à qual está vinculada.</Data></Cell>
    <Cell ss:Index="5"><Data ss:Type="String">Resource node description. Exploitations are structures built in the sector by the player.</Data></Cell>
   </Row>
   <Row ss:AutoFitHeight="0">
    <Cell><Data ss:Type="String">CRYSTAL</Data></Cell>
    <Cell><Data ss:Type="String">FEATURE</Data></Cell>
    <Cell><Data ss:Type="String">{Income}</Data></Cell>
    <Cell ss:Index="5"><Data ss:Type="String">No translation required.</Data></Cell>
   </Row>
   <Row ss:AutoFitHeight="0">
    <Cell><Data ss:Type="String">QUARTZITE_CRYSTAL_NODE</Data></Cell>
    <Cell><Data ss:Type="String">NAME</Data></Cell>
    <Cell><Data ss:Type="String">Aglomerado de Cristal de Quartzito</Data></Cell>
    <Cell ss:Index="5"><Data ss:Type="String">Resource node name.</Data></Cell>
   </Row>
   <Row ss:AutoFitHeight="0" ss:Height="90">
    <Cell><Data ss:Type="String">QUARTZITE_CRYSTAL_NODE</Data></Cell>
    <Cell><Data ss:Type="String">DESCRIPTION</Data></Cell>
    <Cell><Data ss:Type="String">Os Quartzitos secretam cristais energizados como parte de seu ciclo de vida. Esses cristais podem crescer juntos e formar Aglomerados de Cristais. [br/][br/][bulletList][bullet]Concede {QuartziteEnergy}[energy/] [/bullet][br/][bullet]Durante o combate neste setor, todas as unidades Minerais são curadas em {QuartziteHealing} no início do turno delas.[/bullet][/bulletlist]</Data></Cell>
    <Cell ss:Index="5"><Data ss:Type="String">Resource node description. Quartzite are wildlife units.</Data></Cell>
   </Row>
   <Row ss:AutoFitHeight="0">
    <Cell><Data ss:Type="String">QUARTZITE_CRYSTAL_NODE</Data></Cell>
    <Cell><Data ss:Type="String">FEATURE</Data></Cell>
    <Cell><Data ss:Type="String">{Income}</Data></Cell>
    <Cell ss:Index="5"><Data ss:Type="String">No translation required.</Data></Cell>
   </Row>
   <Row ss:AutoFitHeight="0">
    <Cell><Data ss:Type="String">QUARTZITE_CRYSTAL_NODE</Data></Cell>
    <Cell><Data ss:Type="String">COMBAT_PROPERTY_DESCRIPTION</Data></Cell>
    <Cell><Data ss:Type="String">No turno delas, todas as unidades Minerais são curadas em {WasteHeal}[hp/].</Data></Cell>
    <Cell ss:Index="5"><Data ss:Type="String">Combat modifier description.</Data></Cell>
   </Row>
   <Row ss:Index="37" ss:AutoFitHeight="0">
    <Cell><Data ss:Type="String">CELESTIAN_ARTIFACT</Data></Cell>
    <Cell><Data ss:Type="String">NAME</Data></Cell>
    <Cell><Data ss:Type="String">Artefato Celestiano</Data></Cell>
    <Cell ss:Index="5"><Data ss:Type="String">Resource node name.</Data></Cell>
   </Row>
   <Row ss:AutoFitHeight="0" ss:Height="75">
    <Cell><Data ss:Type="String">CELESTIAN_ARTIFACT</Data></Cell>
    <Cell><Data ss:Type="String">DESCRIPTION</Data></Cell>
    <Cell><Data ss:Type="String">Esses artefatos estranhos pertencem a uma antiga civilização 'Celestiana'. O dispositivo parece exercer uma influência sutil sobre a mente. Poderia ser influente se alguém fosse capaz de controlá-lo. [br/][br/]Concede {CelestianArtifactInfluence} de renda de Influência ao proprietário.</Data></Cell>
    <Cell ss:Index="5"><Data ss:Type="String">Resource node description. Celestian is a secret tech.</Data></Cell>
   </Row>
   <Row ss:AutoFitHeight="0">
    <Cell><Data ss:Type="String">CELESTIAN_ARTIFACT</Data></Cell>
    <Cell><Data ss:Type="String">FEATURE</Data></Cell>
    <Cell><Data ss:Type="String">{Income}</Data></Cell>
    <Cell ss:Index="5"><Data ss:Type="String">No translation required.</Data></Cell>
   </Row>
   <Row ss:AutoFitHeight="0">
    <Cell><Data ss:Type="String">SPACER_REFINERY</Data></Cell>
    <Cell><Data ss:Type="String">NAME</Data></Cell>
    <Cell><Data ss:Type="String">Refinaria Espacial</Data></Cell>
    <Cell ss:Index="5"><Data ss:Type="String">Resource node name.</Data></Cell>
   </Row>
   <Row ss:AutoFitHeight="0" ss:Height="75">
    <Cell><Data ss:Type="String">SPACER_REFINERY</Data></Cell>
    <Cell><Data ss:Type="String">DESCRIPTION</Data></Cell>
    <Cell><Data ss:Type="String">Essas refinarias são especializadas na produção de construções pesadas e, portanto, possuem processos de produção otimizados.[br/]Quando localizada dentro do domínio de uma colônia, o custo de produção de unidades Pesadas naquela colônia é reduzido em {ProductionCostReduction} [production/].</Data></Cell>
    <Cell ss:Index="5"><Data ss:Type="String">Resource node description. Spacers are an NPC faction</Data></Cell>
   </Row>
   <Row ss:AutoFitHeight="0">
    <Cell><Data ss:Type="String">WATER_CRYSTAL</Data></Cell>
    <Cell><Data ss:Type="String">NAME</Data></Cell>
    <Cell><Data ss:Type="String">Fenda de Cosmita Aquática</Data></Cell>
    <Cell ss:Index="5"><Data ss:Type="String">Resource node name.</Data></Cell>
   </Row>
  </Table>
  <WorksheetOptions xmlns="urn:schemas-microsoft-com:office:excel">
   <Unsynced/>
   <Print>
    <ValidPrinterInfo/>
    <HorizontalResolution>600</HorizontalResolution>
    <VerticalResolution>600</VerticalResolution>
   </Print>
   <Zoom>115</Zoom>
   <Selected/>
   <TopRowVisible>15</TopRowVisible>
   <Panes>
    <Pane>
     <Number>3</Number>
     <ActiveRow>25</ActiveRow>
     <ActiveCol>2</ActiveCol>
    </Pane>
   </Panes>
   <ProtectObjects>False</ProtectObjects>
   <ProtectScenarios>False</ProtectScenarios>
  </WorksheetOptions>
 </Worksheet>
</Workbook>