<?xml version='1.0' encoding='UTF-8'?>
<?mso-application progid="Excel.Sheet"?><Workbook xmlns="urn:schemas-microsoft-com:office:spreadsheet" xmlns:o="urn:schemas-microsoft-com:office:office" xmlns:x="urn:schemas-microsoft-com:office:excel" xmlns:ss="urn:schemas-microsoft-com:office:spreadsheet" xmlns:html="http://www.w3.org/TR/REC-html40">
 <DocumentProperties xmlns="urn:schemas-microsoft-com:office:office">
  <LastAuthor>KyleB</LastAuthor>
  <LastSaved>2018-11-09T13:18:07Z</LastSaved>
  <Version>12.00</Version>
 </DocumentProperties>
 <OfficeDocumentSettings xmlns="urn:schemas-microsoft-com:office:office">
  <AllowPNG/>
 </OfficeDocumentSettings>
 <ExcelWorkbook xmlns="urn:schemas-microsoft-com:office:excel">
  <WindowHeight>17025</WindowHeight>
  <WindowWidth>32760</WindowWidth>
  <WindowTopX>32760</WindowTopX>
  <WindowTopY>32760</WindowTopY>
  <ProtectStructure>False</ProtectStructure>
  <ProtectWindows>False</ProtectWindows>
 </ExcelWorkbook>
 <Styles>
  <Style ss:ID="Default" ss:Name="Normal">
   <Alignment ss:Vertical="Bottom"/>
   <Borders/>
   <Font ss:FontName="Calibri" x:CharSet="1" x:Family="Swiss" ss:Size="11" ss:Color="#000000"/>
   <Interior/>
   <NumberFormat/>
   <Protection/>
  </Style>
  <Style ss:ID="s62">
   <Alignment ss:Vertical="Top" ss:WrapText="1"/>
  </Style>
  <Style ss:ID="s63">
   <Alignment ss:Vertical="Top" ss:WrapText="1"/>
   <Font ss:FontName="Calibri" x:Family="Swiss" ss:Size="11" ss:Color="#FF0000"/>
  </Style>
  <Style ss:ID="s64">
   <Alignment ss:Vertical="Top" ss:WrapText="1"/>
   <Font ss:FontName="Calibri" x:Family="Swiss" ss:Size="11" ss:Color="#FF6600"/>
  </Style>
 </Styles>
 <Worksheet ss:Name="Script">
  <Table ss:ExpandedColumnCount="7" ss:ExpandedRowCount="60" x:FullColumns="1" x:FullRows="1" ss:StyleID="s62" ss:DefaultColumnWidth="228" ss:DefaultRowHeight="15">
   <Column ss:StyleID="s62" ss:AutoFitWidth="0" ss:Width="259.5"/>
   <Column ss:StyleID="s62" ss:AutoFitWidth="0" ss:Width="78"/>
   <Column ss:StyleID="s62" ss:AutoFitWidth="0" ss:Width="261"/>
   <Column ss:StyleID="s62" ss:AutoFitWidth="0" ss:Width="178.5"/>
   <Column ss:StyleID="s62" ss:AutoFitWidth="0" ss:Width="198.75"/>
   <Column ss:StyleID="s62" ss:AutoFitWidth="0" ss:Width="180.75"/>
   <Column ss:StyleID="s62" ss:AutoFitWidth="0" ss:Width="261"/>
   <Row ss:AutoFitHeight="0" ss:Height="105">
    <Cell><Data ss:Type="String">OUTPOSTS_STORYEVENTS</Data></Cell>
    <Cell ss:Index="5"><Data ss:Type="String">The DEV TEAM / MISC NOTES column contains info on what text between { } signs means (if applicable). It usually stands for either a numeric value, or a numeric value with an icon. Text between [ ] signs stands for a certain type of icon. </Data></Cell>
   </Row>
   <Row ss:AutoFitHeight="0">
    <Cell><Data ss:Type="String">SCENE ID</Data></Cell>
    <Cell><Data ss:Type="String">TEXT ID</Data></Cell>
    <Cell><Data ss:Type="String">ENGLISH STRING</Data></Cell>
    <Cell><Data ss:Type="String">ALTERNATIVE ENGLISH STRING</Data></Cell>
    <Cell><Data ss:Type="String">LOCALIZATION NOTES</Data></Cell>
    <Cell><Data ss:Type="String">DEV TEAM / MISC NOTES</Data></Cell>
   </Row>
   <Row ss:AutoFitHeight="0" ss:Height="90">
    <Cell ss:Index="5"><Data ss:Type="String">In the text below, text refers to a person that can either be male or female. If relevant for translation, please use the ‘localized string’ column for the male text and the ‘alternative localized string’ column for the female text.</Data></Cell>
   </Row>
   <Row ss:AutoFitHeight="0" ss:Height="60">
    <Cell ss:Index="5"><Data ss:Type="String">For references to game terminology and in-world references, please check the glossary delivered as part of the documentation.</Data></Cell>
   </Row>
   <Row ss:AutoFitHeight="0">
    <Cell><Data ss:Type="String">DEFAULT_OUTPOST_EVENT_PAY_INFLUENCE_BUTTON</Data></Cell>
    <Cell><Data ss:Type="String">LABEL</Data></Cell>
    <Cell><Data ss:Type="String">Convença essas pessoas a se juntarem a nós.</Data></Cell>
   </Row>
   <Row ss:AutoFitHeight="0" ss:Height="90">
    <Cell><Data ss:Type="String">DEFAULT_OUTPOST_EVENT_PAY_INFLUENCE_BUTTON</Data></Cell>
    <Cell><Data ss:Type="String">TOOLTIP</Data></Cell>
    <Cell><Data ss:Type="String">Use Influência para adquirir o Assentamento.[br/]Você ganha:[br/][xpCol]+50 Reputação[br/]+100 Relações Raciais com a Raça do Assentamento[/xpCol]</Data></Cell>
    <Cell ss:Index="6"><ss:Data xmlns="http://www.w3.org/TR/REC-html40" ss:Type="String"><Font html:Color="#000000">Use Influence to acquire the settlement.[br/]</Font><Font html:Color="#FF0000">Gain:</Font><Font html:Color="#000000">[br/][xpCol]+50 Reputation[br/]+100 Race Relation with the Race of the settlement[/xpCol]</Font></ss:Data></Cell>
   </Row>
   <Row ss:AutoFitHeight="0">
    <Cell><Data ss:Type="String">DEFAULT_OUTPOST_EVENT_ATTACK_BUTTON</Data></Cell>
    <Cell><Data ss:Type="String">LABEL</Data></Cell>
    <Cell><Data ss:Type="String">Eles não significam nada para nós. Ataque!</Data></Cell>
   </Row>
   <Row ss:AutoFitHeight="0" ss:Height="90">
    <Cell><Data ss:Type="String">DEFAULT_OUTPOST_EVENT_ATTACK_BUTTON</Data></Cell>
    <Cell><Data ss:Type="String">TOOLTIP</Data></Cell>
    <Cell><Data ss:Type="String">Ataque o Assentamento.[br/]Você ganha:[br/][fireCol]-50 Reputação[br/]-150 Relações Raciais com a Raça do Assentamento[/fireCol]</Data></Cell>
    <Cell ss:Index="6"><ss:Data xmlns="http://www.w3.org/TR/REC-html40" ss:Type="String"><Font html:Color="#000000">Attack the settlement.[br/]</Font><Font html:Color="#FF0000">Gain:</Font><Font html:Color="#000000">[br/][fireCol]-50 Reputation[br/]-100 Race Relation with the Race of the settlement[/fireCol]</Font></ss:Data></Cell>
   </Row>
   <Row ss:AutoFitHeight="0">
    <Cell><Data ss:Type="String">DEFAULT_OUTPOST_EVENT_WITHDRAW_BUTTON</Data></Cell>
    <Cell><Data ss:Type="String">LABEL</Data></Cell>
    <Cell><Data ss:Type="String">Não temos tempo para isso.</Data></Cell>
   </Row>
   <Row ss:AutoFitHeight="0">
    <Cell><Data ss:Type="String">DEFAULT_OUTPOST_EVENT_WITHDRAW_BUTTON</Data></Cell>
    <Cell><Data ss:Type="String">TOOLTIP</Data></Cell>
    <Cell><Data ss:Type="String">Abandone e deixe a decisão para depois.</Data></Cell>
   </Row>
   <Row ss:Index="12" ss:AutoFitHeight="0" ss:Height="90">
    <Cell><Data ss:Type="String">DEFAULT_OUTPOST_EVENT_MEET</Data></Cell>
    <Cell><Data ss:Type="String">NAME</Data></Cell>
    <Cell><Data ss:Type="String">Você se aproxima de um Assentamento.</Data></Cell>
    <Cell ss:Index="6" ss:StyleID="s63"/>
   </Row>
   <Row ss:AutoFitHeight="0" ss:Height="105">
    <Cell><Data ss:Type="String">DEFAULT_OUTPOST_EVENT_AMAZON</Data></Cell>
    <Cell><Data ss:Type="String">DESCRIPTION</Data></Cell>
    <Cell><Data ss:Type="String">Mulheres musculosas e prontas para a guerra habitam este assentamento, junto com grandes animais aprimorados. Você logo as reconhece como Amazonas, seus avanços biológicos de alta tecnologia evidentes em todos os aspectos de sua sociedade.</Data></Cell>
   </Row>
   <Row ss:AutoFitHeight="0" ss:Height="90">
    <Cell><Data ss:Type="String">DEFAULT_OUTPOST_EVENT_ASSEMBLY</Data></Cell>
    <Cell><Data ss:Type="String">DESCRIPTION</Data></Cell>
    <Cell><Data ss:Type="String">A cidadania aprimorada ciberneticamente olha para você com olhos curiosos. A mistura de carne antiga e nova fundida com partes mecânicas, contrastando de maneira espetacular, deixa claro que você está lidando com a Assembly.</Data></Cell>
   </Row>
   <Row ss:AutoFitHeight="0" ss:Height="60">
    <Cell><Data ss:Type="String">DEFAULT_OUTPOST_EVENT_DVAR</Data></Cell>
    <Cell><Data ss:Type="String">DESCRIPTION</Data></Cell>
    <Cell><Data ss:Type="String">Os sons altos de perfuratrizes e explosões parcialmente controladas ressoam em seus ouvidos. Os Dvar neste assentamento estão ocupados negociando e vendendo seus metais e mantendo suas armas bem conservadas.</Data></Cell>
   </Row>
   <Row ss:AutoFitHeight="0" ss:Height="75">
    <Cell><Data ss:Type="String">DEFAULT_OUTPOST_EVENT_KIRKO</Data></Cell>
    <Cell><Data ss:Type="String">DESCRIPTION</Data></Cell>
    <Cell><Data ss:Type="String">Incubadoras são visíveis do lado de fora, e as pessoas aqui voam e zumbem de um lado para o outro, garantindo que sua comuna seja bem cuidada. Os Kir'Ko podem ter um passado conturbado, mas aqui eles podem ser vistos se preparando para o futuro.</Data></Cell>
   </Row>
   <Row ss:AutoFitHeight="0" ss:Height="60">
    <Cell><Data ss:Type="String">DEFAULT_OUTPOST_EVENT_VANGUARD</Data></Cell>
    <Cell><Data ss:Type="String">DESCRIPTION</Data></Cell>
    <Cell><Data ss:Type="String">Um grande número de soldados, organizados em esquadrões, marcha pelos pátios deste assentamento. O treinamento da Vanguard é tão eficiente quanto as máquinas de guerra que empregam em batalha.</Data></Cell>
   </Row>
   <Row ss:AutoFitHeight="0" ss:Height="60">
    <Cell><Data ss:Type="String">DEFAULT_OUTPOST_EVENT_SYNDICATE</Data></Cell>
    <Cell><Data ss:Type="String">DESCRIPTION</Data></Cell>
    <Cell><Data ss:Type="String">Os ricos frequentam lojas, acompanhados por um séquito de serviçais. Sentinelas automatizadas flutuam acima das pessoas, observando, controlando. Não há espaço para dissidência em estabelecimentos pertencentes ao Syndicate.</Data></Cell>
   </Row>
   <Row ss:Index="22" ss:AutoFitHeight="0" ss:Height="30">
    <Cell><Data ss:Type="String">OUTPOST_ACQUISITION_EVENT_FOUND_COLONY_BUTTON</Data></Cell>
    <Cell><Data ss:Type="String">LABEL</Data></Cell>
    <Cell><Data ss:Type="String">[colony/] Transforme este Assentamento em uma Colônia</Data></Cell>
   </Row>
   <Row ss:AutoFitHeight="0" ss:Height="30">
    <Cell><Data ss:Type="String">OUTPOST_ACQUISITION_EVENT_FOUND_COLONY_BUTTON</Data></Cell>
    <Cell><Data ss:Type="String">TOOLTIP</Data></Cell>
    <Cell><Data ss:Type="String">Fundar uma Colônia desta Facção aqui</Data></Cell>
   </Row>
   <Row ss:AutoFitHeight="0" ss:Height="30">
    <Cell><Data ss:Type="String">OUTPOST_ACQUISITION_EVENT_ABSORB_COLONISTS_BUTTON</Data></Cell>
    <Cell><Data ss:Type="String">LABEL</Data></Cell>
    <Cell><Data ss:Type="String">Transforme este Assentamento em uma unidade Colonizadora</Data></Cell>
   </Row>
   <Row ss:AutoFitHeight="0" ss:Height="30">
    <Cell><Data ss:Type="String">OUTPOST_ACQUISITION_EVENT_ABSORB_COLONISTS_BUTTON</Data></Cell>
    <Cell><Data ss:Type="String">TOOLTIP</Data></Cell>
    <Cell><Data ss:Type="String">Criar uma unidade Colonizadora desta Facção</Data></Cell>
   </Row>
   <Row ss:AutoFitHeight="0" ss:Height="33.75">
    <Cell><Data ss:Type="String">OUTPOST_ACQUISITION_EVENT_RECEIVE_COLONIZER_BUTTON</Data></Cell>
    <Cell><Data ss:Type="String">LABEL</Data></Cell>
    <Cell><Data ss:Type="String">Convide a população para viver em suas Colônias</Data></Cell>
   </Row>
   <Row ss:AutoFitHeight="0" ss:Height="62.25">
    <Cell><Data ss:Type="String">OUTPOST_ACQUISITION_EVENT_COLONY_INPROGRESS</Data></Cell>
    <Cell><Data ss:Type="String">DESCRIPTION</Data></Cell>
    <Cell><Data ss:Type="String">Este assentamento está sendo convertido em uma Colônia.</Data></Cell>
   </Row>
   <Row ss:Index="29" ss:AutoFitHeight="0">
    <Cell><Data ss:Type="String">OUTPOST_ACQUISITION_EVENT_GENERIC</Data></Cell>
    <Cell><Data ss:Type="String">NAME</Data></Cell>
    <Cell><Data ss:Type="String">Evento de Adesão do Assentamento</Data></Cell>
   </Row>
   <Row ss:AutoFitHeight="0" ss:Height="90">
    <Cell><Data ss:Type="String">OUTPOST_ACQUISITION_EVENT_GENERIC</Data></Cell>
    <Cell><Data ss:Type="String">DESCRIPTION</Data></Cell>
    <Cell><Data ss:Type="String">Impressionados com suas conquistas e reputação, os habitantes deste assentamento concordam em se colocar sob sua proteção.</Data></Cell>
   </Row>
   <Row ss:Index="34" ss:AutoFitHeight="0">
    <Cell><Data ss:Type="String">FREE_ACQUISITION_EVENT</Data></Cell>
    <Cell><Data ss:Type="String">NAME</Data></Cell>
    <Cell><Data ss:Type="String">Cidadãos Jubilosos</Data></Cell>
   </Row>
   <Row ss:AutoFitHeight="0" ss:Height="90">
    <Cell><Data ss:Type="String">FREE_ACQUISITION_EVENT</Data></Cell>
    <Cell><Data ss:Type="String">DESCRIPTION</Data></Cell>
    <Cell><Data ss:Type="String">Os habitantes do Assentamento ouviram falar de sua reputação e desejam se juntar a você!</Data></Cell>
   </Row>
   <Row ss:AutoFitHeight="0" ss:Height="90">
    <Cell><Data ss:Type="String">FREE_ACQUISITION_EVENT_ACCEPT_JOIN_OFFER_BUTTON</Data></Cell>
    <Cell><Data ss:Type="String">LABEL</Data></Cell>
    <Cell><Data ss:Type="String">Aceitar a oferta deles para se juntar à sua causa</Data></Cell>
   </Row>
   <Row ss:AutoFitHeight="0" ss:Height="30">
    <Cell><Data ss:Type="String">FREE_ACQUISITION_EVENT_ACCEPT_JOIN_OFFER_BUTTON</Data></Cell>
    <Cell><Data ss:Type="String">TOOLTIP</Data></Cell>
    <Cell><Data ss:Type="String">Adquirir o Assentamento</Data></Cell>
   </Row>
   <Row ss:AutoFitHeight="0">
    <Cell><Data ss:Type="String">FREE_ACQUISITION_EVENT_ATTACK_BUTTON</Data></Cell>
    <Cell><Data ss:Type="String">LABEL</Data></Cell>
    <Cell><Data ss:Type="String">Que tolice a deles. Ataque!</Data></Cell>
   </Row>
   <Row ss:AutoFitHeight="0" ss:Height="90">
    <Cell><Data ss:Type="String">FREE_ACQUISITION_EVENT_ATTACK_BUTTON</Data></Cell>
    <Cell><Data ss:Type="String">TOOLTIP</Data></Cell>
    <Cell><Data ss:Type="String">Atacar o Assentamento[br/]Você ganha:[br/][fireCol]-50 Reputação[br/]-100 Relações Raciais com a Raça do Assentamento[/fireCol]</Data></Cell>
    <Cell ss:Index="6"><ss:Data xmlns="http://www.w3.org/TR/REC-html40" ss:Type="String"><Font html:Color="#000000">Attack the Settlement[br/</Font><Font html:Color="#FF0000">]Gain:</Font><Font html:Color="#000000">[br/][fireCol]-50 Reputation[br/]-100 Race Relation with the Race of the Settlement[/fireCol]</Font></ss:Data></Cell>
   </Row>
   <Row ss:Index="43" ss:AutoFitHeight="0">
    <Cell><Data ss:Type="String">ATTACK_ONLY_EVENT_ATTACK_BUTTON</Data></Cell>
    <Cell><Data ss:Type="String">LABEL</Data></Cell>
    <Cell><Data ss:Type="String">Suas defesas são insignificantes. Ataque!</Data></Cell>
   </Row>
   <Row ss:AutoFitHeight="0" ss:Height="90">
    <Cell><Data ss:Type="String">ATTACK_ONLY_EVENT_ATTACK_BUTTON</Data></Cell>
    <Cell><Data ss:Type="String">TOOLTIP</Data></Cell>
    <Cell><Data ss:Type="String">Atacar o Assentamento[br/]Você ganha:[br/][fireCol]-50 Reputação[br/]-100 Relações Raciais com a Raça do Assentamento[/fireCol]</Data></Cell>
    <Cell ss:Index="6"><ss:Data xmlns="http://www.w3.org/TR/REC-html40" ss:Type="String"><Font html:Color="#000000">Attack the Settlement[br/]</Font><Font html:Color="#FF0000">Gain:</Font><Font html:Color="#000000">[br/][fireCol]-50 Reputation[br/]-100 Race Relation with the Race of the Settlement[/fireCol]</Font></ss:Data></Cell>
   </Row>
   <Row ss:AutoFitHeight="0">
    <Cell><Data ss:Type="String">ATTACK_ONLY_EVENT</Data></Cell>
    <Cell><Data ss:Type="String">NAME</Data></Cell>
    <Cell><Data ss:Type="String">Defensores Dedicados</Data></Cell>
   </Row>
   <Row ss:AutoFitHeight="0" ss:Height="90">
    <Cell><Data ss:Type="String">ATTACK_ONLY_EVENT</Data></Cell>
    <Cell><Data ss:Type="String">DESCRIPTION</Data></Cell>
    <Cell><Data ss:Type="String">Sua reputação como belicista o precede, e os habitantes do Assentamento se barricaram, recusando-se a falar com você.</Data></Cell>
    <Cell ss:Index="6" ss:StyleID="s64"/>
   </Row>
   <Row ss:Index="49" ss:AutoFitHeight="0">
    <Cell><Data ss:Type="String">ANARCHY_PLAYER_LOST_EVENT</Data></Cell>
    <Cell><Data ss:Type="String">NAME</Data></Cell>
    <Cell><Data ss:Type="String">Colônia em Anarquia</Data></Cell>
   </Row>
   <Row ss:AutoFitHeight="0" ss:Height="45">
    <Cell><Data ss:Type="String">ANARCHY_PLAYER_LOST_EVENT</Data></Cell>
    <Cell><Data ss:Type="String">DESCRIPTION</Data></Cell>
    <Cell><Data ss:Type="String">Após o colapso de seu império, os cidadãos desta colônia mergulharam em anarquia e caos. Como desejamos lidar com eles?</Data></Cell>
   </Row>
   <Row ss:AutoFitHeight="0" ss:Height="30">
    <Cell><Data ss:Type="String">ANARCHY_PLAYER_LOST_EVENT_PAY_INFLUENCE_BUTTON</Data></Cell>
    <Cell><Data ss:Type="String">LABEL</Data></Cell>
    <Cell><Data ss:Type="String">Vamos ajudá-los e guiá-los</Data></Cell>
   </Row>
   <Row ss:AutoFitHeight="0" ss:Height="90">
    <Cell><Data ss:Type="String">ANARCHY_PLAYER_LOST_EVENT_PAY_INFLUENCE_BUTTON</Data></Cell>
    <Cell><Data ss:Type="String">TOOLTIP</Data></Cell>
    <Cell><Data ss:Type="String">Usar Influência para adquirir a Colônia.</Data></Cell>
    <Cell ss:Index="6"><ss:Data xmlns="http://www.w3.org/TR/REC-html40" ss:Type="String"><Font html:Color="#000000">Use Influence to acquire the colony. [br/] </Font><Font html:Color="#FF0000">Gain:</Font><Font html:Color="#000000">[br/][xpCol]+50 Reputation[br/]+100 Race Relation with the Race of the Colony[/xpCol]</Font></ss:Data></Cell>
   </Row>
   <Row ss:AutoFitHeight="0">
    <Cell><Data ss:Type="String">ANARCHY_PLAYER_LOST_EVENT_ATTACK_BUTTON</Data></Cell>
    <Cell><Data ss:Type="String">LABEL</Data></Cell>
    <Cell><Data ss:Type="String">Eles não valem nada. Ataque!</Data></Cell>
   </Row>
   <Row ss:AutoFitHeight="0" ss:Height="90">
    <Cell><Data ss:Type="String">ANARCHY_PLAYER_LOST_EVENT_ATTACK_BUTTON</Data></Cell>
    <Cell><Data ss:Type="String">TOOLTIP</Data></Cell>
    <Cell><Data ss:Type="String">Atacar a Colônia</Data></Cell>
    <Cell ss:Index="6"><ss:Data xmlns="http://www.w3.org/TR/REC-html40" ss:Type="String"><Font html:Color="#000000">Attack the Colony[br/]</Font><Font html:Color="#FF0000">Gain:</Font><Font html:Color="#000000">[br/][fireCol]-50 Reputation[br/]-100 Race Relation with the Race of the Colony[/fireCol]</Font></ss:Data></Cell>
   </Row>
   <Row ss:Index="57" ss:AutoFitHeight="0">
    <Cell><Data ss:Type="String">ANARCHY_TAKEN_BY_MARAUDERS_EVENT</Data></Cell>
    <Cell><Data ss:Type="String">NAME</Data></Cell>
    <Cell><Data ss:Type="String">Colônia em Terror</Data></Cell>
   </Row>
   <Row ss:AutoFitHeight="0" ss:Height="60">
    <Cell><Data ss:Type="String">ANARCHY_TAKEN_BY_MARAUDERS_EVENT</Data></Cell>
    <Cell><Data ss:Type="String">DESCRIPTION</Data></Cell>
    <Cell><Data ss:Type="String">Saqueadores em fúria estão aterrorizando os habitantes desta Colônia. As ruas estão em chamas. Há morte e caos por toda parte. Como desejamos proceder?</Data></Cell>
   </Row>
   <Row ss:AutoFitHeight="0" ss:Height="30">
    <Cell><Data ss:Type="String">ANARCHY_TAKEN_BY_MARAUDERS_EVENT_ATTACK_BUTTON</Data></Cell>
    <Cell><Data ss:Type="String">LABEL</Data></Cell>
    <Cell><Data ss:Type="String">Vamos pôr fim a esta tragédia. Ataque!</Data></Cell>
   </Row>
   <Row ss:AutoFitHeight="0" ss:Height="30">
    <Cell><Data ss:Type="String">ANARCHY_TAKEN_BY_MARAUDERS_EVENT_ATTACK_BUTTON</Data></Cell>
    <Cell><Data ss:Type="String">TOOLTIP</Data></Cell>
    <Cell><Data ss:Type="String">Ataque a Colônia para libertá-la dos saqueadores</Data></Cell>
   </Row>
  </Table>
  <WorksheetOptions xmlns="urn:schemas-microsoft-com:office:excel">
   <Unsynced/>
   <Print>
    <ValidPrinterInfo/>
    <HorizontalResolution>600</HorizontalResolution>
    <VerticalResolution>600</VerticalResolution>
   </Print>
   <Zoom>115</Zoom>
   <Selected/>
   <TopRowVisible>45</TopRowVisible>
   <Panes>
    <Pane>
     <Number>3</Number>
     <ActiveRow>54</ActiveRow>
     <ActiveCol>2</ActiveCol>
    </Pane>
   </Panes>
   <ProtectObjects>False</ProtectObjects>
   <ProtectScenarios>False</ProtectScenarios>
  </WorksheetOptions>
 </Worksheet>
</Workbook>