<?xml version='1.0' encoding='UTF-8'?>
<?mso-application progid="Excel.Sheet"?><Workbook xmlns="urn:schemas-microsoft-com:office:spreadsheet" xmlns:o="urn:schemas-microsoft-com:office:office" xmlns:x="urn:schemas-microsoft-com:office:excel" xmlns:ss="urn:schemas-microsoft-com:office:spreadsheet" xmlns:html="http://www.w3.org/TR/REC-html40">
 <DocumentProperties xmlns="urn:schemas-microsoft-com:office:office">
  <LastAuthor>ThomM</LastAuthor>
  <LastSaved>2019-09-12T09:40:36Z</LastSaved>
  <Version>12.00</Version>
 </DocumentProperties>
 <OfficeDocumentSettings xmlns="urn:schemas-microsoft-com:office:office">
  <AllowPNG/>
 </OfficeDocumentSettings>
 <ExcelWorkbook xmlns="urn:schemas-microsoft-com:office:excel">
  <WindowHeight>17835</WindowHeight>
  <WindowWidth>10005</WindowWidth>
  <WindowTopX>0</WindowTopX>
  <WindowTopY>0</WindowTopY>
  <ProtectStructure>False</ProtectStructure>
  <ProtectWindows>False</ProtectWindows>
 </ExcelWorkbook>
 <Styles>
  <Style ss:ID="Default" ss:Name="Normal">
   <Alignment ss:Vertical="Bottom"/>
   <Borders/>
   <Font ss:FontName="Calibri" x:Family="Swiss" ss:Size="11" ss:Color="#000000"/>
   <Interior/>
   <NumberFormat/>
   <Protection/>
  </Style>
  <Style ss:ID="s62">
   <Alignment ss:Vertical="Bottom" ss:WrapText="1"/>
  </Style>
 </Styles>
 <Worksheet ss:Name="Script">
  <Table ss:ExpandedColumnCount="6" ss:ExpandedRowCount="37" x:FullColumns="1" x:FullRows="1" ss:StyleID="s62" ss:DefaultRowHeight="15">
   <Column ss:StyleID="s62" ss:Width="170.25"/>
   <Column ss:StyleID="s62" ss:Width="159.75"/>
   <Column ss:StyleID="s62" ss:AutoFitWidth="0" ss:Width="287.25"/>
   <Column ss:StyleID="s62" ss:AutoFitWidth="0" ss:Width="146.25"/>
   <Column ss:StyleID="s62" ss:AutoFitWidth="0" ss:Width="287.25"/>
   <Column ss:StyleID="s62" ss:AutoFitWidth="0" ss:Width="125.25"/>
   <Row ss:AutoFitHeight="0" ss:Height="75">
    <Cell><Data ss:Type="String">PLAYER_INTERACTION_AMAZON</Data></Cell>
    <Cell ss:Index="5"><Data ss:Type="String">The DEV TEAM / MISC NOTES column contains info on what text between { } signs means (if applicable). It usually stands for either a numeric value, or a numeric value with an icon. Text between [ ] signs stands for a certain type of icon. </Data></Cell>
   </Row>
   <Row ss:AutoFitHeight="0" ss:Height="30">
    <Cell><Data ss:Type="String">SCENE ID</Data></Cell>
    <Cell><Data ss:Type="String">TEXT ID</Data></Cell>
    <Cell><Data ss:Type="String">ENGLISH STRING</Data></Cell>
    <Cell><Data ss:Type="String">ALTERNATIVE ENGLISH STRING</Data></Cell>
    <Cell><Data ss:Type="String">LOCALIZATION NOTES</Data></Cell>
    <Cell><Data ss:Type="String">DEV TEAM / MISC NOTES</Data></Cell>
   </Row>
   <Row ss:AutoFitHeight="0" ss:Height="195">
    <Cell ss:Index="5"><Data ss:Type="String">Note that all the texts in this document that refer to two people - the speaker and the one spoken too - that can both be male or female.

Note that use of the 'localized' and 'alternative localized string' only applies for the gender of the speaker.

If the gender of the person spoken to requires inflection, please try to translate the text in a way that doesn't require such inflection. If this is impossible, please get in touch with us informing us of which lines this concerns and how they would be inflected in the language you are translating too.</Data></Cell>
   </Row>
   <Row ss:AutoFitHeight="0" ss:Height="75">
    <Cell><Data ss:Type="String">HEADER</Data></Cell>
    <Cell><Data ss:Type="String">GREET_FIRSTMEET_NEGATIVE_01</Data></Cell>
    <Cell><Data ss:Type="String">Ande com cuidado, {STR_leaderName}. As Amazons reivindicaram este planeta em nome da Grande Matriarca, e não apreciamos estranhos não convidados. Se tem algo a dizer, desembuche e depois nos deixe em paz. Ou será que precisamos lhe ensinar uma lição que não esquecerá tão cedo?</Data></Cell>
    <Cell ss:Index="5"><Data ss:Type="String">This text refers to a person that can either be male or female. If relevant for translation, please use the ‘localized string’ column for the male text and the ‘alternative localized string’ column for the female text.</Data></Cell>
   </Row>
   <Row ss:AutoFitHeight="0" ss:Height="60">
    <Cell><Data ss:Type="String">HEADER</Data></Cell>
    <Cell><Data ss:Type="String">GREET_FIRSTMEET_NEGATIVE_02</Data></Cell>
    <Cell><Data ss:Type="String">Sabemos por que veio aqui, {STR_leaderName}, e não estamos satisfeitos com suas intenções. Não provoque nossa ira, ou pode acabar no lado errado de uma de nossas feras de guerra.</Data></Cell>
    <Cell ss:Index="5"><Data ss:Type="String">This text refers to a person that can either be male or female. If relevant for translation, please use the ‘localized string’ column for the male text and the ‘alternative localized string’ column for the female text.</Data></Cell>
   </Row>
   <Row ss:AutoFitHeight="0" ss:Height="60">
    <Cell><Data ss:Type="String">HEADER</Data></Cell>
    <Cell><Data ss:Type="String">GREET_FIRSTMEET_NEGATIVE_03</Data></Cell>
    <Cell><Data ss:Type="String">Não tente nos prejudicar, {STR_leaderName}, pois não hesitamos em derrubá-lo. Portanto, escolha suas palavras com muito cuidado. Poucos sobrevivem à fúria das Amazons.</Data></Cell>
    <Cell ss:Index="5"><Data ss:Type="String">This text refers to a person that can either be male or female. If relevant for translation, please use the ‘localized string’ column for the male text and the ‘alternative localized string’ column for the female text.</Data></Cell>
   </Row>
   <Row ss:AutoFitHeight="0" ss:Height="60">
    <Cell><Data ss:Type="String">HEADER</Data></Cell>
    <Cell><Data ss:Type="String">GREET_FIRSTMEET_NEUTRAL_01</Data></Cell>
    <Cell><Data ss:Type="String">Salve, {STR_leaderName}. Estou surpresa que alguém sem os benefícios dos augméticos das Amazons consiga sobreviver neste lugar. O que o traz aqui? Espero que seus princípios estejam alinhados aos nossos.</Data></Cell>
    <Cell ss:Index="5"><Data ss:Type="String">This text refers to a person that can either be male or female. If relevant for translation, please use the ‘localized string’ column for the male text and the ‘alternative localized string’ column for the female text.</Data></Cell>
   </Row>
   <Row ss:AutoFitHeight="0" ss:Height="60">
    <Cell><Data ss:Type="String">HEADER</Data></Cell>
    <Cell><Data ss:Type="String">GREET_FIRSTMEET_NEUTRAL_02</Data></Cell>
    <Cell><Data ss:Type="String">Saudações, viajante. Este mundo está sob a proteção das Amazons. Saiba que não toleramos intrusos destrutivos. Agora, o que está procurando?</Data></Cell>
    <Cell ss:Index="5"><Data ss:Type="String">This text refers to a person that can either be male or female. If relevant for translation, please use the ‘localized string’ column for the male text and the ‘alternative localized string’ column for the female text.</Data></Cell>
   </Row>
   <Row ss:AutoFitHeight="0" ss:Height="60">
    <Cell><Data ss:Type="String">HEADER</Data></Cell>
    <Cell><Data ss:Type="String">GREET_FIRSTMEET_NEUTRAL_03</Data></Cell>
    <Cell><Data ss:Type="String">Saudações, {STR_leaderName}. Nós somos as Amazons. Nosso isolamento terminou, e estamos destinadas a nos tornar uma das maiores potências da galáxia. Bons aliados são difíceis de encontrar, então perguntamos: qual filosofia você segue?</Data></Cell>
    <Cell ss:Index="5"><Data ss:Type="String">This text refers to a person that can either be male or female. If relevant for translation, please use the ‘localized string’ column for the male text and the ‘alternative localized string’ column for the female text.</Data></Cell>
   </Row>
   <Row ss:AutoFitHeight="0" ss:Height="60">
    <Cell><Data ss:Type="String">HEADER</Data></Cell>
    <Cell><Data ss:Type="String">GREET_FIRSTMEET_NEUTRAL_04</Data></Cell>
    <Cell><Data ss:Type="String">Saudações, comandante. Deseja compartilhar e crescer conosco? Ou prefere o conflito? A capacidade de adaptação das Amazons é incomparável, então podemos oferecer qualquer uma das opções na mesma medida.</Data></Cell>
    <Cell ss:Index="5"><Data ss:Type="String">This text refers to a person that can either be male or female. If relevant for translation, please use the ‘localized string’ column for the male text and the ‘alternative localized string’ column for the female text.</Data></Cell>
   </Row>
   <Row ss:AutoFitHeight="0" ss:Height="60">
    <Cell><Data ss:Type="String">HEADER</Data></Cell>
    <Cell><Data ss:Type="String">GREET_FIRSTMEET_POSITIVE_01</Data></Cell>
    <Cell><Data ss:Type="String">Salve, {STR_leaderName}! Minhas irmãs Amazons detectaram sua chegada, e gostaríamos de abrir o espaço para uma conversa política. Ficaremos felizes em compartilhar este paraíso em crescimento com você.</Data></Cell>
    <Cell ss:Index="5"><Data ss:Type="String">This text refers to a person that can either be male or female. If relevant for translation, please use the ‘localized string’ column for the male text and the ‘alternative localized string’ column for the female text.</Data></Cell>
   </Row>
   <Row ss:AutoFitHeight="0" ss:Height="60">
    <Cell><Data ss:Type="String">HEADER</Data></Cell>
    <Cell><Data ss:Type="String">GREET_FIRSTMEET_POSITIVE_02</Data></Cell>
    <Cell><Data ss:Type="String">Pela Mãe, {STR_leaderName}, é bom ouvir uma voz amiga. Suas boas ações são de conhecimento comum. Vamos compartilhar ideias sobre como mudar este mundo para melhor.</Data></Cell>
    <Cell ss:Index="5"><Data ss:Type="String">This text refers to a person that can either be male or female. If relevant for translation, please use the ‘localized string’ column for the male text and the ‘alternative localized string’ column for the female text.</Data></Cell>
   </Row>
   <Row ss:Index="14" ss:AutoFitHeight="0">
    <Cell><Data ss:Type="String">HEADER</Data></Cell>
    <Cell><Data ss:Type="String">GREET_NEGATIVE_01</Data></Cell>
    <Cell><Data ss:Type="String">Sim? O que é? A selva engole os fracos bem rápido, então, se fosse você, não perderia tempo e iria direto ao ponto.</Data></Cell>
    <Cell ss:Index="5"><Data ss:Type="String">This text refers to a person that can either be male or female. If relevant for translation, please use the ‘localized string’ column for the male text and the ‘alternative localized string’ column for the female text.</Data></Cell>
   </Row>
   <Row ss:AutoFitHeight="0">
    <Cell><Data ss:Type="String">HEADER</Data></Cell>
    <Cell><Data ss:Type="String">GREET_NEUTRAL_01</Data></Cell>
    <Cell><Data ss:Type="String">Salve, chefe de guerra. Se importa se mantivermos isso breve? As Matriarcas estão esperando pacientemente que nossa conversa dê frutos.</Data></Cell>
    <Cell ss:Index="5"><Data ss:Type="String">This text refers to a person that can either be male or female. If relevant for translation, please use the ‘localized string’ column for the male text and the ‘alternative localized string’ column for the female text.</Data></Cell>
   </Row>
   <Row ss:Index="17" ss:AutoFitHeight="0">
    <Cell><Data ss:Type="String">HEADER</Data></Cell>
    <Cell><Data ss:Type="String">GREET_TRADE_PROPOSE_NEUTRAL_01</Data></Cell>
    <Cell><Data ss:Type="String">Talvez gostaria de negociar conosco? Tenho certeza de que algo trazido por nossas feras de carga despertará seu interesse.</Data></Cell>
    <Cell ss:Index="5"><Data ss:Type="String">This text refers to a person that can either be male or female. If relevant for translation, please use the ‘localized string’ column for the male text and the ‘alternative localized string’ column for the female text.</Data></Cell>
   </Row>
   <Row ss:AutoFitHeight="0">
    <Cell><Data ss:Type="String">HEADER</Data></Cell>
    <Cell><Data ss:Type="String">GREET_TRADE_PROPOSE_NEGATIVE_01</Data></Cell>
    <Cell><Data ss:Type="String">Você tem algo que precisamos. Podemos lhe dar algo em troca. Esse será o limite de nossa interação.</Data></Cell>
    <Cell ss:Index="5"><Data ss:Type="String">This text refers to a person that can either be male or female. If relevant for translation, please use the ‘localized string’ column for the male text and the ‘alternative localized string’ column for the female text.</Data></Cell>
   </Row>
   <Row ss:Index="20" ss:AutoFitHeight="0">
    <Cell><Data ss:Type="String">HEADER</Data></Cell>
    <Cell><Data ss:Type="String">GREET_TRADE_RECEIVED_01</Data></Cell>
    <Cell ss:StyleID="Default"><Data ss:Type="String">Agradecemos a solicitação e consideraremos sua oferta.</Data></Cell>
    <Cell ss:Index="5"><Data ss:Type="String">This text refers to a person that can either be male or female. If relevant for translation, please use the ‘localized string’ column for the male text and the ‘alternative localized string’ column for the female text.</Data></Cell>
   </Row>
   <Row ss:Index="22" ss:AutoFitHeight="0">
    <Cell><Data ss:Type="String">ACTION</Data></Cell>
    <Cell><Data ss:Type="String">DECLARE_WAR_01</Data></Cell>
    <Cell><Data ss:Type="String">Você profanou estas terras pela última vez, {STR_leaderName}! {STR_reasons}. Minha hoste de guerra Amazon está se preparando para a batalha. Gostaríamos de pelo menos uma pequena resistência de sua parte, então sugerimos que se prepare para a guerra.</Data></Cell>
    <Cell ss:Index="5"><Data ss:Type="String">{STR_reasons} is a list of reasons, written like "You trespassed" and can be found in this excel sheet. This text refers to a person that can either be male or female. If relevant for translation, please use the ‘localized string’ column for the male text and the ‘alternative localized string’ column for the female text. 
{STR_reasons} is a list of reasons, written like "You trespassed" and can be found in this excel sheet. This text refers to a person that can either be male or female. If relevant for translation, please use the ‘localized string’ column for the male text and the ‘alternative localized string’ column for the female text. 
{STR_reasons} is a list of reasons, written like "You trespassed" and can be found in this excel sheet. This text refers to a person that can either be male or female. If relevant for translation, please use the ‘localized string’ column for the male text and the ‘alternative localized string’ column for the female text. </Data></Cell>
   </Row>
   <Row ss:AutoFitHeight="0">
    <Cell><Data ss:Type="String">ACTION</Data></Cell>
    <Cell><Data ss:Type="String">DECLARE_WAR_02</Data></Cell>
    <Cell><Data ss:Type="String">{STR_reasons}. Você ameaçou o modo de vida das Amazons e contaminou este planeta com a doença de sua presença! Temos a cura: aniquilação total.</Data></Cell>
    <Cell ss:Index="5"><Data ss:Type="String">{STR_reasons} is a list of reasons, written like "You trespassed" and can be found in this excel sheet. This text refers to a person that can either be male or female. If relevant for translation, please use the ‘localized string’ column for the male text and the ‘alternative localized string’ column for the female text. 
{STR_reasons} is a list of reasons, written like "You trespassed" and can be found in this excel sheet. This text refers to a person that can either be male or female. If relevant for translation, please use the ‘localized string’ column for the male text and the ‘alternative localized string’ column for the female text. 
{STR_reasons} is a list of reasons, written like "You trespassed" and can be found in this excel sheet. This text refers to a person that can either be male or female. If relevant for translation, please use the ‘localized string’ column for the male text and the ‘alternative localized string’ column for the female text. </Data></Cell>
   </Row>
   <Row ss:Index="25" ss:AutoFitHeight="0">
    <Cell><Data ss:Type="String">ACTION</Data></Cell>
    <Cell><Data ss:Type="String">INSULT_01</Data></Cell>
    <Cell><Data ss:Type="String">Você é realmente uma criatura patética. Subeducado, subevoluído… e abaixo do meu desprezo.</Data></Cell>
    <Cell ss:Index="5"><Data ss:Type="String">This text refers to a person that can either be male or female. If relevant for translation, please use the ‘localized string’ column for the male text and the ‘alternative localized string’ column for the female text.</Data></Cell>
   </Row>
   <Row ss:AutoFitHeight="0">
    <Cell><Data ss:Type="String">ACTION</Data></Cell>
    <Cell><Data ss:Type="String">INSULT_02</Data></Cell>
    <Cell><Data ss:Type="String">Hah! É esse bando de garotos de escola que você chama de exército? Se minhas irmãs tivessem tempo, o derrubariam como cães Hopperhounds raivosos.</Data></Cell>
    <Cell ss:Index="5"><Data ss:Type="String">This text refers to a person that can either be male or female. If relevant for translation, please use the ‘localized string’ column for the male text and the ‘alternative localized string’ column for the female text.</Data></Cell>
   </Row>
   <Row ss:AutoFitHeight="0">
    <Cell><Data ss:Type="String">ACTION</Data></Cell>
    <Cell><Data ss:Type="String">INSULT_03</Data></Cell>
    <Cell><Data ss:Type="String">Em você vejo o mesmo olhar assustado de um animal de presa. Você corre por este mundo reivindicando os míseros restos que consegue. Presas não lideram, não prosperam… são caçadas.</Data></Cell>
    <Cell ss:Index="5"><Data ss:Type="String">This text refers to a person that can either be male or female. If relevant for translation, please use the ‘localized string’ column for the male text and the ‘alternative localized string’ column for the female text.</Data></Cell>
   </Row>
   <Row ss:Index="29" ss:AutoFitHeight="0">
    <Cell><Data ss:Type="String">ACTION</Data></Cell>
    <Cell><Data ss:Type="String">DECLARE_FRIENDSHIP_01</Data></Cell>
    <Cell><Data ss:Type="String">Que belo espécime você é, {STR_leaderName}. Seus traços genéticos parecem muito desejáveis. Gostaríamos de examiná-los mais de perto.</Data></Cell>
    <Cell ss:Index="5"><Data ss:Type="String">This text refers to a person that can either be male or female. If relevant for translation, please use the ‘localized string’ column for the male text and the ‘alternative localized string’ column for the female text.</Data></Cell>
   </Row>
   <Row ss:AutoFitHeight="0">
    <Cell><Data ss:Type="String">ACTION</Data></Cell>
    <Cell><Data ss:Type="String">DECLARE_FRIENDSHIP_02</Data></Cell>
    <Cell><Data ss:Type="String">Estamos impressionados com sua perspicácia tática. Você luta como uma Amazon! Continue assim e logo começará a rivalizar com os maiores predadores.</Data></Cell>
    <Cell ss:Index="5"><Data ss:Type="String">This text refers to a person that can either be male or female. If relevant for translation, please use the ‘localized string’ column for the male text and the ‘alternative localized string’ column for the female text.</Data></Cell>
   </Row>
   <Row ss:AutoFitHeight="0">
    <Cell><Data ss:Type="String">ACTION</Data></Cell>
    <Cell><Data ss:Type="String">DECLARE_FRIENDSHIP_03</Data></Cell>
    <Cell><Data ss:Type="String">Seu modus operandi demonstra a discrição de um Tirannodonte e a inteligência de um escravo químico dos Spacers.</Data></Cell>
    <Cell ss:Index="5"><Data ss:Type="String">This text refers to a person that can either be male or female. If relevant for translation, please use the ‘localized string’ column for the male text and the ‘alternative localized string’ column for the female text.</Data></Cell>
   </Row>
   <Row ss:Index="33" ss:AutoFitHeight="0">
    <Cell><Data ss:Type="String">TRADE</Data></Cell>
    <Cell><Data ss:Type="String">ACCEPT_KINDLY_POSITIVE</Data></Cell>
    <Cell><Data ss:Type="String">Aceitamos os termos do acordo. Ambos saímos fortalecidos com essa troca.</Data></Cell>
    <Cell ss:Index="5"><Data ss:Type="String">This text refers to a person that can either be male or female. If relevant for translation, please use the ‘localized string’ column for the male text and the ‘alternative localized string’ column for the female text.</Data></Cell>
   </Row>
   <Row ss:AutoFitHeight="0">
    <Cell><Data ss:Type="String">TRADE</Data></Cell>
    <Cell><Data ss:Type="String">ACCEPT_DOUBTFUL</Data></Cell>
    <Cell><Data ss:Type="String">Aceito. Se tivéssemos qualquer outra escolha, a tomaríamos. Você tem sorte de estarmos nos sentindo tolerantes.</Data></Cell>
    <Cell ss:Index="5"><Data ss:Type="String">This text refers to a person that can either be male or female. If relevant for translation, please use the ‘localized string’ column for the male text and the ‘alternative localized string’ column for the female text.</Data></Cell>
   </Row>
   <Row ss:Index="36" ss:AutoFitHeight="0">
    <Cell><Data ss:Type="String">TRADE</Data></Cell>
    <Cell><Data ss:Type="String">DECLINE_IMBALANCE_01</Data></Cell>
    <Cell><Data ss:Type="String">Devemos recusar o acordo. Volte com uma oferta mais interessante.</Data></Cell>
    <Cell ss:Index="5"><Data ss:Type="String">This text refers to a person that can either be male or female. If relevant for translation, please use the ‘localized string’ column for the male text and the ‘alternative localized string’ column for the female text.</Data></Cell>
   </Row>
   <Row ss:AutoFitHeight="0">
    <Cell><Data ss:Type="String">TRADE</Data></Cell>
    <Cell><Data ss:Type="String">DECLINE_IMBALANCE_02</Data></Cell>
    <Cell><Data ss:Type="String">Inaceitável. Não nos confunda com brutamontes desmiolados. Faça uma oferta melhor!</Data></Cell>
    <Cell ss:Index="5"><Data ss:Type="String">This text refers to a person that can either be male or female. If relevant for translation, please use the ‘localized string’ column for the male text and the ‘alternative localized string’ column for the female text.</Data></Cell>
   </Row>
  </Table>
  <WorksheetOptions xmlns="urn:schemas-microsoft-com:office:excel">
   <Unsynced/>
   <Print>
    <ValidPrinterInfo/>
    <HorizontalResolution>600</HorizontalResolution>
    <VerticalResolution>600</VerticalResolution>
   </Print>
   <Zoom>115</Zoom>
   <Selected/>
   <TopRowVisible>10</TopRowVisible>
   <Panes>
    <Pane>
     <Number>3</Number>
     <ActiveRow>14</ActiveRow>
     <ActiveCol>2</ActiveCol>
    </Pane>
   </Panes>
   <ProtectObjects>False</ProtectObjects>
   <ProtectScenarios>False</ProtectScenarios>
  </WorksheetOptions>
 </Worksheet>
</Workbook>