<?xml version='1.0' encoding='UTF-8'?>
<?mso-application progid="Excel.Sheet"?><Workbook xmlns="urn:schemas-microsoft-com:office:spreadsheet" xmlns:o="urn:schemas-microsoft-com:office:office" xmlns:x="urn:schemas-microsoft-com:office:excel" xmlns:ss="urn:schemas-microsoft-com:office:spreadsheet" xmlns:html="http://www.w3.org/TR/REC-html40">
 <DocumentProperties xmlns="urn:schemas-microsoft-com:office:office">
  <Version>15.00</Version>
 </DocumentProperties>
 <OfficeDocumentSettings xmlns="urn:schemas-microsoft-com:office:office">
  <AllowPNG/>
 </OfficeDocumentSettings>
 <ExcelWorkbook xmlns="urn:schemas-microsoft-com:office:excel">
  <WindowHeight>17835</WindowHeight>
  <WindowWidth>-27136</WindowWidth>
  <WindowTopX>0</WindowTopX>
  <WindowTopY>0</WindowTopY>
  <ProtectStructure>False</ProtectStructure>
  <ProtectWindows>False</ProtectWindows>
 </ExcelWorkbook>
 <Styles>
  <Style ss:ID="Default" ss:Name="Normal">
   <Alignment ss:Vertical="Bottom"/>
   <Borders/>
   <Font ss:FontName="Calibri" x:Family="Swiss" ss:Size="11" ss:Color="#000000"/>
   <Interior/>
   <NumberFormat/>
   <Protection/>
  </Style>
  <Style ss:ID="s62">
   <Alignment ss:Vertical="Top" ss:WrapText="1"/>
  </Style>
  <Style ss:ID="s63">
   <Alignment ss:Vertical="Top" ss:WrapText="1"/>
   <Font ss:FontName="Calibri" x:Family="Swiss" ss:Size="11"/>
  </Style>
  <Style ss:ID="s64">
   <Alignment ss:Vertical="Top"/>
   <Font ss:FontName="Calibri" x:Family="Swiss" ss:Size="11"/>
  </Style>
 </Styles>
 <Worksheet ss:Name="Script">
  <Table ss:ExpandedColumnCount="7" ss:ExpandedRowCount="13" x:FullColumns="1" x:FullRows="1" ss:StyleID="s62" ss:DefaultColumnWidth="251.25" ss:DefaultRowHeight="15">
   <Column ss:StyleID="s62" ss:Width="112.5"/>
   <Column ss:StyleID="s62" ss:Width="218.25"/>
   <Column ss:StyleID="s62" ss:Width="250.5"/>
   <Column ss:StyleID="s62" ss:Width="147.75"/>
   <Column ss:StyleID="s62" ss:Width="249.75"/>
   <Column ss:StyleID="s62" ss:Width="120"/>
   <Column ss:StyleID="s62" ss:Width="250.5"/>
   <Row ss:AutoFitHeight="0" ss:Height="120">
    <Cell><Data ss:Type="String">PSIONIC_TECHGROUPS</Data></Cell>
    <Cell ss:Index="5"><Data ss:Type="String">Anything between straight brackets - i.e. [ ] - is a formatting tag. Do not change these tags and keep them in the same relative position in the text. Anything between curly brackets - i.e. { } - is a place where text or numbers will be inserted by the game. Do not change the tag, but feel free to change its position in the text to suit the localized text.</Data></Cell>
   </Row>
   <Row ss:AutoFitHeight="0">
    <Cell><Data ss:Type="String">SCENE ID</Data></Cell>
    <Cell><Data ss:Type="String">TEXT ID</Data></Cell>
    <Cell><Data ss:Type="String">ENGLISH STRING</Data></Cell>
    <Cell><Data ss:Type="String">ALTERNATIVE ENGLISH STRING</Data></Cell>
    <Cell><Data ss:Type="String">LOCALIZATION NOTES</Data></Cell>
    <Cell><Data ss:Type="String">DEV TEAM / MISC NOTES</Data></Cell>
   </Row>
   <Row ss:AutoFitHeight="0">
    <Cell><Data ss:Type="String">PSIONICS_SKILLS</Data></Cell>
    <Cell><Data ss:Type="String">GROUP_NAME</Data></Cell>
    <Cell><Data ss:Type="String">Psiônica</Data></Cell>
   </Row>
   <Row ss:AutoFitHeight="0">
    <Cell><Data ss:Type="String">PSIONICS_SKILLS</Data></Cell>
    <Cell><Data ss:Type="String">DOMINION_OF_PURIFICATION_NAME</Data></Cell>
    <Cell><Data ss:Type="String">Domínio da Purificação</Data></Cell>
   </Row>
   <Row ss:AutoFitHeight="0" ss:Height="45">
    <Cell><Data ss:Type="String">PSIONICS_SKILLS</Data></Cell>
    <Cell><Data ss:Type="String">DOMINION_OF_PURIFICATION_DESCRIPTION</Data></Cell>
    <Cell><Data ss:Type="String">“Esvazie sua mente e ouça. A verdade fala com a voz mais suave.”[br/]– Hatyl Ur’Uk, Leitor de Sonhos Kir’Ko</Data></Cell>
    <Cell ss:Index="5"><Data ss:Type="String">Male</Data></Cell>
    <Cell ss:StyleID="s63"><Data ss:Type="String">V.O.: Kir’ko Male

Edit: Kir'ko -&gt; Kir'Ko</Data></Cell>
   </Row>
   <Row ss:AutoFitHeight="0">
    <Cell><Data ss:Type="String">PSIONICS_SKILLS</Data></Cell>
    <Cell><Data ss:Type="String">DOMINION_OF_AFFLICTION_NAME</Data></Cell>
    <Cell><Data ss:Type="String">Domínio da Aflição</Data></Cell>
   </Row>
   <Row ss:AutoFitHeight="0" ss:Height="60">
    <Cell><Data ss:Type="String">PSIONICS_SKILLS</Data></Cell>
    <Cell><Data ss:Type="String">DOMINION_OF_AFFLICTION_DESCRIPTION</Data></Cell>
    <Cell><Data ss:Type="String">“Diante de ataques, químicos ou mentais, a mente deve permanecer inabalável. Ela precisa superar qualquer aflição, ou corre o risco de ser aniquilada.”[br/]– Malai da Casa Antares</Data></Cell>
    <Cell ss:Index="5"><Data ss:Type="String">Female</Data></Cell>
    <Cell ss:StyleID="s64"><Data ss:Type="String">V.O.:  Syndicate Female</Data></Cell>
   </Row>
   <Row ss:AutoFitHeight="0">
    <Cell><Data ss:Type="String">PSIONICS_SKILLS</Data></Cell>
    <Cell><Data ss:Type="String">DOMINION_OF_VITALITY_NAME</Data></Cell>
    <Cell><Data ss:Type="String">Domínio da Vitalidade</Data></Cell>
   </Row>
   <Row ss:AutoFitHeight="0" ss:Height="45">
    <Cell><Data ss:Type="String">PSIONICS_SKILLS</Data></Cell>
    <Cell><Data ss:Type="String">DOMINION_OF_VITALITY_DESCRIPTION</Data></Cell>
    <Cell><Data ss:Type="String">“A mente precisa de um corpo para habitar. Mesmo que seja pouco mais que um animal, ele deve ser mantido forte para nutrir o todo.”[br/]– Malai da Casa Antares</Data></Cell>
    <Cell ss:Index="5"><Data ss:Type="String">Female</Data></Cell>
    <Cell ss:StyleID="s64"><Data ss:Type="String">V.O.:  Syndicate Female</Data></Cell>
   </Row>
   <Row ss:AutoFitHeight="0">
    <Cell><Data ss:Type="String">PSIONICS_SKILLS</Data></Cell>
    <Cell><Data ss:Type="String">DOMINION_OF_COMMAND_NAME</Data></Cell>
    <Cell><Data ss:Type="String">Domínio do Comando</Data></Cell>
   </Row>
   <Row ss:AutoFitHeight="0" ss:Height="60">
    <Cell><Data ss:Type="String">PSIONICS_SKILLS</Data></Cell>
    <Cell><Data ss:Type="String">DOMINION_OF_COMMAND_DESCRIPTION</Data></Cell>
    <Cell><Data ss:Type="String">“Uma palavra é poder. Palavras podem ser impregnadas pela memória e fixadas pela experiência. Pronunciadas em comando, são uma força capaz de mudar mundos.”[br/]– Hatyl Ur’Uk, Leitor de Sonhos Kir’Ko</Data></Cell>
    <Cell ss:Index="5"><Data ss:Type="String">Male</Data></Cell>
    <Cell ss:StyleID="s64"><Data ss:Type="String">V.O.: Kir’ko Male </Data></Cell>
   </Row>
   <Row ss:AutoFitHeight="0">
    <Cell><Data ss:Type="String">PSIONICS_SKILLS</Data></Cell>
    <Cell><Data ss:Type="String">DOMINION_OF_AETHER_NAME</Data></Cell>
    <Cell><Data ss:Type="String">Domínio do Éter</Data></Cell>
   </Row>
   <Row ss:AutoFitHeight="0" ss:Height="90">
    <Cell><Data ss:Type="String">PSIONICS_SKILLS</Data></Cell>
    <Cell><Data ss:Type="String">DOMINION_OF_AETHER_DESCRIPTION</Data></Cell>
    <Cell><Data ss:Type="String">“O Éter é um reino de pensamento tumultuoso. Formas de sonho se tornam realidade. Liberá-lo neste mundo quebra toda a razão, dispersando-as em uma tempestade de contradições e ideias impossíveis. Apenas a mente mais forte ousaria invadi-lo.”[br/]– Mordechai da Casa Antares</Data></Cell>
    <Cell ss:Index="5"><Data ss:Type="String">Male</Data></Cell>
    <Cell ss:StyleID="s64"><Data ss:Type="String">V.O.: Syndicate Male </Data></Cell>
   </Row>
  </Table>
  <WorksheetOptions xmlns="urn:schemas-microsoft-com:office:excel">
   <Unsynced/>
   <Print>
    <ValidPrinterInfo/>
    <HorizontalResolution>600</HorizontalResolution>
    <VerticalResolution>600</VerticalResolution>
   </Print>
   <Zoom>130</Zoom>
   <Selected/>
   <Panes>
    <Pane>
     <Number>3</Number>
     <ActiveCol>6</ActiveCol>
     <RangeSelection>C7</RangeSelection>
    </Pane>
   </Panes>
   <ProtectObjects>False</ProtectObjects>
   <ProtectScenarios>False</ProtectScenarios>
  </WorksheetOptions>
 </Worksheet>
</Workbook>