<?xml version='1.0' encoding='UTF-8'?>
<?mso-application progid="Excel.Sheet"?><Workbook xmlns="urn:schemas-microsoft-com:office:spreadsheet" xmlns:o="urn:schemas-microsoft-com:office:office" xmlns:x="urn:schemas-microsoft-com:office:excel" xmlns:ss="urn:schemas-microsoft-com:office:spreadsheet" xmlns:html="http://www.w3.org/TR/REC-html40">
 <DocumentProperties xmlns="urn:schemas-microsoft-com:office:office">
  <Version>16.00</Version>
 </DocumentProperties>
 <OfficeDocumentSettings xmlns="urn:schemas-microsoft-com:office:office">
  <AllowPNG/>
 </OfficeDocumentSettings>
 <ExcelWorkbook xmlns="urn:schemas-microsoft-com:office:excel">
  <WindowHeight>12197</WindowHeight>
  <WindowWidth>32767</WindowWidth>
  <WindowTopX>32767</WindowTopX>
  <WindowTopY>32767</WindowTopY>
  <ProtectStructure>False</ProtectStructure>
  <ProtectWindows>False</ProtectWindows>
 </ExcelWorkbook>
 <Styles>
  <Style ss:ID="Default" ss:Name="Normal">
   <Alignment ss:Vertical="Bottom"/>
   <Borders/>
   <Font ss:FontName="Calibri" x:Family="Swiss" ss:Size="11" ss:Color="#000000"/>
   <Interior/>
   <NumberFormat/>
   <Protection/>
  </Style>
  <Style ss:ID="s62">
   <Alignment ss:Vertical="Top" ss:WrapText="1"/>
  </Style>
 </Styles>
 <Worksheet ss:Name="Script">
  <Table ss:ExpandedColumnCount="6" ss:ExpandedRowCount="8" x:FullColumns="1" x:FullRows="1" ss:StyleID="s62" ss:DefaultColumnWidth="51.428571428571431" ss:DefaultRowHeight="15">
   <Column ss:StyleID="s62" ss:Width="132.85714285714286"/>
   <Column ss:StyleID="s62" ss:Width="75.857142857142861"/>
   <Column ss:StyleID="s62" ss:Width="216.85714285714286"/>
   <Column ss:StyleID="s62" ss:Width="147.85714285714283"/>
   <Column ss:StyleID="s62" ss:Width="178.71428571428572"/>
   <Column ss:StyleID="s62" ss:Width="120"/>
   <Row ss:AutoFitHeight="0" ss:Height="105">
    <Cell><Data ss:Type="String">PSYNUMBRA_HERO_SKILLS</Data></Cell>
    <Cell ss:Index="5"><Data ss:Type="String">The DEV TEAM / MISC NOTES column contains info on what text between { } signs means (if applicable). It usually stands for either a numeric value, or a numeric value with an icon. Text between [ ] signs stands for a certain type of icon. </Data></Cell>
   </Row>
   <Row ss:AutoFitHeight="0">
    <Cell><Data ss:Type="String">SCENE ID</Data></Cell>
    <Cell><Data ss:Type="String">TEXT ID</Data></Cell>
    <Cell><Data ss:Type="String">ENGLISH STRING</Data></Cell>
    <Cell><Data ss:Type="String">ALTERNATIVE ENGLISH STRING</Data></Cell>
    <Cell><Data ss:Type="String">LOCALIZATION NOTES</Data></Cell>
    <Cell><Data ss:Type="String">DEV TEAM / MISC NOTES</Data></Cell>
   </Row>
   <Row ss:AutoFitHeight="0" ss:Height="165">
    <Cell ss:Index="5"><Data ss:Type="String">Text between {} should NOT be localized as they are numerical values in-game. Text between [] should NOT be localized as they are either icons or text formatting

EXAMPLE: "Hero gains {PersonaAccDmg} increased damage and accuracy " looks in-game like "Hero gains +5 increased damage and accuracy"</Data></Cell>
   </Row>
   <Row ss:AutoFitHeight="0" ss:Height="45">
    <Cell><Data ss:Type="String">PSYNUMBRA_SKILL_GROUP</Data></Cell>
    <Cell><Data ss:Type="String">SKILL_SUBTITLE</Data></Cell>
    <Cell><Data ss:Type="String">Habilidade de Herói Psynumbra</Data></Cell>
    <Cell ss:Index="5"><Data ss:Type="String">Skill tree header. 
Psynumbra is an in-game secret tech.</Data></Cell>
   </Row>
   <Row ss:AutoFitHeight="0">
    <Cell><Data ss:Type="String">ANTHEM_OF_THE_ABYSS</Data></Cell>
    <Cell><Data ss:Type="String">NAME</Data></Cell>
    <Cell><Data ss:Type="String">Hino do Abismo</Data></Cell>
    <Cell ss:Index="5"><Data ss:Type="String">Skill name.</Data></Cell>
   </Row>
   <Row ss:AutoFitHeight="0" ss:Height="105">
    <Cell><Data ss:Type="String">ANTHEM_OF_THE_ABYSS</Data></Cell>
    <Cell><Data ss:Type="String">DESCRIPTION</Data></Cell>
    <Cell><Data ss:Type="String">Todos os aliados ganham [abilityblue]Exaltação Sombria[/abilityblue] por {AnthemDuration}, concedendo +{MoraleIncrease} de moral e {PsiResIncrease} de resistência. Todas as unidades inimigas ganham [abilityred]Mente Quebrada[/abilityred] por {AnthemDebuffDuration}</Data></Cell>
    <Cell ss:Index="5"><Data ss:Type="String">Skill description.
Dark Elation is an in-game buff, Broken Mind is a debuff.</Data></Cell>
   </Row>
   <Row ss:AutoFitHeight="0">
    <Cell><Data ss:Type="String">SOUL_BREAKER</Data></Cell>
    <Cell><Data ss:Type="String">NAME</Data></Cell>
    <Cell><Data ss:Type="String">Quebrador de Almas</Data></Cell>
   </Row>
   <Row ss:AutoFitHeight="0" ss:Height="40.285714285714285">
    <Cell><Data ss:Type="String">SOUL_BREAKER</Data></Cell>
    <Cell><Data ss:Type="String">DESCRIPTION</Data></Cell>
    <Cell><Data ss:Type="String">Este herói ganha {BreakChance}[strengthPsyche/] de chance de força para aplicar [abilityred]Mente Quebrada[/abilityred] em todos os ataques, reduzindo a Moral[happiness/] e a resistência Psiónica[DamagePsyche/] dos alvos.[br/][br/]Isso não se acumula com outros efeitos de Mente Quebrada.</Data></Cell>
   </Row>
  </Table>
  <WorksheetOptions xmlns="urn:schemas-microsoft-com:office:excel">
   <Unsynced/>
   <Selected/>
   <Panes>
    <Pane>
     <Number>3</Number>
     <ActiveRow>7</ActiveRow>
     <ActiveCol>2</ActiveCol>
    </Pane>
   </Panes>
   <ProtectObjects>False</ProtectObjects>
   <ProtectScenarios>False</ProtectScenarios>
  </WorksheetOptions>
 </Worksheet>
</Workbook>