<?xml version='1.0' encoding='UTF-8'?>
<?mso-application progid="Excel.Sheet"?><Workbook xmlns="urn:schemas-microsoft-com:office:spreadsheet" xmlns:o="urn:schemas-microsoft-com:office:office" xmlns:x="urn:schemas-microsoft-com:office:excel" xmlns:ss="urn:schemas-microsoft-com:office:spreadsheet" xmlns:html="http://www.w3.org/TR/REC-html40">
 <DocumentProperties xmlns="urn:schemas-microsoft-com:office:office">
  <Version>16.00</Version>
 </DocumentProperties>
 <OfficeDocumentSettings xmlns="urn:schemas-microsoft-com:office:office">
  <AllowPNG/>
 </OfficeDocumentSettings>
 <ExcelWorkbook xmlns="urn:schemas-microsoft-com:office:excel">
  <WindowHeight>11175</WindowHeight>
  <WindowWidth>25200</WindowWidth>
  <WindowTopX>32767</WindowTopX>
  <WindowTopY>32767</WindowTopY>
  <ProtectStructure>False</ProtectStructure>
  <ProtectWindows>False</ProtectWindows>
 </ExcelWorkbook>
 <Styles>
  <Style ss:ID="Default" ss:Name="Normal">
   <Alignment ss:Vertical="Bottom"/>
   <Borders/>
   <Font ss:FontName="Calibri" x:Family="Swiss" ss:Size="11" ss:Color="#000000"/>
   <Interior/>
   <NumberFormat/>
   <Protection/>
  </Style>
  <Style ss:ID="s62">
   <Alignment ss:Vertical="Bottom" ss:WrapText="1"/>
  </Style>
 </Styles>
 <Worksheet ss:Name="Script">
  <Table ss:ExpandedColumnCount="6" ss:ExpandedRowCount="152" x:FullColumns="1" x:FullRows="1" ss:StyleID="s62" ss:DefaultRowHeight="15">
   <Column ss:Index="2" ss:StyleID="s62" ss:AutoFitWidth="0" ss:Width="93.75"/>
   <Column ss:StyleID="s62" ss:AutoFitWidth="0" ss:Width="94.5"/>
   <Column ss:StyleID="s62" ss:AutoFitWidth="0" ss:Width="151.5"/>
   <Column ss:StyleID="s62" ss:AutoFitWidth="0" ss:Width="360"/>
   <Column ss:StyleID="s62" ss:AutoFitWidth="0" ss:Width="138.75"/>
   <Row ss:AutoFitHeight="0" ss:Height="60">
    <Cell><Data ss:Type="String">RACE_KIRKO</Data></Cell>
    <Cell ss:Index="5"><Data ss:Type="String">The DEV TEAM / MISC NOTES column contains info on what text between { } signs means (if applicable). It usually stands for either a numeric value, or a numeric value with an icon. Text between [ ] signs stands for a certain type of icon. </Data></Cell>
   </Row>
   <Row ss:AutoFitHeight="0">
    <Cell><Data ss:Type="String">SCENE ID</Data></Cell>
    <Cell><Data ss:Type="String">TEXT ID</Data></Cell>
    <Cell><Data ss:Type="String">ENGLISH STRING</Data></Cell>
    <Cell><Data ss:Type="String">ALTERNATIVE ENGLISH STRING</Data></Cell>
    <Cell><Data ss:Type="String">LOCALIZATION NOTES</Data></Cell>
    <Cell><Data ss:Type="String">DEV TEAM / MISC NOTES</Data></Cell>
   </Row>
   <Row ss:AutoFitHeight="0" ss:Height="30">
    <Cell><Data ss:Type="String">KIRKO</Data></Cell>
    <Cell><Data ss:Type="String">CITY_NAME_01</Data></Cell>
    <Cell><Data ss:Type="String">A'xi'qu</Data></Cell>
    <Cell ss:Index="5"><Data ss:Type="String">These are city names, please transcribe - e.g. to Cyrillic - but do not localize</Data></Cell>
   </Row>
   <Row ss:AutoFitHeight="0" ss:Height="30">
    <Cell><Data ss:Type="String">KIRKO</Data></Cell>
    <Cell><Data ss:Type="String">CITY_NAME_02</Data></Cell>
    <Cell><Data ss:Type="String">Akl'tax</Data></Cell>
    <Cell ss:Index="5"><Data ss:Type="String">These are city names, please transcribe - e.g. to Cyrillic - but do not localize</Data></Cell>
   </Row>
   <Row ss:AutoFitHeight="0" ss:Height="30">
    <Cell><Data ss:Type="String">KIRKO</Data></Cell>
    <Cell><Data ss:Type="String">CITY_NAME_03</Data></Cell>
    <Cell><Data ss:Type="String">Axr'za</Data></Cell>
    <Cell ss:Index="5"><Data ss:Type="String">These are city names, please transcribe - e.g. to Cyrillic - but do not localize</Data></Cell>
   </Row>
   <Row ss:AutoFitHeight="0" ss:Height="30">
    <Cell><Data ss:Type="String">KIRKO</Data></Cell>
    <Cell><Data ss:Type="String">CITY_NAME_04</Data></Cell>
    <Cell><Data ss:Type="String">Ay'tafr</Data></Cell>
    <Cell ss:Index="5"><Data ss:Type="String">These are city names, please transcribe - e.g. to Cyrillic - but do not localize</Data></Cell>
   </Row>
   <Row ss:AutoFitHeight="0" ss:Height="30">
    <Cell><Data ss:Type="String">KIRKO</Data></Cell>
    <Cell><Data ss:Type="String">CITY_NAME_05</Data></Cell>
    <Cell><Data ss:Type="String">Aqui'syl</Data></Cell>
    <Cell ss:Index="5"><Data ss:Type="String">These are city names, please transcribe - e.g. to Cyrillic - but do not localize</Data></Cell>
   </Row>
   <Row ss:AutoFitHeight="0" ss:Height="30">
    <Cell><Data ss:Type="String">KIRKO</Data></Cell>
    <Cell><Data ss:Type="String">CITY_NAME_06</Data></Cell>
    <Cell><Data ss:Type="String">Bee'zu'qtil</Data></Cell>
    <Cell ss:Index="5"><Data ss:Type="String">These are city names, please transcribe - e.g. to Cyrillic - but do not localize</Data></Cell>
   </Row>
   <Row ss:AutoFitHeight="0" ss:Height="30">
    <Cell><Data ss:Type="String">KIRKO</Data></Cell>
    <Cell><Data ss:Type="String">CITY_NAME_07</Data></Cell>
    <Cell><Data ss:Type="String">Ba'cu'zyil</Data></Cell>
    <Cell ss:Index="5"><Data ss:Type="String">These are city names, please transcribe - e.g. to Cyrillic - but do not localize</Data></Cell>
   </Row>
   <Row ss:AutoFitHeight="0" ss:Height="30">
    <Cell><Data ss:Type="String">KIRKO</Data></Cell>
    <Cell><Data ss:Type="String">CITY_NAME_08</Data></Cell>
    <Cell><Data ss:Type="String">By'dax'il</Data></Cell>
    <Cell ss:Index="5"><Data ss:Type="String">These are city names, please transcribe - e.g. to Cyrillic - but do not localize</Data></Cell>
   </Row>
   <Row ss:AutoFitHeight="0" ss:Height="30">
    <Cell><Data ss:Type="String">KIRKO</Data></Cell>
    <Cell><Data ss:Type="String">CITY_NAME_09</Data></Cell>
    <Cell><Data ss:Type="String">Biz'qu'da</Data></Cell>
    <Cell ss:Index="5"><Data ss:Type="String">These are city names, please transcribe - e.g. to Cyrillic - but do not localize</Data></Cell>
   </Row>
   <Row ss:AutoFitHeight="0" ss:Height="30">
    <Cell><Data ss:Type="String">KIRKO</Data></Cell>
    <Cell><Data ss:Type="String">CITY_NAME_10</Data></Cell>
    <Cell><Data ss:Type="String">Cir'cu'vil</Data></Cell>
    <Cell ss:Index="5"><Data ss:Type="String">These are city names, please transcribe - e.g. to Cyrillic - but do not localize</Data></Cell>
   </Row>
   <Row ss:AutoFitHeight="0" ss:Height="30">
    <Cell><Data ss:Type="String">KIRKO</Data></Cell>
    <Cell><Data ss:Type="String">CITY_NAME_11</Data></Cell>
    <Cell><Data ss:Type="String">Ciq'yl'um</Data></Cell>
    <Cell ss:Index="5"><Data ss:Type="String">These are city names, please transcribe - e.g. to Cyrillic - but do not localize</Data></Cell>
   </Row>
   <Row ss:AutoFitHeight="0" ss:Height="30">
    <Cell><Data ss:Type="String">KIRKO</Data></Cell>
    <Cell><Data ss:Type="String">CITY_NAME_12</Data></Cell>
    <Cell><Data ss:Type="String">Caz'ix'ko</Data></Cell>
    <Cell ss:Index="5"><Data ss:Type="String">These are city names, please transcribe - e.g. to Cyrillic - but do not localize</Data></Cell>
   </Row>
   <Row ss:AutoFitHeight="0" ss:Height="30">
    <Cell><Data ss:Type="String">KIRKO</Data></Cell>
    <Cell><Data ss:Type="String">CITY_NAME_13</Data></Cell>
    <Cell><Data ss:Type="String">Coz'qix</Data></Cell>
    <Cell ss:Index="5"><Data ss:Type="String">These are city names, please transcribe - e.g. to Cyrillic - but do not localize</Data></Cell>
   </Row>
   <Row ss:AutoFitHeight="0" ss:Height="30">
    <Cell><Data ss:Type="String">KIRKO</Data></Cell>
    <Cell><Data ss:Type="String">CITY_NAME_14</Data></Cell>
    <Cell><Data ss:Type="String">Dirz'ril</Data></Cell>
    <Cell ss:Index="5"><Data ss:Type="String">These are city names, please transcribe - e.g. to Cyrillic - but do not localize</Data></Cell>
   </Row>
   <Row ss:AutoFitHeight="0" ss:Height="30">
    <Cell><Data ss:Type="String">KIRKO</Data></Cell>
    <Cell><Data ss:Type="String">CITY_NAME_15</Data></Cell>
    <Cell><Data ss:Type="String">Drzz'tiq</Data></Cell>
    <Cell ss:Index="5"><Data ss:Type="String">These are city names, please transcribe - e.g. to Cyrillic - but do not localize</Data></Cell>
   </Row>
   <Row ss:AutoFitHeight="0" ss:Height="30">
    <Cell><Data ss:Type="String">KIRKO</Data></Cell>
    <Cell><Data ss:Type="String">CITY_NAME_16</Data></Cell>
    <Cell><Data ss:Type="String">Dhq'to'da</Data></Cell>
    <Cell ss:Index="5"><Data ss:Type="String">These are city names, please transcribe - e.g. to Cyrillic - but do not localize</Data></Cell>
   </Row>
   <Row ss:AutoFitHeight="0" ss:Height="30">
    <Cell><Data ss:Type="String">KIRKO</Data></Cell>
    <Cell><Data ss:Type="String">CITY_NAME_17</Data></Cell>
    <Cell><Data ss:Type="String">Dyz'qi'ril</Data></Cell>
    <Cell ss:Index="5"><Data ss:Type="String">These are city names, please transcribe - e.g. to Cyrillic - but do not localize</Data></Cell>
   </Row>
   <Row ss:AutoFitHeight="0" ss:Height="30">
    <Cell><Data ss:Type="String">KIRKO</Data></Cell>
    <Cell><Data ss:Type="String">CITY_NAME_18</Data></Cell>
    <Cell><Data ss:Type="String">D'nuz'ril</Data></Cell>
    <Cell ss:Index="5"><Data ss:Type="String">These are city names, please transcribe - e.g. to Cyrillic - but do not localize</Data></Cell>
   </Row>
   <Row ss:AutoFitHeight="0" ss:Height="30">
    <Cell><Data ss:Type="String">KIRKO</Data></Cell>
    <Cell><Data ss:Type="String">CITY_NAME_19</Data></Cell>
    <Cell><Data ss:Type="String">Equi'nix</Data></Cell>
    <Cell ss:Index="5"><Data ss:Type="String">These are city names, please transcribe - e.g. to Cyrillic - but do not localize</Data></Cell>
   </Row>
   <Row ss:AutoFitHeight="0" ss:Height="30">
    <Cell><Data ss:Type="String">KIRKO</Data></Cell>
    <Cell><Data ss:Type="String">CITY_NAME_20</Data></Cell>
    <Cell><Data ss:Type="String">Exr'drazil</Data></Cell>
    <Cell ss:Index="5"><Data ss:Type="String">These are city names, please transcribe - e.g. to Cyrillic - but do not localize</Data></Cell>
   </Row>
   <Row ss:AutoFitHeight="0" ss:Height="30">
    <Cell><Data ss:Type="String">KIRKO</Data></Cell>
    <Cell><Data ss:Type="String">CITY_NAME_21</Data></Cell>
    <Cell><Data ss:Type="String">Eqr'zanix</Data></Cell>
    <Cell ss:Index="5"><Data ss:Type="String">These are city names, please transcribe - e.g. to Cyrillic - but do not localize</Data></Cell>
   </Row>
   <Row ss:AutoFitHeight="0" ss:Height="30">
    <Cell><Data ss:Type="String">KIRKO</Data></Cell>
    <Cell><Data ss:Type="String">CITY_NAME_22</Data></Cell>
    <Cell><Data ss:Type="String">Ez'ra'qril</Data></Cell>
    <Cell ss:Index="5"><Data ss:Type="String">These are city names, please transcribe - e.g. to Cyrillic - but do not localize</Data></Cell>
   </Row>
   <Row ss:AutoFitHeight="0" ss:Height="30">
    <Cell><Data ss:Type="String">KIRKO</Data></Cell>
    <Cell><Data ss:Type="String">CITY_NAME_23</Data></Cell>
    <Cell><Data ss:Type="String">Fqu'nix</Data></Cell>
    <Cell ss:Index="5"><Data ss:Type="String">These are city names, please transcribe - e.g. to Cyrillic - but do not localize</Data></Cell>
   </Row>
   <Row ss:AutoFitHeight="0" ss:Height="30">
    <Cell><Data ss:Type="String">KIRKO</Data></Cell>
    <Cell><Data ss:Type="String">CITY_NAME_24</Data></Cell>
    <Cell><Data ss:Type="String">For'qu'da</Data></Cell>
    <Cell ss:Index="5"><Data ss:Type="String">These are city names, please transcribe - e.g. to Cyrillic - but do not localize</Data></Cell>
   </Row>
   <Row ss:AutoFitHeight="0" ss:Height="30">
    <Cell><Data ss:Type="String">KIRKO</Data></Cell>
    <Cell><Data ss:Type="String">CITY_NAME_25</Data></Cell>
    <Cell><Data ss:Type="String">Fyx'ko</Data></Cell>
    <Cell ss:Index="5"><Data ss:Type="String">These are city names, please transcribe - e.g. to Cyrillic - but do not localize</Data></Cell>
   </Row>
   <Row ss:AutoFitHeight="0" ss:Height="30">
    <Cell><Data ss:Type="String">KIRKO</Data></Cell>
    <Cell><Data ss:Type="String">CITY_NAME_26</Data></Cell>
    <Cell><Data ss:Type="String">Fza'ri'rix</Data></Cell>
    <Cell ss:Index="5"><Data ss:Type="String">These are city names, please transcribe - e.g. to Cyrillic - but do not localize</Data></Cell>
   </Row>
   <Row ss:AutoFitHeight="0" ss:Height="30">
    <Cell><Data ss:Type="String">KIRKO</Data></Cell>
    <Cell><Data ss:Type="String">CITY_NAME_27</Data></Cell>
    <Cell><Data ss:Type="String">Gro'qiz'do</Data></Cell>
    <Cell ss:Index="5"><Data ss:Type="String">These are city names, please transcribe - e.g. to Cyrillic - but do not localize</Data></Cell>
   </Row>
   <Row ss:AutoFitHeight="0" ss:Height="30">
    <Cell><Data ss:Type="String">KIRKO</Data></Cell>
    <Cell><Data ss:Type="String">CITY_NAME_28</Data></Cell>
    <Cell><Data ss:Type="String">Gzru'da</Data></Cell>
    <Cell ss:Index="5"><Data ss:Type="String">These are city names, please transcribe - e.g. to Cyrillic - but do not localize</Data></Cell>
   </Row>
   <Row ss:AutoFitHeight="0" ss:Height="30">
    <Cell><Data ss:Type="String">KIRKO</Data></Cell>
    <Cell><Data ss:Type="String">CITY_NAME_29</Data></Cell>
    <Cell><Data ss:Type="String">Gyu'ko'ix</Data></Cell>
    <Cell ss:Index="5"><Data ss:Type="String">These are city names, please transcribe - e.g. to Cyrillic - but do not localize</Data></Cell>
   </Row>
   <Row ss:AutoFitHeight="0" ss:Height="30">
    <Cell><Data ss:Type="String">KIRKO</Data></Cell>
    <Cell><Data ss:Type="String">CITY_NAME_30</Data></Cell>
    <Cell><Data ss:Type="String">Ga'ru'da</Data></Cell>
    <Cell ss:Index="5"><Data ss:Type="String">These are city names, please transcribe - e.g. to Cyrillic - but do not localize</Data></Cell>
   </Row>
   <Row ss:AutoFitHeight="0" ss:Height="30">
    <Cell><Data ss:Type="String">KIRKO</Data></Cell>
    <Cell><Data ss:Type="String">CITY_NAME_31</Data></Cell>
    <Cell><Data ss:Type="String">Hiz'ix'il </Data></Cell>
    <Cell ss:Index="5"><Data ss:Type="String">These are city names, please transcribe - e.g. to Cyrillic - but do not localize</Data></Cell>
   </Row>
   <Row ss:AutoFitHeight="0" ss:Height="30">
    <Cell><Data ss:Type="String">KIRKO</Data></Cell>
    <Cell><Data ss:Type="String">CITY_NAME_32</Data></Cell>
    <Cell><Data ss:Type="String">Hqu'ith</Data></Cell>
    <Cell ss:Index="5"><Data ss:Type="String">These are city names, please transcribe - e.g. to Cyrillic - but do not localize</Data></Cell>
   </Row>
   <Row ss:AutoFitHeight="0" ss:Height="30">
    <Cell><Data ss:Type="String">KIRKO</Data></Cell>
    <Cell><Data ss:Type="String">CITY_NAME_33</Data></Cell>
    <Cell><Data ss:Type="String">Haz'y'ra</Data></Cell>
    <Cell ss:Index="5"><Data ss:Type="String">These are city names, please transcribe - e.g. to Cyrillic - but do not localize</Data></Cell>
   </Row>
   <Row ss:AutoFitHeight="0" ss:Height="30">
    <Cell><Data ss:Type="String">KIRKO</Data></Cell>
    <Cell><Data ss:Type="String">CITY_NAME_34</Data></Cell>
    <Cell><Data ss:Type="String">Huv'qu'ko</Data></Cell>
    <Cell ss:Index="5"><Data ss:Type="String">These are city names, please transcribe - e.g. to Cyrillic - but do not localize</Data></Cell>
   </Row>
   <Row ss:AutoFitHeight="0" ss:Height="30">
    <Cell><Data ss:Type="String">KIRKO</Data></Cell>
    <Cell><Data ss:Type="String">CITY_NAME_35</Data></Cell>
    <Cell><Data ss:Type="String">Ix'id'or</Data></Cell>
    <Cell ss:Index="5"><Data ss:Type="String">These are city names, please transcribe - e.g. to Cyrillic - but do not localize</Data></Cell>
   </Row>
   <Row ss:AutoFitHeight="0" ss:Height="30">
    <Cell><Data ss:Type="String">KIRKO</Data></Cell>
    <Cell><Data ss:Type="String">CITY_NAME_36</Data></Cell>
    <Cell><Data ss:Type="String">If'il'ix</Data></Cell>
    <Cell ss:Index="5"><Data ss:Type="String">These are city names, please transcribe - e.g. to Cyrillic - but do not localize</Data></Cell>
   </Row>
   <Row ss:AutoFitHeight="0" ss:Height="30">
    <Cell><Data ss:Type="String">KIRKO</Data></Cell>
    <Cell><Data ss:Type="String">CITY_NAME_37</Data></Cell>
    <Cell><Data ss:Type="String">Iqu'na'to</Data></Cell>
    <Cell ss:Index="5"><Data ss:Type="String">These are city names, please transcribe - e.g. to Cyrillic - but do not localize</Data></Cell>
   </Row>
   <Row ss:AutoFitHeight="0" ss:Height="30">
    <Cell><Data ss:Type="String">KIRKO</Data></Cell>
    <Cell><Data ss:Type="String">CITY_NAME_38</Data></Cell>
    <Cell><Data ss:Type="String">Izz'qu'en</Data></Cell>
    <Cell ss:Index="5"><Data ss:Type="String">These are city names, please transcribe - e.g. to Cyrillic - but do not localize</Data></Cell>
   </Row>
   <Row ss:AutoFitHeight="0" ss:Height="30">
    <Cell><Data ss:Type="String">KIRKO</Data></Cell>
    <Cell><Data ss:Type="String">CITY_NAME_39</Data></Cell>
    <Cell><Data ss:Type="String">Jo'zdr'un</Data></Cell>
    <Cell ss:Index="5"><Data ss:Type="String">These are city names, please transcribe - e.g. to Cyrillic - but do not localize</Data></Cell>
   </Row>
   <Row ss:AutoFitHeight="0" ss:Height="30">
    <Cell><Data ss:Type="String">KIRKO</Data></Cell>
    <Cell><Data ss:Type="String">CITY_NAME_40</Data></Cell>
    <Cell><Data ss:Type="String">Jne'qu'ix</Data></Cell>
    <Cell ss:Index="5"><Data ss:Type="String">These are city names, please transcribe - e.g. to Cyrillic - but do not localize</Data></Cell>
   </Row>
   <Row ss:AutoFitHeight="0" ss:Height="30">
    <Cell><Data ss:Type="String">KIRKO</Data></Cell>
    <Cell><Data ss:Type="String">CITY_NAME_41</Data></Cell>
    <Cell><Data ss:Type="String">Jaq'znu'ko</Data></Cell>
    <Cell ss:Index="5"><Data ss:Type="String">These are city names, please transcribe - e.g. to Cyrillic - but do not localize</Data></Cell>
   </Row>
   <Row ss:AutoFitHeight="0" ss:Height="30">
    <Cell><Data ss:Type="String">KIRKO</Data></Cell>
    <Cell><Data ss:Type="String">CITY_NAME_42</Data></Cell>
    <Cell><Data ss:Type="String">Jhru'ni'da</Data></Cell>
    <Cell ss:Index="5"><Data ss:Type="String">These are city names, please transcribe - e.g. to Cyrillic - but do not localize</Data></Cell>
   </Row>
   <Row ss:AutoFitHeight="0" ss:Height="30">
    <Cell><Data ss:Type="String">KIRKO</Data></Cell>
    <Cell><Data ss:Type="String">CITY_NAME_43</Data></Cell>
    <Cell><Data ss:Type="String">Krz'jm'dz</Data></Cell>
    <Cell ss:Index="5"><Data ss:Type="String">These are city names, please transcribe - e.g. to Cyrillic - but do not localize</Data></Cell>
   </Row>
   <Row ss:AutoFitHeight="0" ss:Height="30">
    <Cell><Data ss:Type="String">KIRKO</Data></Cell>
    <Cell><Data ss:Type="String">CITY_NAME_44</Data></Cell>
    <Cell><Data ss:Type="String">Kqu'drx</Data></Cell>
    <Cell ss:Index="5"><Data ss:Type="String">These are city names, please transcribe - e.g. to Cyrillic - but do not localize</Data></Cell>
   </Row>
   <Row ss:AutoFitHeight="0" ss:Height="30">
    <Cell><Data ss:Type="String">KIRKO</Data></Cell>
    <Cell><Data ss:Type="String">CITY_NAME_45</Data></Cell>
    <Cell><Data ss:Type="String">Kah'rx'ko</Data></Cell>
    <Cell ss:Index="5"><Data ss:Type="String">These are city names, please transcribe - e.g. to Cyrillic - but do not localize</Data></Cell>
   </Row>
   <Row ss:AutoFitHeight="0" ss:Height="30">
    <Cell><Data ss:Type="String">KIRKO</Data></Cell>
    <Cell><Data ss:Type="String">CITY_NAME_46</Data></Cell>
    <Cell><Data ss:Type="String">Kyq'cu'ix</Data></Cell>
    <Cell ss:Index="5"><Data ss:Type="String">These are city names, please transcribe - e.g. to Cyrillic - but do not localize</Data></Cell>
   </Row>
   <Row ss:AutoFitHeight="0" ss:Height="30">
    <Cell><Data ss:Type="String">KIRKO</Data></Cell>
    <Cell><Data ss:Type="String">CITY_NAME_47</Data></Cell>
    <Cell><Data ss:Type="String">Lum'qo'ra</Data></Cell>
    <Cell ss:Index="5"><Data ss:Type="String">These are city names, please transcribe - e.g. to Cyrillic - but do not localize</Data></Cell>
   </Row>
   <Row ss:AutoFitHeight="0" ss:Height="30">
    <Cell><Data ss:Type="String">KIRKO</Data></Cell>
    <Cell><Data ss:Type="String">CITY_NAME_48</Data></Cell>
    <Cell><Data ss:Type="String">Luq'xr'to</Data></Cell>
    <Cell ss:Index="5"><Data ss:Type="String">These are city names, please transcribe - e.g. to Cyrillic - but do not localize</Data></Cell>
   </Row>
   <Row ss:AutoFitHeight="0" ss:Height="30">
    <Cell><Data ss:Type="String">KIRKO</Data></Cell>
    <Cell><Data ss:Type="String">CITY_NAME_49</Data></Cell>
    <Cell><Data ss:Type="String">La'crz</Data></Cell>
    <Cell ss:Index="5"><Data ss:Type="String">These are city names, please transcribe - e.g. to Cyrillic - but do not localize</Data></Cell>
   </Row>
   <Row ss:AutoFitHeight="0" ss:Height="30">
    <Cell><Data ss:Type="String">KIRKO</Data></Cell>
    <Cell><Data ss:Type="String">CITY_NAME_50</Data></Cell>
    <Cell><Data ss:Type="String">Lo'aq'ru</Data></Cell>
    <Cell ss:Index="5"><Data ss:Type="String">These are city names, please transcribe - e.g. to Cyrillic - but do not localize</Data></Cell>
   </Row>
   <Row ss:AutoFitHeight="0" ss:Height="30">
    <Cell><Data ss:Type="String">KIRKO</Data></Cell>
    <Cell><Data ss:Type="String">CITY_NAME_51</Data></Cell>
    <Cell><Data ss:Type="String">My'qu'rx</Data></Cell>
    <Cell ss:Index="5"><Data ss:Type="String">These are city names, please transcribe - e.g. to Cyrillic - but do not localize</Data></Cell>
   </Row>
   <Row ss:AutoFitHeight="0" ss:Height="30">
    <Cell><Data ss:Type="String">KIRKO</Data></Cell>
    <Cell><Data ss:Type="String">CITY_NAME_52</Data></Cell>
    <Cell><Data ss:Type="String">Mhr'ux</Data></Cell>
    <Cell ss:Index="5"><Data ss:Type="String">These are city names, please transcribe - e.g. to Cyrillic - but do not localize</Data></Cell>
   </Row>
   <Row ss:AutoFitHeight="0" ss:Height="30">
    <Cell><Data ss:Type="String">KIRKO</Data></Cell>
    <Cell><Data ss:Type="String">CITY_NAME_53</Data></Cell>
    <Cell><Data ss:Type="String">Mqu'ko</Data></Cell>
    <Cell ss:Index="5"><Data ss:Type="String">These are city names, please transcribe - e.g. to Cyrillic - but do not localize</Data></Cell>
   </Row>
   <Row ss:AutoFitHeight="0" ss:Height="30">
    <Cell><Data ss:Type="String">KIRKO</Data></Cell>
    <Cell><Data ss:Type="String">CITY_NAME_54</Data></Cell>
    <Cell><Data ss:Type="String">Maz'rra</Data></Cell>
    <Cell ss:Index="5"><Data ss:Type="String">These are city names, please transcribe - e.g. to Cyrillic - but do not localize</Data></Cell>
   </Row>
   <Row ss:AutoFitHeight="0" ss:Height="30">
    <Cell><Data ss:Type="String">KIRKO</Data></Cell>
    <Cell><Data ss:Type="String">CITY_NAME_55</Data></Cell>
    <Cell><Data ss:Type="String">Nuy'to</Data></Cell>
    <Cell ss:Index="5"><Data ss:Type="String">These are city names, please transcribe - e.g. to Cyrillic - but do not localize</Data></Cell>
   </Row>
   <Row ss:AutoFitHeight="0" ss:Height="30">
    <Cell><Data ss:Type="String">KIRKO</Data></Cell>
    <Cell><Data ss:Type="String">CITY_NAME_56</Data></Cell>
    <Cell><Data ss:Type="String">Nrh'do</Data></Cell>
    <Cell ss:Index="5"><Data ss:Type="String">These are city names, please transcribe - e.g. to Cyrillic - but do not localize</Data></Cell>
   </Row>
   <Row ss:AutoFitHeight="0" ss:Height="30">
    <Cell><Data ss:Type="String">KIRKO</Data></Cell>
    <Cell><Data ss:Type="String">CITY_NAME_57</Data></Cell>
    <Cell><Data ss:Type="String">Nho'ri'x</Data></Cell>
    <Cell ss:Index="5"><Data ss:Type="String">These are city names, please transcribe - e.g. to Cyrillic - but do not localize</Data></Cell>
   </Row>
   <Row ss:AutoFitHeight="0" ss:Height="30">
    <Cell><Data ss:Type="String">KIRKO</Data></Cell>
    <Cell><Data ss:Type="String">CITY_NAME_58</Data></Cell>
    <Cell><Data ss:Type="String">Njen'qu</Data></Cell>
    <Cell ss:Index="5"><Data ss:Type="String">These are city names, please transcribe - e.g. to Cyrillic - but do not localize</Data></Cell>
   </Row>
   <Row ss:AutoFitHeight="0" ss:Height="30">
    <Cell><Data ss:Type="String">KIRKO</Data></Cell>
    <Cell><Data ss:Type="String">CITY_NAME_59</Data></Cell>
    <Cell><Data ss:Type="String">Ohr'ru'to</Data></Cell>
    <Cell ss:Index="5"><Data ss:Type="String">These are city names, please transcribe - e.g. to Cyrillic - but do not localize</Data></Cell>
   </Row>
   <Row ss:AutoFitHeight="0" ss:Height="30">
    <Cell><Data ss:Type="String">KIRKO</Data></Cell>
    <Cell><Data ss:Type="String">CITY_NAME_60</Data></Cell>
    <Cell><Data ss:Type="String">Omr'ko</Data></Cell>
    <Cell ss:Index="5"><Data ss:Type="String">These are city names, please transcribe - e.g. to Cyrillic - but do not localize</Data></Cell>
   </Row>
   <Row ss:AutoFitHeight="0" ss:Height="30">
    <Cell><Data ss:Type="String">KIRKO</Data></Cell>
    <Cell><Data ss:Type="String">CITY_NAME_61</Data></Cell>
    <Cell><Data ss:Type="String">Ozq'rx</Data></Cell>
    <Cell ss:Index="5"><Data ss:Type="String">These are city names, please transcribe - e.g. to Cyrillic - but do not localize</Data></Cell>
   </Row>
   <Row ss:AutoFitHeight="0" ss:Height="30">
    <Cell><Data ss:Type="String">KIRKO</Data></Cell>
    <Cell><Data ss:Type="String">CITY_NAME_62</Data></Cell>
    <Cell><Data ss:Type="String">Owq'u'ril</Data></Cell>
    <Cell ss:Index="5"><Data ss:Type="String">These are city names, please transcribe - e.g. to Cyrillic - but do not localize</Data></Cell>
   </Row>
   <Row ss:AutoFitHeight="0" ss:Height="30">
    <Cell><Data ss:Type="String">KIRKO</Data></Cell>
    <Cell><Data ss:Type="String">CITY_NAME_63</Data></Cell>
    <Cell><Data ss:Type="String">Qui'rx</Data></Cell>
    <Cell ss:Index="5"><Data ss:Type="String">These are city names, please transcribe - e.g. to Cyrillic - but do not localize</Data></Cell>
   </Row>
   <Row ss:AutoFitHeight="0" ss:Height="30">
    <Cell><Data ss:Type="String">KIRKO</Data></Cell>
    <Cell><Data ss:Type="String">CITY_NAME_64</Data></Cell>
    <Cell><Data ss:Type="String">Qwx'r</Data></Cell>
    <Cell ss:Index="5"><Data ss:Type="String">These are city names, please transcribe - e.g. to Cyrillic - but do not localize</Data></Cell>
   </Row>
   <Row ss:AutoFitHeight="0" ss:Height="30">
    <Cell><Data ss:Type="String">KIRKO</Data></Cell>
    <Cell><Data ss:Type="String">CITY_NAME_65</Data></Cell>
    <Cell><Data ss:Type="String">Qru'to'ril</Data></Cell>
    <Cell ss:Index="5"><Data ss:Type="String">These are city names, please transcribe - e.g. to Cyrillic - but do not localize</Data></Cell>
   </Row>
   <Row ss:AutoFitHeight="0" ss:Height="30">
    <Cell><Data ss:Type="String">KIRKO</Data></Cell>
    <Cell><Data ss:Type="String">CITY_NAME_66</Data></Cell>
    <Cell><Data ss:Type="String">Qro'til</Data></Cell>
    <Cell ss:Index="5"><Data ss:Type="String">These are city names, please transcribe - e.g. to Cyrillic - but do not localize</Data></Cell>
   </Row>
   <Row ss:AutoFitHeight="0" ss:Height="30">
    <Cell><Data ss:Type="String">KIRKO</Data></Cell>
    <Cell><Data ss:Type="String">CITY_NAME_67</Data></Cell>
    <Cell><Data ss:Type="String">Rzz'da'q</Data></Cell>
    <Cell ss:Index="5"><Data ss:Type="String">These are city names, please transcribe - e.g. to Cyrillic - but do not localize</Data></Cell>
   </Row>
   <Row ss:AutoFitHeight="0" ss:Height="30">
    <Cell><Data ss:Type="String">KIRKO</Data></Cell>
    <Cell><Data ss:Type="String">CITY_NAME_68</Data></Cell>
    <Cell><Data ss:Type="String">Rqu'ko'rx</Data></Cell>
    <Cell ss:Index="5"><Data ss:Type="String">These are city names, please transcribe - e.g. to Cyrillic - but do not localize</Data></Cell>
   </Row>
   <Row ss:AutoFitHeight="0" ss:Height="30">
    <Cell><Data ss:Type="String">KIRKO</Data></Cell>
    <Cell><Data ss:Type="String">CITY_NAME_69</Data></Cell>
    <Cell><Data ss:Type="String">Ri'mx'ko</Data></Cell>
    <Cell ss:Index="5"><Data ss:Type="String">These are city names, please transcribe - e.g. to Cyrillic - but do not localize</Data></Cell>
   </Row>
   <Row ss:AutoFitHeight="0" ss:Height="30">
    <Cell><Data ss:Type="String">KIRKO</Data></Cell>
    <Cell><Data ss:Type="String">CITY_NAME_70</Data></Cell>
    <Cell><Data ss:Type="String">Rro'sni'x</Data></Cell>
    <Cell ss:Index="5"><Data ss:Type="String">These are city names, please transcribe - e.g. to Cyrillic - but do not localize</Data></Cell>
   </Row>
   <Row ss:AutoFitHeight="0" ss:Height="30">
    <Cell><Data ss:Type="String">KIRKO</Data></Cell>
    <Cell><Data ss:Type="String">CITY_NAME_71</Data></Cell>
    <Cell><Data ss:Type="String">Szz'ni'x</Data></Cell>
    <Cell ss:Index="5"><Data ss:Type="String">These are city names, please transcribe - e.g. to Cyrillic - but do not localize</Data></Cell>
   </Row>
   <Row ss:AutoFitHeight="0" ss:Height="30">
    <Cell><Data ss:Type="String">KIRKO</Data></Cell>
    <Cell><Data ss:Type="String">CITY_NAME_72</Data></Cell>
    <Cell><Data ss:Type="String">Sq'ry'ko</Data></Cell>
    <Cell ss:Index="5"><Data ss:Type="String">These are city names, please transcribe - e.g. to Cyrillic - but do not localize</Data></Cell>
   </Row>
   <Row ss:AutoFitHeight="0" ss:Height="30">
    <Cell><Data ss:Type="String">KIRKO</Data></Cell>
    <Cell><Data ss:Type="String">CITY_NAME_73</Data></Cell>
    <Cell><Data ss:Type="String">Sx'qu'ro</Data></Cell>
    <Cell ss:Index="5"><Data ss:Type="String">These are city names, please transcribe - e.g. to Cyrillic - but do not localize</Data></Cell>
   </Row>
   <Row ss:AutoFitHeight="0" ss:Height="30">
    <Cell><Data ss:Type="String">KIRKO</Data></Cell>
    <Cell><Data ss:Type="String">CITY_NAME_74</Data></Cell>
    <Cell><Data ss:Type="String">Sur'rx</Data></Cell>
    <Cell ss:Index="5"><Data ss:Type="String">These are city names, please transcribe - e.g. to Cyrillic - but do not localize</Data></Cell>
   </Row>
   <Row ss:AutoFitHeight="0" ss:Height="30">
    <Cell><Data ss:Type="String">KIRKO</Data></Cell>
    <Cell><Data ss:Type="String">CITY_NAME_75</Data></Cell>
    <Cell><Data ss:Type="String">Tzu'ri'nix</Data></Cell>
    <Cell ss:Index="5"><Data ss:Type="String">These are city names, please transcribe - e.g. to Cyrillic - but do not localize</Data></Cell>
   </Row>
   <Row ss:AutoFitHeight="0" ss:Height="30">
    <Cell><Data ss:Type="String">KIRKO</Data></Cell>
    <Cell><Data ss:Type="String">CITY_NAME_76</Data></Cell>
    <Cell><Data ss:Type="String">Tx'qril</Data></Cell>
    <Cell ss:Index="5"><Data ss:Type="String">These are city names, please transcribe - e.g. to Cyrillic - but do not localize</Data></Cell>
   </Row>
   <Row ss:AutoFitHeight="0" ss:Height="30">
    <Cell><Data ss:Type="String">KIRKO</Data></Cell>
    <Cell><Data ss:Type="String">CITY_NAME_77</Data></Cell>
    <Cell><Data ss:Type="String">Trr'qu'ix</Data></Cell>
    <Cell ss:Index="5"><Data ss:Type="String">These are city names, please transcribe - e.g. to Cyrillic - but do not localize</Data></Cell>
   </Row>
   <Row ss:AutoFitHeight="0" ss:Height="30">
    <Cell><Data ss:Type="String">KIRKO</Data></Cell>
    <Cell><Data ss:Type="String">CITY_NAME_78</Data></Cell>
    <Cell><Data ss:Type="String">Tvx'ko'ril</Data></Cell>
    <Cell ss:Index="5"><Data ss:Type="String">These are city names, please transcribe - e.g. to Cyrillic - but do not localize</Data></Cell>
   </Row>
   <Row ss:AutoFitHeight="0" ss:Height="30">
    <Cell><Data ss:Type="String">KIRKO</Data></Cell>
    <Cell><Data ss:Type="String">CITY_NAME_79</Data></Cell>
    <Cell><Data ss:Type="String">Uq'nx'ril</Data></Cell>
    <Cell ss:Index="5"><Data ss:Type="String">These are city names, please transcribe - e.g. to Cyrillic - but do not localize</Data></Cell>
   </Row>
   <Row ss:AutoFitHeight="0" ss:Height="30">
    <Cell><Data ss:Type="String">KIRKO</Data></Cell>
    <Cell><Data ss:Type="String">CITY_NAME_80</Data></Cell>
    <Cell><Data ss:Type="String">Urr'x</Data></Cell>
    <Cell ss:Index="5"><Data ss:Type="String">These are city names, please transcribe - e.g. to Cyrillic - but do not localize</Data></Cell>
   </Row>
   <Row ss:AutoFitHeight="0" ss:Height="30">
    <Cell><Data ss:Type="String">KIRKO</Data></Cell>
    <Cell><Data ss:Type="String">CITY_NAME_81</Data></Cell>
    <Cell><Data ss:Type="String">Un'b'to</Data></Cell>
    <Cell ss:Index="5"><Data ss:Type="String">These are city names, please transcribe - e.g. to Cyrillic - but do not localize</Data></Cell>
   </Row>
   <Row ss:AutoFitHeight="0" ss:Height="30">
    <Cell><Data ss:Type="String">KIRKO</Data></Cell>
    <Cell><Data ss:Type="String">CITY_NAME_82</Data></Cell>
    <Cell><Data ss:Type="String">Ux'rr'ko</Data></Cell>
    <Cell ss:Index="5"><Data ss:Type="String">These are city names, please transcribe - e.g. to Cyrillic - but do not localize</Data></Cell>
   </Row>
   <Row ss:AutoFitHeight="0" ss:Height="30">
    <Cell><Data ss:Type="String">KIRKO</Data></Cell>
    <Cell><Data ss:Type="String">CITY_NAME_83</Data></Cell>
    <Cell><Data ss:Type="String">Vyn'x'ril</Data></Cell>
    <Cell ss:Index="5"><Data ss:Type="String">These are city names, please transcribe - e.g. to Cyrillic - but do not localize</Data></Cell>
   </Row>
   <Row ss:AutoFitHeight="0" ss:Height="30">
    <Cell><Data ss:Type="String">KIRKO</Data></Cell>
    <Cell><Data ss:Type="String">CITY_NAME_84</Data></Cell>
    <Cell><Data ss:Type="String">Vax'ny'da</Data></Cell>
    <Cell ss:Index="5"><Data ss:Type="String">These are city names, please transcribe - e.g. to Cyrillic - but do not localize</Data></Cell>
   </Row>
   <Row ss:AutoFitHeight="0" ss:Height="30">
    <Cell><Data ss:Type="String">KIRKO</Data></Cell>
    <Cell><Data ss:Type="String">CITY_NAME_85</Data></Cell>
    <Cell><Data ss:Type="String">Vx'al'ril</Data></Cell>
    <Cell ss:Index="5"><Data ss:Type="String">These are city names, please transcribe - e.g. to Cyrillic - but do not localize</Data></Cell>
   </Row>
   <Row ss:AutoFitHeight="0" ss:Height="30">
    <Cell><Data ss:Type="String">KIRKO</Data></Cell>
    <Cell><Data ss:Type="String">CITY_NAME_86</Data></Cell>
    <Cell><Data ss:Type="String">Vqu'rx</Data></Cell>
    <Cell ss:Index="5"><Data ss:Type="String">These are city names, please transcribe - e.g. to Cyrillic - but do not localize</Data></Cell>
   </Row>
   <Row ss:AutoFitHeight="0" ss:Height="30">
    <Cell><Data ss:Type="String">KIRKO</Data></Cell>
    <Cell><Data ss:Type="String">CITY_NAME_87</Data></Cell>
    <Cell><Data ss:Type="String">Wrz'nq'da</Data></Cell>
    <Cell ss:Index="5"><Data ss:Type="String">These are city names, please transcribe - e.g. to Cyrillic - but do not localize</Data></Cell>
   </Row>
   <Row ss:AutoFitHeight="0" ss:Height="30">
    <Cell><Data ss:Type="String">KIRKO</Data></Cell>
    <Cell><Data ss:Type="String">CITY_NAME_88</Data></Cell>
    <Cell><Data ss:Type="String">Whn'qril</Data></Cell>
    <Cell ss:Index="5"><Data ss:Type="String">These are city names, please transcribe - e.g. to Cyrillic - but do not localize</Data></Cell>
   </Row>
   <Row ss:AutoFitHeight="0" ss:Height="30">
    <Cell><Data ss:Type="String">KIRKO</Data></Cell>
    <Cell><Data ss:Type="String">CITY_NAME_89</Data></Cell>
    <Cell><Data ss:Type="String">Wz'nnx'to</Data></Cell>
    <Cell ss:Index="5"><Data ss:Type="String">These are city names, please transcribe - e.g. to Cyrillic - but do not localize</Data></Cell>
   </Row>
   <Row ss:AutoFitHeight="0" ss:Height="30">
    <Cell><Data ss:Type="String">KIRKO</Data></Cell>
    <Cell><Data ss:Type="String">CITY_NAME_90</Data></Cell>
    <Cell><Data ss:Type="String">Wdr'ill</Data></Cell>
    <Cell ss:Index="5"><Data ss:Type="String">These are city names, please transcribe - e.g. to Cyrillic - but do not localize</Data></Cell>
   </Row>
   <Row ss:AutoFitHeight="0" ss:Height="30">
    <Cell><Data ss:Type="String">KIRKO</Data></Cell>
    <Cell><Data ss:Type="String">CITY_NAME_91</Data></Cell>
    <Cell><Data ss:Type="String">Xyr'ko</Data></Cell>
    <Cell ss:Index="5"><Data ss:Type="String">These are city names, please transcribe - e.g. to Cyrillic - but do not localize</Data></Cell>
   </Row>
   <Row ss:AutoFitHeight="0" ss:Height="30">
    <Cell><Data ss:Type="String">KIRKO</Data></Cell>
    <Cell><Data ss:Type="String">CITY_NAME_92</Data></Cell>
    <Cell><Data ss:Type="String">Xl'ra'to</Data></Cell>
    <Cell ss:Index="5"><Data ss:Type="String">These are city names, please transcribe - e.g. to Cyrillic - but do not localize</Data></Cell>
   </Row>
   <Row ss:AutoFitHeight="0" ss:Height="30">
    <Cell><Data ss:Type="String">KIRKO</Data></Cell>
    <Cell><Data ss:Type="String">CITY_NAME_93</Data></Cell>
    <Cell><Data ss:Type="String">Xna'ril</Data></Cell>
    <Cell ss:Index="5"><Data ss:Type="String">These are city names, please transcribe - e.g. to Cyrillic - but do not localize</Data></Cell>
   </Row>
   <Row ss:AutoFitHeight="0" ss:Height="30">
    <Cell><Data ss:Type="String">KIRKO</Data></Cell>
    <Cell><Data ss:Type="String">CITY_NAME_94</Data></Cell>
    <Cell><Data ss:Type="String">Xvr'do</Data></Cell>
    <Cell ss:Index="5"><Data ss:Type="String">These are city names, please transcribe - e.g. to Cyrillic - but do not localize</Data></Cell>
   </Row>
   <Row ss:AutoFitHeight="0" ss:Height="30">
    <Cell><Data ss:Type="String">KIRKO</Data></Cell>
    <Cell><Data ss:Type="String">CITY_NAME_95</Data></Cell>
    <Cell><Data ss:Type="String">Yq'drr'ko</Data></Cell>
    <Cell ss:Index="5"><Data ss:Type="String">These are city names, please transcribe - e.g. to Cyrillic - but do not localize</Data></Cell>
   </Row>
   <Row ss:AutoFitHeight="0" ss:Height="30">
    <Cell><Data ss:Type="String">KIRKO</Data></Cell>
    <Cell><Data ss:Type="String">CITY_NAME_96</Data></Cell>
    <Cell><Data ss:Type="String">Yvx'ril</Data></Cell>
    <Cell ss:Index="5"><Data ss:Type="String">These are city names, please transcribe - e.g. to Cyrillic - but do not localize</Data></Cell>
   </Row>
   <Row ss:AutoFitHeight="0" ss:Height="30">
    <Cell><Data ss:Type="String">KIRKO</Data></Cell>
    <Cell><Data ss:Type="String">CITY_NAME_97</Data></Cell>
    <Cell><Data ss:Type="String">Yvn'drr</Data></Cell>
    <Cell ss:Index="5"><Data ss:Type="String">These are city names, please transcribe - e.g. to Cyrillic - but do not localize</Data></Cell>
   </Row>
   <Row ss:AutoFitHeight="0" ss:Height="30">
    <Cell><Data ss:Type="String">KIRKO</Data></Cell>
    <Cell><Data ss:Type="String">CITY_NAME_98</Data></Cell>
    <Cell><Data ss:Type="String">Ydrx'to</Data></Cell>
    <Cell ss:Index="5"><Data ss:Type="String">These are city names, please transcribe - e.g. to Cyrillic - but do not localize</Data></Cell>
   </Row>
   <Row ss:AutoFitHeight="0" ss:Height="30">
    <Cell><Data ss:Type="String">KIRKO</Data></Cell>
    <Cell><Data ss:Type="String">CITY_NAME_99</Data></Cell>
    <Cell><Data ss:Type="String">Zrr'ko'ril</Data></Cell>
    <Cell ss:Index="5"><Data ss:Type="String">These are city names, please transcribe - e.g. to Cyrillic - but do not localize</Data></Cell>
   </Row>
   <Row ss:Index="103" ss:AutoFitHeight="0" ss:Height="30">
    <Cell><Data ss:Type="String">KIRKO</Data></Cell>
    <Cell><Data ss:Type="String">UNIT_NAME_01</Data></Cell>
    <Cell><Data ss:Type="String">Senhor da Horda</Data></Cell>
    <Cell ss:Index="5"><Data ss:Type="String">These are names given to units which have mods - improvements, like explosive ammo - applied to them.</Data></Cell>
   </Row>
   <Row ss:AutoFitHeight="0" ss:Height="30">
    <Cell><Data ss:Type="String">KIRKO</Data></Cell>
    <Cell><Data ss:Type="String">UNIT_NAME_02</Data></Cell>
    <Cell><Data ss:Type="String">Guardião da Colmeia</Data></Cell>
    <Cell ss:Index="5"><Data ss:Type="String">These are names given to units which have mods - improvements, like explosive ammo - applied to them.</Data></Cell>
   </Row>
   <Row ss:AutoFitHeight="0" ss:Height="30">
    <Cell><Data ss:Type="String">KIRKO</Data></Cell>
    <Cell><Data ss:Type="String">UNIT_NAME_03</Data></Cell>
    <Cell><Data ss:Type="String">Guerreiro</Data></Cell>
    <Cell ss:Index="5"><Data ss:Type="String">These are names given to units which have mods - improvements, like explosive ammo - applied to them.</Data></Cell>
   </Row>
   <Row ss:AutoFitHeight="0" ss:Height="30">
    <Cell><Data ss:Type="String">KIRKO</Data></Cell>
    <Cell><Data ss:Type="String">UNIT_NAME_04</Data></Cell>
    <Cell><Data ss:Type="String">Caçador</Data></Cell>
    <Cell ss:Index="5"><Data ss:Type="String">These are names given to units which have mods - improvements, like explosive ammo - applied to them.</Data></Cell>
   </Row>
   <Row ss:AutoFitHeight="0" ss:Height="30">
    <Cell><Data ss:Type="String">KIRKO</Data></Cell>
    <Cell><Data ss:Type="String">UNIT_NAME_05</Data></Cell>
    <Cell><Data ss:Type="String">Aracnídeo</Data></Cell>
    <Cell ss:Index="5"><Data ss:Type="String">These are names given to units which have mods - improvements, like explosive ammo - applied to them.</Data></Cell>
   </Row>
   <Row ss:AutoFitHeight="0" ss:Height="30">
    <Cell><Data ss:Type="String">KIRKO</Data></Cell>
    <Cell><Data ss:Type="String">UNIT_NAME_06</Data></Cell>
    <Cell><Data ss:Type="String">Devorador</Data></Cell>
    <Cell ss:Index="5"><Data ss:Type="String">These are names given to units which have mods - improvements, like explosive ammo - applied to them.</Data></Cell>
   </Row>
   <Row ss:AutoFitHeight="0" ss:Height="30">
    <Cell><Data ss:Type="String">KIRKO</Data></Cell>
    <Cell><Data ss:Type="String">UNIT_NAME_07</Data></Cell>
    <Cell><Data ss:Type="String">Estripador</Data></Cell>
    <Cell ss:Index="5"><Data ss:Type="String">These are names given to units which have mods - improvements, like explosive ammo - applied to them.</Data></Cell>
   </Row>
   <Row ss:AutoFitHeight="0" ss:Height="30">
    <Cell><Data ss:Type="String">KIRKO</Data></Cell>
    <Cell><Data ss:Type="String">UNIT_NAME_08</Data></Cell>
    <Cell><Data ss:Type="String">Venenoso</Data></Cell>
    <Cell ss:Index="5"><Data ss:Type="String">These are names given to units which have mods - improvements, like explosive ammo - applied to them.</Data></Cell>
   </Row>
   <Row ss:AutoFitHeight="0" ss:Height="30">
    <Cell><Data ss:Type="String">KIRKO</Data></Cell>
    <Cell><Data ss:Type="String">UNIT_NAME_09</Data></Cell>
    <Cell><Data ss:Type="String">Terrível</Data></Cell>
    <Cell ss:Index="5"><Data ss:Type="String">These are names given to units which have mods - improvements, like explosive ammo - applied to them.</Data></Cell>
   </Row>
   <Row ss:AutoFitHeight="0" ss:Height="30">
    <Cell><Data ss:Type="String">KIRKO</Data></Cell>
    <Cell><Data ss:Type="String">UNIT_NAME_10</Data></Cell>
    <Cell><Data ss:Type="String">Crisálida</Data></Cell>
    <Cell ss:Index="5"><Data ss:Type="String">These are names given to units which have mods - improvements, like explosive ammo - applied to them.</Data></Cell>
   </Row>
   <Row ss:AutoFitHeight="0" ss:Height="30">
    <Cell><Data ss:Type="String">KIRKO</Data></Cell>
    <Cell><Data ss:Type="String">UNIT_NAME_11</Data></Cell>
    <Cell><Data ss:Type="String">Vaga-lume</Data></Cell>
    <Cell ss:Index="5"><Data ss:Type="String">These are names given to units which have mods - improvements, like explosive ammo - applied to them.</Data></Cell>
   </Row>
   <Row ss:AutoFitHeight="0" ss:Height="30">
    <Cell><Data ss:Type="String">KIRKO</Data></Cell>
    <Cell><Data ss:Type="String">UNIT_NAME_12</Data></Cell>
    <Cell><Data ss:Type="String">Senhor da Colmeia</Data></Cell>
    <Cell ss:Index="5"><Data ss:Type="String">These are names given to units which have mods - improvements, like explosive ammo - applied to them.</Data></Cell>
   </Row>
   <Row ss:AutoFitHeight="0" ss:Height="30">
    <Cell><Data ss:Type="String">KIRKO</Data></Cell>
    <Cell><Data ss:Type="String">UNIT_NAME_13</Data></Cell>
    <Cell><Data ss:Type="String">Evoluído</Data></Cell>
    <Cell ss:Index="5"><Data ss:Type="String">These are names given to units which have mods - improvements, like explosive ammo - applied to them.</Data></Cell>
   </Row>
   <Row ss:AutoFitHeight="0" ss:Height="30">
    <Cell><Data ss:Type="String">KIRKO</Data></Cell>
    <Cell><Data ss:Type="String">UNIT_NAME_14</Data></Cell>
    <Cell><Data ss:Type="String">Alfa</Data></Cell>
    <Cell ss:Index="5"><Data ss:Type="String">These are names given to units which have mods - improvements, like explosive ammo - applied to them.</Data></Cell>
   </Row>
   <Row ss:AutoFitHeight="0" ss:Height="30">
    <Cell><Data ss:Type="String">KIRKO</Data></Cell>
    <Cell><Data ss:Type="String">UNIT_NAME_15</Data></Cell>
    <Cell><Data ss:Type="String">Ápice</Data></Cell>
    <Cell ss:Index="5"><Data ss:Type="String">These are names given to units which have mods - improvements, like explosive ammo - applied to them.</Data></Cell>
   </Row>
   <Row ss:AutoFitHeight="0" ss:Height="30">
    <Cell><Data ss:Type="String">KIRKO</Data></Cell>
    <Cell><Data ss:Type="String">UNIT_NAME_16</Data></Cell>
    <Cell><Data ss:Type="String">Predador</Data></Cell>
    <Cell ss:Index="5"><Data ss:Type="String">These are names given to units which have mods - improvements, like explosive ammo - applied to them.</Data></Cell>
   </Row>
   <Row ss:AutoFitHeight="0" ss:Height="30">
    <Cell><Data ss:Type="String">KIRKO</Data></Cell>
    <Cell><Data ss:Type="String">UNIT_NAME_17</Data></Cell>
    <Cell><Data ss:Type="String">Beta</Data></Cell>
    <Cell ss:Index="5"><Data ss:Type="String">These are names given to units which have mods - improvements, like explosive ammo - applied to them.</Data></Cell>
   </Row>
   <Row ss:AutoFitHeight="0" ss:Height="30">
    <Cell><Data ss:Type="String">KIRKO</Data></Cell>
    <Cell><Data ss:Type="String">UNIT_NAME_18</Data></Cell>
    <Cell><Data ss:Type="String">Basilisco</Data></Cell>
    <Cell ss:Index="5"><Data ss:Type="String">These are names given to units which have mods - improvements, like explosive ammo - applied to them.</Data></Cell>
   </Row>
   <Row ss:AutoFitHeight="0" ss:Height="30">
    <Cell><Data ss:Type="String">KIRKO</Data></Cell>
    <Cell><Data ss:Type="String">UNIT_NAME_19</Data></Cell>
    <Cell><Data ss:Type="String">Vespa</Data></Cell>
    <Cell ss:Index="5"><Data ss:Type="String">These are names given to units which have mods - improvements, like explosive ammo - applied to them.</Data></Cell>
   </Row>
   <Row ss:AutoFitHeight="0" ss:Height="30">
    <Cell><Data ss:Type="String">KIRKO</Data></Cell>
    <Cell><Data ss:Type="String">UNIT_NAME_20</Data></Cell>
    <Cell><Data ss:Type="String">Brilhante</Data></Cell>
    <Cell ss:Index="5"><Data ss:Type="String">These are names given to units which have mods - improvements, like explosive ammo - applied to them.</Data></Cell>
   </Row>
   <Row ss:AutoFitHeight="0" ss:Height="30">
    <Cell><Data ss:Type="String">KIRKO</Data></Cell>
    <Cell><Data ss:Type="String">UNIT_NAME_21</Data></Cell>
    <Cell><Data ss:Type="String">Bílis</Data></Cell>
    <Cell ss:Index="5"><Data ss:Type="String">These are names given to units which have mods - improvements, like explosive ammo - applied to them.</Data></Cell>
   </Row>
   <Row ss:AutoFitHeight="0" ss:Height="30">
    <Cell><Data ss:Type="String">KIRKO</Data></Cell>
    <Cell><Data ss:Type="String">UNIT_NAME_22</Data></Cell>
    <Cell><Data ss:Type="String">Cromático</Data></Cell>
    <Cell ss:Index="5"><Data ss:Type="String">These are names given to units which have mods - improvements, like explosive ammo - applied to them.</Data></Cell>
   </Row>
   <Row ss:AutoFitHeight="0" ss:Height="30">
    <Cell><Data ss:Type="String">KIRKO</Data></Cell>
    <Cell><Data ss:Type="String">UNIT_NAME_23</Data></Cell>
    <Cell><Data ss:Type="String">Cósmido</Data></Cell>
    <Cell ss:Index="5"><Data ss:Type="String">These are names given to units which have mods - improvements, like explosive ammo - applied to them.</Data></Cell>
   </Row>
   <Row ss:AutoFitHeight="0" ss:Height="30">
    <Cell><Data ss:Type="String">KIRKO</Data></Cell>
    <Cell><Data ss:Type="String">UNIT_NAME_24</Data></Cell>
    <Cell><Data ss:Type="String">Mutágeno</Data></Cell>
    <Cell ss:Index="5"><Data ss:Type="String">These are names given to units which have mods - improvements, like explosive ammo - applied to them.</Data></Cell>
   </Row>
   <Row ss:AutoFitHeight="0" ss:Height="30">
    <Cell><Data ss:Type="String">KIRKO</Data></Cell>
    <Cell><Data ss:Type="String">UNIT_NAME_25</Data></Cell>
    <Cell><Data ss:Type="String">Hélice</Data></Cell>
    <Cell ss:Index="5"><Data ss:Type="String">These are names given to units which have mods - improvements, like explosive ammo - applied to them.</Data></Cell>
   </Row>
   <Row ss:AutoFitHeight="0" ss:Height="30">
    <Cell><Data ss:Type="String">KIRKO</Data></Cell>
    <Cell><Data ss:Type="String">UNIT_NAME_26</Data></Cell>
    <Cell><Data ss:Type="String">Diade</Data></Cell>
    <Cell ss:Index="5"><Data ss:Type="String">These are names given to units which have mods - improvements, like explosive ammo - applied to them.</Data></Cell>
   </Row>
   <Row ss:AutoFitHeight="0" ss:Height="30">
    <Cell><Data ss:Type="String">KIRKO</Data></Cell>
    <Cell><Data ss:Type="String">UNIT_NAME_27</Data></Cell>
    <Cell><Data ss:Type="String">Quiral</Data></Cell>
    <Cell ss:Index="5"><Data ss:Type="String">These are names given to units which have mods - improvements, like explosive ammo - applied to them.</Data></Cell>
   </Row>
   <Row ss:AutoFitHeight="0" ss:Height="30">
    <Cell><Data ss:Type="String">KIRKO</Data></Cell>
    <Cell><Data ss:Type="String">UNIT_NAME_28</Data></Cell>
    <Cell><Data ss:Type="String">Éxon</Data></Cell>
    <Cell ss:Index="5"><Data ss:Type="String">These are names given to units which have mods - improvements, like explosive ammo - applied to them.</Data></Cell>
   </Row>
   <Row ss:AutoFitHeight="0" ss:Height="30">
    <Cell><Data ss:Type="String">KIRKO</Data></Cell>
    <Cell><Data ss:Type="String">UNIT_NAME_29</Data></Cell>
    <Cell><Data ss:Type="String">Splicado</Data></Cell>
    <Cell ss:Index="5"><Data ss:Type="String">These are names given to units which have mods - improvements, like explosive ammo - applied to them.</Data></Cell>
   </Row>
   <Row ss:AutoFitHeight="0" ss:Height="30">
    <Cell><Data ss:Type="String">KIRKO</Data></Cell>
    <Cell><Data ss:Type="String">UNIT_NAME_30</Data></Cell>
    <Cell><Data ss:Type="String">Híbrido</Data></Cell>
    <Cell ss:Index="5"><Data ss:Type="String">These are names given to units which have mods - improvements, like explosive ammo - applied to them.</Data></Cell>
   </Row>
   <Row ss:AutoFitHeight="0" ss:Height="30">
    <Cell><Data ss:Type="String">KIRKO</Data></Cell>
    <Cell><Data ss:Type="String">UNIT_NAME_31</Data></Cell>
    <Cell><Data ss:Type="String">Isômero</Data></Cell>
    <Cell ss:Index="5"><Data ss:Type="String">These are names given to units which have mods - improvements, like explosive ammo - applied to them.</Data></Cell>
   </Row>
   <Row ss:AutoFitHeight="0" ss:Height="30">
    <Cell><Data ss:Type="String">KIRKO</Data></Cell>
    <Cell><Data ss:Type="String">UNIT_NAME_32</Data></Cell>
    <Cell><Data ss:Type="String">Supervisor</Data></Cell>
    <Cell ss:Index="5"><Data ss:Type="String">These are names given to units which have mods - improvements, like explosive ammo - applied to them.</Data></Cell>
   </Row>
   <Row ss:AutoFitHeight="0" ss:Height="30">
    <Cell><Data ss:Type="String">KIRKO</Data></Cell>
    <Cell><Data ss:Type="String">UNIT_NAME_33</Data></Cell>
    <Cell><Data ss:Type="String">Sobrevivente</Data></Cell>
    <Cell ss:Index="5"><Data ss:Type="String">These are names given to units which have mods - improvements, like explosive ammo - applied to them.</Data></Cell>
   </Row>
   <Row ss:AutoFitHeight="0" ss:Height="30">
    <Cell><Data ss:Type="String">KIRKO</Data></Cell>
    <Cell><Data ss:Type="String">UNIT_NAME_34</Data></Cell>
    <Cell><Data ss:Type="String">Navegador</Data></Cell>
    <Cell ss:Index="5"><Data ss:Type="String">These are names given to units which have mods - improvements, like explosive ammo - applied to them.</Data></Cell>
   </Row>
   <Row ss:AutoFitHeight="0" ss:Height="30">
    <Cell><Data ss:Type="String">KIRKO</Data></Cell>
    <Cell><Data ss:Type="String">UNIT_NAME_35</Data></Cell>
    <Cell><Data ss:Type="String">Unificado</Data></Cell>
    <Cell ss:Index="5"><Data ss:Type="String">These are names given to units which have mods - improvements, like explosive ammo - applied to them.</Data></Cell>
   </Row>
   <Row ss:AutoFitHeight="0" ss:Height="30">
    <Cell><Data ss:Type="String">KIRKO</Data></Cell>
    <Cell><Data ss:Type="String">UNIT_NAME_36</Data></Cell>
    <Cell><Data ss:Type="String">Orientador</Data></Cell>
    <Cell ss:Index="5"><Data ss:Type="String">These are names given to units which have mods - improvements, like explosive ammo - applied to them.</Data></Cell>
   </Row>
   <Row ss:AutoFitHeight="0" ss:Height="30">
    <Cell><Data ss:Type="String">KIRKO</Data></Cell>
    <Cell><Data ss:Type="String">UNIT_NAME_37</Data></Cell>
    <Cell><Data ss:Type="String">Adepto</Data></Cell>
    <Cell ss:Index="5"><Data ss:Type="String">These are names given to units which have mods - improvements, like explosive ammo - applied to them.</Data></Cell>
   </Row>
   <Row ss:AutoFitHeight="0" ss:Height="30">
    <Cell><Data ss:Type="String">KIRKO</Data></Cell>
    <Cell><Data ss:Type="String">UNIT_NAME_38</Data></Cell>
    <Cell><Data ss:Type="String">Rastreador</Data></Cell>
    <Cell ss:Index="5"><Data ss:Type="String">These are names given to units which have mods - improvements, like explosive ammo - applied to them.</Data></Cell>
   </Row>
   <Row ss:AutoFitHeight="0" ss:Height="30">
    <Cell><Data ss:Type="String">KIRKO</Data></Cell>
    <Cell><Data ss:Type="String">UNIT_NAME_39</Data></Cell>
    <Cell><Data ss:Type="String">Bugado</Data></Cell>
    <Cell ss:Index="5"><Data ss:Type="String">These are names given to units which have mods - improvements, like explosive ammo - applied to them.</Data></Cell>
   </Row>
   <Row ss:AutoFitHeight="0" ss:Height="30">
    <Cell><Data ss:Type="String">KIRKO</Data></Cell>
    <Cell><Data ss:Type="String">UNIT_NAME_40</Data></Cell>
    <Cell><Data ss:Type="String">Rastejante</Data></Cell>
    <Cell ss:Index="5"><Data ss:Type="String">These are names given to units which have mods - improvements, like explosive ammo - applied to them.</Data></Cell>
   </Row>
   <Row ss:AutoFitHeight="0" ss:Height="30">
    <Cell><Data ss:Type="String">KIRKO</Data></Cell>
    <Cell><Data ss:Type="String">UNIT_NAME_41</Data></Cell>
    <Cell><Data ss:Type="String">Primitivo</Data></Cell>
    <Cell ss:Index="5"><Data ss:Type="String">These are names given to units which have mods - improvements, like explosive ammo - applied to them.</Data></Cell>
   </Row>
   <Row ss:AutoFitHeight="0" ss:Height="30">
    <Cell><Data ss:Type="String">KIRKO</Data></Cell>
    <Cell><Data ss:Type="String">UNIT_NAME_42</Data></Cell>
    <Cell><Data ss:Type="String">Consciente</Data></Cell>
    <Cell ss:Index="5"><Data ss:Type="String">These are names given to units which have mods - improvements, like explosive ammo - applied to them.</Data></Cell>
   </Row>
   <Row ss:AutoFitHeight="0" ss:Height="30">
    <Cell><Data ss:Type="String">KIRKO</Data></Cell>
    <Cell><Data ss:Type="String">UNIT_NAME_43</Data></Cell>
    <Cell><Data ss:Type="String">Infeccioso</Data></Cell>
    <Cell ss:Index="5"><Data ss:Type="String">These are names given to units which have mods - improvements, like explosive ammo - applied to them.</Data></Cell>
   </Row>
   <Row ss:AutoFitHeight="0" ss:Height="30">
    <Cell><Data ss:Type="String">KIRKO</Data></Cell>
    <Cell><Data ss:Type="String">UNIT_NAME_44</Data></Cell>
    <Cell><Data ss:Type="String">Preso à Horda</Data></Cell>
    <Cell ss:Index="5"><Data ss:Type="String">These are names given to units which have mods - improvements, like explosive ammo - applied to them.</Data></Cell>
   </Row>
   <Row ss:AutoFitHeight="0" ss:Height="30">
    <Cell><Data ss:Type="String">KIRKO</Data></Cell>
    <Cell><Data ss:Type="String">UNIT_NAME_45</Data></Cell>
    <Cell><Data ss:Type="String">Mente-Coletiva</Data></Cell>
    <Cell ss:Index="5"><Data ss:Type="String">These are names given to units which have mods - improvements, like explosive ammo - applied to them.</Data></Cell>
   </Row>
   <Row ss:AutoFitHeight="0" ss:Height="30">
    <Cell><Data ss:Type="String">KIRKO</Data></Cell>
    <Cell><Data ss:Type="String">UNIT_NAME_46</Data></Cell>
    <Cell><Data ss:Type="String">Coletor de Vento</Data></Cell>
    <Cell ss:Index="5"><Data ss:Type="String">These are names given to units which have mods - improvements, like explosive ammo - applied to them.</Data></Cell>
   </Row>
   <Row ss:AutoFitHeight="0" ss:Height="30">
    <Cell><Data ss:Type="String">KIRKO</Data></Cell>
    <Cell><Data ss:Type="String">UNIT_NAME_47</Data></Cell>
    <Cell><Data ss:Type="String">Enlouquecido</Data></Cell>
    <Cell ss:Index="5"><Data ss:Type="String">These are names given to units which have mods - improvements, like explosive ammo - applied to them.</Data></Cell>
   </Row>
   <Row ss:AutoFitHeight="0" ss:Height="30">
    <Cell><Data ss:Type="String">KIRKO</Data></Cell>
    <Cell><Data ss:Type="String">UNIT_NAME_48</Data></Cell>
    <Cell><Data ss:Type="String">Selvagem</Data></Cell>
    <Cell ss:Index="5"><Data ss:Type="String">These are names given to units which have mods - improvements, like explosive ammo - applied to them.</Data></Cell>
   </Row>
   <Row ss:AutoFitHeight="0" ss:Height="30">
    <Cell><Data ss:Type="String">KIRKO</Data></Cell>
    <Cell><Data ss:Type="String">UNIT_NAME_49</Data></Cell>
    <Cell><Data ss:Type="String">Implacável</Data></Cell>
    <Cell ss:Index="5"><Data ss:Type="String">These are names given to units which have mods - improvements, like explosive ammo - applied to them.</Data></Cell>
   </Row>
   <Row ss:AutoFitHeight="0" ss:Height="30">
    <Cell><Data ss:Type="String">KIRKO</Data></Cell>
    <Cell><Data ss:Type="String">UNIT_NAME_50</Data></Cell>
    <Cell><Data ss:Type="String">Desencadeado</Data></Cell>
    <Cell ss:Index="5"><Data ss:Type="String">These are names given to units which have mods - improvements, like explosive ammo - applied to them.</Data></Cell>
   </Row>
  </Table>
  <WorksheetOptions xmlns="urn:schemas-microsoft-com:office:excel">
   <Unsynced/>
   <Zoom>130</Zoom>
   <Selected/>
   <LeftColumnVisible>2</LeftColumnVisible>
   <Panes>
    <Pane>
     <Number>3</Number>
     <ActiveRow>4</ActiveRow>
     <ActiveCol>7</ActiveCol>
    </Pane>
   </Panes>
   <ProtectObjects>False</ProtectObjects>
   <ProtectScenarios>False</ProtectScenarios>
  </WorksheetOptions>
 </Worksheet>
</Workbook>