<?xml version='1.0' encoding='UTF-8'?>
<?mso-application progid="Excel.Sheet"?><Workbook xmlns="urn:schemas-microsoft-com:office:spreadsheet" xmlns:o="urn:schemas-microsoft-com:office:office" xmlns:x="urn:schemas-microsoft-com:office:excel" xmlns:ss="urn:schemas-microsoft-com:office:spreadsheet" xmlns:html="http://www.w3.org/TR/REC-html40">
 <DocumentProperties xmlns="urn:schemas-microsoft-com:office:office">
  <Version>16.00</Version>
 </DocumentProperties>
 <OfficeDocumentSettings xmlns="urn:schemas-microsoft-com:office:office">
  <AllowPNG/>
 </OfficeDocumentSettings>
 <ExcelWorkbook xmlns="urn:schemas-microsoft-com:office:excel">
  <WindowHeight>11175</WindowHeight>
  <WindowWidth>25200</WindowWidth>
  <WindowTopX>32767</WindowTopX>
  <WindowTopY>32767</WindowTopY>
  <ProtectStructure>False</ProtectStructure>
  <ProtectWindows>False</ProtectWindows>
 </ExcelWorkbook>
 <Styles>
  <Style ss:ID="Default" ss:Name="Normal">
   <Alignment ss:Vertical="Bottom"/>
   <Borders/>
   <Font ss:FontName="Calibri" x:Family="Swiss" ss:Size="11" ss:Color="#000000"/>
   <Interior/>
   <NumberFormat/>
   <Protection/>
  </Style>
  <Style ss:ID="s62">
   <Alignment ss:Vertical="Bottom" ss:WrapText="1"/>
  </Style>
 </Styles>
 <Worksheet ss:Name="Script">
  <Table ss:ExpandedColumnCount="6" ss:ExpandedRowCount="152" x:FullColumns="1" x:FullRows="1" ss:StyleID="s62" ss:DefaultRowHeight="15">
   <Column ss:StyleID="s62" ss:AutoFitWidth="0" ss:Width="75.75"/>
   <Column ss:StyleID="s62" ss:AutoFitWidth="0" ss:Width="99.75"/>
   <Column ss:StyleID="s62" ss:AutoFitWidth="0" ss:Width="98.25"/>
   <Column ss:StyleID="s62" ss:Width="147.75"/>
   <Column ss:StyleID="s62" ss:AutoFitWidth="0" ss:Width="357"/>
   <Column ss:StyleID="s62" ss:AutoFitWidth="0" ss:Width="129.75"/>
   <Row ss:AutoFitHeight="0" ss:Height="60">
    <Cell><Data ss:Type="String">RACE_SYNDICATE</Data></Cell>
    <Cell ss:Index="5"><Data ss:Type="String">The DEV TEAM / MISC NOTES column contains info on what text between { } signs means (if applicable). It usually stands for either a numeric value, or a numeric value with an icon. Text between [ ] signs stands for a certain type of icon. </Data></Cell>
   </Row>
   <Row ss:AutoFitHeight="0">
    <Cell><Data ss:Type="String">SCENE ID</Data></Cell>
    <Cell><Data ss:Type="String">TEXT ID</Data></Cell>
    <Cell><Data ss:Type="String">ENGLISH STRING</Data></Cell>
    <Cell><Data ss:Type="String">ALTERNATIVE ENGLISH STRING</Data></Cell>
    <Cell><Data ss:Type="String">LOCALIZATION NOTES</Data></Cell>
    <Cell><Data ss:Type="String">DEV TEAM / MISC NOTES</Data></Cell>
   </Row>
   <Row ss:AutoFitHeight="0" ss:Height="30">
    <Cell><Data ss:Type="String">SYNDICATE</Data></Cell>
    <Cell><Data ss:Type="String">CITY_NAME_01</Data></Cell>
    <Cell><Data ss:Type="String">Aldaris</Data></Cell>
    <Cell ss:Index="5"><Data ss:Type="String">These are city names, please transcribe - e.g. to Cyrillic - but do not localize</Data></Cell>
   </Row>
   <Row ss:AutoFitHeight="0" ss:Height="30">
    <Cell><Data ss:Type="String">SYNDICATE</Data></Cell>
    <Cell><Data ss:Type="String">CITY_NAME_02</Data></Cell>
    <Cell><Data ss:Type="String">Aci'neth</Data></Cell>
    <Cell ss:Index="5"><Data ss:Type="String">These are city names, please transcribe - e.g. to Cyrillic - but do not localize</Data></Cell>
   </Row>
   <Row ss:AutoFitHeight="0" ss:Height="30">
    <Cell><Data ss:Type="String">SYNDICATE</Data></Cell>
    <Cell><Data ss:Type="String">CITY_NAME_03</Data></Cell>
    <Cell><Data ss:Type="String">Adrozagal</Data></Cell>
    <Cell ss:Index="5"><Data ss:Type="String">These are city names, please transcribe - e.g. to Cyrillic - but do not localize</Data></Cell>
   </Row>
   <Row ss:AutoFitHeight="0" ss:Height="30">
    <Cell><Data ss:Type="String">SYNDICATE</Data></Cell>
    <Cell><Data ss:Type="String">CITY_NAME_04</Data></Cell>
    <Cell><Data ss:Type="String">Alz'neth</Data></Cell>
    <Cell ss:Index="5"><Data ss:Type="String">These are city names, please transcribe - e.g. to Cyrillic - but do not localize</Data></Cell>
   </Row>
   <Row ss:AutoFitHeight="0" ss:Height="30">
    <Cell><Data ss:Type="String">SYNDICATE</Data></Cell>
    <Cell><Data ss:Type="String">CITY_NAME_05</Data></Cell>
    <Cell><Data ss:Type="String">Alinix</Data></Cell>
    <Cell ss:Index="5"><Data ss:Type="String">These are city names, please transcribe - e.g. to Cyrillic - but do not localize</Data></Cell>
   </Row>
   <Row ss:AutoFitHeight="0" ss:Height="30">
    <Cell><Data ss:Type="String">SYNDICATE</Data></Cell>
    <Cell><Data ss:Type="String">CITY_NAME_06</Data></Cell>
    <Cell><Data ss:Type="String">Azagal</Data></Cell>
    <Cell ss:Index="5"><Data ss:Type="String">These are city names, please transcribe - e.g. to Cyrillic - but do not localize</Data></Cell>
   </Row>
   <Row ss:AutoFitHeight="0" ss:Height="30">
    <Cell><Data ss:Type="String">SYNDICATE</Data></Cell>
    <Cell><Data ss:Type="String">CITY_NAME_07</Data></Cell>
    <Cell><Data ss:Type="String">Bemortul</Data></Cell>
    <Cell ss:Index="5"><Data ss:Type="String">These are city names, please transcribe - e.g. to Cyrillic - but do not localize</Data></Cell>
   </Row>
   <Row ss:AutoFitHeight="0" ss:Height="30">
    <Cell><Data ss:Type="String">SYNDICATE</Data></Cell>
    <Cell><Data ss:Type="String">CITY_NAME_08</Data></Cell>
    <Cell><Data ss:Type="String">Bassadar</Data></Cell>
    <Cell ss:Index="5"><Data ss:Type="String">These are city names, please transcribe - e.g. to Cyrillic - but do not localize</Data></Cell>
   </Row>
   <Row ss:AutoFitHeight="0" ss:Height="30">
    <Cell><Data ss:Type="String">SYNDICATE</Data></Cell>
    <Cell><Data ss:Type="String">CITY_NAME_09</Data></Cell>
    <Cell><Data ss:Type="String">Borinara</Data></Cell>
    <Cell ss:Index="5"><Data ss:Type="String">These are city names, please transcribe - e.g. to Cyrillic - but do not localize</Data></Cell>
   </Row>
   <Row ss:AutoFitHeight="0" ss:Height="30">
    <Cell><Data ss:Type="String">SYNDICATE</Data></Cell>
    <Cell><Data ss:Type="String">CITY_NAME_10</Data></Cell>
    <Cell><Data ss:Type="String">Baci'neth</Data></Cell>
    <Cell ss:Index="5"><Data ss:Type="String">These are city names, please transcribe - e.g. to Cyrillic - but do not localize</Data></Cell>
   </Row>
   <Row ss:AutoFitHeight="0" ss:Height="30">
    <Cell><Data ss:Type="String">SYNDICATE</Data></Cell>
    <Cell><Data ss:Type="String">CITY_NAME_11</Data></Cell>
    <Cell><Data ss:Type="String">Cy'tul</Data></Cell>
    <Cell ss:Index="5"><Data ss:Type="String">These are city names, please transcribe - e.g. to Cyrillic - but do not localize</Data></Cell>
   </Row>
   <Row ss:AutoFitHeight="0" ss:Height="30">
    <Cell><Data ss:Type="String">SYNDICATE</Data></Cell>
    <Cell><Data ss:Type="String">CITY_NAME_12</Data></Cell>
    <Cell><Data ss:Type="String">Cyl'dar</Data></Cell>
    <Cell ss:Index="5"><Data ss:Type="String">These are city names, please transcribe - e.g. to Cyrillic - but do not localize</Data></Cell>
   </Row>
   <Row ss:AutoFitHeight="0" ss:Height="30">
    <Cell><Data ss:Type="String">SYNDICATE</Data></Cell>
    <Cell><Data ss:Type="String">CITY_NAME_13</Data></Cell>
    <Cell><Data ss:Type="String">Cnudis</Data></Cell>
    <Cell ss:Index="5"><Data ss:Type="String">These are city names, please transcribe - e.g. to Cyrillic - but do not localize</Data></Cell>
   </Row>
   <Row ss:AutoFitHeight="0" ss:Height="30">
    <Cell><Data ss:Type="String">SYNDICATE</Data></Cell>
    <Cell><Data ss:Type="String">CITY_NAME_14</Data></Cell>
    <Cell><Data ss:Type="String">Cynara</Data></Cell>
    <Cell ss:Index="5"><Data ss:Type="String">These are city names, please transcribe - e.g. to Cyrillic - but do not localize</Data></Cell>
   </Row>
   <Row ss:AutoFitHeight="0" ss:Height="30">
    <Cell><Data ss:Type="String">SYNDICATE</Data></Cell>
    <Cell><Data ss:Type="String">CITY_NAME_15</Data></Cell>
    <Cell><Data ss:Type="String">Desta'neth</Data></Cell>
    <Cell ss:Index="5"><Data ss:Type="String">These are city names, please transcribe - e.g. to Cyrillic - but do not localize</Data></Cell>
   </Row>
   <Row ss:AutoFitHeight="0" ss:Height="30">
    <Cell><Data ss:Type="String">SYNDICATE</Data></Cell>
    <Cell><Data ss:Type="String">CITY_NAME_16</Data></Cell>
    <Cell><Data ss:Type="String">Davonix</Data></Cell>
    <Cell ss:Index="5"><Data ss:Type="String">These are city names, please transcribe - e.g. to Cyrillic - but do not localize</Data></Cell>
   </Row>
   <Row ss:AutoFitHeight="0" ss:Height="30">
    <Cell><Data ss:Type="String">SYNDICATE</Data></Cell>
    <Cell><Data ss:Type="String">CITY_NAME_17</Data></Cell>
    <Cell><Data ss:Type="String">Dabertul</Data></Cell>
    <Cell ss:Index="5"><Data ss:Type="String">These are city names, please transcribe - e.g. to Cyrillic - but do not localize</Data></Cell>
   </Row>
   <Row ss:AutoFitHeight="0" ss:Height="30">
    <Cell><Data ss:Type="String">SYNDICATE</Data></Cell>
    <Cell><Data ss:Type="String">CITY_NAME_18</Data></Cell>
    <Cell><Data ss:Type="String">Du'sadar</Data></Cell>
    <Cell ss:Index="5"><Data ss:Type="String">These are city names, please transcribe - e.g. to Cyrillic - but do not localize</Data></Cell>
   </Row>
   <Row ss:AutoFitHeight="0" ss:Height="30">
    <Cell><Data ss:Type="String">SYNDICATE</Data></Cell>
    <Cell><Data ss:Type="String">CITY_NAME_19</Data></Cell>
    <Cell><Data ss:Type="String">Divor'neth</Data></Cell>
    <Cell ss:Index="5"><Data ss:Type="String">These are city names, please transcribe - e.g. to Cyrillic - but do not localize</Data></Cell>
   </Row>
   <Row ss:AutoFitHeight="0" ss:Height="30">
    <Cell><Data ss:Type="String">SYNDICATE</Data></Cell>
    <Cell><Data ss:Type="String">CITY_NAME_20</Data></Cell>
    <Cell><Data ss:Type="String">Da'nara</Data></Cell>
    <Cell ss:Index="5"><Data ss:Type="String">These are city names, please transcribe - e.g. to Cyrillic - but do not localize</Data></Cell>
   </Row>
   <Row ss:AutoFitHeight="0" ss:Height="30">
    <Cell><Data ss:Type="String">SYNDICATE</Data></Cell>
    <Cell><Data ss:Type="String">CITY_NAME_21</Data></Cell>
    <Cell><Data ss:Type="String">Davidar</Data></Cell>
    <Cell ss:Index="5"><Data ss:Type="String">These are city names, please transcribe - e.g. to Cyrillic - but do not localize</Data></Cell>
   </Row>
   <Row ss:AutoFitHeight="0" ss:Height="30">
    <Cell><Data ss:Type="String">SYNDICATE</Data></Cell>
    <Cell><Data ss:Type="String">CITY_NAME_22</Data></Cell>
    <Cell><Data ss:Type="String">Donix</Data></Cell>
    <Cell ss:Index="5"><Data ss:Type="String">These are city names, please transcribe - e.g. to Cyrillic - but do not localize</Data></Cell>
   </Row>
   <Row ss:AutoFitHeight="0" ss:Height="30">
    <Cell><Data ss:Type="String">SYNDICATE</Data></Cell>
    <Cell><Data ss:Type="String">CITY_NAME_23</Data></Cell>
    <Cell><Data ss:Type="String">Dozagal</Data></Cell>
    <Cell ss:Index="5"><Data ss:Type="String">These are city names, please transcribe - e.g. to Cyrillic - but do not localize</Data></Cell>
   </Row>
   <Row ss:AutoFitHeight="0" ss:Height="30">
    <Cell><Data ss:Type="String">SYNDICATE</Data></Cell>
    <Cell><Data ss:Type="String">CITY_NAME_24</Data></Cell>
    <Cell><Data ss:Type="String">Ev'narix</Data></Cell>
    <Cell ss:Index="5"><Data ss:Type="String">These are city names, please transcribe - e.g. to Cyrillic - but do not localize</Data></Cell>
   </Row>
   <Row ss:AutoFitHeight="0" ss:Height="30">
    <Cell><Data ss:Type="String">SYNDICATE</Data></Cell>
    <Cell><Data ss:Type="String">CITY_NAME_25</Data></Cell>
    <Cell><Data ss:Type="String">Estix</Data></Cell>
    <Cell ss:Index="5"><Data ss:Type="String">These are city names, please transcribe - e.g. to Cyrillic - but do not localize</Data></Cell>
   </Row>
   <Row ss:AutoFitHeight="0" ss:Height="30">
    <Cell><Data ss:Type="String">SYNDICATE</Data></Cell>
    <Cell><Data ss:Type="String">CITY_NAME_26</Data></Cell>
    <Cell><Data ss:Type="String">Elazun</Data></Cell>
    <Cell ss:Index="5"><Data ss:Type="String">These are city names, please transcribe - e.g. to Cyrillic - but do not localize</Data></Cell>
   </Row>
   <Row ss:AutoFitHeight="0" ss:Height="30">
    <Cell><Data ss:Type="String">SYNDICATE</Data></Cell>
    <Cell><Data ss:Type="String">CITY_NAME_27</Data></Cell>
    <Cell><Data ss:Type="String">Essandar</Data></Cell>
    <Cell ss:Index="5"><Data ss:Type="String">These are city names, please transcribe - e.g. to Cyrillic - but do not localize</Data></Cell>
   </Row>
   <Row ss:AutoFitHeight="0" ss:Height="30">
    <Cell><Data ss:Type="String">SYNDICATE</Data></Cell>
    <Cell><Data ss:Type="String">CITY_NAME_28</Data></Cell>
    <Cell><Data ss:Type="String">Ezinara</Data></Cell>
    <Cell ss:Index="5"><Data ss:Type="String">These are city names, please transcribe - e.g. to Cyrillic - but do not localize</Data></Cell>
   </Row>
   <Row ss:AutoFitHeight="0" ss:Height="30">
    <Cell><Data ss:Type="String">SYNDICATE</Data></Cell>
    <Cell><Data ss:Type="String">CITY_NAME_29</Data></Cell>
    <Cell><Data ss:Type="String">Fodi'nix</Data></Cell>
    <Cell ss:Index="5"><Data ss:Type="String">These are city names, please transcribe - e.g. to Cyrillic - but do not localize</Data></Cell>
   </Row>
   <Row ss:AutoFitHeight="0" ss:Height="30">
    <Cell><Data ss:Type="String">SYNDICATE</Data></Cell>
    <Cell><Data ss:Type="String">CITY_NAME_30</Data></Cell>
    <Cell><Data ss:Type="String">Fyndar</Data></Cell>
    <Cell ss:Index="5"><Data ss:Type="String">These are city names, please transcribe - e.g. to Cyrillic - but do not localize</Data></Cell>
   </Row>
   <Row ss:AutoFitHeight="0" ss:Height="30">
    <Cell><Data ss:Type="String">SYNDICATE</Data></Cell>
    <Cell><Data ss:Type="String">CITY_NAME_31</Data></Cell>
    <Cell><Data ss:Type="String">Falgrimara</Data></Cell>
    <Cell ss:Index="5"><Data ss:Type="String">These are city names, please transcribe - e.g. to Cyrillic - but do not localize</Data></Cell>
   </Row>
   <Row ss:AutoFitHeight="0" ss:Height="30">
    <Cell><Data ss:Type="String">SYNDICATE</Data></Cell>
    <Cell><Data ss:Type="String">CITY_NAME_32</Data></Cell>
    <Cell><Data ss:Type="String">Fah'zun</Data></Cell>
    <Cell ss:Index="5"><Data ss:Type="String">These are city names, please transcribe - e.g. to Cyrillic - but do not localize</Data></Cell>
   </Row>
   <Row ss:AutoFitHeight="0" ss:Height="30">
    <Cell><Data ss:Type="String">SYNDICATE</Data></Cell>
    <Cell><Data ss:Type="String">CITY_NAME_33</Data></Cell>
    <Cell><Data ss:Type="String">Finn'zun</Data></Cell>
    <Cell ss:Index="5"><Data ss:Type="String">These are city names, please transcribe - e.g. to Cyrillic - but do not localize</Data></Cell>
   </Row>
   <Row ss:AutoFitHeight="0" ss:Height="30">
    <Cell><Data ss:Type="String">SYNDICATE</Data></Cell>
    <Cell><Data ss:Type="String">CITY_NAME_34</Data></Cell>
    <Cell><Data ss:Type="String">Gi'neth</Data></Cell>
    <Cell ss:Index="5"><Data ss:Type="String">These are city names, please transcribe - e.g. to Cyrillic - but do not localize</Data></Cell>
   </Row>
   <Row ss:AutoFitHeight="0" ss:Height="30">
    <Cell><Data ss:Type="String">SYNDICATE</Data></Cell>
    <Cell><Data ss:Type="String">CITY_NAME_35</Data></Cell>
    <Cell><Data ss:Type="String">Gava'zun</Data></Cell>
    <Cell ss:Index="5"><Data ss:Type="String">These are city names, please transcribe - e.g. to Cyrillic - but do not localize</Data></Cell>
   </Row>
   <Row ss:AutoFitHeight="0" ss:Height="30">
    <Cell><Data ss:Type="String">SYNDICATE</Data></Cell>
    <Cell><Data ss:Type="String">CITY_NAME_36</Data></Cell>
    <Cell><Data ss:Type="String">Gae'nix</Data></Cell>
    <Cell ss:Index="5"><Data ss:Type="String">These are city names, please transcribe - e.g. to Cyrillic - but do not localize</Data></Cell>
   </Row>
   <Row ss:AutoFitHeight="0" ss:Height="30">
    <Cell><Data ss:Type="String">SYNDICATE</Data></Cell>
    <Cell><Data ss:Type="String">CITY_NAME_37</Data></Cell>
    <Cell><Data ss:Type="String">Go'nadar</Data></Cell>
    <Cell ss:Index="5"><Data ss:Type="String">These are city names, please transcribe - e.g. to Cyrillic - but do not localize</Data></Cell>
   </Row>
   <Row ss:AutoFitHeight="0" ss:Height="30">
    <Cell><Data ss:Type="String">SYNDICATE</Data></Cell>
    <Cell><Data ss:Type="String">CITY_NAME_38</Data></Cell>
    <Cell><Data ss:Type="String">Hinara</Data></Cell>
    <Cell ss:Index="5"><Data ss:Type="String">These are city names, please transcribe - e.g. to Cyrillic - but do not localize</Data></Cell>
   </Row>
   <Row ss:AutoFitHeight="0" ss:Height="30">
    <Cell><Data ss:Type="String">SYNDICATE</Data></Cell>
    <Cell><Data ss:Type="String">CITY_NAME_39</Data></Cell>
    <Cell><Data ss:Type="String">Hal'dar</Data></Cell>
    <Cell ss:Index="5"><Data ss:Type="String">These are city names, please transcribe - e.g. to Cyrillic - but do not localize</Data></Cell>
   </Row>
   <Row ss:AutoFitHeight="0" ss:Height="30">
    <Cell><Data ss:Type="String">SYNDICATE</Data></Cell>
    <Cell><Data ss:Type="String">CITY_NAME_40</Data></Cell>
    <Cell><Data ss:Type="String">Hax'zun</Data></Cell>
    <Cell ss:Index="5"><Data ss:Type="String">These are city names, please transcribe - e.g. to Cyrillic - but do not localize</Data></Cell>
   </Row>
   <Row ss:AutoFitHeight="0" ss:Height="30">
    <Cell><Data ss:Type="String">SYNDICATE</Data></Cell>
    <Cell><Data ss:Type="String">CITY_NAME_41</Data></Cell>
    <Cell><Data ss:Type="String">Illinara</Data></Cell>
    <Cell ss:Index="5"><Data ss:Type="String">These are city names, please transcribe - e.g. to Cyrillic - but do not localize</Data></Cell>
   </Row>
   <Row ss:AutoFitHeight="0" ss:Height="30">
    <Cell><Data ss:Type="String">SYNDICATE</Data></Cell>
    <Cell><Data ss:Type="String">CITY_NAME_42</Data></Cell>
    <Cell><Data ss:Type="String">Inazun</Data></Cell>
    <Cell ss:Index="5"><Data ss:Type="String">These are city names, please transcribe - e.g. to Cyrillic - but do not localize</Data></Cell>
   </Row>
   <Row ss:AutoFitHeight="0" ss:Height="30">
    <Cell><Data ss:Type="String">SYNDICATE</Data></Cell>
    <Cell><Data ss:Type="String">CITY_NAME_43</Data></Cell>
    <Cell><Data ss:Type="String">Inalix</Data></Cell>
    <Cell ss:Index="5"><Data ss:Type="String">These are city names, please transcribe - e.g. to Cyrillic - but do not localize</Data></Cell>
   </Row>
   <Row ss:AutoFitHeight="0" ss:Height="30">
    <Cell><Data ss:Type="String">SYNDICATE</Data></Cell>
    <Cell><Data ss:Type="String">CITY_NAME_44</Data></Cell>
    <Cell><Data ss:Type="String">Ivindix</Data></Cell>
    <Cell ss:Index="5"><Data ss:Type="String">These are city names, please transcribe - e.g. to Cyrillic - but do not localize</Data></Cell>
   </Row>
   <Row ss:AutoFitHeight="0" ss:Height="30">
    <Cell><Data ss:Type="String">SYNDICATE</Data></Cell>
    <Cell><Data ss:Type="String">CITY_NAME_45</Data></Cell>
    <Cell><Data ss:Type="String">Jas'tul</Data></Cell>
    <Cell ss:Index="5"><Data ss:Type="String">These are city names, please transcribe - e.g. to Cyrillic - but do not localize</Data></Cell>
   </Row>
   <Row ss:AutoFitHeight="0" ss:Height="30">
    <Cell><Data ss:Type="String">SYNDICATE</Data></Cell>
    <Cell><Data ss:Type="String">CITY_NAME_46</Data></Cell>
    <Cell><Data ss:Type="String">Jazinara</Data></Cell>
    <Cell ss:Index="5"><Data ss:Type="String">These are city names, please transcribe - e.g. to Cyrillic - but do not localize</Data></Cell>
   </Row>
   <Row ss:AutoFitHeight="0" ss:Height="30">
    <Cell><Data ss:Type="String">SYNDICATE</Data></Cell>
    <Cell><Data ss:Type="String">CITY_NAME_47</Data></Cell>
    <Cell><Data ss:Type="String">Jofidar</Data></Cell>
    <Cell ss:Index="5"><Data ss:Type="String">These are city names, please transcribe - e.g. to Cyrillic - but do not localize</Data></Cell>
   </Row>
   <Row ss:AutoFitHeight="0" ss:Height="30">
    <Cell><Data ss:Type="String">SYNDICATE</Data></Cell>
    <Cell><Data ss:Type="String">CITY_NAME_48</Data></Cell>
    <Cell><Data ss:Type="String">Ji'sadar</Data></Cell>
    <Cell ss:Index="5"><Data ss:Type="String">These are city names, please transcribe - e.g. to Cyrillic - but do not localize</Data></Cell>
   </Row>
   <Row ss:AutoFitHeight="0" ss:Height="30">
    <Cell><Data ss:Type="String">SYNDICATE</Data></Cell>
    <Cell><Data ss:Type="String">CITY_NAME_49</Data></Cell>
    <Cell><Data ss:Type="String">Kilnix</Data></Cell>
    <Cell ss:Index="5"><Data ss:Type="String">These are city names, please transcribe - e.g. to Cyrillic - but do not localize</Data></Cell>
   </Row>
   <Row ss:AutoFitHeight="0" ss:Height="30">
    <Cell><Data ss:Type="String">SYNDICATE</Data></Cell>
    <Cell><Data ss:Type="String">CITY_NAME_50</Data></Cell>
    <Cell><Data ss:Type="String">Kasp'eth</Data></Cell>
    <Cell ss:Index="5"><Data ss:Type="String">These are city names, please transcribe - e.g. to Cyrillic - but do not localize</Data></Cell>
   </Row>
   <Row ss:AutoFitHeight="0" ss:Height="30">
    <Cell><Data ss:Type="String">SYNDICATE</Data></Cell>
    <Cell><Data ss:Type="String">CITY_NAME_51</Data></Cell>
    <Cell><Data ss:Type="String">Ky'nifor</Data></Cell>
    <Cell ss:Index="5"><Data ss:Type="String">These are city names, please transcribe - e.g. to Cyrillic - but do not localize</Data></Cell>
   </Row>
   <Row ss:AutoFitHeight="0" ss:Height="30">
    <Cell><Data ss:Type="String">SYNDICATE</Data></Cell>
    <Cell><Data ss:Type="String">CITY_NAME_52</Data></Cell>
    <Cell><Data ss:Type="String">Kotinara</Data></Cell>
    <Cell ss:Index="5"><Data ss:Type="String">These are city names, please transcribe - e.g. to Cyrillic - but do not localize</Data></Cell>
   </Row>
   <Row ss:AutoFitHeight="0" ss:Height="30">
    <Cell><Data ss:Type="String">SYNDICATE</Data></Cell>
    <Cell><Data ss:Type="String">CITY_NAME_53</Data></Cell>
    <Cell><Data ss:Type="String">Kel'tul</Data></Cell>
    <Cell ss:Index="5"><Data ss:Type="String">These are city names, please transcribe - e.g. to Cyrillic - but do not localize</Data></Cell>
   </Row>
   <Row ss:AutoFitHeight="0" ss:Height="30">
    <Cell><Data ss:Type="String">SYNDICATE</Data></Cell>
    <Cell><Data ss:Type="String">CITY_NAME_54</Data></Cell>
    <Cell><Data ss:Type="String">Kulmidar</Data></Cell>
    <Cell ss:Index="5"><Data ss:Type="String">These are city names, please transcribe - e.g. to Cyrillic - but do not localize</Data></Cell>
   </Row>
   <Row ss:AutoFitHeight="0" ss:Height="30">
    <Cell><Data ss:Type="String">SYNDICATE</Data></Cell>
    <Cell><Data ss:Type="String">CITY_NAME_55</Data></Cell>
    <Cell><Data ss:Type="String">Lovi'zun</Data></Cell>
    <Cell ss:Index="5"><Data ss:Type="String">These are city names, please transcribe - e.g. to Cyrillic - but do not localize</Data></Cell>
   </Row>
   <Row ss:AutoFitHeight="0" ss:Height="30">
    <Cell><Data ss:Type="String">SYNDICATE</Data></Cell>
    <Cell><Data ss:Type="String">CITY_NAME_56</Data></Cell>
    <Cell><Data ss:Type="String">Lozix</Data></Cell>
    <Cell ss:Index="5"><Data ss:Type="String">These are city names, please transcribe - e.g. to Cyrillic - but do not localize</Data></Cell>
   </Row>
   <Row ss:AutoFitHeight="0" ss:Height="30">
    <Cell><Data ss:Type="String">SYNDICATE</Data></Cell>
    <Cell><Data ss:Type="String">CITY_NAME_57</Data></Cell>
    <Cell><Data ss:Type="String">Lavi'ash</Data></Cell>
    <Cell ss:Index="5"><Data ss:Type="String">These are city names, please transcribe - e.g. to Cyrillic - but do not localize</Data></Cell>
   </Row>
   <Row ss:AutoFitHeight="0" ss:Height="30">
    <Cell><Data ss:Type="String">SYNDICATE</Data></Cell>
    <Cell><Data ss:Type="String">CITY_NAME_58</Data></Cell>
    <Cell><Data ss:Type="String">Las'nara</Data></Cell>
    <Cell ss:Index="5"><Data ss:Type="String">These are city names, please transcribe - e.g. to Cyrillic - but do not localize</Data></Cell>
   </Row>
   <Row ss:AutoFitHeight="0" ss:Height="30">
    <Cell><Data ss:Type="String">SYNDICATE</Data></Cell>
    <Cell><Data ss:Type="String">CITY_NAME_59</Data></Cell>
    <Cell><Data ss:Type="String">Luni'nax</Data></Cell>
    <Cell ss:Index="5"><Data ss:Type="String">These are city names, please transcribe - e.g. to Cyrillic - but do not localize</Data></Cell>
   </Row>
   <Row ss:AutoFitHeight="0" ss:Height="30">
    <Cell><Data ss:Type="String">SYNDICATE</Data></Cell>
    <Cell><Data ss:Type="String">CITY_NAME_60</Data></Cell>
    <Cell><Data ss:Type="String">Melvor</Data></Cell>
    <Cell ss:Index="5"><Data ss:Type="String">These are city names, please transcribe - e.g. to Cyrillic - but do not localize</Data></Cell>
   </Row>
   <Row ss:AutoFitHeight="0" ss:Height="30">
    <Cell><Data ss:Type="String">SYNDICATE</Data></Cell>
    <Cell><Data ss:Type="String">CITY_NAME_61</Data></Cell>
    <Cell><Data ss:Type="String">Mala'tul</Data></Cell>
    <Cell ss:Index="5"><Data ss:Type="String">These are city names, please transcribe - e.g. to Cyrillic - but do not localize</Data></Cell>
   </Row>
   <Row ss:AutoFitHeight="0" ss:Height="30">
    <Cell><Data ss:Type="String">SYNDICATE</Data></Cell>
    <Cell><Data ss:Type="String">CITY_NAME_62</Data></Cell>
    <Cell><Data ss:Type="String">Mas'nara</Data></Cell>
    <Cell ss:Index="5"><Data ss:Type="String">These are city names, please transcribe - e.g. to Cyrillic - but do not localize</Data></Cell>
   </Row>
   <Row ss:AutoFitHeight="0" ss:Height="30">
    <Cell><Data ss:Type="String">SYNDICATE</Data></Cell>
    <Cell><Data ss:Type="String">CITY_NAME_63</Data></Cell>
    <Cell><Data ss:Type="String">Mastix</Data></Cell>
    <Cell ss:Index="5"><Data ss:Type="String">These are city names, please transcribe - e.g. to Cyrillic - but do not localize</Data></Cell>
   </Row>
   <Row ss:AutoFitHeight="0" ss:Height="30">
    <Cell><Data ss:Type="String">SYNDICATE</Data></Cell>
    <Cell><Data ss:Type="String">CITY_NAME_64</Data></Cell>
    <Cell><Data ss:Type="String">Mina'sadar</Data></Cell>
    <Cell ss:Index="5"><Data ss:Type="String">These are city names, please transcribe - e.g. to Cyrillic - but do not localize</Data></Cell>
   </Row>
   <Row ss:AutoFitHeight="0" ss:Height="30">
    <Cell><Data ss:Type="String">SYNDICATE</Data></Cell>
    <Cell><Data ss:Type="String">CITY_NAME_65</Data></Cell>
    <Cell><Data ss:Type="String">Navi'tul</Data></Cell>
    <Cell ss:Index="5"><Data ss:Type="String">These are city names, please transcribe - e.g. to Cyrillic - but do not localize</Data></Cell>
   </Row>
   <Row ss:AutoFitHeight="0" ss:Height="30">
    <Cell><Data ss:Type="String">SYNDICATE</Data></Cell>
    <Cell><Data ss:Type="String">CITY_NAME_66</Data></Cell>
    <Cell><Data ss:Type="String">Natarix</Data></Cell>
    <Cell ss:Index="5"><Data ss:Type="String">These are city names, please transcribe - e.g. to Cyrillic - but do not localize</Data></Cell>
   </Row>
   <Row ss:AutoFitHeight="0" ss:Height="30">
    <Cell><Data ss:Type="String">SYNDICATE</Data></Cell>
    <Cell><Data ss:Type="String">CITY_NAME_67</Data></Cell>
    <Cell><Data ss:Type="String">Nosi'dar</Data></Cell>
    <Cell ss:Index="5"><Data ss:Type="String">These are city names, please transcribe - e.g. to Cyrillic - but do not localize</Data></Cell>
   </Row>
   <Row ss:AutoFitHeight="0" ss:Height="30">
    <Cell><Data ss:Type="String">SYNDICATE</Data></Cell>
    <Cell><Data ss:Type="String">CITY_NAME_68</Data></Cell>
    <Cell><Data ss:Type="String">Nephalix</Data></Cell>
    <Cell ss:Index="5"><Data ss:Type="String">These are city names, please transcribe - e.g. to Cyrillic - but do not localize</Data></Cell>
   </Row>
   <Row ss:AutoFitHeight="0" ss:Height="30">
    <Cell><Data ss:Type="String">SYNDICATE</Data></Cell>
    <Cell><Data ss:Type="String">CITY_NAME_69</Data></Cell>
    <Cell><Data ss:Type="String">Norash</Data></Cell>
    <Cell ss:Index="5"><Data ss:Type="String">These are city names, please transcribe - e.g. to Cyrillic - but do not localize</Data></Cell>
   </Row>
   <Row ss:AutoFitHeight="0" ss:Height="30">
    <Cell><Data ss:Type="String">SYNDICATE</Data></Cell>
    <Cell><Data ss:Type="String">CITY_NAME_70</Data></Cell>
    <Cell><Data ss:Type="String">Novo'neth</Data></Cell>
    <Cell ss:Index="5"><Data ss:Type="String">These are city names, please transcribe - e.g. to Cyrillic - but do not localize</Data></Cell>
   </Row>
   <Row ss:AutoFitHeight="0" ss:Height="30">
    <Cell><Data ss:Type="String">SYNDICATE</Data></Cell>
    <Cell><Data ss:Type="String">CITY_NAME_71</Data></Cell>
    <Cell><Data ss:Type="String">Nas'nara</Data></Cell>
    <Cell ss:Index="5"><Data ss:Type="String">These are city names, please transcribe - e.g. to Cyrillic - but do not localize</Data></Cell>
   </Row>
   <Row ss:AutoFitHeight="0" ss:Height="30">
    <Cell><Data ss:Type="String">SYNDICATE</Data></Cell>
    <Cell><Data ss:Type="String">CITY_NAME_72</Data></Cell>
    <Cell><Data ss:Type="String">Nashadar</Data></Cell>
    <Cell ss:Index="5"><Data ss:Type="String">These are city names, please transcribe - e.g. to Cyrillic - but do not localize</Data></Cell>
   </Row>
   <Row ss:AutoFitHeight="0" ss:Height="30">
    <Cell><Data ss:Type="String">SYNDICATE</Data></Cell>
    <Cell><Data ss:Type="String">CITY_NAME_73</Data></Cell>
    <Cell><Data ss:Type="String">Ovi'dar</Data></Cell>
    <Cell ss:Index="5"><Data ss:Type="String">These are city names, please transcribe - e.g. to Cyrillic - but do not localize</Data></Cell>
   </Row>
   <Row ss:AutoFitHeight="0" ss:Height="30">
    <Cell><Data ss:Type="String">SYNDICATE</Data></Cell>
    <Cell><Data ss:Type="String">CITY_NAME_74</Data></Cell>
    <Cell><Data ss:Type="String">Ostalix</Data></Cell>
    <Cell ss:Index="5"><Data ss:Type="String">These are city names, please transcribe - e.g. to Cyrillic - but do not localize</Data></Cell>
   </Row>
   <Row ss:AutoFitHeight="0" ss:Height="30">
    <Cell><Data ss:Type="String">SYNDICATE</Data></Cell>
    <Cell><Data ss:Type="String">CITY_NAME_75</Data></Cell>
    <Cell><Data ss:Type="String">Omazagal</Data></Cell>
    <Cell ss:Index="5"><Data ss:Type="String">These are city names, please transcribe - e.g. to Cyrillic - but do not localize</Data></Cell>
   </Row>
   <Row ss:AutoFitHeight="0" ss:Height="30">
    <Cell><Data ss:Type="String">SYNDICATE</Data></Cell>
    <Cell><Data ss:Type="String">CITY_NAME_76</Data></Cell>
    <Cell><Data ss:Type="String">Oni'dotul</Data></Cell>
    <Cell ss:Index="5"><Data ss:Type="String">These are city names, please transcribe - e.g. to Cyrillic - but do not localize</Data></Cell>
   </Row>
   <Row ss:AutoFitHeight="0" ss:Height="30">
    <Cell><Data ss:Type="String">SYNDICATE</Data></Cell>
    <Cell><Data ss:Type="String">CITY_NAME_77</Data></Cell>
    <Cell><Data ss:Type="String">Pyforix</Data></Cell>
    <Cell ss:Index="5"><Data ss:Type="String">These are city names, please transcribe - e.g. to Cyrillic - but do not localize</Data></Cell>
   </Row>
   <Row ss:AutoFitHeight="0" ss:Height="30">
    <Cell><Data ss:Type="String">SYNDICATE</Data></Cell>
    <Cell><Data ss:Type="String">CITY_NAME_78</Data></Cell>
    <Cell><Data ss:Type="String">Pas'tul</Data></Cell>
    <Cell ss:Index="5"><Data ss:Type="String">These are city names, please transcribe - e.g. to Cyrillic - but do not localize</Data></Cell>
   </Row>
   <Row ss:AutoFitHeight="0" ss:Height="30">
    <Cell><Data ss:Type="String">SYNDICATE</Data></Cell>
    <Cell><Data ss:Type="String">CITY_NAME_79</Data></Cell>
    <Cell><Data ss:Type="String">Pasanadar</Data></Cell>
    <Cell ss:Index="5"><Data ss:Type="String">These are city names, please transcribe - e.g. to Cyrillic - but do not localize</Data></Cell>
   </Row>
   <Row ss:AutoFitHeight="0" ss:Height="30">
    <Cell><Data ss:Type="String">SYNDICATE</Data></Cell>
    <Cell><Data ss:Type="String">CITY_NAME_80</Data></Cell>
    <Cell><Data ss:Type="String">Pasi'neth</Data></Cell>
    <Cell ss:Index="5"><Data ss:Type="String">These are city names, please transcribe - e.g. to Cyrillic - but do not localize</Data></Cell>
   </Row>
   <Row ss:AutoFitHeight="0" ss:Height="30">
    <Cell><Data ss:Type="String">SYNDICATE</Data></Cell>
    <Cell><Data ss:Type="String">CITY_NAME_81</Data></Cell>
    <Cell><Data ss:Type="String">Paradar</Data></Cell>
    <Cell ss:Index="5"><Data ss:Type="String">These are city names, please transcribe - e.g. to Cyrillic - but do not localize</Data></Cell>
   </Row>
   <Row ss:AutoFitHeight="0" ss:Height="30">
    <Cell><Data ss:Type="String">SYNDICATE</Data></Cell>
    <Cell><Data ss:Type="String">CITY_NAME_82</Data></Cell>
    <Cell><Data ss:Type="String">Qi'volix</Data></Cell>
    <Cell ss:Index="5"><Data ss:Type="String">These are city names, please transcribe - e.g. to Cyrillic - but do not localize</Data></Cell>
   </Row>
   <Row ss:AutoFitHeight="0" ss:Height="30">
    <Cell><Data ss:Type="String">SYNDICATE</Data></Cell>
    <Cell><Data ss:Type="String">CITY_NAME_83</Data></Cell>
    <Cell><Data ss:Type="String">Qes'dara</Data></Cell>
    <Cell ss:Index="5"><Data ss:Type="String">These are city names, please transcribe - e.g. to Cyrillic - but do not localize</Data></Cell>
   </Row>
   <Row ss:AutoFitHeight="0" ss:Height="30">
    <Cell><Data ss:Type="String">SYNDICATE</Data></Cell>
    <Cell><Data ss:Type="String">CITY_NAME_84</Data></Cell>
    <Cell><Data ss:Type="String">Ravi'neth</Data></Cell>
    <Cell ss:Index="5"><Data ss:Type="String">These are city names, please transcribe - e.g. to Cyrillic - but do not localize</Data></Cell>
   </Row>
   <Row ss:AutoFitHeight="0" ss:Height="30">
    <Cell><Data ss:Type="String">SYNDICATE</Data></Cell>
    <Cell><Data ss:Type="String">CITY_NAME_85</Data></Cell>
    <Cell><Data ss:Type="String">Rastidor</Data></Cell>
    <Cell ss:Index="5"><Data ss:Type="String">These are city names, please transcribe - e.g. to Cyrillic - but do not localize</Data></Cell>
   </Row>
   <Row ss:AutoFitHeight="0" ss:Height="30">
    <Cell><Data ss:Type="String">SYNDICATE</Data></Cell>
    <Cell><Data ss:Type="String">CITY_NAME_86</Data></Cell>
    <Cell><Data ss:Type="String">Ry'zun</Data></Cell>
    <Cell ss:Index="5"><Data ss:Type="String">These are city names, please transcribe - e.g. to Cyrillic - but do not localize</Data></Cell>
   </Row>
   <Row ss:AutoFitHeight="0" ss:Height="30">
    <Cell><Data ss:Type="String">SYNDICATE</Data></Cell>
    <Cell><Data ss:Type="String">CITY_NAME_87</Data></Cell>
    <Cell><Data ss:Type="String">Ro'nara</Data></Cell>
    <Cell ss:Index="5"><Data ss:Type="String">These are city names, please transcribe - e.g. to Cyrillic - but do not localize</Data></Cell>
   </Row>
   <Row ss:AutoFitHeight="0" ss:Height="30">
    <Cell><Data ss:Type="String">SYNDICATE</Data></Cell>
    <Cell><Data ss:Type="String">CITY_NAME_88</Data></Cell>
    <Cell><Data ss:Type="String">Rumizagal</Data></Cell>
    <Cell ss:Index="5"><Data ss:Type="String">These are city names, please transcribe - e.g. to Cyrillic - but do not localize</Data></Cell>
   </Row>
   <Row ss:AutoFitHeight="0" ss:Height="30">
    <Cell><Data ss:Type="String">SYNDICATE</Data></Cell>
    <Cell><Data ss:Type="String">CITY_NAME_89</Data></Cell>
    <Cell><Data ss:Type="String">Sali'neth</Data></Cell>
    <Cell ss:Index="5"><Data ss:Type="String">These are city names, please transcribe - e.g. to Cyrillic - but do not localize</Data></Cell>
   </Row>
   <Row ss:AutoFitHeight="0" ss:Height="30">
    <Cell><Data ss:Type="String">SYNDICATE</Data></Cell>
    <Cell><Data ss:Type="String">CITY_NAME_90</Data></Cell>
    <Cell><Data ss:Type="String">Sonadar</Data></Cell>
    <Cell ss:Index="5"><Data ss:Type="String">These are city names, please transcribe - e.g. to Cyrillic - but do not localize</Data></Cell>
   </Row>
   <Row ss:AutoFitHeight="0" ss:Height="30">
    <Cell><Data ss:Type="String">SYNDICATE</Data></Cell>
    <Cell><Data ss:Type="String">CITY_NAME_91</Data></Cell>
    <Cell><Data ss:Type="String">Savilix</Data></Cell>
    <Cell ss:Index="5"><Data ss:Type="String">These are city names, please transcribe - e.g. to Cyrillic - but do not localize</Data></Cell>
   </Row>
   <Row ss:AutoFitHeight="0" ss:Height="30">
    <Cell><Data ss:Type="String">SYNDICATE</Data></Cell>
    <Cell><Data ss:Type="String">CITY_NAME_92</Data></Cell>
    <Cell><Data ss:Type="String">Su'natul</Data></Cell>
    <Cell ss:Index="5"><Data ss:Type="String">These are city names, please transcribe - e.g. to Cyrillic - but do not localize</Data></Cell>
   </Row>
   <Row ss:AutoFitHeight="0" ss:Height="30">
    <Cell><Data ss:Type="String">SYNDICATE</Data></Cell>
    <Cell><Data ss:Type="String">CITY_NAME_93</Data></Cell>
    <Cell><Data ss:Type="String">Tivorash</Data></Cell>
    <Cell ss:Index="5"><Data ss:Type="String">These are city names, please transcribe - e.g. to Cyrillic - but do not localize</Data></Cell>
   </Row>
   <Row ss:AutoFitHeight="0" ss:Height="30">
    <Cell><Data ss:Type="String">SYNDICATE</Data></Cell>
    <Cell><Data ss:Type="String">CITY_NAME_94</Data></Cell>
    <Cell><Data ss:Type="String">Ta'zagal</Data></Cell>
    <Cell ss:Index="5"><Data ss:Type="String">These are city names, please transcribe - e.g. to Cyrillic - but do not localize</Data></Cell>
   </Row>
   <Row ss:AutoFitHeight="0" ss:Height="30">
    <Cell><Data ss:Type="String">SYNDICATE</Data></Cell>
    <Cell><Data ss:Type="String">CITY_NAME_95</Data></Cell>
    <Cell><Data ss:Type="String">Tanador</Data></Cell>
    <Cell ss:Index="5"><Data ss:Type="String">These are city names, please transcribe - e.g. to Cyrillic - but do not localize</Data></Cell>
   </Row>
   <Row ss:AutoFitHeight="0" ss:Height="30">
    <Cell><Data ss:Type="String">SYNDICATE</Data></Cell>
    <Cell><Data ss:Type="String">CITY_NAME_96</Data></Cell>
    <Cell><Data ss:Type="String">Tovi'tul</Data></Cell>
    <Cell ss:Index="5"><Data ss:Type="String">These are city names, please transcribe - e.g. to Cyrillic - but do not localize</Data></Cell>
   </Row>
   <Row ss:AutoFitHeight="0" ss:Height="30">
    <Cell><Data ss:Type="String">SYNDICATE</Data></Cell>
    <Cell><Data ss:Type="String">CITY_NAME_97</Data></Cell>
    <Cell><Data ss:Type="String">Vas'neth</Data></Cell>
    <Cell ss:Index="5"><Data ss:Type="String">These are city names, please transcribe - e.g. to Cyrillic - but do not localize</Data></Cell>
   </Row>
   <Row ss:AutoFitHeight="0" ss:Height="30">
    <Cell><Data ss:Type="String">SYNDICATE</Data></Cell>
    <Cell><Data ss:Type="String">CITY_NAME_98</Data></Cell>
    <Cell><Data ss:Type="String">Voridar</Data></Cell>
    <Cell ss:Index="5"><Data ss:Type="String">These are city names, please transcribe - e.g. to Cyrillic - but do not localize</Data></Cell>
   </Row>
   <Row ss:AutoFitHeight="0" ss:Height="30">
    <Cell><Data ss:Type="String">SYNDICATE</Data></Cell>
    <Cell><Data ss:Type="String">CITY_NAME_99</Data></Cell>
    <Cell><Data ss:Type="String">Xel'nadar</Data></Cell>
    <Cell ss:Index="5"><Data ss:Type="String">These are city names, please transcribe - e.g. to Cyrillic - but do not localize</Data></Cell>
   </Row>
   <Row ss:Index="103" ss:AutoFitHeight="0" ss:Height="30">
    <Cell><Data ss:Type="String">SYNDICATE</Data></Cell>
    <Cell><Data ss:Type="String">UNIT_NAME_01</Data></Cell>
    <Cell><Data ss:Type="String">Pacífica</Data></Cell>
    <Cell ss:Index="5"><Data ss:Type="String">These are names given to units which have mods - improvements, like explosive ammo - applied to them.</Data></Cell>
   </Row>
   <Row ss:AutoFitHeight="0" ss:Height="30">
    <Cell><Data ss:Type="String">SYNDICATE</Data></Cell>
    <Cell><Data ss:Type="String">UNIT_NAME_02</Data></Cell>
    <Cell><Data ss:Type="String">Celestial</Data></Cell>
    <Cell ss:Index="5"><Data ss:Type="String">These are names given to units which have mods - improvements, like explosive ammo - applied to them.</Data></Cell>
   </Row>
   <Row ss:AutoFitHeight="0" ss:Height="30">
    <Cell><Data ss:Type="String">SYNDICATE</Data></Cell>
    <Cell><Data ss:Type="String">UNIT_NAME_03</Data></Cell>
    <Cell><Data ss:Type="String">Marfim</Data></Cell>
    <Cell ss:Index="5"><Data ss:Type="String">These are names given to units which have mods - improvements, like explosive ammo - applied to them.</Data></Cell>
   </Row>
   <Row ss:AutoFitHeight="0" ss:Height="30">
    <Cell><Data ss:Type="String">SYNDICATE</Data></Cell>
    <Cell><Data ss:Type="String">UNIT_NAME_04</Data></Cell>
    <Cell><Data ss:Type="String">Individualista</Data></Cell>
    <Cell ss:Index="5"><Data ss:Type="String">These are names given to units which have mods - improvements, like explosive ammo - applied to them.</Data></Cell>
   </Row>
   <Row ss:AutoFitHeight="0" ss:Height="30">
    <Cell><Data ss:Type="String">SYNDICATE</Data></Cell>
    <Cell><Data ss:Type="String">UNIT_NAME_05</Data></Cell>
    <Cell><Data ss:Type="String">Clarividente</Data></Cell>
    <Cell ss:Index="5"><Data ss:Type="String">These are names given to units which have mods - improvements, like explosive ammo - applied to them.</Data></Cell>
   </Row>
   <Row ss:AutoFitHeight="0" ss:Height="30">
    <Cell><Data ss:Type="String">SYNDICATE</Data></Cell>
    <Cell><Data ss:Type="String">UNIT_NAME_06</Data></Cell>
    <Cell><Data ss:Type="String">Esperança Prateada</Data></Cell>
    <Cell ss:Index="5"><Data ss:Type="String">These are names given to units which have mods - improvements, like explosive ammo - applied to them.</Data></Cell>
   </Row>
   <Row ss:AutoFitHeight="0" ss:Height="30">
    <Cell><Data ss:Type="String">SYNDICATE</Data></Cell>
    <Cell><Data ss:Type="String">UNIT_NAME_07</Data></Cell>
    <Cell><Data ss:Type="String">Clariaudiente</Data></Cell>
    <Cell ss:Index="5"><Data ss:Type="String">These are names given to units which have mods - improvements, like explosive ammo - applied to them.</Data></Cell>
   </Row>
   <Row ss:AutoFitHeight="0" ss:Height="30">
    <Cell><Data ss:Type="String">SYNDICATE</Data></Cell>
    <Cell><Data ss:Type="String">UNIT_NAME_08</Data></Cell>
    <Cell><Data ss:Type="String">Negador</Data></Cell>
    <Cell ss:Index="5"><Data ss:Type="String">These are names given to units which have mods - improvements, like explosive ammo - applied to them.</Data></Cell>
   </Row>
   <Row ss:AutoFitHeight="0" ss:Height="30">
    <Cell><Data ss:Type="String">SYNDICATE</Data></Cell>
    <Cell><Data ss:Type="String">UNIT_NAME_09</Data></Cell>
    <Cell><Data ss:Type="String">Ascendente</Data></Cell>
    <Cell ss:Index="5"><Data ss:Type="String">These are names given to units which have mods - improvements, like explosive ammo - applied to them.</Data></Cell>
   </Row>
   <Row ss:AutoFitHeight="0" ss:Height="30">
    <Cell><Data ss:Type="String">SYNDICATE</Data></Cell>
    <Cell><Data ss:Type="String">UNIT_NAME_10</Data></Cell>
    <Cell><Data ss:Type="String">Tranquila</Data></Cell>
    <Cell ss:Index="5"><Data ss:Type="String">These are names given to units which have mods - improvements, like explosive ammo - applied to them.</Data></Cell>
   </Row>
   <Row ss:AutoFitHeight="0" ss:Height="30">
    <Cell><Data ss:Type="String">SYNDICATE</Data></Cell>
    <Cell><Data ss:Type="String">UNIT_NAME_11</Data></Cell>
    <Cell><Data ss:Type="String">Pensativa</Data></Cell>
    <Cell ss:Index="5"><Data ss:Type="String">These are names given to units which have mods - improvements, like explosive ammo - applied to them.</Data></Cell>
   </Row>
   <Row ss:AutoFitHeight="0" ss:Height="30">
    <Cell><Data ss:Type="String">SYNDICATE</Data></Cell>
    <Cell><Data ss:Type="String">UNIT_NAME_12</Data></Cell>
    <Cell><Data ss:Type="String">Estígio</Data></Cell>
    <Cell ss:Index="5"><Data ss:Type="String">These are names given to units which have mods - improvements, like explosive ammo - applied to them.</Data></Cell>
   </Row>
   <Row ss:AutoFitHeight="0" ss:Height="30">
    <Cell><Data ss:Type="String">SYNDICATE</Data></Cell>
    <Cell><Data ss:Type="String">UNIT_NAME_13</Data></Cell>
    <Cell><Data ss:Type="String">Iluminado</Data></Cell>
    <Cell ss:Index="5"><Data ss:Type="String">These are names given to units which have mods - improvements, like explosive ammo - applied to them.</Data></Cell>
   </Row>
   <Row ss:AutoFitHeight="0" ss:Height="30">
    <Cell><Data ss:Type="String">SYNDICATE</Data></Cell>
    <Cell><Data ss:Type="String">UNIT_NAME_14</Data></Cell>
    <Cell><Data ss:Type="String">Veemente</Data></Cell>
    <Cell ss:Index="5"><Data ss:Type="String">These are names given to units which have mods - improvements, like explosive ammo - applied to them.</Data></Cell>
   </Row>
   <Row ss:AutoFitHeight="0" ss:Height="30">
    <Cell><Data ss:Type="String">SYNDICATE</Data></Cell>
    <Cell><Data ss:Type="String">UNIT_NAME_15</Data></Cell>
    <Cell><Data ss:Type="String">Buscador do Vazio</Data></Cell>
    <Cell ss:Index="5"><Data ss:Type="String">These are names given to units which have mods - improvements, like explosive ammo - applied to them.</Data></Cell>
   </Row>
   <Row ss:AutoFitHeight="0" ss:Height="30">
    <Cell><Data ss:Type="String">SYNDICATE</Data></Cell>
    <Cell><Data ss:Type="String">UNIT_NAME_16</Data></Cell>
    <Cell><Data ss:Type="String">Zen</Data></Cell>
    <Cell ss:Index="5"><Data ss:Type="String">These are names given to units which have mods - improvements, like explosive ammo - applied to them.</Data></Cell>
   </Row>
   <Row ss:AutoFitHeight="0" ss:Height="30">
    <Cell><Data ss:Type="String">SYNDICATE</Data></Cell>
    <Cell><Data ss:Type="String">UNIT_NAME_17</Data></Cell>
    <Cell><Data ss:Type="String">Alma Pura</Data></Cell>
    <Cell ss:Index="5"><Data ss:Type="String">These are names given to units which have mods - improvements, like explosive ammo - applied to them.</Data></Cell>
   </Row>
   <Row ss:AutoFitHeight="0" ss:Height="30">
    <Cell><Data ss:Type="String">SYNDICATE</Data></Cell>
    <Cell><Data ss:Type="String">UNIT_NAME_18</Data></Cell>
    <Cell><Data ss:Type="String">Do Arauto</Data></Cell>
    <Cell ss:Index="5"><Data ss:Type="String">These are names given to units which have mods - improvements, like explosive ammo - applied to them.</Data></Cell>
   </Row>
   <Row ss:AutoFitHeight="0" ss:Height="30">
    <Cell><Data ss:Type="String">SYNDICATE</Data></Cell>
    <Cell><Data ss:Type="String">UNIT_NAME_19</Data></Cell>
    <Cell><Data ss:Type="String">Matusalémico</Data></Cell>
    <Cell ss:Index="5"><Data ss:Type="String">These are names given to units which have mods - improvements, like explosive ammo - applied to them.</Data></Cell>
   </Row>
   <Row ss:AutoFitHeight="0" ss:Height="30">
    <Cell><Data ss:Type="String">SYNDICATE</Data></Cell>
    <Cell><Data ss:Type="String">UNIT_NAME_20</Data></Cell>
    <Cell><Data ss:Type="String">Discípulo</Data></Cell>
    <Cell ss:Index="5"><Data ss:Type="String">These are names given to units which have mods - improvements, like explosive ammo - applied to them.</Data></Cell>
   </Row>
   <Row ss:AutoFitHeight="0" ss:Height="30">
    <Cell><Data ss:Type="String">SYNDICATE</Data></Cell>
    <Cell><Data ss:Type="String">UNIT_NAME_21</Data></Cell>
    <Cell><Data ss:Type="String">Mente Selvagem</Data></Cell>
    <Cell ss:Index="5"><Data ss:Type="String">These are names given to units which have mods - improvements, like explosive ammo - applied to them.</Data></Cell>
   </Row>
   <Row ss:AutoFitHeight="0" ss:Height="30">
    <Cell><Data ss:Type="String">SYNDICATE</Data></Cell>
    <Cell><Data ss:Type="String">UNIT_NAME_22</Data></Cell>
    <Cell><Data ss:Type="String">Índigo</Data></Cell>
    <Cell ss:Index="5"><Data ss:Type="String">These are names given to units which have mods - improvements, like explosive ammo - applied to them.</Data></Cell>
   </Row>
   <Row ss:AutoFitHeight="0" ss:Height="30">
    <Cell><Data ss:Type="String">SYNDICATE</Data></Cell>
    <Cell><Data ss:Type="String">UNIT_NAME_23</Data></Cell>
    <Cell><Data ss:Type="String">Corredor Estelar</Data></Cell>
    <Cell ss:Index="5"><Data ss:Type="String">These are names given to units which have mods - improvements, like explosive ammo - applied to them.</Data></Cell>
   </Row>
   <Row ss:AutoFitHeight="0" ss:Height="30">
    <Cell><Data ss:Type="String">SYNDICATE</Data></Cell>
    <Cell><Data ss:Type="String">UNIT_NAME_24</Data></Cell>
    <Cell><Data ss:Type="String">Contemplador da Lua</Data></Cell>
    <Cell ss:Index="5"><Data ss:Type="String">These are names given to units which have mods - improvements, like explosive ammo - applied to them.</Data></Cell>
   </Row>
   <Row ss:AutoFitHeight="0" ss:Height="30">
    <Cell><Data ss:Type="String">SYNDICATE</Data></Cell>
    <Cell><Data ss:Type="String">UNIT_NAME_25</Data></Cell>
    <Cell><Data ss:Type="String">Cantor</Data></Cell>
    <Cell ss:Index="5"><Data ss:Type="String">These are names given to units which have mods - improvements, like explosive ammo - applied to them.</Data></Cell>
   </Row>
   <Row ss:AutoFitHeight="0" ss:Height="30">
    <Cell><Data ss:Type="String">SYNDICATE</Data></Cell>
    <Cell><Data ss:Type="String">UNIT_NAME_26</Data></Cell>
    <Cell><Data ss:Type="String">Descobridor de Almas</Data></Cell>
    <Cell ss:Index="5"><Data ss:Type="String">These are names given to units which have mods - improvements, like explosive ammo - applied to them.</Data></Cell>
   </Row>
   <Row ss:AutoFitHeight="0" ss:Height="30">
    <Cell><Data ss:Type="String">SYNDICATE</Data></Cell>
    <Cell><Data ss:Type="String">UNIT_NAME_27</Data></Cell>
    <Cell><Data ss:Type="String">Guiado</Data></Cell>
    <Cell ss:Index="5"><Data ss:Type="String">These are names given to units which have mods - improvements, like explosive ammo - applied to them.</Data></Cell>
   </Row>
   <Row ss:AutoFitHeight="0" ss:Height="30">
    <Cell><Data ss:Type="String">SYNDICATE</Data></Cell>
    <Cell><Data ss:Type="String">UNIT_NAME_28</Data></Cell>
    <Cell><Data ss:Type="String">Telepata</Data></Cell>
    <Cell ss:Index="5"><Data ss:Type="String">These are names given to units which have mods - improvements, like explosive ammo - applied to them.</Data></Cell>
   </Row>
   <Row ss:AutoFitHeight="0" ss:Height="30">
    <Cell><Data ss:Type="String">SYNDICATE</Data></Cell>
    <Cell><Data ss:Type="String">UNIT_NAME_29</Data></Cell>
    <Cell><Data ss:Type="String">Vidente</Data></Cell>
    <Cell ss:Index="5"><Data ss:Type="String">These are names given to units which have mods - improvements, like explosive ammo - applied to them.</Data></Cell>
   </Row>
   <Row ss:AutoFitHeight="0" ss:Height="30">
    <Cell><Data ss:Type="String">SYNDICATE</Data></Cell>
    <Cell><Data ss:Type="String">UNIT_NAME_30</Data></Cell>
    <Cell><Data ss:Type="String">Astrólogo</Data></Cell>
    <Cell ss:Index="5"><Data ss:Type="String">These are names given to units which have mods - improvements, like explosive ammo - applied to them.</Data></Cell>
   </Row>
   <Row ss:AutoFitHeight="0" ss:Height="30">
    <Cell><Data ss:Type="String">SYNDICATE</Data></Cell>
    <Cell><Data ss:Type="String">UNIT_NAME_31</Data></Cell>
    <Cell><Data ss:Type="String">Cientista</Data></Cell>
    <Cell ss:Index="5"><Data ss:Type="String">These are names given to units which have mods - improvements, like explosive ammo - applied to them.</Data></Cell>
   </Row>
   <Row ss:AutoFitHeight="0" ss:Height="30">
    <Cell><Data ss:Type="String">SYNDICATE</Data></Cell>
    <Cell><Data ss:Type="String">UNIT_NAME_32</Data></Cell>
    <Cell><Data ss:Type="String">Super Sábio</Data></Cell>
    <Cell ss:Index="5"><Data ss:Type="String">These are names given to units which have mods - improvements, like explosive ammo - applied to them.</Data></Cell>
   </Row>
   <Row ss:AutoFitHeight="0" ss:Height="30">
    <Cell><Data ss:Type="String">SYNDICATE</Data></Cell>
    <Cell><Data ss:Type="String">UNIT_NAME_33</Data></Cell>
    <Cell><Data ss:Type="String">Realizador</Data></Cell>
    <Cell ss:Index="5"><Data ss:Type="String">These are names given to units which have mods - improvements, like explosive ammo - applied to them.</Data></Cell>
   </Row>
   <Row ss:AutoFitHeight="0" ss:Height="30">
    <Cell><Data ss:Type="String">SYNDICATE</Data></Cell>
    <Cell><Data ss:Type="String">UNIT_NAME_34</Data></Cell>
    <Cell><Data ss:Type="String">Renascido</Data></Cell>
    <Cell ss:Index="5"><Data ss:Type="String">These are names given to units which have mods - improvements, like explosive ammo - applied to them.</Data></Cell>
   </Row>
   <Row ss:AutoFitHeight="0" ss:Height="30">
    <Cell><Data ss:Type="String">SYNDICATE</Data></Cell>
    <Cell><Data ss:Type="String">UNIT_NAME_35</Data></Cell>
    <Cell><Data ss:Type="String">Verdadeiro</Data></Cell>
    <Cell ss:Index="5"><Data ss:Type="String">These are names given to units which have mods - improvements, like explosive ammo - applied to them.</Data></Cell>
   </Row>
   <Row ss:AutoFitHeight="0" ss:Height="30">
    <Cell><Data ss:Type="String">SYNDICATE</Data></Cell>
    <Cell><Data ss:Type="String">UNIT_NAME_36</Data></Cell>
    <Cell><Data ss:Type="String">Forte</Data></Cell>
    <Cell ss:Index="5"><Data ss:Type="String">These are names given to units which have mods - improvements, like explosive ammo - applied to them.</Data></Cell>
   </Row>
   <Row ss:AutoFitHeight="0" ss:Height="30">
    <Cell><Data ss:Type="String">SYNDICATE</Data></Cell>
    <Cell><Data ss:Type="String">UNIT_NAME_37</Data></Cell>
    <Cell><Data ss:Type="String">Determinado</Data></Cell>
    <Cell ss:Index="5"><Data ss:Type="String">These are names given to units which have mods - improvements, like explosive ammo - applied to them.</Data></Cell>
   </Row>
   <Row ss:AutoFitHeight="0" ss:Height="30">
    <Cell><Data ss:Type="String">SYNDICATE</Data></Cell>
    <Cell><Data ss:Type="String">UNIT_NAME_38</Data></Cell>
    <Cell><Data ss:Type="String">Transcendente</Data></Cell>
    <Cell ss:Index="5"><Data ss:Type="String">These are names given to units which have mods - improvements, like explosive ammo - applied to them.</Data></Cell>
   </Row>
   <Row ss:AutoFitHeight="0" ss:Height="30">
    <Cell><Data ss:Type="String">SYNDICATE</Data></Cell>
    <Cell><Data ss:Type="String">UNIT_NAME_39</Data></Cell>
    <Cell><Data ss:Type="String">Etéreo</Data></Cell>
    <Cell ss:Index="5"><Data ss:Type="String">These are names given to units which have mods - improvements, like explosive ammo - applied to them.</Data></Cell>
   </Row>
   <Row ss:AutoFitHeight="0" ss:Height="30">
    <Cell><Data ss:Type="String">SYNDICATE</Data></Cell>
    <Cell><Data ss:Type="String">UNIT_NAME_40</Data></Cell>
    <Cell><Data ss:Type="String">Cinzento</Data></Cell>
    <Cell ss:Index="5"><Data ss:Type="String">These are names given to units which have mods - improvements, like explosive ammo - applied to them.</Data></Cell>
   </Row>
   <Row ss:AutoFitHeight="0" ss:Height="30">
    <Cell><Data ss:Type="String">SYNDICATE</Data></Cell>
    <Cell><Data ss:Type="String">UNIT_NAME_41</Data></Cell>
    <Cell><Data ss:Type="String">Dominante</Data></Cell>
    <Cell ss:Index="5"><Data ss:Type="String">These are names given to units which have mods - improvements, like explosive ammo - applied to them.</Data></Cell>
   </Row>
   <Row ss:AutoFitHeight="0" ss:Height="30">
    <Cell><Data ss:Type="String">SYNDICATE</Data></Cell>
    <Cell><Data ss:Type="String">UNIT_NAME_42</Data></Cell>
    <Cell><Data ss:Type="String">Magnético</Data></Cell>
    <Cell ss:Index="5"><Data ss:Type="String">These are names given to units which have mods - improvements, like explosive ammo - applied to them.</Data></Cell>
   </Row>
   <Row ss:AutoFitHeight="0" ss:Height="30">
    <Cell><Data ss:Type="String">SYNDICATE</Data></Cell>
    <Cell><Data ss:Type="String">UNIT_NAME_43</Data></Cell>
    <Cell><Data ss:Type="String">Neurônico</Data></Cell>
    <Cell ss:Index="5"><Data ss:Type="String">These are names given to units which have mods - improvements, like explosive ammo - applied to them.</Data></Cell>
   </Row>
   <Row ss:AutoFitHeight="0" ss:Height="30">
    <Cell><Data ss:Type="String">SYNDICATE</Data></Cell>
    <Cell><Data ss:Type="String">UNIT_NAME_44</Data></Cell>
    <Cell><Data ss:Type="String">Atípico</Data></Cell>
    <Cell ss:Index="5"><Data ss:Type="String">These are names given to units which have mods - improvements, like explosive ammo - applied to them.</Data></Cell>
   </Row>
   <Row ss:AutoFitHeight="0" ss:Height="30">
    <Cell><Data ss:Type="String">SYNDICATE</Data></Cell>
    <Cell><Data ss:Type="String">UNIT_NAME_45</Data></Cell>
    <Cell><Data ss:Type="String">Ilimitado</Data></Cell>
    <Cell ss:Index="5"><Data ss:Type="String">These are names given to units which have mods - improvements, like explosive ammo - applied to them.</Data></Cell>
   </Row>
   <Row ss:AutoFitHeight="0" ss:Height="30">
    <Cell><Data ss:Type="String">SYNDICATE</Data></Cell>
    <Cell><Data ss:Type="String">UNIT_NAME_46</Data></Cell>
    <Cell><Data ss:Type="String">Desencadeado</Data></Cell>
    <Cell ss:Index="5"><Data ss:Type="String">These are names given to units which have mods - improvements, like explosive ammo - applied to them.</Data></Cell>
   </Row>
   <Row ss:AutoFitHeight="0" ss:Height="30">
    <Cell><Data ss:Type="String">SYNDICATE</Data></Cell>
    <Cell><Data ss:Type="String">UNIT_NAME_47</Data></Cell>
    <Cell><Data ss:Type="String">Divino</Data></Cell>
    <Cell ss:Index="5"><Data ss:Type="String">These are names given to units which have mods - improvements, like explosive ammo - applied to them.</Data></Cell>
   </Row>
   <Row ss:AutoFitHeight="0" ss:Height="30">
    <Cell><Data ss:Type="String">SYNDICATE</Data></Cell>
    <Cell><Data ss:Type="String">UNIT_NAME_48</Data></Cell>
    <Cell><Data ss:Type="String">Altruísta</Data></Cell>
    <Cell ss:Index="5"><Data ss:Type="String">These are names given to units which have mods - improvements, like explosive ammo - applied to them.</Data></Cell>
   </Row>
   <Row ss:AutoFitHeight="0" ss:Height="30">
    <Cell><Data ss:Type="String">SYNDICATE</Data></Cell>
    <Cell><Data ss:Type="String">UNIT_NAME_49</Data></Cell>
    <Cell><Data ss:Type="String">Porta-Estandarte</Data></Cell>
    <Cell ss:Index="5"><Data ss:Type="String">These are names given to units which have mods - improvements, like explosive ammo - applied to them.</Data></Cell>
   </Row>
   <Row ss:AutoFitHeight="0" ss:Height="30">
    <Cell><Data ss:Type="String">SYNDICATE</Data></Cell>
    <Cell><Data ss:Type="String">UNIT_NAME_50</Data></Cell>
    <Cell><Data ss:Type="String">Silencioso</Data></Cell>
    <Cell ss:Index="5"><Data ss:Type="String">These are names given to units which have mods - improvements, like explosive ammo - applied to them.</Data></Cell>
   </Row>
  </Table>
  <WorksheetOptions xmlns="urn:schemas-microsoft-com:office:excel">
   <Unsynced/>
   <Zoom>145</Zoom>
   <Selected/>
   <LeftColumnVisible>3</LeftColumnVisible>
   <Panes>
    <Pane>
     <Number>3</Number>
     <ActiveRow>5</ActiveRow>
     <ActiveCol>7</ActiveCol>
    </Pane>
   </Panes>
   <ProtectObjects>False</ProtectObjects>
   <ProtectScenarios>False</ProtectScenarios>
  </WorksheetOptions>
 </Worksheet>
</Workbook>