<?xml version='1.0' encoding='UTF-8'?>
<?mso-application progid="Excel.Sheet"?><Workbook xmlns="urn:schemas-microsoft-com:office:spreadsheet" xmlns:o="urn:schemas-microsoft-com:office:office" xmlns:x="urn:schemas-microsoft-com:office:excel" xmlns:ss="urn:schemas-microsoft-com:office:spreadsheet" xmlns:html="http://www.w3.org/TR/REC-html40">
 <DocumentProperties xmlns="urn:schemas-microsoft-com:office:office">
  <Version>16.00</Version>
 </DocumentProperties>
 <OfficeDocumentSettings xmlns="urn:schemas-microsoft-com:office:office">
  <AllowPNG/>
 </OfficeDocumentSettings>
 <ExcelWorkbook xmlns="urn:schemas-microsoft-com:office:excel">
  <WindowHeight>11175</WindowHeight>
  <WindowWidth>25200</WindowWidth>
  <WindowTopX>32767</WindowTopX>
  <WindowTopY>32767</WindowTopY>
  <ProtectStructure>False</ProtectStructure>
  <ProtectWindows>False</ProtectWindows>
 </ExcelWorkbook>
 <Styles>
  <Style ss:ID="Default" ss:Name="Normal">
   <Alignment ss:Vertical="Bottom"/>
   <Borders/>
   <Font ss:FontName="Calibri" x:Family="Swiss" ss:Size="11" ss:Color="#000000"/>
   <Interior/>
   <NumberFormat/>
   <Protection/>
  </Style>
  <Style ss:ID="s62">
   <Alignment ss:Vertical="Bottom" ss:WrapText="1"/>
  </Style>
 </Styles>
 <Worksheet ss:Name="Script">
  <Table ss:ExpandedColumnCount="6" ss:ExpandedRowCount="152" x:FullColumns="1" x:FullRows="1" ss:StyleID="s62" ss:DefaultRowHeight="15">
   <Column ss:StyleID="s62" ss:AutoFitWidth="0" ss:Width="108.75"/>
   <Column ss:StyleID="s62" ss:AutoFitWidth="0" ss:Width="106.5"/>
   <Column ss:StyleID="s62" ss:AutoFitWidth="0" ss:Width="111.75"/>
   <Column ss:StyleID="s62" ss:AutoFitWidth="0" ss:Width="177.75"/>
   <Column ss:StyleID="s62" ss:AutoFitWidth="0" ss:Width="362.25"/>
   <Column ss:StyleID="s62" ss:Width="120"/>
   <Row ss:AutoFitHeight="0" ss:Height="60">
    <Cell><Data ss:Type="String">RACE_VANGUARD</Data></Cell>
    <Cell ss:Index="5"><Data ss:Type="String">The DEV TEAM / MISC NOTES column contains info on what text between { } signs means (if applicable). It usually stands for either a numeric value, or a numeric value with an icon. Text between [ ] signs stands for a certain type of icon. </Data></Cell>
   </Row>
   <Row ss:AutoFitHeight="0">
    <Cell><Data ss:Type="String">SCENE ID</Data></Cell>
    <Cell><Data ss:Type="String">TEXT ID</Data></Cell>
    <Cell><Data ss:Type="String">ENGLISH STRING</Data></Cell>
    <Cell><Data ss:Type="String">ALTERNATIVE ENGLISH STRING</Data></Cell>
    <Cell><Data ss:Type="String">LOCALIZATION NOTES</Data></Cell>
    <Cell><Data ss:Type="String">DEV TEAM / MISC NOTES</Data></Cell>
   </Row>
   <Row ss:AutoFitHeight="0">
    <Cell><Data ss:Type="String">VANGUARD</Data></Cell>
    <Cell><Data ss:Type="String">CITY_NAME_01</Data></Cell>
    <Cell><Data ss:Type="String">Alyndrial</Data></Cell>
    <Cell ss:Index="5"><Data ss:Type="String">These are city names, please transcribe - e.g. to Cyrillic - but do not localize</Data></Cell>
   </Row>
   <Row ss:AutoFitHeight="0">
    <Cell><Data ss:Type="String">VANGUARD</Data></Cell>
    <Cell><Data ss:Type="String">CITY_NAME_02</Data></Cell>
    <Cell><Data ss:Type="String">Allerdon</Data></Cell>
    <Cell ss:Index="5"><Data ss:Type="String">These are city names, please transcribe - e.g. to Cyrillic - but do not localize</Data></Cell>
   </Row>
   <Row ss:AutoFitHeight="0">
    <Cell><Data ss:Type="String">VANGUARD</Data></Cell>
    <Cell><Data ss:Type="String">CITY_NAME_03</Data></Cell>
    <Cell><Data ss:Type="String">Asterber</Data></Cell>
    <Cell ss:Index="5"><Data ss:Type="String">These are city names, please transcribe - e.g. to Cyrillic - but do not localize</Data></Cell>
   </Row>
   <Row ss:AutoFitHeight="0">
    <Cell><Data ss:Type="String">VANGUARD</Data></Cell>
    <Cell><Data ss:Type="String">CITY_NAME_04</Data></Cell>
    <Cell><Data ss:Type="String">Avalmill</Data></Cell>
    <Cell ss:Index="5"><Data ss:Type="String">These are city names, please transcribe - e.g. to Cyrillic - but do not localize</Data></Cell>
   </Row>
   <Row ss:AutoFitHeight="0">
    <Cell><Data ss:Type="String">VANGUARD</Data></Cell>
    <Cell><Data ss:Type="String">CITY_NAME_05</Data></Cell>
    <Cell><Data ss:Type="String">Binhamd</Data></Cell>
    <Cell ss:Index="5"><Data ss:Type="String">These are city names, please transcribe - e.g. to Cyrillic - but do not localize</Data></Cell>
   </Row>
   <Row ss:AutoFitHeight="0">
    <Cell><Data ss:Type="String">VANGUARD</Data></Cell>
    <Cell><Data ss:Type="String">CITY_NAME_06</Data></Cell>
    <Cell><Data ss:Type="String">Bodifahl</Data></Cell>
    <Cell ss:Index="5"><Data ss:Type="String">These are city names, please transcribe - e.g. to Cyrillic - but do not localize</Data></Cell>
   </Row>
   <Row ss:AutoFitHeight="0">
    <Cell><Data ss:Type="String">VANGUARD</Data></Cell>
    <Cell><Data ss:Type="String">CITY_NAME_07</Data></Cell>
    <Cell><Data ss:Type="String">Borshyr</Data></Cell>
    <Cell ss:Index="5"><Data ss:Type="String">These are city names, please transcribe - e.g. to Cyrillic - but do not localize</Data></Cell>
   </Row>
   <Row ss:AutoFitHeight="0">
    <Cell><Data ss:Type="String">VANGUARD</Data></Cell>
    <Cell><Data ss:Type="String">CITY_NAME_08</Data></Cell>
    <Cell><Data ss:Type="String">Bydoth</Data></Cell>
    <Cell ss:Index="5"><Data ss:Type="String">These are city names, please transcribe - e.g. to Cyrillic - but do not localize</Data></Cell>
   </Row>
   <Row ss:AutoFitHeight="0">
    <Cell><Data ss:Type="String">VANGUARD</Data></Cell>
    <Cell><Data ss:Type="String">CITY_NAME_09</Data></Cell>
    <Cell><Data ss:Type="String">Calmwyd</Data></Cell>
    <Cell ss:Index="5"><Data ss:Type="String">These are city names, please transcribe - e.g. to Cyrillic - but do not localize</Data></Cell>
   </Row>
   <Row ss:AutoFitHeight="0">
    <Cell><Data ss:Type="String">VANGUARD</Data></Cell>
    <Cell><Data ss:Type="String">CITY_NAME_10</Data></Cell>
    <Cell><Data ss:Type="String">Cytval</Data></Cell>
    <Cell ss:Index="5"><Data ss:Type="String">These are city names, please transcribe - e.g. to Cyrillic - but do not localize</Data></Cell>
   </Row>
   <Row ss:AutoFitHeight="0">
    <Cell><Data ss:Type="String">VANGUARD</Data></Cell>
    <Cell><Data ss:Type="String">CITY_NAME_11</Data></Cell>
    <Cell><Data ss:Type="String">Corinsbur</Data></Cell>
    <Cell ss:Index="5"><Data ss:Type="String">These are city names, please transcribe - e.g. to Cyrillic - but do not localize</Data></Cell>
   </Row>
   <Row ss:AutoFitHeight="0">
    <Cell><Data ss:Type="String">VANGUARD</Data></Cell>
    <Cell><Data ss:Type="String">CITY_NAME_12</Data></Cell>
    <Cell><Data ss:Type="String">Custarvil</Data></Cell>
    <Cell ss:Index="5"><Data ss:Type="String">These are city names, please transcribe - e.g. to Cyrillic - but do not localize</Data></Cell>
   </Row>
   <Row ss:AutoFitHeight="0">
    <Cell><Data ss:Type="String">VANGUARD</Data></Cell>
    <Cell><Data ss:Type="String">CITY_NAME_13</Data></Cell>
    <Cell><Data ss:Type="String">Danylon</Data></Cell>
    <Cell ss:Index="5"><Data ss:Type="String">These are city names, please transcribe - e.g. to Cyrillic - but do not localize</Data></Cell>
   </Row>
   <Row ss:AutoFitHeight="0">
    <Cell><Data ss:Type="String">VANGUARD</Data></Cell>
    <Cell><Data ss:Type="String">CITY_NAME_14</Data></Cell>
    <Cell><Data ss:Type="String">Dorwar</Data></Cell>
    <Cell ss:Index="5"><Data ss:Type="String">These are city names, please transcribe - e.g. to Cyrillic - but do not localize</Data></Cell>
   </Row>
   <Row ss:AutoFitHeight="0">
    <Cell><Data ss:Type="String">VANGUARD</Data></Cell>
    <Cell><Data ss:Type="String">CITY_NAME_15</Data></Cell>
    <Cell><Data ss:Type="String">Doria</Data></Cell>
    <Cell ss:Index="5"><Data ss:Type="String">These are city names, please transcribe - e.g. to Cyrillic - but do not localize</Data></Cell>
   </Row>
   <Row ss:AutoFitHeight="0">
    <Cell><Data ss:Type="String">VANGUARD</Data></Cell>
    <Cell><Data ss:Type="String">CITY_NAME_16</Data></Cell>
    <Cell><Data ss:Type="String">Dubor </Data></Cell>
    <Cell ss:Index="5"><Data ss:Type="String">These are city names, please transcribe - e.g. to Cyrillic - but do not localize</Data></Cell>
   </Row>
   <Row ss:AutoFitHeight="0">
    <Cell><Data ss:Type="String">VANGUARD</Data></Cell>
    <Cell><Data ss:Type="String">CITY_NAME_17</Data></Cell>
    <Cell><Data ss:Type="String">Edinbor</Data></Cell>
    <Cell ss:Index="5"><Data ss:Type="String">These are city names, please transcribe - e.g. to Cyrillic - but do not localize</Data></Cell>
   </Row>
   <Row ss:AutoFitHeight="0">
    <Cell><Data ss:Type="String">VANGUARD</Data></Cell>
    <Cell><Data ss:Type="String">CITY_NAME_18</Data></Cell>
    <Cell><Data ss:Type="String">Ercas</Data></Cell>
    <Cell ss:Index="5"><Data ss:Type="String">These are city names, please transcribe - e.g. to Cyrillic - but do not localize</Data></Cell>
   </Row>
   <Row ss:AutoFitHeight="0">
    <Cell><Data ss:Type="String">VANGUARD</Data></Cell>
    <Cell><Data ss:Type="String">CITY_NAME_19</Data></Cell>
    <Cell><Data ss:Type="String">Fathbur</Data></Cell>
    <Cell ss:Index="5"><Data ss:Type="String">These are city names, please transcribe - e.g. to Cyrillic - but do not localize</Data></Cell>
   </Row>
   <Row ss:AutoFitHeight="0">
    <Cell><Data ss:Type="String">VANGUARD</Data></Cell>
    <Cell><Data ss:Type="String">CITY_NAME_20</Data></Cell>
    <Cell><Data ss:Type="String">Fengal</Data></Cell>
    <Cell ss:Index="5"><Data ss:Type="String">These are city names, please transcribe - e.g. to Cyrillic - but do not localize</Data></Cell>
   </Row>
   <Row ss:AutoFitHeight="0">
    <Cell><Data ss:Type="String">VANGUARD</Data></Cell>
    <Cell><Data ss:Type="String">CITY_NAME_21</Data></Cell>
    <Cell><Data ss:Type="String">Farish-Kal</Data></Cell>
    <Cell ss:Index="5"><Data ss:Type="String">These are city names, please transcribe - e.g. to Cyrillic - but do not localize</Data></Cell>
   </Row>
   <Row ss:AutoFitHeight="0">
    <Cell><Data ss:Type="String">VANGUARD</Data></Cell>
    <Cell><Data ss:Type="String">CITY_NAME_22</Data></Cell>
    <Cell><Data ss:Type="String">Fondenbul</Data></Cell>
    <Cell ss:Index="5"><Data ss:Type="String">These are city names, please transcribe - e.g. to Cyrillic - but do not localize</Data></Cell>
   </Row>
   <Row ss:AutoFitHeight="0">
    <Cell><Data ss:Type="String">VANGUARD</Data></Cell>
    <Cell><Data ss:Type="String">CITY_NAME_23</Data></Cell>
    <Cell><Data ss:Type="String">Gahlen</Data></Cell>
    <Cell ss:Index="5"><Data ss:Type="String">These are city names, please transcribe - e.g. to Cyrillic - but do not localize</Data></Cell>
   </Row>
   <Row ss:AutoFitHeight="0">
    <Cell><Data ss:Type="String">VANGUARD</Data></Cell>
    <Cell><Data ss:Type="String">CITY_NAME_24</Data></Cell>
    <Cell><Data ss:Type="String">Gamot</Data></Cell>
    <Cell ss:Index="5"><Data ss:Type="String">These are city names, please transcribe - e.g. to Cyrillic - but do not localize</Data></Cell>
   </Row>
   <Row ss:AutoFitHeight="0">
    <Cell><Data ss:Type="String">VANGUARD</Data></Cell>
    <Cell><Data ss:Type="String">CITY_NAME_25</Data></Cell>
    <Cell><Data ss:Type="String">Gowin</Data></Cell>
    <Cell ss:Index="5"><Data ss:Type="String">These are city names, please transcribe - e.g. to Cyrillic - but do not localize</Data></Cell>
   </Row>
   <Row ss:AutoFitHeight="0">
    <Cell><Data ss:Type="String">VANGUARD</Data></Cell>
    <Cell><Data ss:Type="String">CITY_NAME_26</Data></Cell>
    <Cell><Data ss:Type="String">Goranber</Data></Cell>
    <Cell ss:Index="5"><Data ss:Type="String">These are city names, please transcribe - e.g. to Cyrillic - but do not localize</Data></Cell>
   </Row>
   <Row ss:AutoFitHeight="0">
    <Cell><Data ss:Type="String">VANGUARD</Data></Cell>
    <Cell><Data ss:Type="String">CITY_NAME_27</Data></Cell>
    <Cell><Data ss:Type="String">Haidor</Data></Cell>
    <Cell ss:Index="5"><Data ss:Type="String">These are city names, please transcribe - e.g. to Cyrillic - but do not localize</Data></Cell>
   </Row>
   <Row ss:AutoFitHeight="0">
    <Cell><Data ss:Type="String">VANGUARD</Data></Cell>
    <Cell><Data ss:Type="String">CITY_NAME_28</Data></Cell>
    <Cell><Data ss:Type="String">Hesterbur</Data></Cell>
    <Cell ss:Index="5"><Data ss:Type="String">These are city names, please transcribe - e.g. to Cyrillic - but do not localize</Data></Cell>
   </Row>
   <Row ss:AutoFitHeight="0">
    <Cell><Data ss:Type="String">VANGUARD</Data></Cell>
    <Cell><Data ss:Type="String">CITY_NAME_29</Data></Cell>
    <Cell><Data ss:Type="String">Hovton</Data></Cell>
    <Cell ss:Index="5"><Data ss:Type="String">These are city names, please transcribe - e.g. to Cyrillic - but do not localize</Data></Cell>
   </Row>
   <Row ss:AutoFitHeight="0">
    <Cell><Data ss:Type="String">VANGUARD</Data></Cell>
    <Cell><Data ss:Type="String">CITY_NAME_30</Data></Cell>
    <Cell><Data ss:Type="String">Histerber</Data></Cell>
    <Cell ss:Index="5"><Data ss:Type="String">These are city names, please transcribe - e.g. to Cyrillic - but do not localize</Data></Cell>
   </Row>
   <Row ss:AutoFitHeight="0">
    <Cell><Data ss:Type="String">VANGUARD</Data></Cell>
    <Cell><Data ss:Type="String">CITY_NAME_31</Data></Cell>
    <Cell><Data ss:Type="String">Iston</Data></Cell>
    <Cell ss:Index="5"><Data ss:Type="String">These are city names, please transcribe - e.g. to Cyrillic - but do not localize</Data></Cell>
   </Row>
   <Row ss:AutoFitHeight="0">
    <Cell><Data ss:Type="String">VANGUARD</Data></Cell>
    <Cell><Data ss:Type="String">CITY_NAME_32</Data></Cell>
    <Cell><Data ss:Type="String">Ivtervil</Data></Cell>
    <Cell ss:Index="5"><Data ss:Type="String">These are city names, please transcribe - e.g. to Cyrillic - but do not localize</Data></Cell>
   </Row>
   <Row ss:AutoFitHeight="0">
    <Cell><Data ss:Type="String">VANGUARD</Data></Cell>
    <Cell><Data ss:Type="String">CITY_NAME_33</Data></Cell>
    <Cell><Data ss:Type="String">Ikton</Data></Cell>
    <Cell ss:Index="5"><Data ss:Type="String">These are city names, please transcribe - e.g. to Cyrillic - but do not localize</Data></Cell>
   </Row>
   <Row ss:AutoFitHeight="0">
    <Cell><Data ss:Type="String">VANGUARD</Data></Cell>
    <Cell><Data ss:Type="String">CITY_NAME_34</Data></Cell>
    <Cell><Data ss:Type="String">Ibenfor</Data></Cell>
    <Cell ss:Index="5"><Data ss:Type="String">These are city names, please transcribe - e.g. to Cyrillic - but do not localize</Data></Cell>
   </Row>
   <Row ss:AutoFitHeight="0">
    <Cell><Data ss:Type="String">VANGUARD</Data></Cell>
    <Cell><Data ss:Type="String">CITY_NAME_35</Data></Cell>
    <Cell><Data ss:Type="String">Josenbur</Data></Cell>
    <Cell ss:Index="5"><Data ss:Type="String">These are city names, please transcribe - e.g. to Cyrillic - but do not localize</Data></Cell>
   </Row>
   <Row ss:AutoFitHeight="0">
    <Cell><Data ss:Type="String">VANGUARD</Data></Cell>
    <Cell><Data ss:Type="String">CITY_NAME_36</Data></Cell>
    <Cell><Data ss:Type="String">Juvendril</Data></Cell>
    <Cell ss:Index="5"><Data ss:Type="String">These are city names, please transcribe - e.g. to Cyrillic - but do not localize</Data></Cell>
   </Row>
   <Row ss:AutoFitHeight="0">
    <Cell><Data ss:Type="String">VANGUARD</Data></Cell>
    <Cell><Data ss:Type="String">CITY_NAME_37</Data></Cell>
    <Cell><Data ss:Type="String">Jastervil</Data></Cell>
    <Cell ss:Index="5"><Data ss:Type="String">These are city names, please transcribe - e.g. to Cyrillic - but do not localize</Data></Cell>
   </Row>
   <Row ss:AutoFitHeight="0">
    <Cell><Data ss:Type="String">VANGUARD</Data></Cell>
    <Cell><Data ss:Type="String">CITY_NAME_38</Data></Cell>
    <Cell><Data ss:Type="String">Judrin</Data></Cell>
    <Cell ss:Index="5"><Data ss:Type="String">These are city names, please transcribe - e.g. to Cyrillic - but do not localize</Data></Cell>
   </Row>
   <Row ss:AutoFitHeight="0">
    <Cell><Data ss:Type="String">VANGUARD</Data></Cell>
    <Cell><Data ss:Type="String">CITY_NAME_39</Data></Cell>
    <Cell><Data ss:Type="String">Kavindon</Data></Cell>
    <Cell ss:Index="5"><Data ss:Type="String">These are city names, please transcribe - e.g. to Cyrillic - but do not localize</Data></Cell>
   </Row>
   <Row ss:AutoFitHeight="0">
    <Cell><Data ss:Type="String">VANGUARD</Data></Cell>
    <Cell><Data ss:Type="String">CITY_NAME_40</Data></Cell>
    <Cell><Data ss:Type="String">Kovenbor</Data></Cell>
    <Cell ss:Index="5"><Data ss:Type="String">These are city names, please transcribe - e.g. to Cyrillic - but do not localize</Data></Cell>
   </Row>
   <Row ss:AutoFitHeight="0">
    <Cell><Data ss:Type="String">VANGUARD</Data></Cell>
    <Cell><Data ss:Type="String">CITY_NAME_41</Data></Cell>
    <Cell><Data ss:Type="String">Kasington</Data></Cell>
    <Cell ss:Index="5"><Data ss:Type="String">These are city names, please transcribe - e.g. to Cyrillic - but do not localize</Data></Cell>
   </Row>
   <Row ss:AutoFitHeight="0">
    <Cell><Data ss:Type="String">VANGUARD</Data></Cell>
    <Cell><Data ss:Type="String">CITY_NAME_42</Data></Cell>
    <Cell><Data ss:Type="String">Kevvil</Data></Cell>
    <Cell ss:Index="5"><Data ss:Type="String">These are city names, please transcribe - e.g. to Cyrillic - but do not localize</Data></Cell>
   </Row>
   <Row ss:AutoFitHeight="0">
    <Cell><Data ss:Type="String">VANGUARD</Data></Cell>
    <Cell><Data ss:Type="String">CITY_NAME_43</Data></Cell>
    <Cell><Data ss:Type="String">Lansdal </Data></Cell>
    <Cell ss:Index="5"><Data ss:Type="String">These are city names, please transcribe - e.g. to Cyrillic - but do not localize</Data></Cell>
   </Row>
   <Row ss:AutoFitHeight="0">
    <Cell><Data ss:Type="String">VANGUARD</Data></Cell>
    <Cell><Data ss:Type="String">CITY_NAME_44</Data></Cell>
    <Cell><Data ss:Type="String">Linden</Data></Cell>
    <Cell ss:Index="5"><Data ss:Type="String">These are city names, please transcribe - e.g. to Cyrillic - but do not localize</Data></Cell>
   </Row>
   <Row ss:AutoFitHeight="0">
    <Cell><Data ss:Type="String">VANGUARD</Data></Cell>
    <Cell><Data ss:Type="String">CITY_NAME_45</Data></Cell>
    <Cell><Data ss:Type="String">Lington</Data></Cell>
    <Cell ss:Index="5"><Data ss:Type="String">These are city names, please transcribe - e.g. to Cyrillic - but do not localize</Data></Cell>
   </Row>
   <Row ss:AutoFitHeight="0">
    <Cell><Data ss:Type="String">VANGUARD</Data></Cell>
    <Cell><Data ss:Type="String">CITY_NAME_46</Data></Cell>
    <Cell><Data ss:Type="String">Lavibor</Data></Cell>
    <Cell ss:Index="5"><Data ss:Type="String">These are city names, please transcribe - e.g. to Cyrillic - but do not localize</Data></Cell>
   </Row>
   <Row ss:AutoFitHeight="0">
    <Cell><Data ss:Type="String">VANGUARD</Data></Cell>
    <Cell><Data ss:Type="String">CITY_NAME_47</Data></Cell>
    <Cell><Data ss:Type="String">Malsbeth</Data></Cell>
    <Cell ss:Index="5"><Data ss:Type="String">These are city names, please transcribe - e.g. to Cyrillic - but do not localize</Data></Cell>
   </Row>
   <Row ss:AutoFitHeight="0">
    <Cell><Data ss:Type="String">VANGUARD</Data></Cell>
    <Cell><Data ss:Type="String">CITY_NAME_48</Data></Cell>
    <Cell><Data ss:Type="String">Movendry</Data></Cell>
    <Cell ss:Index="5"><Data ss:Type="String">These are city names, please transcribe - e.g. to Cyrillic - but do not localize</Data></Cell>
   </Row>
   <Row ss:AutoFitHeight="0">
    <Cell><Data ss:Type="String">VANGUARD</Data></Cell>
    <Cell><Data ss:Type="String">CITY_NAME_49</Data></Cell>
    <Cell><Data ss:Type="String">Malervil</Data></Cell>
    <Cell ss:Index="5"><Data ss:Type="String">These are city names, please transcribe - e.g. to Cyrillic - but do not localize</Data></Cell>
   </Row>
   <Row ss:AutoFitHeight="0">
    <Cell><Data ss:Type="String">VANGUARD</Data></Cell>
    <Cell><Data ss:Type="String">CITY_NAME_50</Data></Cell>
    <Cell><Data ss:Type="String">Minton</Data></Cell>
    <Cell ss:Index="5"><Data ss:Type="String">These are city names, please transcribe - e.g. to Cyrillic - but do not localize</Data></Cell>
   </Row>
   <Row ss:AutoFitHeight="0">
    <Cell><Data ss:Type="String">VANGUARD</Data></Cell>
    <Cell><Data ss:Type="String">CITY_NAME_51</Data></Cell>
    <Cell><Data ss:Type="String">Maldif</Data></Cell>
    <Cell ss:Index="5"><Data ss:Type="String">These are city names, please transcribe - e.g. to Cyrillic - but do not localize</Data></Cell>
   </Row>
   <Row ss:AutoFitHeight="0">
    <Cell><Data ss:Type="String">VANGUARD</Data></Cell>
    <Cell><Data ss:Type="String">CITY_NAME_52</Data></Cell>
    <Cell><Data ss:Type="String">Mornh</Data></Cell>
    <Cell ss:Index="5"><Data ss:Type="String">These are city names, please transcribe - e.g. to Cyrillic - but do not localize</Data></Cell>
   </Row>
   <Row ss:AutoFitHeight="0">
    <Cell><Data ss:Type="String">VANGUARD</Data></Cell>
    <Cell><Data ss:Type="String">CITY_NAME_53</Data></Cell>
    <Cell><Data ss:Type="String">Nickwyd</Data></Cell>
    <Cell ss:Index="5"><Data ss:Type="String">These are city names, please transcribe - e.g. to Cyrillic - but do not localize</Data></Cell>
   </Row>
   <Row ss:AutoFitHeight="0">
    <Cell><Data ss:Type="String">VANGUARD</Data></Cell>
    <Cell><Data ss:Type="String">CITY_NAME_54</Data></Cell>
    <Cell><Data ss:Type="String">Noradon  </Data></Cell>
    <Cell ss:Index="5"><Data ss:Type="String">These are city names, please transcribe - e.g. to Cyrillic - but do not localize</Data></Cell>
   </Row>
   <Row ss:AutoFitHeight="0">
    <Cell><Data ss:Type="String">VANGUARD</Data></Cell>
    <Cell><Data ss:Type="String">CITY_NAME_55</Data></Cell>
    <Cell><Data ss:Type="String">Nosbeth</Data></Cell>
    <Cell ss:Index="5"><Data ss:Type="String">These are city names, please transcribe - e.g. to Cyrillic - but do not localize</Data></Cell>
   </Row>
   <Row ss:AutoFitHeight="0">
    <Cell><Data ss:Type="String">VANGUARD</Data></Cell>
    <Cell><Data ss:Type="String">CITY_NAME_56</Data></Cell>
    <Cell><Data ss:Type="String">Nebyn</Data></Cell>
    <Cell ss:Index="5"><Data ss:Type="String">These are city names, please transcribe - e.g. to Cyrillic - but do not localize</Data></Cell>
   </Row>
   <Row ss:AutoFitHeight="0">
    <Cell><Data ss:Type="String">VANGUARD</Data></Cell>
    <Cell><Data ss:Type="String">CITY_NAME_57</Data></Cell>
    <Cell><Data ss:Type="String">Nebbinton</Data></Cell>
    <Cell ss:Index="5"><Data ss:Type="String">These are city names, please transcribe - e.g. to Cyrillic - but do not localize</Data></Cell>
   </Row>
   <Row ss:AutoFitHeight="0">
    <Cell><Data ss:Type="String">VANGUARD</Data></Cell>
    <Cell><Data ss:Type="String">CITY_NAME_58</Data></Cell>
    <Cell><Data ss:Type="String">Olanti</Data></Cell>
    <Cell ss:Index="5"><Data ss:Type="String">These are city names, please transcribe - e.g. to Cyrillic - but do not localize</Data></Cell>
   </Row>
   <Row ss:AutoFitHeight="0">
    <Cell><Data ss:Type="String">VANGUARD</Data></Cell>
    <Cell><Data ss:Type="String">CITY_NAME_59</Data></Cell>
    <Cell><Data ss:Type="String">Ostdon</Data></Cell>
    <Cell ss:Index="5"><Data ss:Type="String">These are city names, please transcribe - e.g. to Cyrillic - but do not localize</Data></Cell>
   </Row>
   <Row ss:AutoFitHeight="0">
    <Cell><Data ss:Type="String">VANGUARD</Data></Cell>
    <Cell><Data ss:Type="String">CITY_NAME_60</Data></Cell>
    <Cell><Data ss:Type="String">Overvil</Data></Cell>
    <Cell ss:Index="5"><Data ss:Type="String">These are city names, please transcribe - e.g. to Cyrillic - but do not localize</Data></Cell>
   </Row>
   <Row ss:AutoFitHeight="0">
    <Cell><Data ss:Type="String">VANGUARD</Data></Cell>
    <Cell><Data ss:Type="String">CITY_NAME_61</Data></Cell>
    <Cell><Data ss:Type="String">Ondber</Data></Cell>
    <Cell ss:Index="5"><Data ss:Type="String">These are city names, please transcribe - e.g. to Cyrillic - but do not localize</Data></Cell>
   </Row>
   <Row ss:AutoFitHeight="0">
    <Cell><Data ss:Type="String">VANGUARD</Data></Cell>
    <Cell><Data ss:Type="String">CITY_NAME_62</Data></Cell>
    <Cell><Data ss:Type="String">Ortenvil</Data></Cell>
    <Cell ss:Index="5"><Data ss:Type="String">These are city names, please transcribe - e.g. to Cyrillic - but do not localize</Data></Cell>
   </Row>
   <Row ss:AutoFitHeight="0">
    <Cell><Data ss:Type="String">VANGUARD</Data></Cell>
    <Cell><Data ss:Type="String">CITY_NAME_63</Data></Cell>
    <Cell><Data ss:Type="String">Penster</Data></Cell>
    <Cell ss:Index="5"><Data ss:Type="String">These are city names, please transcribe - e.g. to Cyrillic - but do not localize</Data></Cell>
   </Row>
   <Row ss:AutoFitHeight="0">
    <Cell><Data ss:Type="String">VANGUARD</Data></Cell>
    <Cell><Data ss:Type="String">CITY_NAME_64</Data></Cell>
    <Cell><Data ss:Type="String">Povinton</Data></Cell>
    <Cell ss:Index="5"><Data ss:Type="String">These are city names, please transcribe - e.g. to Cyrillic - but do not localize</Data></Cell>
   </Row>
   <Row ss:AutoFitHeight="0">
    <Cell><Data ss:Type="String">VANGUARD</Data></Cell>
    <Cell><Data ss:Type="String">CITY_NAME_65</Data></Cell>
    <Cell><Data ss:Type="String">Pittbur</Data></Cell>
    <Cell ss:Index="5"><Data ss:Type="String">These are city names, please transcribe - e.g. to Cyrillic - but do not localize</Data></Cell>
   </Row>
   <Row ss:AutoFitHeight="0">
    <Cell><Data ss:Type="String">VANGUARD</Data></Cell>
    <Cell><Data ss:Type="String">CITY_NAME_66</Data></Cell>
    <Cell><Data ss:Type="String">Pavenbur</Data></Cell>
    <Cell ss:Index="5"><Data ss:Type="String">These are city names, please transcribe - e.g. to Cyrillic - but do not localize</Data></Cell>
   </Row>
   <Row ss:AutoFitHeight="0">
    <Cell><Data ss:Type="String">VANGUARD</Data></Cell>
    <Cell><Data ss:Type="String">CITY_NAME_67</Data></Cell>
    <Cell><Data ss:Type="String">Quenry</Data></Cell>
    <Cell ss:Index="5"><Data ss:Type="String">These are city names, please transcribe - e.g. to Cyrillic - but do not localize</Data></Cell>
   </Row>
   <Row ss:AutoFitHeight="0">
    <Cell><Data ss:Type="String">VANGUARD</Data></Cell>
    <Cell><Data ss:Type="String">CITY_NAME_68</Data></Cell>
    <Cell><Data ss:Type="String">Quemby</Data></Cell>
    <Cell ss:Index="5"><Data ss:Type="String">These are city names, please transcribe - e.g. to Cyrillic - but do not localize</Data></Cell>
   </Row>
   <Row ss:AutoFitHeight="0">
    <Cell><Data ss:Type="String">VANGUARD</Data></Cell>
    <Cell><Data ss:Type="String">CITY_NAME_69</Data></Cell>
    <Cell><Data ss:Type="String">Qosbeth</Data></Cell>
    <Cell ss:Index="5"><Data ss:Type="String">These are city names, please transcribe - e.g. to Cyrillic - but do not localize</Data></Cell>
   </Row>
   <Row ss:AutoFitHeight="0">
    <Cell><Data ss:Type="String">VANGUARD</Data></Cell>
    <Cell><Data ss:Type="String">CITY_NAME_70</Data></Cell>
    <Cell><Data ss:Type="String">Quenton</Data></Cell>
    <Cell ss:Index="5"><Data ss:Type="String">These are city names, please transcribe - e.g. to Cyrillic - but do not localize</Data></Cell>
   </Row>
   <Row ss:AutoFitHeight="0">
    <Cell><Data ss:Type="String">VANGUARD</Data></Cell>
    <Cell><Data ss:Type="String">CITY_NAME_71</Data></Cell>
    <Cell><Data ss:Type="String">Rastinber</Data></Cell>
    <Cell ss:Index="5"><Data ss:Type="String">These are city names, please transcribe - e.g. to Cyrillic - but do not localize</Data></Cell>
   </Row>
   <Row ss:AutoFitHeight="0">
    <Cell><Data ss:Type="String">VANGUARD</Data></Cell>
    <Cell><Data ss:Type="String">CITY_NAME_72</Data></Cell>
    <Cell><Data ss:Type="String">Roverton</Data></Cell>
    <Cell ss:Index="5"><Data ss:Type="String">These are city names, please transcribe - e.g. to Cyrillic - but do not localize</Data></Cell>
   </Row>
   <Row ss:AutoFitHeight="0">
    <Cell><Data ss:Type="String">VANGUARD</Data></Cell>
    <Cell><Data ss:Type="String">CITY_NAME_73</Data></Cell>
    <Cell><Data ss:Type="String">Ronnevil</Data></Cell>
    <Cell ss:Index="5"><Data ss:Type="String">These are city names, please transcribe - e.g. to Cyrillic - but do not localize</Data></Cell>
   </Row>
   <Row ss:AutoFitHeight="0">
    <Cell><Data ss:Type="String">VANGUARD</Data></Cell>
    <Cell><Data ss:Type="String">CITY_NAME_74</Data></Cell>
    <Cell><Data ss:Type="String">Rialber</Data></Cell>
    <Cell ss:Index="5"><Data ss:Type="String">These are city names, please transcribe - e.g. to Cyrillic - but do not localize</Data></Cell>
   </Row>
   <Row ss:AutoFitHeight="0">
    <Cell><Data ss:Type="String">VANGUARD</Data></Cell>
    <Cell><Data ss:Type="String">CITY_NAME_75</Data></Cell>
    <Cell><Data ss:Type="String">Rime</Data></Cell>
    <Cell ss:Index="5"><Data ss:Type="String">These are city names, please transcribe - e.g. to Cyrillic - but do not localize</Data></Cell>
   </Row>
   <Row ss:AutoFitHeight="0">
    <Cell><Data ss:Type="String">VANGUARD</Data></Cell>
    <Cell><Data ss:Type="String">CITY_NAME_76</Data></Cell>
    <Cell><Data ss:Type="String">Rastom</Data></Cell>
    <Cell ss:Index="5"><Data ss:Type="String">These are city names, please transcribe - e.g. to Cyrillic - but do not localize</Data></Cell>
   </Row>
   <Row ss:AutoFitHeight="0">
    <Cell><Data ss:Type="String">VANGUARD</Data></Cell>
    <Cell><Data ss:Type="String">CITY_NAME_77</Data></Cell>
    <Cell><Data ss:Type="String">Sasston </Data></Cell>
    <Cell ss:Index="5"><Data ss:Type="String">These are city names, please transcribe - e.g. to Cyrillic - but do not localize</Data></Cell>
   </Row>
   <Row ss:AutoFitHeight="0">
    <Cell><Data ss:Type="String">VANGUARD</Data></Cell>
    <Cell><Data ss:Type="String">CITY_NAME_78</Data></Cell>
    <Cell><Data ss:Type="String">Sik-Bockton</Data></Cell>
    <Cell ss:Index="5"><Data ss:Type="String">These are city names, please transcribe - e.g. to Cyrillic - but do not localize</Data></Cell>
   </Row>
   <Row ss:AutoFitHeight="0">
    <Cell><Data ss:Type="String">VANGUARD</Data></Cell>
    <Cell><Data ss:Type="String">CITY_NAME_79</Data></Cell>
    <Cell><Data ss:Type="String">Stackber</Data></Cell>
    <Cell ss:Index="5"><Data ss:Type="String">These are city names, please transcribe - e.g. to Cyrillic - but do not localize</Data></Cell>
   </Row>
   <Row ss:AutoFitHeight="0">
    <Cell><Data ss:Type="String">VANGUARD</Data></Cell>
    <Cell><Data ss:Type="String">CITY_NAME_80</Data></Cell>
    <Cell><Data ss:Type="String">Stavinton</Data></Cell>
    <Cell ss:Index="5"><Data ss:Type="String">These are city names, please transcribe - e.g. to Cyrillic - but do not localize</Data></Cell>
   </Row>
   <Row ss:AutoFitHeight="0">
    <Cell><Data ss:Type="String">VANGUARD</Data></Cell>
    <Cell><Data ss:Type="String">CITY_NAME_81</Data></Cell>
    <Cell><Data ss:Type="String">Stonber</Data></Cell>
    <Cell ss:Index="5"><Data ss:Type="String">These are city names, please transcribe - e.g. to Cyrillic - but do not localize</Data></Cell>
   </Row>
   <Row ss:AutoFitHeight="0">
    <Cell><Data ss:Type="String">VANGUARD</Data></Cell>
    <Cell><Data ss:Type="String">CITY_NAME_82</Data></Cell>
    <Cell><Data ss:Type="String">Tovinton</Data></Cell>
    <Cell ss:Index="5"><Data ss:Type="String">These are city names, please transcribe - e.g. to Cyrillic - but do not localize</Data></Cell>
   </Row>
   <Row ss:AutoFitHeight="0">
    <Cell><Data ss:Type="String">VANGUARD</Data></Cell>
    <Cell><Data ss:Type="String">CITY_NAME_83</Data></Cell>
    <Cell><Data ss:Type="String">Tiraber</Data></Cell>
    <Cell ss:Index="5"><Data ss:Type="String">These are city names, please transcribe - e.g. to Cyrillic - but do not localize</Data></Cell>
   </Row>
   <Row ss:AutoFitHeight="0">
    <Cell><Data ss:Type="String">VANGUARD</Data></Cell>
    <Cell><Data ss:Type="String">CITY_NAME_84</Data></Cell>
    <Cell><Data ss:Type="String">Tal</Data></Cell>
    <Cell ss:Index="5"><Data ss:Type="String">These are city names, please transcribe - e.g. to Cyrillic - but do not localize</Data></Cell>
   </Row>
   <Row ss:AutoFitHeight="0">
    <Cell><Data ss:Type="String">VANGUARD</Data></Cell>
    <Cell><Data ss:Type="String">CITY_NAME_85</Data></Cell>
    <Cell><Data ss:Type="String">Taron</Data></Cell>
    <Cell ss:Index="5"><Data ss:Type="String">These are city names, please transcribe - e.g. to Cyrillic - but do not localize</Data></Cell>
   </Row>
   <Row ss:AutoFitHeight="0">
    <Cell><Data ss:Type="String">VANGUARD</Data></Cell>
    <Cell><Data ss:Type="String">CITY_NAME_86</Data></Cell>
    <Cell><Data ss:Type="String">Rotgar</Data></Cell>
    <Cell ss:Index="5"><Data ss:Type="String">These are city names, please transcribe - e.g. to Cyrillic - but do not localize</Data></Cell>
   </Row>
   <Row ss:AutoFitHeight="0">
    <Cell><Data ss:Type="String">VANGUARD</Data></Cell>
    <Cell><Data ss:Type="String">CITY_NAME_87</Data></Cell>
    <Cell><Data ss:Type="String">Tronton</Data></Cell>
    <Cell ss:Index="5"><Data ss:Type="String">These are city names, please transcribe - e.g. to Cyrillic - but do not localize</Data></Cell>
   </Row>
   <Row ss:AutoFitHeight="0">
    <Cell><Data ss:Type="String">VANGUARD</Data></Cell>
    <Cell><Data ss:Type="String">CITY_NAME_88</Data></Cell>
    <Cell><Data ss:Type="String">Ubyon </Data></Cell>
    <Cell ss:Index="5"><Data ss:Type="String">These are city names, please transcribe - e.g. to Cyrillic - but do not localize</Data></Cell>
   </Row>
   <Row ss:AutoFitHeight="0">
    <Cell><Data ss:Type="String">VANGUARD</Data></Cell>
    <Cell><Data ss:Type="String">CITY_NAME_89</Data></Cell>
    <Cell><Data ss:Type="String">Unbor</Data></Cell>
    <Cell ss:Index="5"><Data ss:Type="String">These are city names, please transcribe - e.g. to Cyrillic - but do not localize</Data></Cell>
   </Row>
   <Row ss:AutoFitHeight="0">
    <Cell><Data ss:Type="String">VANGUARD</Data></Cell>
    <Cell><Data ss:Type="String">CITY_NAME_90</Data></Cell>
    <Cell><Data ss:Type="String">Ustervil</Data></Cell>
    <Cell ss:Index="5"><Data ss:Type="String">These are city names, please transcribe - e.g. to Cyrillic - but do not localize</Data></Cell>
   </Row>
   <Row ss:AutoFitHeight="0">
    <Cell><Data ss:Type="String">VANGUARD</Data></Cell>
    <Cell><Data ss:Type="String">CITY_NAME_91</Data></Cell>
    <Cell><Data ss:Type="String">Usterbeth</Data></Cell>
    <Cell ss:Index="5"><Data ss:Type="String">These are city names, please transcribe - e.g. to Cyrillic - but do not localize</Data></Cell>
   </Row>
   <Row ss:AutoFitHeight="0">
    <Cell><Data ss:Type="String">VANGUARD</Data></Cell>
    <Cell><Data ss:Type="String">CITY_NAME_92</Data></Cell>
    <Cell><Data ss:Type="String">Velun</Data></Cell>
    <Cell ss:Index="5"><Data ss:Type="String">These are city names, please transcribe - e.g. to Cyrillic - but do not localize</Data></Cell>
   </Row>
   <Row ss:AutoFitHeight="0">
    <Cell><Data ss:Type="String">VANGUARD</Data></Cell>
    <Cell><Data ss:Type="String">CITY_NAME_93</Data></Cell>
    <Cell><Data ss:Type="String">Vinyaton</Data></Cell>
    <Cell ss:Index="5"><Data ss:Type="String">These are city names, please transcribe - e.g. to Cyrillic - but do not localize</Data></Cell>
   </Row>
   <Row ss:AutoFitHeight="0">
    <Cell><Data ss:Type="String">VANGUARD</Data></Cell>
    <Cell><Data ss:Type="String">CITY_NAME_94</Data></Cell>
    <Cell><Data ss:Type="String">Vondber</Data></Cell>
    <Cell ss:Index="5"><Data ss:Type="String">These are city names, please transcribe - e.g. to Cyrillic - but do not localize</Data></Cell>
   </Row>
   <Row ss:AutoFitHeight="0">
    <Cell><Data ss:Type="String">VANGUARD</Data></Cell>
    <Cell><Data ss:Type="String">CITY_NAME_95</Data></Cell>
    <Cell><Data ss:Type="String">Vivil</Data></Cell>
    <Cell ss:Index="5"><Data ss:Type="String">These are city names, please transcribe - e.g. to Cyrillic - but do not localize</Data></Cell>
   </Row>
   <Row ss:AutoFitHeight="0">
    <Cell><Data ss:Type="String">VANGUARD</Data></Cell>
    <Cell><Data ss:Type="String">CITY_NAME_96</Data></Cell>
    <Cell><Data ss:Type="String">Westrig</Data></Cell>
    <Cell ss:Index="5"><Data ss:Type="String">These are city names, please transcribe - e.g. to Cyrillic - but do not localize</Data></Cell>
   </Row>
   <Row ss:AutoFitHeight="0">
    <Cell><Data ss:Type="String">VANGUARD</Data></Cell>
    <Cell><Data ss:Type="String">CITY_NAME_97</Data></Cell>
    <Cell><Data ss:Type="String">Winston</Data></Cell>
    <Cell ss:Index="5"><Data ss:Type="String">These are city names, please transcribe - e.g. to Cyrillic - but do not localize</Data></Cell>
   </Row>
   <Row ss:AutoFitHeight="0">
    <Cell><Data ss:Type="String">VANGUARD</Data></Cell>
    <Cell><Data ss:Type="String">CITY_NAME_98</Data></Cell>
    <Cell><Data ss:Type="String">Wavinber</Data></Cell>
    <Cell ss:Index="5"><Data ss:Type="String">These are city names, please transcribe - e.g. to Cyrillic - but do not localize</Data></Cell>
   </Row>
   <Row ss:AutoFitHeight="0">
    <Cell><Data ss:Type="String">VANGUARD</Data></Cell>
    <Cell><Data ss:Type="String">CITY_NAME_99</Data></Cell>
    <Cell><Data ss:Type="String">Worinton</Data></Cell>
    <Cell ss:Index="5"><Data ss:Type="String">These are city names, please transcribe - e.g. to Cyrillic - but do not localize</Data></Cell>
   </Row>
   <Row ss:Index="103" ss:AutoFitHeight="0" ss:Height="30">
    <Cell><Data ss:Type="String">VANGUARD</Data></Cell>
    <Cell><Data ss:Type="String">UNIT_NAME_01</Data></Cell>
    <Cell><Data ss:Type="String">Tempestade</Data></Cell>
    <Cell ss:Index="5"><Data ss:Type="String">These are names given to units which have mods - improvements, like explosive ammo - applied to them.</Data></Cell>
   </Row>
   <Row ss:AutoFitHeight="0" ss:Height="30">
    <Cell><Data ss:Type="String">VANGUARD</Data></Cell>
    <Cell><Data ss:Type="String">UNIT_NAME_02</Data></Cell>
    <Cell><Data ss:Type="String">Arauto do Inferno</Data></Cell>
    <Cell ss:Index="5"><Data ss:Type="String">These are names given to units which have mods - improvements, like explosive ammo - applied to them.</Data></Cell>
   </Row>
   <Row ss:AutoFitHeight="0" ss:Height="30">
    <Cell><Data ss:Type="String">VANGUARD</Data></Cell>
    <Cell><Data ss:Type="String">UNIT_NAME_03</Data></Cell>
    <Cell><Data ss:Type="String">Ceifador da Morte</Data></Cell>
    <Cell ss:Index="5"><Data ss:Type="String">These are names given to units which have mods - improvements, like explosive ammo - applied to them.</Data></Cell>
   </Row>
   <Row ss:AutoFitHeight="0" ss:Height="30">
    <Cell><Data ss:Type="String">VANGUARD</Data></Cell>
    <Cell><Data ss:Type="String">UNIT_NAME_04</Data></Cell>
    <Cell><Data ss:Type="String">Desafiador</Data></Cell>
    <Cell ss:Index="5"><Data ss:Type="String">These are names given to units which have mods - improvements, like explosive ammo - applied to them.</Data></Cell>
   </Row>
   <Row ss:AutoFitHeight="0" ss:Height="30">
    <Cell><Data ss:Type="String">VANGUARD</Data></Cell>
    <Cell><Data ss:Type="String">UNIT_NAME_05</Data></Cell>
    <Cell><Data ss:Type="String">Gavião</Data></Cell>
    <Cell ss:Index="5"><Data ss:Type="String">These are names given to units which have mods - improvements, like explosive ammo - applied to them.</Data></Cell>
   </Row>
   <Row ss:AutoFitHeight="0" ss:Height="30">
    <Cell><Data ss:Type="String">VANGUARD</Data></Cell>
    <Cell><Data ss:Type="String">UNIT_NAME_06</Data></Cell>
    <Cell><Data ss:Type="String">Armagedom</Data></Cell>
    <Cell ss:Index="5"><Data ss:Type="String">These are names given to units which have mods - improvements, like explosive ammo - applied to them.</Data></Cell>
   </Row>
   <Row ss:AutoFitHeight="0" ss:Height="30">
    <Cell><Data ss:Type="String">VANGUARD</Data></Cell>
    <Cell><Data ss:Type="String">UNIT_NAME_07</Data></Cell>
    <Cell><Data ss:Type="String">Gladiador</Data></Cell>
    <Cell ss:Index="5"><Data ss:Type="String">These are names given to units which have mods - improvements, like explosive ammo - applied to them.</Data></Cell>
   </Row>
   <Row ss:AutoFitHeight="0" ss:Height="30">
    <Cell><Data ss:Type="String">VANGUARD</Data></Cell>
    <Cell><Data ss:Type="String">UNIT_NAME_08</Data></Cell>
    <Cell><Data ss:Type="String">Matador de Deuses</Data></Cell>
    <Cell ss:Index="5"><Data ss:Type="String">These are names given to units which have mods - improvements, like explosive ammo - applied to them.</Data></Cell>
   </Row>
   <Row ss:AutoFitHeight="0" ss:Height="30">
    <Cell><Data ss:Type="String">VANGUARD</Data></Cell>
    <Cell><Data ss:Type="String">UNIT_NAME_09</Data></Cell>
    <Cell><Data ss:Type="String">Arcanjo</Data></Cell>
    <Cell ss:Index="5"><Data ss:Type="String">These are names given to units which have mods - improvements, like explosive ammo - applied to them.</Data></Cell>
   </Row>
   <Row ss:AutoFitHeight="0" ss:Height="30">
    <Cell><Data ss:Type="String">VANGUARD</Data></Cell>
    <Cell><Data ss:Type="String">UNIT_NAME_10</Data></Cell>
    <Cell><Data ss:Type="String">Despertador da Tempestade</Data></Cell>
    <Cell ss:Index="5"><Data ss:Type="String">These are names given to units which have mods - improvements, like explosive ammo - applied to them.</Data></Cell>
   </Row>
   <Row ss:AutoFitHeight="0" ss:Height="30">
    <Cell><Data ss:Type="String">VANGUARD</Data></Cell>
    <Cell><Data ss:Type="String">UNIT_NAME_11</Data></Cell>
    <Cell><Data ss:Type="String">Couraçado</Data></Cell>
    <Cell ss:Index="5"><Data ss:Type="String">These are names given to units which have mods - improvements, like explosive ammo - applied to them.</Data></Cell>
   </Row>
   <Row ss:AutoFitHeight="0" ss:Height="30">
    <Cell><Data ss:Type="String">VANGUARD</Data></Cell>
    <Cell><Data ss:Type="String">UNIT_NAME_12</Data></Cell>
    <Cell><Data ss:Type="String">Brutalis</Data></Cell>
    <Cell ss:Index="5"><Data ss:Type="String">These are names given to units which have mods - improvements, like explosive ammo - applied to them.</Data></Cell>
   </Row>
   <Row ss:AutoFitHeight="0" ss:Height="30">
    <Cell><Data ss:Type="String">VANGUARD</Data></Cell>
    <Cell><Data ss:Type="String">UNIT_NAME_13</Data></Cell>
    <Cell><Data ss:Type="String">Mirmidão</Data></Cell>
    <Cell ss:Index="5"><Data ss:Type="String">These are names given to units which have mods - improvements, like explosive ammo - applied to them.</Data></Cell>
   </Row>
   <Row ss:AutoFitHeight="0" ss:Height="30">
    <Cell><Data ss:Type="String">VANGUARD</Data></Cell>
    <Cell><Data ss:Type="String">UNIT_NAME_14</Data></Cell>
    <Cell><Data ss:Type="String">Voragem</Data></Cell>
    <Cell ss:Index="5"><Data ss:Type="String">These are names given to units which have mods - improvements, like explosive ammo - applied to them.</Data></Cell>
   </Row>
   <Row ss:AutoFitHeight="0" ss:Height="30">
    <Cell><Data ss:Type="String">VANGUARD</Data></Cell>
    <Cell><Data ss:Type="String">UNIT_NAME_15</Data></Cell>
    <Cell><Data ss:Type="String">Exterminador</Data></Cell>
    <Cell ss:Index="5"><Data ss:Type="String">These are names given to units which have mods - improvements, like explosive ammo - applied to them.</Data></Cell>
   </Row>
   <Row ss:AutoFitHeight="0" ss:Height="30">
    <Cell><Data ss:Type="String">VANGUARD</Data></Cell>
    <Cell><Data ss:Type="String">UNIT_NAME_16</Data></Cell>
    <Cell><Data ss:Type="String">Arconte</Data></Cell>
    <Cell ss:Index="5"><Data ss:Type="String">These are names given to units which have mods - improvements, like explosive ammo - applied to them.</Data></Cell>
   </Row>
   <Row ss:AutoFitHeight="0" ss:Height="30">
    <Cell><Data ss:Type="String">VANGUARD</Data></Cell>
    <Cell><Data ss:Type="String">UNIT_NAME_17</Data></Cell>
    <Cell><Data ss:Type="String">Caçador de Recompensas</Data></Cell>
    <Cell ss:Index="5"><Data ss:Type="String">These are names given to units which have mods - improvements, like explosive ammo - applied to them.</Data></Cell>
   </Row>
   <Row ss:AutoFitHeight="0" ss:Height="30">
    <Cell><Data ss:Type="String">VANGUARD</Data></Cell>
    <Cell><Data ss:Type="String">UNIT_NAME_18</Data></Cell>
    <Cell><Data ss:Type="String">Serpente</Data></Cell>
    <Cell ss:Index="5"><Data ss:Type="String">These are names given to units which have mods - improvements, like explosive ammo - applied to them.</Data></Cell>
   </Row>
   <Row ss:AutoFitHeight="0" ss:Height="30">
    <Cell><Data ss:Type="String">VANGUARD</Data></Cell>
    <Cell><Data ss:Type="String">UNIT_NAME_19</Data></Cell>
    <Cell><Data ss:Type="String">Ceifador</Data></Cell>
    <Cell ss:Index="5"><Data ss:Type="String">These are names given to units which have mods - improvements, like explosive ammo - applied to them.</Data></Cell>
   </Row>
   <Row ss:AutoFitHeight="0" ss:Height="30">
    <Cell><Data ss:Type="String">VANGUARD</Data></Cell>
    <Cell><Data ss:Type="String">UNIT_NAME_20</Data></Cell>
    <Cell><Data ss:Type="String">Homem de Ferro</Data></Cell>
    <Cell ss:Index="5"><Data ss:Type="String">These are names given to units which have mods - improvements, like explosive ammo - applied to them.</Data></Cell>
   </Row>
   <Row ss:AutoFitHeight="0" ss:Height="30">
    <Cell><Data ss:Type="String">VANGUARD</Data></Cell>
    <Cell><Data ss:Type="String">UNIT_NAME_21</Data></Cell>
    <Cell><Data ss:Type="String">Globemaster</Data></Cell>
    <Cell ss:Index="5"><Data ss:Type="String">These are names given to units which have mods - improvements, like explosive ammo - applied to them.</Data></Cell>
   </Row>
   <Row ss:AutoFitHeight="0" ss:Height="30">
    <Cell><Data ss:Type="String">VANGUARD</Data></Cell>
    <Cell><Data ss:Type="String">UNIT_NAME_22</Data></Cell>
    <Cell><Data ss:Type="String">Tridente</Data></Cell>
    <Cell ss:Index="5"><Data ss:Type="String">These are names given to units which have mods - improvements, like explosive ammo - applied to them.</Data></Cell>
   </Row>
   <Row ss:AutoFitHeight="0" ss:Height="30">
    <Cell><Data ss:Type="String">VANGUARD</Data></Cell>
    <Cell><Data ss:Type="String">UNIT_NAME_23</Data></Cell>
    <Cell><Data ss:Type="String">Blackjack</Data></Cell>
    <Cell ss:Index="5"><Data ss:Type="String">These are names given to units which have mods - improvements, like explosive ammo - applied to them.</Data></Cell>
   </Row>
   <Row ss:AutoFitHeight="0" ss:Height="30">
    <Cell><Data ss:Type="String">VANGUARD</Data></Cell>
    <Cell><Data ss:Type="String">UNIT_NAME_24</Data></Cell>
    <Cell><Data ss:Type="String">Falcão-de-Fogo</Data></Cell>
    <Cell ss:Index="5"><Data ss:Type="String">These are names given to units which have mods - improvements, like explosive ammo - applied to them.</Data></Cell>
   </Row>
   <Row ss:AutoFitHeight="0" ss:Height="30">
    <Cell><Data ss:Type="String">VANGUARD</Data></Cell>
    <Cell><Data ss:Type="String">UNIT_NAME_25</Data></Cell>
    <Cell><Data ss:Type="String">Partisan</Data></Cell>
    <Cell ss:Index="5"><Data ss:Type="String">These are names given to units which have mods - improvements, like explosive ammo - applied to them.</Data></Cell>
   </Row>
   <Row ss:AutoFitHeight="0" ss:Height="30">
    <Cell><Data ss:Type="String">VANGUARD</Data></Cell>
    <Cell><Data ss:Type="String">UNIT_NAME_26</Data></Cell>
    <Cell><Data ss:Type="String">Correnteza</Data></Cell>
    <Cell ss:Index="5"><Data ss:Type="String">These are names given to units which have mods - improvements, like explosive ammo - applied to them.</Data></Cell>
   </Row>
   <Row ss:AutoFitHeight="0" ss:Height="30">
    <Cell><Data ss:Type="String">VANGUARD</Data></Cell>
    <Cell><Data ss:Type="String">UNIT_NAME_27</Data></Cell>
    <Cell><Data ss:Type="String">Poente</Data></Cell>
    <Cell ss:Index="5"><Data ss:Type="String">These are names given to units which have mods - improvements, like explosive ammo - applied to them.</Data></Cell>
   </Row>
   <Row ss:AutoFitHeight="0" ss:Height="30">
    <Cell><Data ss:Type="String">VANGUARD</Data></Cell>
    <Cell><Data ss:Type="String">UNIT_NAME_28</Data></Cell>
    <Cell><Data ss:Type="String">Quebra-Mach</Data></Cell>
    <Cell ss:Index="5"><Data ss:Type="String">These are names given to units which have mods - improvements, like explosive ammo - applied to them.</Data></Cell>
   </Row>
   <Row ss:AutoFitHeight="0" ss:Height="30">
    <Cell><Data ss:Type="String">VANGUARD</Data></Cell>
    <Cell><Data ss:Type="String">UNIT_NAME_29</Data></Cell>
    <Cell><Data ss:Type="String">Corsário</Data></Cell>
    <Cell ss:Index="5"><Data ss:Type="String">These are names given to units which have mods - improvements, like explosive ammo - applied to them.</Data></Cell>
   </Row>
   <Row ss:AutoFitHeight="0" ss:Height="30">
    <Cell><Data ss:Type="String">VANGUARD</Data></Cell>
    <Cell><Data ss:Type="String">UNIT_NAME_30</Data></Cell>
    <Cell><Data ss:Type="String">Renegado</Data></Cell>
    <Cell ss:Index="5"><Data ss:Type="String">These are names given to units which have mods - improvements, like explosive ammo - applied to them.</Data></Cell>
   </Row>
   <Row ss:AutoFitHeight="0" ss:Height="30">
    <Cell><Data ss:Type="String">VANGUARD</Data></Cell>
    <Cell><Data ss:Type="String">UNIT_NAME_31</Data></Cell>
    <Cell><Data ss:Type="String">Ás</Data></Cell>
    <Cell ss:Index="5"><Data ss:Type="String">These are names given to units which have mods - improvements, like explosive ammo - applied to them.</Data></Cell>
   </Row>
   <Row ss:AutoFitHeight="0" ss:Height="30">
    <Cell><Data ss:Type="String">VANGUARD</Data></Cell>
    <Cell><Data ss:Type="String">UNIT_NAME_32</Data></Cell>
    <Cell><Data ss:Type="String">Desafiador</Data></Cell>
    <Cell ss:Index="5"><Data ss:Type="String">These are names given to units which have mods - improvements, like explosive ammo - applied to them.</Data></Cell>
   </Row>
   <Row ss:AutoFitHeight="0" ss:Height="30">
    <Cell><Data ss:Type="String">VANGUARD</Data></Cell>
    <Cell><Data ss:Type="String">UNIT_NAME_33</Data></Cell>
    <Cell><Data ss:Type="String">Pacificador</Data></Cell>
    <Cell ss:Index="5"><Data ss:Type="String">These are names given to units which have mods - improvements, like explosive ammo - applied to them.</Data></Cell>
   </Row>
   <Row ss:AutoFitHeight="0" ss:Height="30">
    <Cell><Data ss:Type="String">VANGUARD</Data></Cell>
    <Cell><Data ss:Type="String">UNIT_NAME_34</Data></Cell>
    <Cell><Data ss:Type="String">Gume-do-Inferno</Data></Cell>
    <Cell ss:Index="5"><Data ss:Type="String">These are names given to units which have mods - improvements, like explosive ammo - applied to them.</Data></Cell>
   </Row>
   <Row ss:AutoFitHeight="0" ss:Height="30">
    <Cell><Data ss:Type="String">VANGUARD</Data></Cell>
    <Cell><Data ss:Type="String">UNIT_NAME_35</Data></Cell>
    <Cell><Data ss:Type="String">Gládio</Data></Cell>
    <Cell ss:Index="5"><Data ss:Type="String">These are names given to units which have mods - improvements, like explosive ammo - applied to them.</Data></Cell>
   </Row>
   <Row ss:AutoFitHeight="0" ss:Height="30">
    <Cell><Data ss:Type="String">VANGUARD</Data></Cell>
    <Cell><Data ss:Type="String">UNIT_NAME_36</Data></Cell>
    <Cell><Data ss:Type="String">Meteoro</Data></Cell>
    <Cell ss:Index="5"><Data ss:Type="String">These are names given to units which have mods - improvements, like explosive ammo - applied to them.</Data></Cell>
   </Row>
   <Row ss:AutoFitHeight="0" ss:Height="30">
    <Cell><Data ss:Type="String">VANGUARD</Data></Cell>
    <Cell><Data ss:Type="String">UNIT_NAME_37</Data></Cell>
    <Cell><Data ss:Type="String">Estrela da Morte</Data></Cell>
    <Cell ss:Index="5"><Data ss:Type="String">These are names given to units which have mods - improvements, like explosive ammo - applied to them.</Data></Cell>
   </Row>
   <Row ss:AutoFitHeight="0" ss:Height="30">
    <Cell><Data ss:Type="String">VANGUARD</Data></Cell>
    <Cell><Data ss:Type="String">UNIT_NAME_38</Data></Cell>
    <Cell><Data ss:Type="String">Fio-Duplo</Data></Cell>
    <Cell ss:Index="5"><Data ss:Type="String">These are names given to units which have mods - improvements, like explosive ammo - applied to them.</Data></Cell>
   </Row>
   <Row ss:AutoFitHeight="0" ss:Height="30">
    <Cell><Data ss:Type="String">VANGUARD</Data></Cell>
    <Cell><Data ss:Type="String">UNIT_NAME_39</Data></Cell>
    <Cell><Data ss:Type="String">Torre</Data></Cell>
    <Cell ss:Index="5"><Data ss:Type="String">These are names given to units which have mods - improvements, like explosive ammo - applied to them.</Data></Cell>
   </Row>
   <Row ss:AutoFitHeight="0" ss:Height="30">
    <Cell><Data ss:Type="String">VANGUARD</Data></Cell>
    <Cell><Data ss:Type="String">UNIT_NAME_40</Data></Cell>
    <Cell><Data ss:Type="String">Disputa Mortal</Data></Cell>
    <Cell ss:Index="5"><Data ss:Type="String">These are names given to units which have mods - improvements, like explosive ammo - applied to them.</Data></Cell>
   </Row>
   <Row ss:AutoFitHeight="0" ss:Height="30">
    <Cell><Data ss:Type="String">VANGUARD</Data></Cell>
    <Cell><Data ss:Type="String">UNIT_NAME_41</Data></Cell>
    <Cell><Data ss:Type="String">Senhor da Guerra</Data></Cell>
    <Cell ss:Index="5"><Data ss:Type="String">These are names given to units which have mods - improvements, like explosive ammo - applied to them.</Data></Cell>
   </Row>
   <Row ss:AutoFitHeight="0" ss:Height="30">
    <Cell><Data ss:Type="String">VANGUARD</Data></Cell>
    <Cell><Data ss:Type="String">UNIT_NAME_42</Data></Cell>
    <Cell><Data ss:Type="String">Estrela Máxima</Data></Cell>
    <Cell ss:Index="5"><Data ss:Type="String">These are names given to units which have mods - improvements, like explosive ammo - applied to them.</Data></Cell>
   </Row>
   <Row ss:AutoFitHeight="0" ss:Height="30">
    <Cell><Data ss:Type="String">VANGUARD</Data></Cell>
    <Cell><Data ss:Type="String">UNIT_NAME_43</Data></Cell>
    <Cell><Data ss:Type="String">Coringa</Data></Cell>
    <Cell ss:Index="5"><Data ss:Type="String">These are names given to units which have mods - improvements, like explosive ammo - applied to them.</Data></Cell>
   </Row>
   <Row ss:AutoFitHeight="0" ss:Height="30">
    <Cell><Data ss:Type="String">VANGUARD</Data></Cell>
    <Cell><Data ss:Type="String">UNIT_NAME_44</Data></Cell>
    <Cell><Data ss:Type="String">Hierofante</Data></Cell>
    <Cell ss:Index="5"><Data ss:Type="String">These are names given to units which have mods - improvements, like explosive ammo - applied to them.</Data></Cell>
   </Row>
   <Row ss:AutoFitHeight="0" ss:Height="30">
    <Cell><Data ss:Type="String">VANGUARD</Data></Cell>
    <Cell><Data ss:Type="String">UNIT_NAME_45</Data></Cell>
    <Cell><Data ss:Type="String">Temperado</Data></Cell>
    <Cell ss:Index="5"><Data ss:Type="String">These are names given to units which have mods - improvements, like explosive ammo - applied to them.</Data></Cell>
   </Row>
   <Row ss:AutoFitHeight="0" ss:Height="30">
    <Cell><Data ss:Type="String">VANGUARD</Data></Cell>
    <Cell><Data ss:Type="String">UNIT_NAME_46</Data></Cell>
    <Cell><Data ss:Type="String">Juggernaut</Data></Cell>
    <Cell ss:Index="5"><Data ss:Type="String">These are names given to units which have mods - improvements, like explosive ammo - applied to them.</Data></Cell>
   </Row>
   <Row ss:AutoFitHeight="0" ss:Height="30">
    <Cell><Data ss:Type="String">VANGUARD</Data></Cell>
    <Cell><Data ss:Type="String">UNIT_NAME_47</Data></Cell>
    <Cell><Data ss:Type="String">Silenciador</Data></Cell>
    <Cell ss:Index="5"><Data ss:Type="String">These are names given to units which have mods - improvements, like explosive ammo - applied to them.</Data></Cell>
   </Row>
   <Row ss:AutoFitHeight="0" ss:Height="30">
    <Cell><Data ss:Type="String">VANGUARD</Data></Cell>
    <Cell><Data ss:Type="String">UNIT_NAME_48</Data></Cell>
    <Cell><Data ss:Type="String">Matadora</Data></Cell>
    <Cell ss:Index="5"><Data ss:Type="String">These are names given to units which have mods - improvements, like explosive ammo - applied to them.</Data></Cell>
   </Row>
   <Row ss:AutoFitHeight="0" ss:Height="30">
    <Cell><Data ss:Type="String">VANGUARD</Data></Cell>
    <Cell><Data ss:Type="String">UNIT_NAME_49</Data></Cell>
    <Cell><Data ss:Type="String">Apocalipse</Data></Cell>
    <Cell ss:Index="5"><Data ss:Type="String">These are names given to units which have mods - improvements, like explosive ammo - applied to them.</Data></Cell>
   </Row>
   <Row ss:AutoFitHeight="0" ss:Height="30">
    <Cell><Data ss:Type="String">VANGUARD</Data></Cell>
    <Cell><Data ss:Type="String">UNIT_NAME_50</Data></Cell>
    <Cell><Data ss:Type="String">Ápice</Data></Cell>
    <Cell ss:Index="5"><Data ss:Type="String">These are names given to units which have mods - improvements, like explosive ammo - applied to them.</Data></Cell>
   </Row>
  </Table>
  <WorksheetOptions xmlns="urn:schemas-microsoft-com:office:excel">
   <Unsynced/>
   <Zoom>130</Zoom>
   <Selected/>
   <LeftColumnVisible>2</LeftColumnVisible>
   <Panes>
    <Pane>
     <Number>3</Number>
     <ActiveRow>7</ActiveRow>
     <ActiveCol>7</ActiveCol>
    </Pane>
   </Panes>
   <ProtectObjects>False</ProtectObjects>
   <ProtectScenarios>False</ProtectScenarios>
  </WorksheetOptions>
 </Worksheet>
</Workbook>