<?xml version='1.0' encoding='UTF-8'?>
<?mso-application progid="Excel.Sheet"?><Workbook xmlns="urn:schemas-microsoft-com:office:spreadsheet" xmlns:o="urn:schemas-microsoft-com:office:office" xmlns:x="urn:schemas-microsoft-com:office:excel" xmlns:ss="urn:schemas-microsoft-com:office:spreadsheet" xmlns:html="http://www.w3.org/TR/REC-html40">
 <DocumentProperties xmlns="urn:schemas-microsoft-com:office:office">
  <Author>Benny Arents</Author>
  <LastAuthor>Glenn Smits</LastAuthor>
  <Created>2018-09-21T13:43:41Z</Created>
  <LastSaved>2019-05-03T13:19:54Z</LastSaved>
  <Version>15.00</Version>
 </DocumentProperties>
 <OfficeDocumentSettings xmlns="urn:schemas-microsoft-com:office:office">
  <AllowPNG/>
 </OfficeDocumentSettings>
 <ExcelWorkbook xmlns="urn:schemas-microsoft-com:office:excel">
  <WindowHeight>11985</WindowHeight>
  <WindowWidth>18555</WindowWidth>
  <WindowTopX>0</WindowTopX>
  <WindowTopY>0</WindowTopY>
  <ProtectStructure>False</ProtectStructure>
  <ProtectWindows>False</ProtectWindows>
 </ExcelWorkbook>
 <Styles>
  <Style ss:ID="Default" ss:Name="Normal">
   <Alignment ss:Vertical="Bottom"/>
   <Borders/>
   <Font ss:FontName="Calibri" x:Family="Swiss" ss:Size="11" ss:Color="#000000"/>
   <Interior/>
   <NumberFormat/>
   <Protection/>
  </Style>
  <Style ss:ID="s62">
   <Alignment ss:Vertical="Top" ss:WrapText="1"/>
  </Style>
 </Styles>
 <Worksheet ss:Name="Script">
  <Table ss:ExpandedColumnCount="6" ss:ExpandedRowCount="187" x:FullColumns="1" x:FullRows="1" ss:StyleID="s62" ss:DefaultRowHeight="15">
   <Column ss:StyleID="s62" ss:Width="117"/>
   <Column ss:StyleID="s62" ss:Width="149.25"/>
   <Column ss:StyleID="s62" ss:Width="246"/>
   <Column ss:StyleID="s62" ss:Width="147.75"/>
   <Column ss:StyleID="s62" ss:Width="248.25"/>
   <Column ss:StyleID="s62" ss:Width="120"/>
   <Row ss:AutoFitHeight="0" ss:Height="75">
    <Cell><Data ss:Type="String">RMG</Data></Cell>
    <Cell ss:Index="5"><Data ss:Type="String">The DEV TEAM / MISC NOTES column contains info on what text between { } signs means (if applicable). It usually stands for either a numeric value, or a numeric value with an icon. Text between [ ] signs stands for a certain type of icon. </Data></Cell>
   </Row>
   <Row ss:AutoFitHeight="0">
    <Cell><Data ss:Type="String">SCENE ID</Data></Cell>
    <Cell><Data ss:Type="String">TEXT ID</Data></Cell>
    <Cell><Data ss:Type="String">ENGLISH STRING</Data></Cell>
    <Cell><Data ss:Type="String">ALTERNATIVE ENGLISH STRING</Data></Cell>
    <Cell><Data ss:Type="String">LOCALIZATION NOTES</Data></Cell>
    <Cell><Data ss:Type="String">DEV TEAM / MISC NOTES</Data></Cell>
   </Row>
   <Row ss:AutoFitHeight="0" ss:Height="30">
    <Cell><Data ss:Type="String">GEOGRAPHY_TEMPLATE</Data></Cell>
    <Cell><Data ss:Type="String">DEFAULT</Data></Cell>
    <Cell><Data ss:Type="String">Mundo Imperial (Padrão)</Data></Cell>
    <Cell ss:Index="5"><Data ss:Type="String">Planet name; Imperial as in belonging to the Star Union. Default as in standard world to play in</Data></Cell>
   </Row>
   <Row ss:AutoFitHeight="0">
    <Cell><Data ss:Type="String">GEOGRAPHY_TEMPLATE</Data></Cell>
    <Cell><Data ss:Type="String">DEFAULT_SUBTITLE</Data></Cell>
    <Cell><Data ss:Type="String">Mundo imperial adequado para recolonização.</Data></Cell>
    <Cell ss:Index="5"><Data ss:Type="String">Planet description.</Data></Cell>
   </Row>
   <Row ss:AutoFitHeight="0" ss:Height="30">
    <Cell><Data ss:Type="String">GEOGRAPHY_TEMPLATE</Data></Cell>
    <Cell><Data ss:Type="String">FRONTIER_WORLD</Data></Cell>
    <Cell><Data ss:Type="String">Mundo da Fronteira</Data></Cell>
    <Cell ss:Index="5"><Data ss:Type="String">Planet name; Frontier as in at the edge, uncolonized</Data></Cell>
   </Row>
   <Row ss:AutoFitHeight="0" ss:Height="29.25">
    <Cell><Data ss:Type="String">GEOGRAPHY_TEMPLATE</Data></Cell>
    <Cell><Data ss:Type="String">FRONTIER_WORLD_SUBTITLE</Data></Cell>
    <Cell><Data ss:Type="String">Mundo selvagem e pouco colonizado nos confins da Star Union.</Data></Cell>
    <Cell ss:Index="5"><Data ss:Type="String">Planet description.</Data></Cell>
   </Row>
   <Row ss:AutoFitHeight="0">
    <Cell><Data ss:Type="String">GEOGRAPHY_TEMPLATE</Data></Cell>
    <Cell><Data ss:Type="String">CAPITAL_WORLD</Data></Cell>
    <Cell><Data ss:Type="String">Mundo Capital</Data></Cell>
    <Cell ss:Index="5"><Data ss:Type="String">Planet name; Capital as in main hub/planet</Data></Cell>
   </Row>
   <Row ss:AutoFitHeight="0" ss:Height="30">
    <Cell><Data ss:Type="String">GEOGRAPHY_TEMPLATE</Data></Cell>
    <Cell><Data ss:Type="String">CAPITAL_WORLD_SUBTITLE</Data></Cell>
    <Cell><Data ss:Type="String">Antigos centros populacionais com abundantes vestígios imperiais.</Data></Cell>
    <Cell ss:Index="5"><Data ss:Type="String">Planet description.</Data></Cell>
   </Row>
   <Row ss:AutoFitHeight="0" ss:Height="30">
    <Cell><Data ss:Type="String">GEOGRAPHY_TEMPLATE</Data></Cell>
    <Cell><Data ss:Type="String">INDUSTRIAL_WORLD</Data></Cell>
    <Cell><Data ss:Type="String">Mundo Industrial</Data></Cell>
    <Cell ss:Index="5"><Data ss:Type="String">Planet name; as in heavily focused on factories and production</Data></Cell>
   </Row>
   <Row ss:AutoFitHeight="0">
    <Cell><Data ss:Type="String">GEOGRAPHY_TEMPLATE</Data></Cell>
    <Cell><Data ss:Type="String">INDUSTRIAL_WORLD_SUBTITLE</Data></Cell>
    <Cell><Data ss:Type="String">Planeta rico em recursos com vestígios industriais.</Data></Cell>
    <Cell ss:Index="5"><Data ss:Type="String">Planet description.</Data></Cell>
   </Row>
   <Row ss:AutoFitHeight="0">
    <Cell><Data ss:Type="String">GEOGRAPHY_TEMPLATE</Data></Cell>
    <Cell><Data ss:Type="String">RAVAGED_WORLD</Data></Cell>
    <Cell><Data ss:Type="String">Mundo Devastado</Data></Cell>
    <Cell ss:Index="5"><Data ss:Type="String">Planet name; as in destroyed</Data></Cell>
   </Row>
   <Row ss:AutoFitHeight="0">
    <Cell><Data ss:Type="String">GEOGRAPHY_TEMPLATE</Data></Cell>
    <Cell><Data ss:Type="String">RAVAGED_WORLD_SUBTITLE</Data></Cell>
    <Cell><Data ss:Type="String">Devastado pelo cataclismo ou guerras ancestrais.</Data></Cell>
    <Cell ss:Index="5"><Data ss:Type="String">Planet description.</Data></Cell>
   </Row>
   <Row ss:AutoFitHeight="0">
    <Cell><Data ss:Type="String">GEOGRAPHY_TEMPLATE</Data></Cell>
    <Cell><Data ss:Type="String">PRACTICE</Data></Cell>
    <Cell><Data ss:Type="String">Mundo de Treinamento</Data></Cell>
    <Cell ss:Index="5"><Data ss:Type="String">Name of a world / planet template that can be selected when the player is customizing the type of planet they want to play on.</Data></Cell>
   </Row>
   <Row ss:AutoFitHeight="0">
    <Cell><Data ss:Type="String">GEOGRAPHY_TEMPLATE</Data></Cell>
    <Cell><Data ss:Type="String">PRACTICE_SUBTITLE</Data></Cell>
    <Cell><Data ss:Type="String">Um mundo virtualmente construído para Comandantes novatos praticarem.</Data></Cell>
    <Cell ss:Index="5"><Data ss:Type="String">Description of the world/ planet template. Used as flavor and to give the player an idea of what the gameplay on such a planet is like. EDIT: added full stop, no reloca required</Data></Cell>
   </Row>
   <Row ss:AutoFitHeight="0">
    <Cell><Data ss:Type="String">PLANET_NAME</Data></Cell>
    <Cell><Data ss:Type="String">PRACTICE_1</Data></Cell>
    <Cell><Data ss:Type="String">Practorium Demonis</Data></Cell>
    <Cell ss:Index="5"><Data ss:Type="String">Do not localize</Data></Cell>
   </Row>
   <Row ss:Index="17" ss:AutoFitHeight="0">
    <Cell><Data ss:Type="String">MAP_SIZE</Data></Cell>
    <Cell><Data ss:Type="String">ENORMOUS</Data></Cell>
    <Cell><Data ss:Type="String">Enorme</Data></Cell>
    <Cell ss:Index="5"><Data ss:Type="String">Planet size</Data></Cell>
   </Row>
   <Row ss:AutoFitHeight="0">
    <Cell><Data ss:Type="String">MAP_SIZE</Data></Cell>
    <Cell><Data ss:Type="String">LARGE</Data></Cell>
    <Cell><Data ss:Type="String">Grande</Data></Cell>
    <Cell ss:Index="5"><Data ss:Type="String">Planet size</Data></Cell>
   </Row>
   <Row ss:AutoFitHeight="0">
    <Cell><Data ss:Type="String">MAP_SIZE</Data></Cell>
    <Cell><Data ss:Type="String">MEDIUM</Data></Cell>
    <Cell><Data ss:Type="String">Médio</Data></Cell>
    <Cell ss:Index="5"><Data ss:Type="String">Planet size</Data></Cell>
   </Row>
   <Row ss:AutoFitHeight="0">
    <Cell><Data ss:Type="String">MAP_SIZE</Data></Cell>
    <Cell><Data ss:Type="String">SMALL</Data></Cell>
    <Cell><Data ss:Type="String">Pequeno</Data></Cell>
    <Cell ss:Index="5"><Data ss:Type="String">Planet size</Data></Cell>
   </Row>
   <Row ss:AutoFitHeight="0">
    <Cell><Data ss:Type="String">MAP_SIZE</Data></Cell>
    <Cell><Data ss:Type="String">TINY</Data></Cell>
    <Cell><Data ss:Type="String">Minúsculo</Data></Cell>
    <Cell ss:Index="5"><Data ss:Type="String">Planet size</Data></Cell>
   </Row>
   <Row ss:AutoFitHeight="0">
    <Cell><Data ss:Type="String">MAP_TYPE</Data></Cell>
    <Cell><Data ss:Type="String">CONTINENTS</Data></Cell>
    <Cell><Data ss:Type="String">Continentes</Data></Cell>
    <Cell ss:Index="5"><Data ss:Type="String">Planet layout</Data></Cell>
   </Row>
   <Row ss:AutoFitHeight="0">
    <Cell><Data ss:Type="String">MAP_TYPE</Data></Cell>
    <Cell><Data ss:Type="String">ISLANDS</Data></Cell>
    <Cell><Data ss:Type="String">Ilhas</Data></Cell>
    <Cell ss:Index="5"><Data ss:Type="String">Planet layout</Data></Cell>
   </Row>
   <Row ss:AutoFitHeight="0">
    <Cell><Data ss:Type="String">MAP_TYPE</Data></Cell>
    <Cell><Data ss:Type="String">LAND</Data></Cell>
    <Cell><Data ss:Type="String">Terra</Data></Cell>
    <Cell ss:Index="5"><Data ss:Type="String">Planet layout</Data></Cell>
   </Row>
   <Row ss:AutoFitHeight="0">
    <Cell><Data ss:Type="String">MAP_TYPE</Data></Cell>
    <Cell><Data ss:Type="String">LAND_PLAIN</Data></Cell>
    <Cell><Data ss:Type="String">Planície Terrestre</Data></Cell>
    <Cell ss:Index="5"><Data ss:Type="String">Planet layout</Data></Cell>
   </Row>
   <Row ss:AutoFitHeight="0">
    <Cell><Data ss:Type="String">MAP_TYPE</Data></Cell>
    <Cell><Data ss:Type="String">LAVA_CONTINENTS</Data></Cell>
    <Cell><Data ss:Type="String">Continentes de Lava</Data></Cell>
    <Cell ss:Index="5"><Data ss:Type="String">Planet layout</Data></Cell>
   </Row>
   <Row ss:AutoFitHeight="0">
    <Cell><Data ss:Type="String">MAP_TYPE</Data></Cell>
    <Cell><Data ss:Type="String">LAVA_ISLANDS</Data></Cell>
    <Cell><Data ss:Type="String">Ilhas de Lava</Data></Cell>
    <Cell ss:Index="5"><Data ss:Type="String">Planet layout</Data></Cell>
   </Row>
   <Row ss:AutoFitHeight="0">
    <Cell><Data ss:Type="String">MAP_TYPE</Data></Cell>
    <Cell><Data ss:Type="String">LAVA_PANGEA</Data></Cell>
    <Cell><Data ss:Type="String">Pangeia de Lava</Data></Cell>
    <Cell ss:Index="5"><Data ss:Type="String">Planet layout</Data></Cell>
   </Row>
   <Row ss:AutoFitHeight="0">
    <Cell><Data ss:Type="String">MAP_TYPE</Data></Cell>
    <Cell><Data ss:Type="String">PANGEA</Data></Cell>
    <Cell><Data ss:Type="String">Pangeia</Data></Cell>
    <Cell ss:Index="5"><Data ss:Type="String">Planet layout</Data></Cell>
   </Row>
   <Row ss:Index="31" ss:AutoFitHeight="0">
    <Cell><Data ss:Type="String">PLANET_NAME</Data></Cell>
    <Cell><Data ss:Type="String">IMPERIAL_1</Data></Cell>
    <Cell><Data ss:Type="String">Eco-546</Data></Cell>
    <Cell ss:Index="5"><Data ss:Type="String">Translate</Data></Cell>
   </Row>
   <Row ss:AutoFitHeight="0">
    <Cell><Data ss:Type="String">PLANET_NAME</Data></Cell>
    <Cell><Data ss:Type="String">IMPERIAL_2</Data></Cell>
    <Cell><Data ss:Type="String">Pao V</Data></Cell>
    <Cell ss:Index="5"><Data ss:Type="String">Transcribe but do not localize</Data></Cell>
   </Row>
   <Row ss:AutoFitHeight="0">
    <Cell><Data ss:Type="String">PLANET_NAME</Data></Cell>
    <Cell><Data ss:Type="String">IMPERIAL_3</Data></Cell>
    <Cell><Data ss:Type="String">Nova Magnus</Data></Cell>
    <Cell ss:Index="5"><Data ss:Type="String">Transcribe but do not localize</Data></Cell>
   </Row>
   <Row ss:AutoFitHeight="0">
    <Cell><Data ss:Type="String">PLANET_NAME</Data></Cell>
    <Cell><Data ss:Type="String">IMPERIAL_4</Data></Cell>
    <Cell><Data ss:Type="String">Niven</Data></Cell>
    <Cell ss:Index="5"><Data ss:Type="String">Transcribe but do not localize</Data></Cell>
   </Row>
   <Row ss:AutoFitHeight="0">
    <Cell><Data ss:Type="String">PLANET_NAME</Data></Cell>
    <Cell><Data ss:Type="String">IMPERIAL_5</Data></Cell>
    <Cell><Data ss:Type="String">A Tolice de Tholian</Data></Cell>
    <Cell ss:Index="5"><Data ss:Type="String">Refers to a male emperor of the Star Union</Data></Cell>
   </Row>
   <Row ss:AutoFitHeight="0">
    <Cell><Data ss:Type="String">PLANET_NAME</Data></Cell>
    <Cell><Data ss:Type="String">IMPERIAL_6</Data></Cell>
    <Cell><Data ss:Type="String">Umbra-III</Data></Cell>
    <Cell ss:Index="5"><Data ss:Type="String">Transcribe but do not localize</Data></Cell>
   </Row>
   <Row ss:AutoFitHeight="0">
    <Cell><Data ss:Type="String">PLANET_NAME</Data></Cell>
    <Cell><Data ss:Type="String">IMPERIAL_7</Data></Cell>
    <Cell><Data ss:Type="String">Ionia Zen</Data></Cell>
    <Cell ss:Index="5"><Data ss:Type="String">Transcribe but do not localize</Data></Cell>
   </Row>
   <Row ss:AutoFitHeight="0">
    <Cell><Data ss:Type="String">PLANET_NAME</Data></Cell>
    <Cell><Data ss:Type="String">IMPERIAL_8</Data></Cell>
    <Cell><Data ss:Type="String">Chartan</Data></Cell>
    <Cell ss:Index="5"><Data ss:Type="String">Transcribe but do not localize</Data></Cell>
   </Row>
   <Row ss:AutoFitHeight="0">
    <Cell><Data ss:Type="String">PLANET_NAME</Data></Cell>
    <Cell><Data ss:Type="String">IMPERIAL_9</Data></Cell>
    <Cell><Data ss:Type="String">Corpicus Alpha</Data></Cell>
    <Cell ss:Index="5"><Data ss:Type="String">Transcribe but do not localize</Data></Cell>
   </Row>
   <Row ss:AutoFitHeight="0">
    <Cell><Data ss:Type="String">PLANET_NAME</Data></Cell>
    <Cell><Data ss:Type="String">IMPERIAL_10</Data></Cell>
    <Cell><Data ss:Type="String">Denilium</Data></Cell>
    <Cell ss:Index="5"><Data ss:Type="String">Transcribe but do not localize</Data></Cell>
   </Row>
   <Row ss:AutoFitHeight="0">
    <Cell><Data ss:Type="String">PLANET_NAME</Data></Cell>
    <Cell><Data ss:Type="String">IMPERIAL_11</Data></Cell>
    <Cell><Data ss:Type="String">Engel-V</Data></Cell>
    <Cell ss:Index="5"><Data ss:Type="String">Transcribe but do not localize</Data></Cell>
   </Row>
   <Row ss:AutoFitHeight="0">
    <Cell><Data ss:Type="String">PLANET_NAME</Data></Cell>
    <Cell><Data ss:Type="String">IMPERIAL_12</Data></Cell>
    <Cell><Data ss:Type="String">Petram</Data></Cell>
    <Cell ss:Index="5"><Data ss:Type="String">Transcribe but do not localize</Data></Cell>
   </Row>
   <Row ss:AutoFitHeight="0">
    <Cell><Data ss:Type="String">PLANET_NAME</Data></Cell>
    <Cell><Data ss:Type="String">IMPERIAL_13</Data></Cell>
    <Cell><Data ss:Type="String">Bedlam</Data></Cell>
    <Cell ss:Index="5"><Data ss:Type="String">Transcribe but do not localize</Data></Cell>
   </Row>
   <Row ss:AutoFitHeight="0">
    <Cell><Data ss:Type="String">PLANET_NAME</Data></Cell>
    <Cell><Data ss:Type="String">IMPERIAL_14</Data></Cell>
    <Cell><Data ss:Type="String">Ikanio</Data></Cell>
    <Cell ss:Index="5"><Data ss:Type="String">Transcribe but do not localize</Data></Cell>
   </Row>
   <Row ss:AutoFitHeight="0">
    <Cell><Data ss:Type="String">PLANET_NAME</Data></Cell>
    <Cell><Data ss:Type="String">IMPERIAL_15</Data></Cell>
    <Cell><Data ss:Type="String">Eugene-2</Data></Cell>
    <Cell ss:Index="5"><Data ss:Type="String">Transcribe but do not localize</Data></Cell>
   </Row>
   <Row ss:AutoFitHeight="0">
    <Cell><Data ss:Type="String">PLANET_NAME</Data></Cell>
    <Cell><Data ss:Type="String">IMPERIAL_16</Data></Cell>
    <Cell><Data ss:Type="String">Erosso</Data></Cell>
    <Cell ss:Index="5"><Data ss:Type="String">Transcribe but do not localize</Data></Cell>
   </Row>
   <Row ss:AutoFitHeight="0">
    <Cell><Data ss:Type="String">PLANET_NAME</Data></Cell>
    <Cell><Data ss:Type="String">IMPERIAL_17</Data></Cell>
    <Cell><Data ss:Type="String">Mumphas</Data></Cell>
    <Cell ss:Index="5"><Data ss:Type="String">Transcribe but do not localize</Data></Cell>
   </Row>
   <Row ss:AutoFitHeight="0">
    <Cell><Data ss:Type="String">PLANET_NAME</Data></Cell>
    <Cell><Data ss:Type="String">IMPERIAL_18</Data></Cell>
    <Cell><Data ss:Type="String">Diopside-65</Data></Cell>
    <Cell ss:Index="5"><Data ss:Type="String">Transcribe but do not localize</Data></Cell>
   </Row>
   <Row ss:AutoFitHeight="0">
    <Cell><Data ss:Type="String">PLANET_NAME</Data></Cell>
    <Cell><Data ss:Type="String">IMPERIAL_19</Data></Cell>
    <Cell><Data ss:Type="String">Panemia-0</Data></Cell>
    <Cell ss:Index="5"><Data ss:Type="String">Transcribe but do not localize</Data></Cell>
   </Row>
   <Row ss:AutoFitHeight="0">
    <Cell><Data ss:Type="String">PLANET_NAME</Data></Cell>
    <Cell><Data ss:Type="String">IMPERIAL_20</Data></Cell>
    <Cell><Data ss:Type="String">Certika</Data></Cell>
    <Cell ss:Index="5"><Data ss:Type="String">Transcribe but do not localize</Data></Cell>
   </Row>
   <Row ss:AutoFitHeight="0">
    <Cell><Data ss:Type="String">PLANET_NAME</Data></Cell>
    <Cell><Data ss:Type="String">IMPERIAL_21</Data></Cell>
    <Cell><Data ss:Type="String">Mogul-9</Data></Cell>
    <Cell ss:Index="5"><Data ss:Type="String">Translate</Data></Cell>
   </Row>
   <Row ss:AutoFitHeight="0">
    <Cell><Data ss:Type="String">PLANET_NAME</Data></Cell>
    <Cell><Data ss:Type="String">IMPERIAL_22</Data></Cell>
    <Cell><Data ss:Type="String">Semper</Data></Cell>
    <Cell ss:Index="5"><Data ss:Type="String">Transcribe but do not localize</Data></Cell>
   </Row>
   <Row ss:AutoFitHeight="0">
    <Cell><Data ss:Type="String">PLANET_NAME</Data></Cell>
    <Cell><Data ss:Type="String">IMPERIAL_23</Data></Cell>
    <Cell><Data ss:Type="String">Faskol</Data></Cell>
    <Cell ss:Index="5"><Data ss:Type="String">Transcribe but do not localize</Data></Cell>
   </Row>
   <Row ss:AutoFitHeight="0">
    <Cell><Data ss:Type="String">PLANET_NAME</Data></Cell>
    <Cell><Data ss:Type="String">IMPERIAL_24</Data></Cell>
    <Cell><Data ss:Type="String">Khahaina</Data></Cell>
    <Cell ss:Index="5"><Data ss:Type="String">Transcribe but do not localize</Data></Cell>
   </Row>
   <Row ss:AutoFitHeight="0">
    <Cell><Data ss:Type="String">PLANET_NAME</Data></Cell>
    <Cell><Data ss:Type="String">IMPERIAL_25</Data></Cell>
    <Cell><Data ss:Type="String">Amul Duo</Data></Cell>
    <Cell ss:Index="5"><Data ss:Type="String">Transcribe but do not localize</Data></Cell>
   </Row>
   <Row ss:AutoFitHeight="0">
    <Cell><Data ss:Type="String">PLANET_NAME</Data></Cell>
    <Cell><Data ss:Type="String">IMPERIAL_26</Data></Cell>
    <Cell><Data ss:Type="String">Kogta</Data></Cell>
    <Cell ss:Index="5"><Data ss:Type="String">Transcribe but do not localize</Data></Cell>
   </Row>
   <Row ss:AutoFitHeight="0">
    <Cell><Data ss:Type="String">PLANET_NAME</Data></Cell>
    <Cell><Data ss:Type="String">IMPERIAL_27</Data></Cell>
    <Cell><Data ss:Type="String">Nodd-2</Data></Cell>
    <Cell ss:Index="5"><Data ss:Type="String">Transcribe but do not localize</Data></Cell>
   </Row>
   <Row ss:AutoFitHeight="0">
    <Cell><Data ss:Type="String">PLANET_NAME</Data></Cell>
    <Cell><Data ss:Type="String">IMPERIAL_28</Data></Cell>
    <Cell><Data ss:Type="String">Fherrock</Data></Cell>
    <Cell ss:Index="5"><Data ss:Type="String">Transcribe but do not localize</Data></Cell>
   </Row>
   <Row ss:AutoFitHeight="0">
    <Cell><Data ss:Type="String">PLANET_NAME</Data></Cell>
    <Cell><Data ss:Type="String">IMPERIAL_29</Data></Cell>
    <Cell><Data ss:Type="String">Amicrom</Data></Cell>
    <Cell ss:Index="5"><Data ss:Type="String">Transcribe but do not localize</Data></Cell>
   </Row>
   <Row ss:AutoFitHeight="0">
    <Cell><Data ss:Type="String">PLANET_NAME</Data></Cell>
    <Cell><Data ss:Type="String">IMPERIAL_30</Data></Cell>
    <Cell><Data ss:Type="String">Vrikansas</Data></Cell>
    <Cell ss:Index="5"><Data ss:Type="String">Transcribe but do not localize</Data></Cell>
   </Row>
   <Row ss:AutoFitHeight="0">
    <Cell><Data ss:Type="String">PLANET_NAME</Data></Cell>
    <Cell><Data ss:Type="String">IMPERIAL_31</Data></Cell>
    <Cell><Data ss:Type="String">Gwenrul</Data></Cell>
    <Cell ss:Index="5"><Data ss:Type="String">Transcribe but do not localize</Data></Cell>
   </Row>
   <Row ss:AutoFitHeight="0">
    <Cell><Data ss:Type="String">PLANET_NAME</Data></Cell>
    <Cell><Data ss:Type="String">IMPERIAL_32</Data></Cell>
    <Cell><Data ss:Type="String">Hitelli-Q</Data></Cell>
    <Cell ss:Index="5"><Data ss:Type="String">Transcribe but do not localize</Data></Cell>
   </Row>
   <Row ss:Index="64" ss:AutoFitHeight="0">
    <Cell><Data ss:Type="String">PLANET_NAME</Data></Cell>
    <Cell><Data ss:Type="String">FRONTIER_1</Data></Cell>
    <Cell><Data ss:Type="String">Novo Refúgio</Data></Cell>
    <Cell ss:Index="5"><Data ss:Type="String">Translate</Data></Cell>
   </Row>
   <Row ss:AutoFitHeight="0">
    <Cell><Data ss:Type="String">PLANET_NAME</Data></Cell>
    <Cell><Data ss:Type="String">FRONTIER_2</Data></Cell>
    <Cell><Data ss:Type="String">Anker</Data></Cell>
    <Cell ss:Index="5"><Data ss:Type="String">Transcribe but do not localize</Data></Cell>
   </Row>
   <Row ss:AutoFitHeight="0">
    <Cell><Data ss:Type="String">PLANET_NAME</Data></Cell>
    <Cell><Data ss:Type="String">FRONTIER_3</Data></Cell>
    <Cell><Data ss:Type="String">Syranas</Data></Cell>
    <Cell ss:Index="5"><Data ss:Type="String">Transcribe but do not localize</Data></Cell>
   </Row>
   <Row ss:AutoFitHeight="0">
    <Cell><Data ss:Type="String">PLANET_NAME</Data></Cell>
    <Cell><Data ss:Type="String">FRONTIER_4</Data></Cell>
    <Cell><Data ss:Type="String">Fronteira-50</Data></Cell>
    <Cell ss:Index="5"><Data ss:Type="String">Translate</Data></Cell>
   </Row>
   <Row ss:AutoFitHeight="0">
    <Cell><Data ss:Type="String">PLANET_NAME</Data></Cell>
    <Cell><Data ss:Type="String">FRONTIER_5</Data></Cell>
    <Cell><Data ss:Type="String">Virginia</Data></Cell>
    <Cell ss:Index="5"><Data ss:Type="String">Transcribe but do not localize</Data></Cell>
   </Row>
   <Row ss:AutoFitHeight="0">
    <Cell><Data ss:Type="String">PLANET_NAME</Data></Cell>
    <Cell><Data ss:Type="String">FRONTIER_6</Data></Cell>
    <Cell><Data ss:Type="String">Azura</Data></Cell>
    <Cell ss:Index="5"><Data ss:Type="String">Transcribe but do not localize</Data></Cell>
   </Row>
   <Row ss:AutoFitHeight="0">
    <Cell><Data ss:Type="String">PLANET_NAME</Data></Cell>
    <Cell><Data ss:Type="String">FRONTIER_7</Data></Cell>
    <Cell><Data ss:Type="String">Imyo</Data></Cell>
    <Cell ss:Index="5"><Data ss:Type="String">Transcribe but do not localize</Data></Cell>
   </Row>
   <Row ss:AutoFitHeight="0">
    <Cell><Data ss:Type="String">PLANET_NAME</Data></Cell>
    <Cell><Data ss:Type="String">FRONTIER_8</Data></Cell>
    <Cell><Data ss:Type="String">Horizonte</Data></Cell>
    <Cell ss:Index="5"><Data ss:Type="String">Translate</Data></Cell>
   </Row>
   <Row ss:AutoFitHeight="0">
    <Cell><Data ss:Type="String">PLANET_NAME</Data></Cell>
    <Cell><Data ss:Type="String">FRONTIER_9</Data></Cell>
    <Cell><Data ss:Type="String">Vista Ampla</Data></Cell>
    <Cell ss:Index="5"><Data ss:Type="String">Translate</Data></Cell>
   </Row>
   <Row ss:AutoFitHeight="0">
    <Cell><Data ss:Type="String">PLANET_NAME</Data></Cell>
    <Cell><Data ss:Type="String">FRONTIER_10</Data></Cell>
    <Cell><Data ss:Type="String">Nova Jônia</Data></Cell>
    <Cell ss:Index="5"><Data ss:Type="String">Translate, Transcribe Ionia</Data></Cell>
   </Row>
   <Row ss:AutoFitHeight="0">
    <Cell><Data ss:Type="String">PLANET_NAME</Data></Cell>
    <Cell><Data ss:Type="String">FRONTIER_11</Data></Cell>
    <Cell><Data ss:Type="String">Porphoros</Data></Cell>
    <Cell ss:Index="5"><Data ss:Type="String">Transcribe but do not localize</Data></Cell>
   </Row>
   <Row ss:AutoFitHeight="0">
    <Cell><Data ss:Type="String">PLANET_NAME</Data></Cell>
    <Cell><Data ss:Type="String">FRONTIER_12</Data></Cell>
    <Cell><Data ss:Type="String">Chalcedonia</Data></Cell>
    <Cell ss:Index="5"><Data ss:Type="String">Transcribe but do not localize</Data></Cell>
   </Row>
   <Row ss:AutoFitHeight="0">
    <Cell><Data ss:Type="String">PLANET_NAME</Data></Cell>
    <Cell><Data ss:Type="String">FRONTIER_13</Data></Cell>
    <Cell><Data ss:Type="String">Rhodondos</Data></Cell>
    <Cell ss:Index="5"><Data ss:Type="String">Transcribe but do not localize</Data></Cell>
   </Row>
   <Row ss:AutoFitHeight="0">
    <Cell><Data ss:Type="String">PLANET_NAME</Data></Cell>
    <Cell><Data ss:Type="String">FRONTIER_14</Data></Cell>
    <Cell><Data ss:Type="String">Stichti-54</Data></Cell>
    <Cell ss:Index="5"><Data ss:Type="String">Transcribe but do not localize</Data></Cell>
   </Row>
   <Row ss:AutoFitHeight="0">
    <Cell><Data ss:Type="String">PLANET_NAME</Data></Cell>
    <Cell><Data ss:Type="String">FRONTIER_15</Data></Cell>
    <Cell><Data ss:Type="String">Nakalia</Data></Cell>
    <Cell ss:Index="5"><Data ss:Type="String">Transcribe but do not localize</Data></Cell>
   </Row>
   <Row ss:AutoFitHeight="0">
    <Cell><Data ss:Type="String">PLANET_NAME</Data></Cell>
    <Cell><Data ss:Type="String">FRONTIER_16</Data></Cell>
    <Cell><Data ss:Type="String">Angelus</Data></Cell>
    <Cell ss:Index="5"><Data ss:Type="String">Transcribe but do not localize</Data></Cell>
   </Row>
   <Row ss:AutoFitHeight="0">
    <Cell><Data ss:Type="String">PLANET_NAME</Data></Cell>
    <Cell><Data ss:Type="String">FRONTIER_17</Data></Cell>
    <Cell><Data ss:Type="String">Thyona</Data></Cell>
    <Cell ss:Index="5"><Data ss:Type="String">Transcribe but do not localize</Data></Cell>
   </Row>
   <Row ss:AutoFitHeight="0">
    <Cell><Data ss:Type="String">PLANET_NAME</Data></Cell>
    <Cell><Data ss:Type="String">FRONTIER_18</Data></Cell>
    <Cell><Data ss:Type="String">Orrespa</Data></Cell>
    <Cell ss:Index="5"><Data ss:Type="String">Transcribe but do not localize</Data></Cell>
   </Row>
   <Row ss:AutoFitHeight="0">
    <Cell><Data ss:Type="String">PLANET_NAME</Data></Cell>
    <Cell><Data ss:Type="String">FRONTIER_19</Data></Cell>
    <Cell><Data ss:Type="String">Ispka</Data></Cell>
    <Cell ss:Index="5"><Data ss:Type="String">Transcribe but do not localize</Data></Cell>
   </Row>
   <Row ss:AutoFitHeight="0">
    <Cell><Data ss:Type="String">PLANET_NAME</Data></Cell>
    <Cell><Data ss:Type="String">FRONTIER_20</Data></Cell>
    <Cell><Data ss:Type="String">Nunomino</Data></Cell>
    <Cell ss:Index="5"><Data ss:Type="String">Transcribe but do not localize</Data></Cell>
   </Row>
   <Row ss:AutoFitHeight="0">
    <Cell><Data ss:Type="String">PLANET_NAME</Data></Cell>
    <Cell><Data ss:Type="String">FRONTIER_21</Data></Cell>
    <Cell><Data ss:Type="String">Ignatum</Data></Cell>
    <Cell ss:Index="5"><Data ss:Type="String">Transcribe but do not localize</Data></Cell>
   </Row>
   <Row ss:AutoFitHeight="0">
    <Cell><Data ss:Type="String">PLANET_NAME</Data></Cell>
    <Cell><Data ss:Type="String">FRONTIER_22</Data></Cell>
    <Cell><Data ss:Type="String">Onview-99</Data></Cell>
    <Cell ss:Index="5"><Data ss:Type="String">Translate</Data></Cell>
   </Row>
   <Row ss:AutoFitHeight="0">
    <Cell><Data ss:Type="String">PLANET_NAME</Data></Cell>
    <Cell><Data ss:Type="String">FRONTIER_23</Data></Cell>
    <Cell><Data ss:Type="String">Kakang-III</Data></Cell>
    <Cell ss:Index="5"><Data ss:Type="String">Transcribe but do not localize</Data></Cell>
   </Row>
   <Row ss:AutoFitHeight="0">
    <Cell><Data ss:Type="String">PLANET_NAME</Data></Cell>
    <Cell><Data ss:Type="String">FRONTIER_24</Data></Cell>
    <Cell><Data ss:Type="String">Twentias</Data></Cell>
    <Cell ss:Index="5"><Data ss:Type="String">Transcribe but do not localize</Data></Cell>
   </Row>
   <Row ss:AutoFitHeight="0">
    <Cell><Data ss:Type="String">PLANET_NAME</Data></Cell>
    <Cell><Data ss:Type="String">FRONTIER_25</Data></Cell>
    <Cell><Data ss:Type="String">Novea Chartas</Data></Cell>
    <Cell ss:Index="5"><Data ss:Type="String">Transcribe but do not localize</Data></Cell>
   </Row>
   <Row ss:AutoFitHeight="0">
    <Cell><Data ss:Type="String">PLANET_NAME</Data></Cell>
    <Cell><Data ss:Type="String">FRONTIER_26</Data></Cell>
    <Cell><Data ss:Type="String">Shepherd-20</Data></Cell>
    <Cell ss:Index="5"><Data ss:Type="String">Translate</Data></Cell>
   </Row>
   <Row ss:AutoFitHeight="0">
    <Cell><Data ss:Type="String">PLANET_NAME</Data></Cell>
    <Cell><Data ss:Type="String">FRONTIER_27</Data></Cell>
    <Cell><Data ss:Type="String">Granizo</Data></Cell>
    <Cell ss:Index="5"><Data ss:Type="String">Translate</Data></Cell>
   </Row>
   <Row ss:AutoFitHeight="0">
    <Cell><Data ss:Type="String">PLANET_NAME</Data></Cell>
    <Cell><Data ss:Type="String">FRONTIER_28</Data></Cell>
    <Cell><Data ss:Type="String">Ghesis-5</Data></Cell>
    <Cell ss:Index="5"><Data ss:Type="String">Transcribe but do not localize</Data></Cell>
   </Row>
   <Row ss:AutoFitHeight="0">
    <Cell><Data ss:Type="String">PLANET_NAME</Data></Cell>
    <Cell><Data ss:Type="String">FRONTIER_29</Data></Cell>
    <Cell><Data ss:Type="String">Olyle</Data></Cell>
    <Cell ss:Index="5"><Data ss:Type="String">Transcribe but do not localize</Data></Cell>
   </Row>
   <Row ss:Index="94" ss:AutoFitHeight="0">
    <Cell><Data ss:Type="String">PLANET_NAME</Data></Cell>
    <Cell><Data ss:Type="String">CAPITAL_1</Data></Cell>
    <Cell><Data ss:Type="String">Delfius Prime</Data></Cell>
    <Cell ss:Index="5"><Data ss:Type="String">Transcribe but do not localize</Data></Cell>
   </Row>
   <Row ss:AutoFitHeight="0">
    <Cell><Data ss:Type="String">PLANET_NAME</Data></Cell>
    <Cell><Data ss:Type="String">CAPITAL_2</Data></Cell>
    <Cell><Data ss:Type="String">Amorian</Data></Cell>
    <Cell ss:Index="5"><Data ss:Type="String">Transcribe but do not localize</Data></Cell>
   </Row>
   <Row ss:AutoFitHeight="0">
    <Cell><Data ss:Type="String">PLANET_NAME</Data></Cell>
    <Cell><Data ss:Type="String">CAPITAL_3</Data></Cell>
    <Cell><Data ss:Type="String">Braillon</Data></Cell>
    <Cell ss:Index="5"><Data ss:Type="String">Transcribe but do not localize</Data></Cell>
   </Row>
   <Row ss:AutoFitHeight="0">
    <Cell><Data ss:Type="String">PLANET_NAME</Data></Cell>
    <Cell><Data ss:Type="String">CAPITAL_4</Data></Cell>
    <Cell><Data ss:Type="String">Fórum III</Data></Cell>
    <Cell ss:Index="5"><Data ss:Type="String">Translate, forum as in democratic gathering</Data></Cell>
   </Row>
   <Row ss:AutoFitHeight="0">
    <Cell><Data ss:Type="String">PLANET_NAME</Data></Cell>
    <Cell><Data ss:Type="String">CAPITAL_5</Data></Cell>
    <Cell><Data ss:Type="String">Ícone</Data></Cell>
    <Cell ss:Index="5"><Data ss:Type="String">Translate</Data></Cell>
   </Row>
   <Row ss:AutoFitHeight="0">
    <Cell><Data ss:Type="String">PLANET_NAME</Data></Cell>
    <Cell><Data ss:Type="String">CAPITAL_6</Data></Cell>
    <Cell><Data ss:Type="String">Bastião</Data></Cell>
    <Cell ss:Index="5"><Data ss:Type="String">Translate</Data></Cell>
   </Row>
   <Row ss:AutoFitHeight="0">
    <Cell><Data ss:Type="String">PLANET_NAME</Data></Cell>
    <Cell><Data ss:Type="String">CAPITAL_7</Data></Cell>
    <Cell><Data ss:Type="String">Indictus Gamma</Data></Cell>
    <Cell ss:Index="5"><Data ss:Type="String">Transcribe but do not localize</Data></Cell>
   </Row>
   <Row ss:AutoFitHeight="0">
    <Cell><Data ss:Type="String">PLANET_NAME</Data></Cell>
    <Cell><Data ss:Type="String">CAPITAL_8</Data></Cell>
    <Cell><Data ss:Type="String">Veritas</Data></Cell>
    <Cell ss:Index="5"><Data ss:Type="String">Transcribe but do not localize</Data></Cell>
   </Row>
   <Row ss:AutoFitHeight="0">
    <Cell><Data ss:Type="String">PLANET_NAME</Data></Cell>
    <Cell><Data ss:Type="String">CAPITAL_9</Data></Cell>
    <Cell><Data ss:Type="String">Liberitas</Data></Cell>
    <Cell ss:Index="5"><Data ss:Type="String">Transcribe but do not localize</Data></Cell>
   </Row>
   <Row ss:AutoFitHeight="0">
    <Cell><Data ss:Type="String">PLANET_NAME</Data></Cell>
    <Cell><Data ss:Type="String">CAPITAL_10</Data></Cell>
    <Cell><Data ss:Type="String">Zenith</Data></Cell>
    <Cell ss:Index="5"><Data ss:Type="String">Transcribe but do not localize</Data></Cell>
   </Row>
   <Row ss:AutoFitHeight="0">
    <Cell><Data ss:Type="String">PLANET_NAME</Data></Cell>
    <Cell><Data ss:Type="String">CAPITAL_11</Data></Cell>
    <Cell><Data ss:Type="String">Netropolis</Data></Cell>
    <Cell ss:Index="5"><Data ss:Type="String">Transcribe but do not localize</Data></Cell>
   </Row>
   <Row ss:AutoFitHeight="0">
    <Cell><Data ss:Type="String">PLANET_NAME</Data></Cell>
    <Cell><Data ss:Type="String">CAPITAL_12</Data></Cell>
    <Cell><Data ss:Type="String">Holodam</Data></Cell>
    <Cell ss:Index="5"><Data ss:Type="String">Transcribe but do not localize</Data></Cell>
   </Row>
   <Row ss:AutoFitHeight="0">
    <Cell><Data ss:Type="String">PLANET_NAME</Data></Cell>
    <Cell><Data ss:Type="String">CAPITAL_13</Data></Cell>
    <Cell><Data ss:Type="String">Raventus</Data></Cell>
    <Cell ss:Index="5"><Data ss:Type="String">Transcribe but do not localize</Data></Cell>
   </Row>
   <Row ss:AutoFitHeight="0">
    <Cell><Data ss:Type="String">PLANET_NAME</Data></Cell>
    <Cell><Data ss:Type="String">CAPITAL_14</Data></Cell>
    <Cell><Data ss:Type="String">Deimos 12</Data></Cell>
    <Cell ss:Index="5"><Data ss:Type="String">Transcribe but do not localize</Data></Cell>
   </Row>
   <Row ss:AutoFitHeight="0">
    <Cell><Data ss:Type="String">PLANET_NAME</Data></Cell>
    <Cell><Data ss:Type="String">CAPITAL_15</Data></Cell>
    <Cell><Data ss:Type="String">Chrysta</Data></Cell>
    <Cell ss:Index="5"><Data ss:Type="String">Transcribe but do not localize</Data></Cell>
   </Row>
   <Row ss:AutoFitHeight="0">
    <Cell><Data ss:Type="String">PLANET_NAME</Data></Cell>
    <Cell><Data ss:Type="String">CAPITAL_16</Data></Cell>
    <Cell><Data ss:Type="String">Garlyte-1</Data></Cell>
    <Cell ss:Index="5"><Data ss:Type="String">Transcribe but do not localize</Data></Cell>
   </Row>
   <Row ss:AutoFitHeight="0">
    <Cell><Data ss:Type="String">PLANET_NAME</Data></Cell>
    <Cell><Data ss:Type="String">CAPITAL_17</Data></Cell>
    <Cell><Data ss:Type="String">Vovoh</Data></Cell>
    <Cell ss:Index="5"><Data ss:Type="String">Transcribe but do not localize</Data></Cell>
   </Row>
   <Row ss:AutoFitHeight="0">
    <Cell><Data ss:Type="String">PLANET_NAME</Data></Cell>
    <Cell><Data ss:Type="String">CAPITAL_18</Data></Cell>
    <Cell><Data ss:Type="String">Tiriam</Data></Cell>
    <Cell ss:Index="5"><Data ss:Type="String">Transcribe but do not localize</Data></Cell>
   </Row>
   <Row ss:AutoFitHeight="0">
    <Cell><Data ss:Type="String">PLANET_NAME</Data></Cell>
    <Cell><Data ss:Type="String">CAPITAL_19</Data></Cell>
    <Cell><Data ss:Type="String">Cabal-42</Data></Cell>
    <Cell ss:Index="5"><Data ss:Type="String">Transcribe but do not localize</Data></Cell>
   </Row>
   <Row ss:AutoFitHeight="0">
    <Cell><Data ss:Type="String">PLANET_NAME</Data></Cell>
    <Cell><Data ss:Type="String">CAPITAL_20</Data></Cell>
    <Cell><Data ss:Type="String">Omicron</Data></Cell>
    <Cell ss:Index="5"><Data ss:Type="String">Transcribe but do not localize</Data></Cell>
   </Row>
   <Row ss:AutoFitHeight="0">
    <Cell><Data ss:Type="String">PLANET_NAME</Data></Cell>
    <Cell><Data ss:Type="String">CAPITAL_21</Data></Cell>
    <Cell><Data ss:Type="String">Fata Omega</Data></Cell>
    <Cell ss:Index="5"><Data ss:Type="String">Transcribe but do not localize</Data></Cell>
   </Row>
   <Row ss:AutoFitHeight="0">
    <Cell><Data ss:Type="String">PLANET_NAME</Data></Cell>
    <Cell><Data ss:Type="String">CAPITAL_22</Data></Cell>
    <Cell><Data ss:Type="String">Prímula</Data></Cell>
    <Cell ss:Index="5"><Data ss:Type="String">Translate</Data></Cell>
   </Row>
   <Row ss:AutoFitHeight="0">
    <Cell><Data ss:Type="String">PLANET_NAME</Data></Cell>
    <Cell><Data ss:Type="String">CAPITAL_23</Data></Cell>
    <Cell><Data ss:Type="String">Dhanyabad</Data></Cell>
    <Cell ss:Index="5"><Data ss:Type="String">Transcribe but do not localize</Data></Cell>
   </Row>
   <Row ss:AutoFitHeight="0">
    <Cell><Data ss:Type="String">PLANET_NAME</Data></Cell>
    <Cell><Data ss:Type="String">CAPITAL_24</Data></Cell>
    <Cell><Data ss:Type="String">Kireit</Data></Cell>
    <Cell ss:Index="5"><Data ss:Type="String">Transcribe but do not localize</Data></Cell>
   </Row>
   <Row ss:AutoFitHeight="0">
    <Cell><Data ss:Type="String">PLANET_NAME</Data></Cell>
    <Cell><Data ss:Type="String">CAPITAL_25</Data></Cell>
    <Cell><Data ss:Type="String">Primo-121</Data></Cell>
    <Cell ss:Index="5"><Data ss:Type="String">Transcribe but do not localize</Data></Cell>
   </Row>
   <Row ss:AutoFitHeight="0">
    <Cell><Data ss:Type="String">PLANET_NAME</Data></Cell>
    <Cell><Data ss:Type="String">CAPITAL_26</Data></Cell>
    <Cell><Data ss:Type="String">Fridam</Data></Cell>
    <Cell ss:Index="5"><Data ss:Type="String">Transcribe but do not localize</Data></Cell>
   </Row>
   <Row ss:AutoFitHeight="0">
    <Cell><Data ss:Type="String">PLANET_NAME</Data></Cell>
    <Cell><Data ss:Type="String">CAPITAL_27</Data></Cell>
    <Cell><Data ss:Type="String">Po-8976</Data></Cell>
    <Cell ss:Index="5"><Data ss:Type="String">Transcribe but do not localize</Data></Cell>
   </Row>
   <Row ss:AutoFitHeight="0">
    <Cell><Data ss:Type="String">PLANET_NAME</Data></Cell>
    <Cell><Data ss:Type="String">CAPITAL_28</Data></Cell>
    <Cell><Data ss:Type="String">Soso-66</Data></Cell>
    <Cell ss:Index="5"><Data ss:Type="String">Transcribe but do not localize</Data></Cell>
   </Row>
   <Row ss:AutoFitHeight="0">
    <Cell><Data ss:Type="String">PLANET_NAME</Data></Cell>
    <Cell><Data ss:Type="String">CAPITAL_29</Data></Cell>
    <Cell><Data ss:Type="String">Ponto de Fechamento</Data></Cell>
    <Cell ss:Index="5"><Data ss:Type="String">Translate</Data></Cell>
   </Row>
   <Row ss:AutoFitHeight="0">
    <Cell><Data ss:Type="String">PLANET_NAME</Data></Cell>
    <Cell><Data ss:Type="String">CAPITAL_30</Data></Cell>
    <Cell><Data ss:Type="String">Lar de Pia</Data></Cell>
    <Cell ss:Index="5"><Data ss:Type="String">Translate, Pia is a male name</Data></Cell>
   </Row>
   <Row ss:AutoFitHeight="0">
    <Cell><Data ss:Type="String">PLANET_NAME</Data></Cell>
    <Cell><Data ss:Type="String">CAPITAL_31</Data></Cell>
    <Cell><Data ss:Type="String">Sephone</Data></Cell>
    <Cell ss:Index="5"><Data ss:Type="String">Transcribe but do not localize</Data></Cell>
   </Row>
   <Row ss:AutoFitHeight="0">
    <Cell><Data ss:Type="String">PLANET_NAME</Data></Cell>
    <Cell><Data ss:Type="String">CAPITAL_32</Data></Cell>
    <Cell><Data ss:Type="String">Excelsior</Data></Cell>
    <Cell ss:Index="5"><Data ss:Type="String">Transcribe but do not localize</Data></Cell>
   </Row>
   <Row ss:Index="127" ss:AutoFitHeight="0">
    <Cell><Data ss:Type="String">PLANET_NAME</Data></Cell>
    <Cell><Data ss:Type="String">TOMB_1</Data></Cell>
    <Cell><Data ss:Type="String">Demonis Xena</Data></Cell>
    <Cell ss:Index="5"><Data ss:Type="String">Transcribe but do not localize</Data></Cell>
   </Row>
   <Row ss:AutoFitHeight="0">
    <Cell><Data ss:Type="String">PLANET_NAME</Data></Cell>
    <Cell><Data ss:Type="String">TOMB_2</Data></Cell>
    <Cell><Data ss:Type="String">Mundo Exterior-87</Data></Cell>
    <Cell ss:Index="5"><Data ss:Type="String">Translate</Data></Cell>
   </Row>
   <Row ss:AutoFitHeight="0">
    <Cell><Data ss:Type="String">PLANET_NAME</Data></Cell>
    <Cell><Data ss:Type="String">TOMB_3</Data></Cell>
    <Cell><Data ss:Type="String">Duskor</Data></Cell>
    <Cell ss:Index="5"><Data ss:Type="String">Transcribe but do not localize</Data></Cell>
   </Row>
   <Row ss:AutoFitHeight="0">
    <Cell><Data ss:Type="String">PLANET_NAME</Data></Cell>
    <Cell><Data ss:Type="String">TOMB_4</Data></Cell>
    <Cell><Data ss:Type="String">Crepúsculo</Data></Cell>
    <Cell ss:Index="5"><Data ss:Type="String">Translate</Data></Cell>
   </Row>
   <Row ss:AutoFitHeight="0">
    <Cell><Data ss:Type="String">PLANET_NAME</Data></Cell>
    <Cell><Data ss:Type="String">TOMB_5</Data></Cell>
    <Cell><Data ss:Type="String">Lamento de Dio</Data></Cell>
    <Cell ss:Index="5"><Data ss:Type="String">Translate, Dio is a male name</Data></Cell>
   </Row>
   <Row ss:AutoFitHeight="0">
    <Cell><Data ss:Type="String">PLANET_NAME</Data></Cell>
    <Cell><Data ss:Type="String">TOMB_6</Data></Cell>
    <Cell><Data ss:Type="String">Lacrimosa</Data></Cell>
    <Cell ss:Index="5"><Data ss:Type="String">Transcribe but do not localize</Data></Cell>
   </Row>
   <Row ss:AutoFitHeight="0">
    <Cell><Data ss:Type="String">PLANET_NAME</Data></Cell>
    <Cell><Data ss:Type="String">TOMB_7</Data></Cell>
    <Cell><Data ss:Type="String">Cata XII</Data></Cell>
    <Cell ss:Index="5"><Data ss:Type="String">Transcribe but do not localize</Data></Cell>
   </Row>
   <Row ss:AutoFitHeight="0">
    <Cell><Data ss:Type="String">PLANET_NAME</Data></Cell>
    <Cell><Data ss:Type="String">TOMB_8</Data></Cell>
    <Cell><Data ss:Type="String">Tormium-V</Data></Cell>
    <Cell ss:Index="5"><Data ss:Type="String">Transcribe but do not localize</Data></Cell>
   </Row>
   <Row ss:AutoFitHeight="0">
    <Cell><Data ss:Type="String">PLANET_NAME</Data></Cell>
    <Cell><Data ss:Type="String">TOMB_9</Data></Cell>
    <Cell><Data ss:Type="String">Vale de Tholian</Data></Cell>
    <Cell ss:Index="5"><Data ss:Type="String">Refers to a male emperor of the Star Union</Data></Cell>
   </Row>
   <Row ss:AutoFitHeight="0">
    <Cell><Data ss:Type="String">PLANET_NAME</Data></Cell>
    <Cell><Data ss:Type="String">TOMB_10</Data></Cell>
    <Cell><Data ss:Type="String">Ianua Mortem</Data></Cell>
    <Cell ss:Index="5"><Data ss:Type="String">Transcribe but do not localize</Data></Cell>
   </Row>
   <Row ss:AutoFitHeight="0">
    <Cell><Data ss:Type="String">PLANET_NAME</Data></Cell>
    <Cell><Data ss:Type="String">TOMB_11</Data></Cell>
    <Cell><Data ss:Type="String">Retiro de Komen</Data></Cell>
    <Cell ss:Index="5"><Data ss:Type="String">Translate, Komen is a female name</Data></Cell>
   </Row>
   <Row ss:AutoFitHeight="0">
    <Cell><Data ss:Type="String">PLANET_NAME</Data></Cell>
    <Cell><Data ss:Type="String">TOMB_12</Data></Cell>
    <Cell><Data ss:Type="String">Spiritum Ancana</Data></Cell>
    <Cell ss:Index="5"><Data ss:Type="String">Transcribe but do not localize</Data></Cell>
   </Row>
   <Row ss:AutoFitHeight="0">
    <Cell><Data ss:Type="String">PLANET_NAME</Data></Cell>
    <Cell><Data ss:Type="String">TOMB_13</Data></Cell>
    <Cell><Data ss:Type="String">Pessem Di</Data></Cell>
    <Cell ss:Index="5"><Data ss:Type="String">Transcribe but do not localize</Data></Cell>
   </Row>
   <Row ss:AutoFitHeight="0">
    <Cell><Data ss:Type="String">PLANET_NAME</Data></Cell>
    <Cell><Data ss:Type="String">TOMB_14</Data></Cell>
    <Cell><Data ss:Type="String">Teygate</Data></Cell>
    <Cell ss:Index="5"><Data ss:Type="String">Transcribe but do not localize</Data></Cell>
   </Row>
   <Row ss:AutoFitHeight="0">
    <Cell><Data ss:Type="String">PLANET_NAME</Data></Cell>
    <Cell><Data ss:Type="String">TOMB_15</Data></Cell>
    <Cell><Data ss:Type="String">Fronteira-MMXII</Data></Cell>
    <Cell ss:Index="5"><Data ss:Type="String">Translate, roman numerals</Data></Cell>
   </Row>
   <Row ss:AutoFitHeight="0">
    <Cell><Data ss:Type="String">PLANET_NAME</Data></Cell>
    <Cell><Data ss:Type="String">TOMB_16</Data></Cell>
    <Cell><Data ss:Type="String">Diciam</Data></Cell>
    <Cell ss:Index="5"><Data ss:Type="String">Transcribe but do not localize</Data></Cell>
   </Row>
   <Row ss:AutoFitHeight="0">
    <Cell><Data ss:Type="String">PLANET_NAME</Data></Cell>
    <Cell><Data ss:Type="String">TOMB_17</Data></Cell>
    <Cell><Data ss:Type="String">Exospir-2</Data></Cell>
    <Cell ss:Index="5"><Data ss:Type="String">Transcribe but do not localize</Data></Cell>
   </Row>
   <Row ss:AutoFitHeight="0">
    <Cell><Data ss:Type="String">PLANET_NAME</Data></Cell>
    <Cell><Data ss:Type="String">TOMB_18</Data></Cell>
    <Cell><Data ss:Type="String">Boldag</Data></Cell>
    <Cell ss:Index="5"><Data ss:Type="String">Transcribe but do not localize</Data></Cell>
   </Row>
   <Row ss:AutoFitHeight="0">
    <Cell><Data ss:Type="String">PLANET_NAME</Data></Cell>
    <Cell><Data ss:Type="String">TOMB_19</Data></Cell>
    <Cell><Data ss:Type="String">Brough Ina</Data></Cell>
    <Cell ss:Index="5"><Data ss:Type="String">Transcribe but do not localize</Data></Cell>
   </Row>
   <Row ss:AutoFitHeight="0">
    <Cell><Data ss:Type="String">PLANET_NAME</Data></Cell>
    <Cell><Data ss:Type="String">TOMB_20</Data></Cell>
    <Cell><Data ss:Type="String">Ascensão Espiritual</Data></Cell>
    <Cell ss:Index="5"><Data ss:Type="String">Translate, can split "Spirit" and "Rise" if required</Data></Cell>
   </Row>
   <Row ss:AutoFitHeight="0">
    <Cell><Data ss:Type="String">PLANET_NAME</Data></Cell>
    <Cell><Data ss:Type="String">TOMB_21</Data></Cell>
    <Cell><Data ss:Type="String">Fortuna Mort</Data></Cell>
    <Cell ss:Index="5"><Data ss:Type="String">Transcribe but do not localize</Data></Cell>
   </Row>
   <Row ss:AutoFitHeight="0">
    <Cell><Data ss:Type="String">PLANET_NAME</Data></Cell>
    <Cell><Data ss:Type="String">TOMB_22</Data></Cell>
    <Cell><Data ss:Type="String">Garras do Fim</Data></Cell>
    <Cell ss:Index="5"><Data ss:Type="String">Translate</Data></Cell>
   </Row>
   <Row ss:AutoFitHeight="0">
    <Cell><Data ss:Type="String">PLANET_NAME</Data></Cell>
    <Cell><Data ss:Type="String">TOMB_23</Data></Cell>
    <Cell><Data ss:Type="String">Ivaria-Z</Data></Cell>
    <Cell ss:Index="5"><Data ss:Type="String">Transcribe but do not localize</Data></Cell>
   </Row>
   <Row ss:AutoFitHeight="0">
    <Cell><Data ss:Type="String">PLANET_NAME</Data></Cell>
    <Cell><Data ss:Type="String">TOMB_24</Data></Cell>
    <Cell><Data ss:Type="String">Kana-86</Data></Cell>
    <Cell ss:Index="5"><Data ss:Type="String">Transcribe but do not localize</Data></Cell>
   </Row>
   <Row ss:AutoFitHeight="0">
    <Cell><Data ss:Type="String">PLANET_NAME</Data></Cell>
    <Cell><Data ss:Type="String">TOMB_25</Data></Cell>
    <Cell><Data ss:Type="String">Último Suspiro de Jorat</Data></Cell>
    <Cell ss:Index="5"><Data ss:Type="String">Translate, Jorat is a male name</Data></Cell>
   </Row>
   <Row ss:AutoFitHeight="0">
    <Cell><Data ss:Type="String">PLANET_NAME</Data></Cell>
    <Cell><Data ss:Type="String">TOMB_26</Data></Cell>
    <Cell><Data ss:Type="String">Zitharae</Data></Cell>
    <Cell ss:Index="5"><Data ss:Type="String">Transcribe but do not localize</Data></Cell>
   </Row>
   <Row ss:AutoFitHeight="0">
    <Cell><Data ss:Type="String">PLANET_NAME</Data></Cell>
    <Cell><Data ss:Type="String">TOMB_27</Data></Cell>
    <Cell><Data ss:Type="String">Eco de Idan</Data></Cell>
    <Cell ss:Index="5"><Data ss:Type="String">Translate, Idan is a male name</Data></Cell>
   </Row>
   <Row ss:AutoFitHeight="0">
    <Cell><Data ss:Type="String">PLANET_NAME</Data></Cell>
    <Cell><Data ss:Type="String">TOMB_28</Data></Cell>
    <Cell><Data ss:Type="String">Burdenial</Data></Cell>
    <Cell ss:Index="5"><Data ss:Type="String">Transcribe but do not localize</Data></Cell>
   </Row>
   <Row ss:AutoFitHeight="0">
    <Cell><Data ss:Type="String">PLANET_NAME</Data></Cell>
    <Cell><Data ss:Type="String">TOMB_29</Data></Cell>
    <Cell><Data ss:Type="String">Jil Ventas</Data></Cell>
    <Cell ss:Index="5"><Data ss:Type="String">Transcribe but do not localize</Data></Cell>
   </Row>
   <Row ss:AutoFitHeight="0">
    <Cell><Data ss:Type="String">PLANET_NAME</Data></Cell>
    <Cell><Data ss:Type="String">TOMB_30</Data></Cell>
    <Cell><Data ss:Type="String">Último de Ghett</Data></Cell>
    <Cell ss:Index="5"><Data ss:Type="String">Translate, Ghett is a male name</Data></Cell>
   </Row>
   <Row ss:Index="158" ss:AutoFitHeight="0">
    <Cell><Data ss:Type="String">PLANET_NAME</Data></Cell>
    <Cell><Data ss:Type="String">FORGE_1</Data></Cell>
    <Cell><Data ss:Type="String">Martelo Estelar</Data></Cell>
    <Cell ss:Index="5"><Data ss:Type="String">Translate</Data></Cell>
   </Row>
   <Row ss:AutoFitHeight="0">
    <Cell><Data ss:Type="String">PLANET_NAME</Data></Cell>
    <Cell><Data ss:Type="String">FORGE_2</Data></Cell>
    <Cell><Data ss:Type="String">Manufactorium Prime</Data></Cell>
    <Cell ss:Index="5"><Data ss:Type="String">Transcribe but do not localize</Data></Cell>
   </Row>
   <Row ss:AutoFitHeight="0">
    <Cell><Data ss:Type="String">PLANET_NAME</Data></Cell>
    <Cell><Data ss:Type="String">FORGE_3</Data></Cell>
    <Cell><Data ss:Type="String">Brutop</Data></Cell>
    <Cell ss:Index="5"><Data ss:Type="String">Transcribe but do not localize</Data></Cell>
   </Row>
   <Row ss:AutoFitHeight="0">
    <Cell><Data ss:Type="String">PLANET_NAME</Data></Cell>
    <Cell><Data ss:Type="String">FORGE_4</Data></Cell>
    <Cell><Data ss:Type="String">Cadinho-18</Data></Cell>
    <Cell ss:Index="5"><Data ss:Type="String">Translate</Data></Cell>
   </Row>
   <Row ss:AutoFitHeight="0">
    <Cell><Data ss:Type="String">PLANET_NAME</Data></Cell>
    <Cell><Data ss:Type="String">FORGE_5</Data></Cell>
    <Cell><Data ss:Type="String">Ionium-77</Data></Cell>
    <Cell ss:Index="5"><Data ss:Type="String">Transcribe but do not localize</Data></Cell>
   </Row>
   <Row ss:AutoFitHeight="0">
    <Cell><Data ss:Type="String">PLANET_NAME</Data></Cell>
    <Cell><Data ss:Type="String">FORGE_6</Data></Cell>
    <Cell><Data ss:Type="String">Moria</Data></Cell>
    <Cell ss:Index="5"><Data ss:Type="String">Transcribe but do not localize</Data></Cell>
   </Row>
   <Row ss:AutoFitHeight="0">
    <Cell><Data ss:Type="String">PLANET_NAME</Data></Cell>
    <Cell><Data ss:Type="String">FORGE_7</Data></Cell>
    <Cell><Data ss:Type="String">Tiranium IV</Data></Cell>
    <Cell ss:Index="5"><Data ss:Type="String">Transcribe but do not localize</Data></Cell>
   </Row>
   <Row ss:AutoFitHeight="0">
    <Cell><Data ss:Type="String">PLANET_NAME</Data></Cell>
    <Cell><Data ss:Type="String">FORGE_8</Data></Cell>
    <Cell><Data ss:Type="String">Pedra Natal</Data></Cell>
    <Cell ss:Index="5"><Data ss:Type="String">Translate, can split "Born" and "Stone" if required</Data></Cell>
   </Row>
   <Row ss:AutoFitHeight="0">
    <Cell><Data ss:Type="String">PLANET_NAME</Data></Cell>
    <Cell><Data ss:Type="String">FORGE_9</Data></Cell>
    <Cell><Data ss:Type="String">Desafio-200</Data></Cell>
    <Cell ss:Index="5"><Data ss:Type="String">Translate</Data></Cell>
   </Row>
   <Row ss:AutoFitHeight="0">
    <Cell><Data ss:Type="String">PLANET_NAME</Data></Cell>
    <Cell><Data ss:Type="String">FORGE_10</Data></Cell>
    <Cell><Data ss:Type="String">Trilha-13</Data></Cell>
    <Cell ss:Index="5"><Data ss:Type="String">Translate, trail as in tracks</Data></Cell>
   </Row>
   <Row ss:AutoFitHeight="0">
    <Cell><Data ss:Type="String">PLANET_NAME</Data></Cell>
    <Cell><Data ss:Type="String">FORGE_11</Data></Cell>
    <Cell><Data ss:Type="String">Demonia</Data></Cell>
    <Cell ss:Index="5"><Data ss:Type="String">Transcribe but do not localize</Data></Cell>
   </Row>
   <Row ss:AutoFitHeight="0">
    <Cell><Data ss:Type="String">PLANET_NAME</Data></Cell>
    <Cell><Data ss:Type="String">FORGE_12</Data></Cell>
    <Cell><Data ss:Type="String">Braseiro de Balmut</Data></Cell>
    <Cell ss:Index="5"><Data ss:Type="String">Translate, Balmut is a male name</Data></Cell>
   </Row>
   <Row ss:AutoFitHeight="0">
    <Cell><Data ss:Type="String">PLANET_NAME</Data></Cell>
    <Cell><Data ss:Type="String">FORGE_13</Data></Cell>
    <Cell><Data ss:Type="String">Núcleo Derretido-II</Data></Cell>
    <Cell ss:Index="5"><Data ss:Type="String">Translate, can split "Melt" and "Core" if required</Data></Cell>
   </Row>
   <Row ss:AutoFitHeight="0">
    <Cell><Data ss:Type="String">PLANET_NAME</Data></Cell>
    <Cell><Data ss:Type="String">FORGE_14</Data></Cell>
    <Cell><Data ss:Type="String">Marillion</Data></Cell>
    <Cell ss:Index="5"><Data ss:Type="String">Transcribe but do not localize</Data></Cell>
   </Row>
   <Row ss:AutoFitHeight="0">
    <Cell><Data ss:Type="String">PLANET_NAME</Data></Cell>
    <Cell><Data ss:Type="String">FORGE_15</Data></Cell>
    <Cell><Data ss:Type="String">Germa Codex</Data></Cell>
    <Cell ss:Index="5"><Data ss:Type="String">Transcribe but do not localize</Data></Cell>
   </Row>
   <Row ss:AutoFitHeight="0">
    <Cell><Data ss:Type="String">PLANET_NAME</Data></Cell>
    <Cell><Data ss:Type="String">FORGE_16</Data></Cell>
    <Cell><Data ss:Type="String">Tremor-9</Data></Cell>
    <Cell ss:Index="5"><Data ss:Type="String">Translate</Data></Cell>
   </Row>
   <Row ss:AutoFitHeight="0">
    <Cell><Data ss:Type="String">PLANET_NAME</Data></Cell>
    <Cell><Data ss:Type="String">FORGE_17</Data></Cell>
    <Cell><Data ss:Type="String">Molarix</Data></Cell>
    <Cell ss:Index="5"><Data ss:Type="String">Transcribe but do not localize</Data></Cell>
   </Row>
   <Row ss:AutoFitHeight="0">
    <Cell><Data ss:Type="String">PLANET_NAME</Data></Cell>
    <Cell><Data ss:Type="String">FORGE_18</Data></Cell>
    <Cell><Data ss:Type="String">Kianoa</Data></Cell>
    <Cell ss:Index="5"><Data ss:Type="String">Transcribe but do not localize</Data></Cell>
   </Row>
   <Row ss:AutoFitHeight="0">
    <Cell><Data ss:Type="String">PLANET_NAME</Data></Cell>
    <Cell><Data ss:Type="String">FORGE_19</Data></Cell>
    <Cell><Data ss:Type="String">Hitantir</Data></Cell>
    <Cell ss:Index="5"><Data ss:Type="String">Transcribe but do not localize</Data></Cell>
   </Row>
   <Row ss:AutoFitHeight="0">
    <Cell><Data ss:Type="String">PLANET_NAME</Data></Cell>
    <Cell><Data ss:Type="String">FORGE_20</Data></Cell>
    <Cell><Data ss:Type="String">Rhamsos-B</Data></Cell>
    <Cell ss:Index="5"><Data ss:Type="String">Transcribe but do not localize</Data></Cell>
   </Row>
   <Row ss:AutoFitHeight="0">
    <Cell><Data ss:Type="String">PLANET_NAME</Data></Cell>
    <Cell><Data ss:Type="String">FORGE_21</Data></Cell>
    <Cell><Data ss:Type="String">Ahnyok</Data></Cell>
    <Cell ss:Index="5"><Data ss:Type="String">Transcribe but do not localize</Data></Cell>
   </Row>
   <Row ss:AutoFitHeight="0">
    <Cell><Data ss:Type="String">PLANET_NAME</Data></Cell>
    <Cell><Data ss:Type="String">FORGE_22</Data></Cell>
    <Cell><Data ss:Type="String">Fornax</Data></Cell>
    <Cell ss:Index="5"><Data ss:Type="String">Transcribe but do not localize</Data></Cell>
   </Row>
   <Row ss:AutoFitHeight="0">
    <Cell><Data ss:Type="String">PLANET_NAME</Data></Cell>
    <Cell><Data ss:Type="String">FORGE_23</Data></Cell>
    <Cell><Data ss:Type="String">Concinnant</Data></Cell>
    <Cell ss:Index="5"><Data ss:Type="String">Transcribe but do not localize</Data></Cell>
   </Row>
   <Row ss:AutoFitHeight="0">
    <Cell><Data ss:Type="String">PLANET_NAME</Data></Cell>
    <Cell><Data ss:Type="String">FORGE_24</Data></Cell>
    <Cell><Data ss:Type="String">Kraheit</Data></Cell>
    <Cell ss:Index="5"><Data ss:Type="String">Transcribe but do not localize</Data></Cell>
   </Row>
   <Row ss:AutoFitHeight="0">
    <Cell><Data ss:Type="String">PLANET_NAME</Data></Cell>
    <Cell><Data ss:Type="String">FORGE_25</Data></Cell>
    <Cell><Data ss:Type="String">Prespec</Data></Cell>
    <Cell ss:Index="5"><Data ss:Type="String">Transcribe but do not localize</Data></Cell>
   </Row>
   <Row ss:AutoFitHeight="0">
    <Cell><Data ss:Type="String">PLANET_NAME</Data></Cell>
    <Cell><Data ss:Type="String">FORGE_26</Data></Cell>
    <Cell><Data ss:Type="String">Ko'kore</Data></Cell>
    <Cell ss:Index="5"><Data ss:Type="String">Transcribe but do not localize</Data></Cell>
   </Row>
   <Row ss:AutoFitHeight="0">
    <Cell><Data ss:Type="String">PLANET_NAME</Data></Cell>
    <Cell><Data ss:Type="String">FORGE_27</Data></Cell>
    <Cell><Data ss:Type="String">Dhukkom</Data></Cell>
    <Cell ss:Index="5"><Data ss:Type="String">Transcribe but do not localize</Data></Cell>
   </Row>
   <Row ss:AutoFitHeight="0">
    <Cell><Data ss:Type="String">PLANET_NAME</Data></Cell>
    <Cell><Data ss:Type="String">FORGE_28</Data></Cell>
    <Cell><Data ss:Type="String">Caldeirão-86</Data></Cell>
    <Cell ss:Index="5"><Data ss:Type="String">Translate</Data></Cell>
   </Row>
   <Row ss:AutoFitHeight="0">
    <Cell><Data ss:Type="String">PLANET_NAME</Data></Cell>
    <Cell><Data ss:Type="String">FORGE_29</Data></Cell>
    <Cell><Data ss:Type="String">Prokos</Data></Cell>
    <Cell ss:Index="5"><Data ss:Type="String">Transcribe but do not localize</Data></Cell>
   </Row>
   <Row ss:AutoFitHeight="0">
    <Cell><Data ss:Type="String">PLANET_NAME</Data></Cell>
    <Cell><Data ss:Type="String">FORGE_30</Data></Cell>
    <Cell><Data ss:Type="String">Arena-54</Data></Cell>
    <Cell ss:Index="5"><Data ss:Type="String">Translate</Data></Cell>
   </Row>
  </Table>
  <WorksheetOptions xmlns="urn:schemas-microsoft-com:office:excel">
   <Unsynced/>
   <Print>
    <ValidPrinterInfo/>
    <HorizontalResolution>600</HorizontalResolution>
    <VerticalResolution>600</VerticalResolution>
   </Print>
   <Zoom>130</Zoom>
   <Selected/>
   <Panes>
    <Pane>
     <Number>3</Number>
     <ActiveRow>15</ActiveRow>
     <ActiveCol>2</ActiveCol>
    </Pane>
   </Panes>
   <ProtectObjects>False</ProtectObjects>
   <ProtectScenarios>False</ProtectScenarios>
  </WorksheetOptions>
 </Worksheet>
</Workbook>