<?xml version='1.0' encoding='UTF-8'?>
<?mso-application progid="Excel.Sheet"?><Workbook xmlns="urn:schemas-microsoft-com:office:spreadsheet" xmlns:o="urn:schemas-microsoft-com:office:office" xmlns:x="urn:schemas-microsoft-com:office:excel" xmlns:ss="urn:schemas-microsoft-com:office:spreadsheet" xmlns:html="http://www.w3.org/TR/REC-html40">
 <DocumentProperties xmlns="urn:schemas-microsoft-com:office:office">
  <LastAuthor>Glenn Smits</LastAuthor>
  <LastSaved>2019-03-08T11:10:15Z</LastSaved>
  <Version>15.00</Version>
 </DocumentProperties>
 <OfficeDocumentSettings xmlns="urn:schemas-microsoft-com:office:office">
  <AllowPNG/>
 </OfficeDocumentSettings>
 <ExcelWorkbook xmlns="urn:schemas-microsoft-com:office:excel">
  <WindowHeight>17835</WindowHeight>
  <WindowWidth>-27136</WindowWidth>
  <WindowTopX>0</WindowTopX>
  <WindowTopY>0</WindowTopY>
  <ProtectStructure>False</ProtectStructure>
  <ProtectWindows>False</ProtectWindows>
 </ExcelWorkbook>
 <Styles>
  <Style ss:ID="Default" ss:Name="Normal">
   <Alignment ss:Vertical="Bottom"/>
   <Borders/>
   <Font ss:FontName="Calibri" x:Family="Swiss" ss:Size="11" ss:Color="#000000"/>
   <Interior/>
   <NumberFormat/>
   <Protection/>
  </Style>
  <Style ss:ID="s62">
   <Alignment ss:Vertical="Top" ss:WrapText="1"/>
  </Style>
  <Style ss:ID="s63">
   <Alignment ss:Vertical="Bottom" ss:WrapText="1"/>
  </Style>
  <Style ss:ID="s64">
   <Alignment ss:Vertical="Top" ss:WrapText="1"/>
   <Interior ss:Color="#FFC000" ss:Pattern="Solid"/>
  </Style>
  <Style ss:ID="s65">
   <Alignment ss:Vertical="Bottom" ss:WrapText="1"/>
   <Interior ss:Color="#FFC000" ss:Pattern="Solid"/>
  </Style>
  <Style ss:ID="s66">
   <Alignment ss:Vertical="Top" ss:WrapText="1"/>
   <Interior/>
  </Style>
  <Style ss:ID="s67">
   <Alignment ss:Vertical="Bottom" ss:WrapText="1"/>
   <Interior/>
  </Style>
 </Styles>
 <Worksheet ss:Name="Script">
  <Table ss:ExpandedColumnCount="7" ss:ExpandedRowCount="263" x:FullColumns="1" x:FullRows="1" ss:StyleID="s62" ss:DefaultColumnWidth="230.25" ss:DefaultRowHeight="15">
   <Column ss:StyleID="s62" ss:Width="166.5"/>
   <Column ss:StyleID="s62" ss:Width="171.75"/>
   <Column ss:StyleID="s62" ss:AutoFitWidth="0" ss:Width="157.5"/>
   <Column ss:StyleID="s62" ss:Width="147.75"/>
   <Column ss:StyleID="s62" ss:Width="222.75"/>
   <Column ss:StyleID="s62" ss:Width="120"/>
   <Column ss:StyleID="s62" ss:AutoFitWidth="0" ss:Width="159.75"/>
   <Row ss:AutoFitHeight="0" ss:Height="120">
    <Cell ss:Index="2"><Data ss:Type="String">SECTORNAMES_HIGHVALUE</Data></Cell>
    <Cell ss:Index="5"><Data ss:Type="String">text serounded by {} or [] are special tags for code. These tag will be replaced with other text eg: the name of a player. The tags should NOT be localized. They represent the place in the sentens for their replacing string. Some {} tags start with STR or INT. STR means it will be replaced with text, INT means it will be replaced with a numerical value  </Data></Cell>
   </Row>
   <Row ss:AutoFitHeight="0">
    <Cell><Data ss:Type="String">SCENE ID</Data></Cell>
    <Cell><Data ss:Type="String">TEXT ID</Data></Cell>
    <Cell><Data ss:Type="String">ENGLISH STRING</Data></Cell>
    <Cell><Data ss:Type="String">ALTERNATIVE ENGLISH STRING</Data></Cell>
    <Cell><Data ss:Type="String">LOCALIZATION NOTES</Data></Cell>
    <Cell><Data ss:Type="String">DEV TEAM / MISC NOTES</Data></Cell>
   </Row>
   <Row ss:Index="4" ss:AutoFitHeight="0">
    <Cell><Data ss:Type="String">PRE_SPECIALIZED_SUPPLY01</Data></Cell>
    <Cell><Data ss:Type="String">MORNING_DEW_BIODOMES</Data></Cell>
    <Cell><Data ss:Type="String">Biodomos Orvalho Matinal</Data></Cell>
   </Row>
   <Row ss:AutoFitHeight="0">
    <Cell><Data ss:Type="String">PRE_SPECIALIZED_SUPPLY02</Data></Cell>
    <Cell><Data ss:Type="String">SUNSHINE_SYNTHETICS_BIODOMES</Data></Cell>
    <Cell><Data ss:Type="String">Biodomos Síntese Solar</Data></Cell>
   </Row>
   <Row ss:AutoFitHeight="0">
    <Cell><Data ss:Type="String">PRE_SPECIALIZED_SUPPLY03</Data></Cell>
    <Cell><Data ss:Type="String">UNIVERSAL_NUTRIENT_BIODOMES</Data></Cell>
    <Cell><Data ss:Type="String">Biodomos Nutrientes Universais</Data></Cell>
   </Row>
   <Row ss:AutoFitHeight="0">
    <Cell><Data ss:Type="String">PRE_SPECIALIZED_SUPPLY04</Data></Cell>
    <Cell><Data ss:Type="String">SYNTHETIC_PRODUCE_BIODOMES</Data></Cell>
    <Cell><Data ss:Type="String">Biodomos Alimentos Sintéticos</Data></Cell>
   </Row>
   <Row ss:AutoFitHeight="0">
    <Cell><Data ss:Type="String">PRE_SPECIALIZED_SUPPLY05</Data></Cell>
    <Cell><Data ss:Type="String">TASTY_MOLECULE_BIODOMES</Data></Cell>
    <Cell><Data ss:Type="String">Biodomos Moléculas Saborosas</Data></Cell>
   </Row>
   <Row ss:AutoFitHeight="0">
    <Cell><Data ss:Type="String">PRE_SPECIALIZED_SUPPLY06</Data></Cell>
    <Cell><Data ss:Type="String">PHOTOSYNTHESIS_BIODOMES</Data></Cell>
    <Cell ss:StyleID="s63"><Data ss:Type="String">Biodomos Fotossíntese</Data></Cell>
    <Cell ss:Index="7" ss:StyleID="s63"/>
   </Row>
   <Row ss:AutoFitHeight="0">
    <Cell><Data ss:Type="String">PRE_SPECIALIZED_SUPPLY07</Data></Cell>
    <Cell><Data ss:Type="String">FLORAL_INCUBATION_BIODOMES</Data></Cell>
    <Cell ss:StyleID="s63"><Data ss:Type="String">Biodomos Incubação Floral</Data></Cell>
    <Cell ss:Index="7" ss:StyleID="s63"/>
   </Row>
   <Row ss:AutoFitHeight="0">
    <Cell><Data ss:Type="String">PRE_SPECIALIZED_SUPPLY08</Data></Cell>
    <Cell><Data ss:Type="String">GRASSLAND_GREENS_BIODOMES</Data></Cell>
    <Cell ss:StyleID="s63"><Data ss:Type="String">Biodomos Verdes dos Campos</Data></Cell>
    <Cell ss:Index="7" ss:StyleID="s63"/>
   </Row>
   <Row ss:AutoFitHeight="0">
    <Cell><Data ss:Type="String">PRE_SPECIALIZED_SUPPLY09</Data></Cell>
    <Cell><Data ss:Type="String">FOODSTUFF_INC_BIODOMES</Data></Cell>
    <Cell ss:StyleID="s63"><Data ss:Type="String">Biodomos Foodstuff Inc.</Data></Cell>
    <Cell ss:Index="5"><Data ss:Type="String">Inc. is short for Incorporated</Data></Cell>
    <Cell ss:Index="7" ss:StyleID="s63"/>
   </Row>
   <Row ss:AutoFitHeight="0">
    <Cell><Data ss:Type="String">PRE_SPECIALIZED_SUPPLY10</Data></Cell>
    <Cell><Data ss:Type="String">VOLUME_VEGETATION_BIODOMES</Data></Cell>
    <Cell ss:StyleID="s63"><Data ss:Type="String">Biodomos Vegetação em Volume</Data></Cell>
    <Cell ss:Index="7" ss:StyleID="s63"/>
   </Row>
   <Row ss:AutoFitHeight="0">
    <Cell><Data ss:Type="String">PRE_SPECIALIZED_SUPPLY11</Data></Cell>
    <Cell><Data ss:Type="String">CRESTROOT_BIODOMES</Data></Cell>
    <Cell ss:StyleID="s63"><Data ss:Type="String">Biodomos Crestroot</Data></Cell>
    <Cell ss:Index="7" ss:StyleID="s63"/>
   </Row>
   <Row ss:AutoFitHeight="0">
    <Cell><Data ss:Type="String">PRE_SPECIALIZED_SUPPLY12</Data></Cell>
    <Cell><Data ss:Type="String">EVERGREEN_BIODOMES</Data></Cell>
    <Cell ss:StyleID="s63"><Data ss:Type="String">Biodomos Sempre-Verdes</Data></Cell>
    <Cell ss:Index="7" ss:StyleID="s63"/>
   </Row>
   <Row ss:AutoFitHeight="0" ss:Height="30">
    <Cell><Data ss:Type="String">PRE_SPECIALIZED_SUPPLY13</Data></Cell>
    <Cell><Data ss:Type="String">FLORIFEROUS_FORTUNA_BIODOMES</Data></Cell>
    <Cell ss:StyleID="s63"><Data ss:Type="String">Biodomos Fortuna Florífera</Data></Cell>
    <Cell ss:Index="5"><Data ss:Type="String">Fortuna - Goddess of Fortune</Data></Cell>
    <Cell ss:Index="7" ss:StyleID="s63"/>
   </Row>
   <Row ss:AutoFitHeight="0">
    <Cell><Data ss:Type="String">PRE_SPECIALIZED_SUPPLY14</Data></Cell>
    <Cell><Data ss:Type="String">GRAINSTACKS_BIODOMES</Data></Cell>
    <Cell ss:StyleID="s63"><Data ss:Type="String">Biodomos Montes de Grãos</Data></Cell>
    <Cell ss:Index="7" ss:StyleID="s63"/>
   </Row>
   <Row ss:AutoFitHeight="0" ss:Height="30">
    <Cell><Data ss:Type="String">PRE_SPECIALIZED_SUPPLY15</Data></Cell>
    <Cell><Data ss:Type="String">VERDANT_INCUBATION_BIODOMES</Data></Cell>
    <Cell ss:StyleID="s63"><Data ss:Type="String">Biodomos Incubação Verdejante</Data></Cell>
    <Cell ss:Index="7" ss:StyleID="s63"/>
   </Row>
   <Row ss:AutoFitHeight="0">
    <Cell><Data ss:Type="String">PRE_SPECIALIZED_SUPPLY16</Data></Cell>
    <Cell><Data ss:Type="String">PICKLED_PROVISIONS_BIODOMES</Data></Cell>
    <Cell ss:StyleID="s63"><Data ss:Type="String">Biodomos Provisões em Conserva</Data></Cell>
    <Cell ss:Index="7" ss:StyleID="s63"/>
   </Row>
   <Row ss:AutoFitHeight="0">
    <Cell><Data ss:Type="String">PRE_SPECIALIZED_SUPPLY17</Data></Cell>
    <Cell><Data ss:Type="String">SAGE_SUPPLEMENTS_BIODOMES</Data></Cell>
    <Cell ss:StyleID="s63"><Data ss:Type="String">Biodomos Suplementos de Sálvia</Data></Cell>
    <Cell ss:Index="7" ss:StyleID="s63"/>
   </Row>
   <Row ss:AutoFitHeight="0">
    <Cell><Data ss:Type="String">PRE_SPECIALIZED_SUPPLY18</Data></Cell>
    <Cell><Data ss:Type="String">SHAMROCK_SILOS_BIODOMES</Data></Cell>
    <Cell ss:StyleID="s63"><Data ss:Type="String">Biodomos Silos Trevosos</Data></Cell>
    <Cell ss:Index="7" ss:StyleID="s63"/>
   </Row>
   <Row ss:AutoFitHeight="0">
    <Cell><Data ss:Type="String">PRE_SPECIALIZED_SUPPLY19</Data></Cell>
    <Cell><Data ss:Type="String">BEANSTALK_INC_BIODOMES</Data></Cell>
    <Cell ss:StyleID="s63"><Data ss:Type="String">Biodomos Beanstalk Inc.</Data></Cell>
    <Cell ss:Index="5"><Data ss:Type="String">Inc. is short for Incorporated</Data></Cell>
    <Cell ss:Index="7" ss:StyleID="s63"/>
   </Row>
   <Row ss:AutoFitHeight="0">
    <Cell><Data ss:Type="String">PRE_SPECIALIZED_SUPPLY20</Data></Cell>
    <Cell><Data ss:Type="String">SMOKEY_TOFU_BIODOMES</Data></Cell>
    <Cell ss:StyleID="s63"><Data ss:Type="String">Biodomos Tofu Defumado</Data></Cell>
    <Cell ss:Index="7" ss:StyleID="s63"/>
   </Row>
   <Row ss:AutoFitHeight="0" ss:StyleID="s64">
    <Cell><Data ss:Type="String">PRE_SPECIALIZED_SUPPLY21</Data></Cell>
    <Cell><Data ss:Type="String">CRYSTALLUS_SPRINGS_GREENHOUSES</Data></Cell>
    <Cell ss:StyleID="s65"><Data ss:Type="String">Estufas de Fontes de Crystallus</Data></Cell>
    <Cell ss:Index="5"><Data ss:Type="String">Ray's Additions Below:</Data></Cell>
    <Cell ss:Index="7" ss:StyleID="s65"/>
   </Row>
   <Row ss:AutoFitHeight="0" ss:StyleID="s64">
    <Cell><Data ss:Type="String">PRE_SPECIALIZED_SUPPLY22</Data></Cell>
    <Cell><Data ss:Type="String">GREEN_NURSERIES</Data></Cell>
    <Cell ss:StyleID="s65"><Data ss:Type="String">Berçários Verdes</Data></Cell>
    <Cell ss:Index="7" ss:StyleID="s65"/>
   </Row>
   <Row ss:AutoFitHeight="0" ss:StyleID="s64">
    <Cell><Data ss:Type="String">PRE_SPECIALIZED_SUPPLY23</Data></Cell>
    <Cell><Data ss:Type="String">UNICORN_NURSERIES</Data></Cell>
    <Cell ss:StyleID="s65"><Data ss:Type="String">Berçários de Unicórnios</Data></Cell>
    <Cell ss:Index="7" ss:StyleID="s65"/>
   </Row>
   <Row ss:AutoFitHeight="0" ss:StyleID="s64">
    <Cell><Data ss:Type="String">PRE_SPECIALIZED_SUPPLY24</Data></Cell>
    <Cell><Data ss:Type="String">BLUE_PILL_BIOFARMS</Data></Cell>
    <Cell ss:StyleID="s65"><Data ss:Type="String">Biofazendas da Pílula Azul</Data></Cell>
    <Cell ss:Index="7" ss:StyleID="s65"/>
   </Row>
   <Row ss:AutoFitHeight="0" ss:StyleID="s64">
    <Cell><Data ss:Type="String">PRE_SPECIALIZED_SUPPLY25</Data></Cell>
    <Cell><Data ss:Type="String">RED_PILL_BIOFARMS</Data></Cell>
    <Cell ss:StyleID="s65"><Data ss:Type="String">Biofazendas da Pílula Vermelha</Data></Cell>
    <Cell ss:Index="7" ss:StyleID="s65"/>
   </Row>
   <Row ss:AutoFitHeight="0" ss:StyleID="s64">
    <Cell><Data ss:Type="String">PRE_SPECIALIZED_SUPPLY26</Data></Cell>
    <Cell><Data ss:Type="String">YELLOW_PILL_BIOFARMS</Data></Cell>
    <Cell ss:StyleID="s65"><Data ss:Type="String">Biofazendas da Pílula Amarela</Data></Cell>
    <Cell ss:Index="7" ss:StyleID="s65"/>
   </Row>
   <Row ss:AutoFitHeight="0" ss:StyleID="s64">
    <Cell><Data ss:Type="String">PRE_SPECIALIZED_SUPPLY27</Data></Cell>
    <Cell><Data ss:Type="String">CELERY_STALK_SUPPLY_COMPLEX</Data></Cell>
    <Cell ss:StyleID="s65"><Data ss:Type="String">Complexo de Suprimentos de Talos de Aipo</Data></Cell>
    <Cell ss:Index="7" ss:StyleID="s65"/>
   </Row>
   <Row ss:AutoFitHeight="0" ss:StyleID="s64">
    <Cell><Data ss:Type="String">PRE_SPECIALIZED_SUPPLY28</Data></Cell>
    <Cell><Data ss:Type="String">HYPOCRITE_SUPPLY_COMPLEX</Data></Cell>
    <Cell ss:StyleID="s65"><Data ss:Type="String">Complexo de Suprimentos Hipócrita</Data></Cell>
    <Cell ss:Index="7" ss:StyleID="s65"/>
   </Row>
   <Row ss:AutoFitHeight="0" ss:StyleID="s64">
    <Cell><Data ss:Type="String">PRE_SPECIALIZED_SUPPLY29</Data></Cell>
    <Cell><Data ss:Type="String">HEALTH_SUPPLY_COMPLEX</Data></Cell>
    <Cell ss:StyleID="s65"><Data ss:Type="String">Complexo de Suprimentos de Saúde</Data></Cell>
    <Cell ss:Index="7" ss:StyleID="s65"/>
   </Row>
   <Row ss:AutoFitHeight="0" ss:StyleID="s64">
    <Cell><Data ss:Type="String">PRE_SPECIALIZED_SUPPLY30</Data></Cell>
    <Cell><Data ss:Type="String">ASSUMPTION_SUPPLY_COMPLEX</Data></Cell>
    <Cell ss:StyleID="s65"><Data ss:Type="String">Complexo de Suprimentos da Suposição</Data></Cell>
    <Cell ss:Index="7" ss:StyleID="s65"/>
   </Row>
   <Row ss:AutoFitHeight="0" ss:StyleID="s64">
    <Cell><Data ss:Type="String">PRE_SPECIALIZED_SUPPLY31</Data></Cell>
    <Cell><Data ss:Type="String">INSECTOID_FOOD_CENTER</Data></Cell>
    <Cell ss:StyleID="s65"><Data ss:Type="String">Centro de Alimentos Insetoides</Data></Cell>
    <Cell ss:Index="7" ss:StyleID="s65"/>
   </Row>
   <Row ss:AutoFitHeight="0" ss:StyleID="s64">
    <Cell><Data ss:Type="String">PRE_SPECIALIZED_SUPPLY32</Data></Cell>
    <Cell><Data ss:Type="String">PROTEIN_SYNTHESIS_CENTER</Data></Cell>
    <Cell ss:StyleID="s65"><Data ss:Type="String">Centro de Síntese de Proteínas</Data></Cell>
    <Cell ss:Index="7" ss:StyleID="s65"/>
   </Row>
   <Row ss:AutoFitHeight="0" ss:StyleID="s64">
    <Cell><Data ss:Type="String">PRE_SPECIALIZED_SUPPLY33</Data></Cell>
    <Cell><Data ss:Type="String">TURKEY_FARMS_COMPLEX</Data></Cell>
    <Cell ss:StyleID="s65"><Data ss:Type="String">Complexo de Fazendas de Peru</Data></Cell>
    <Cell ss:Index="7" ss:StyleID="s65"/>
   </Row>
   <Row ss:AutoFitHeight="0" ss:StyleID="s64">
    <Cell><Data ss:Type="String">PRE_SPECIALIZED_SUPPLY34</Data></Cell>
    <Cell><Data ss:Type="String">BLOSSOM_DOMES_COMPLEX</Data></Cell>
    <Cell ss:StyleID="s65"><Data ss:Type="String">Complexo de Cúpulas de Flores</Data></Cell>
    <Cell ss:Index="7" ss:StyleID="s65"/>
   </Row>
   <Row ss:AutoFitHeight="0" ss:StyleID="s64">
    <Cell><Data ss:Type="String">PRE_SPECIALIZED_SUPPLY35</Data></Cell>
    <Cell><Data ss:Type="String">FLOURIST_GREENS_BIOFARMS</Data></Cell>
    <Cell ss:StyleID="s65"><Data ss:Type="String">Biofazendas de Verduras de Florista</Data></Cell>
    <Cell ss:Index="7" ss:StyleID="s65"/>
   </Row>
   <Row ss:AutoFitHeight="0" ss:StyleID="s64">
    <Cell><Data ss:Type="String">PRE_SPECIALIZED_SUPPLY36</Data></Cell>
    <Cell><Data ss:Type="String">GREEN_PILL_BIOFARMS</Data></Cell>
    <Cell ss:StyleID="s65"><Data ss:Type="String">Biofazendas da Pílula Verde</Data></Cell>
    <Cell ss:Index="7" ss:StyleID="s65"/>
   </Row>
   <Row ss:AutoFitHeight="0" ss:StyleID="s64">
    <Cell><Data ss:Type="String">PRE_SPECIALIZED_SUPPLY37</Data></Cell>
    <Cell><Data ss:Type="String">RAINBOW_PILL_BIOFARMS</Data></Cell>
    <Cell ss:StyleID="s65"><Data ss:Type="String">Biofazendas da Pílula Arco-Íris</Data></Cell>
    <Cell ss:Index="7" ss:StyleID="s65"/>
   </Row>
   <Row ss:AutoFitHeight="0" ss:StyleID="s64">
    <Cell><Data ss:Type="String">PRE_SPECIALIZED_SUPPLY38</Data></Cell>
    <Cell><Data ss:Type="String">INDOOR_GROWTH_CHAMBERS</Data></Cell>
    <Cell ss:StyleID="s65"><Data ss:Type="String">Câmaras de Crescimento Interno</Data></Cell>
    <Cell ss:Index="7" ss:StyleID="s65"/>
   </Row>
   <Row ss:AutoFitHeight="0" ss:StyleID="s64">
    <Cell><Data ss:Type="String">PRE_SPECIALIZED_SUPPLY39</Data></Cell>
    <Cell><Data ss:Type="String">IGLOO_GROWTH_CHAMBERS</Data></Cell>
    <Cell ss:StyleID="s65"><Data ss:Type="String">Câmaras de Crescimento Igloo</Data></Cell>
    <Cell ss:Index="7" ss:StyleID="s65"/>
   </Row>
   <Row ss:AutoFitHeight="0" ss:StyleID="s64">
    <Cell><Data ss:Type="String">PRE_SPECIALIZED_SUPPLY40</Data></Cell>
    <Cell><Data ss:Type="String">RAIMENT_GROWTH_CHAMBERS</Data></Cell>
    <Cell ss:StyleID="s65"><Data ss:Type="String">Câmaras de Crescimento Raiment</Data></Cell>
    <Cell ss:Index="7" ss:StyleID="s65"/>
   </Row>
   <Row ss:AutoFitHeight="0" ss:StyleID="s64">
    <Cell><Data ss:Type="String">PRE_SPECIALIZED_SUPPLY41</Data></Cell>
    <Cell><Data ss:Type="String">HERBAL_HEALTH_SUPPLEMENTS</Data></Cell>
    <Cell ss:StyleID="s65"><Data ss:Type="String">Suplementos de Saúde Herbais</Data></Cell>
    <Cell ss:Index="7" ss:StyleID="s65"/>
   </Row>
   <Row ss:AutoFitHeight="0" ss:StyleID="s64">
    <Cell><Data ss:Type="String">PRE_SPECIALIZED_SUPPLY42</Data></Cell>
    <Cell><Data ss:Type="String">NABIMBO_HEALTH_SUPPLEMENTS</Data></Cell>
    <Cell ss:StyleID="s65"><Data ss:Type="String">Suplementos de Saúde Nabimo</Data></Cell>
    <Cell ss:Index="7" ss:StyleID="s65"/>
   </Row>
   <Row ss:AutoFitHeight="0" ss:StyleID="s64">
    <Cell><Data ss:Type="String">PRE_SPECIALIZED_SUPPLY43</Data></Cell>
    <Cell><Data ss:Type="String">BUG_HEALTH_SUPPLEMENTS</Data></Cell>
    <Cell ss:StyleID="s65"><Data ss:Type="String">Suplementos de Saúde de Insetos</Data></Cell>
    <Cell ss:Index="7" ss:StyleID="s65"/>
   </Row>
   <Row ss:AutoFitHeight="0" ss:StyleID="s64">
    <Cell><Data ss:Type="String">PRE_SPECIALIZED_SUPPLY44</Data></Cell>
    <Cell><Data ss:Type="String">CRUNCHY_BEETLE_FOODS_INC</Data></Cell>
    <Cell ss:StyleID="s65"><Data ss:Type="String">Alimentos Crocantes de Besouro S.A.</Data></Cell>
    <Cell ss:Index="7" ss:StyleID="s65"/>
   </Row>
   <Row ss:AutoFitHeight="0" ss:StyleID="s64">
    <Cell><Data ss:Type="String">PRE_SPECIALIZED_SUPPLY45</Data></Cell>
    <Cell><Data ss:Type="String">EDIBLE_MOSS_FOODS_INC</Data></Cell>
    <Cell ss:StyleID="s65"><Data ss:Type="String">Alimentos de Musgo Comestível S.A.</Data></Cell>
    <Cell ss:Index="7" ss:StyleID="s65"/>
   </Row>
   <Row ss:AutoFitHeight="0" ss:StyleID="s64">
    <Cell><Data ss:Type="String">PRE_SPECIALIZED_SUPPLY46</Data></Cell>
    <Cell><Data ss:Type="String">WASTE_RECYCLING_FOODS_INC</Data></Cell>
    <Cell ss:StyleID="s65"><Data ss:Type="String">Alimentos de Reciclagem de Resíduos S.A.</Data></Cell>
    <Cell ss:Index="7" ss:StyleID="s65"/>
   </Row>
   <Row ss:AutoFitHeight="0" ss:StyleID="s64">
    <Cell><Data ss:Type="String">PRE_SPECIALIZED_SUPPLY47</Data></Cell>
    <Cell><Data ss:Type="String">ORGANIC_REPURPOSING_INC</Data></Cell>
    <Cell ss:StyleID="s65"><Data ss:Type="String">Reaproveitamento Orgânico S.A.</Data></Cell>
    <Cell ss:Index="7" ss:StyleID="s65"/>
   </Row>
   <Row ss:AutoFitHeight="0" ss:StyleID="s64">
    <Cell><Data ss:Type="String">PRE_SPECIALIZED_SUPPLY48</Data></Cell>
    <Cell><Data ss:Type="String">HEDGEHOG_GROWTH_CHAMBERS</Data></Cell>
    <Cell ss:StyleID="s65"><Data ss:Type="String">Câmaras de Crescimento de Ouriços</Data></Cell>
    <Cell ss:Index="7" ss:StyleID="s65"/>
   </Row>
   <Row ss:AutoFitHeight="0" ss:StyleID="s64">
    <Cell><Data ss:Type="String">PRE_SPECIALIZED_SUPPLY49</Data></Cell>
    <Cell><Data ss:Type="String">HYDROPONIC_GROWTH_COMPLEX</Data></Cell>
    <Cell ss:StyleID="s65"><Data ss:Type="String">Complexo de Crescimento Hidropônico</Data></Cell>
    <Cell ss:Index="7" ss:StyleID="s65"/>
   </Row>
   <Row ss:AutoFitHeight="0" ss:StyleID="s64">
    <Cell><Data ss:Type="String">PRE_SPECIALIZED_SUPPLY50</Data></Cell>
    <Cell><Data ss:Type="String">SHEEP_IN_WOLF_FOODS_INC</Data></Cell>
    <Cell ss:StyleID="s65"><Data ss:Type="String">Ovelhas em Lobos Alimentos S.A.</Data></Cell>
    <Cell ss:Index="7" ss:StyleID="s65"/>
   </Row>
   <Row ss:AutoFitHeight="0">
    <Cell ss:Index="3" ss:StyleID="s63"/>
    <Cell ss:Index="7" ss:StyleID="s63"/>
   </Row>
   <Row ss:Index="56" ss:AutoFitHeight="0">
    <Cell><Data ss:Type="String">PRE_SPECIALIZED_RESEARCH01</Data></Cell>
    <Cell><Data ss:Type="String">BLACK_MATTER_INSTITUTE</Data></Cell>
    <Cell><Data ss:Type="String">Instituto de Matéria Escura</Data></Cell>
   </Row>
   <Row ss:AutoFitHeight="0">
    <Cell><Data ss:Type="String">PRE_SPECIALIZED_RESEARCH02</Data></Cell>
    <Cell><Data ss:Type="String">PHOTON_MASS_OBSERVATORY</Data></Cell>
    <Cell><Data ss:Type="String">Observatório de Massa de Fótons</Data></Cell>
   </Row>
   <Row ss:AutoFitHeight="0">
    <Cell><Data ss:Type="String">PRE_SPECIALIZED_RESEARCH03</Data></Cell>
    <Cell><Data ss:Type="String">QUANTUM_LEAP_INSTITUTE</Data></Cell>
    <Cell><Data ss:Type="String">Instituto Salto Quântico</Data></Cell>
   </Row>
   <Row ss:AutoFitHeight="0">
    <Cell><Data ss:Type="String">PRE_SPECIALIZED_RESEARCH04</Data></Cell>
    <Cell><Data ss:Type="String">APPLIED_ESOTHERICS_INSTITUTE</Data></Cell>
    <Cell><Data ss:Type="String">Instituto de Esotéricas Aplicadas</Data></Cell>
   </Row>
   <Row ss:AutoFitHeight="0">
    <Cell><Data ss:Type="String">PRE_SPECIALIZED_RESEARCH05</Data></Cell>
    <Cell><Data ss:Type="String">INVERSE_RELATIVITY_CENTER</Data></Cell>
    <Cell><Data ss:Type="String">Centro de Relatividade Inversa</Data></Cell>
   </Row>
   <Row ss:AutoFitHeight="0" ss:Height="30">
    <Cell><Data ss:Type="String">PRE_SPECIALIZED_RESEARCH06</Data></Cell>
    <Cell><Data ss:Type="String">QUASAR_INVESTIGATION_CENTER</Data></Cell>
    <Cell ss:StyleID="s63"><Data ss:Type="String">Centro de Investigação de Quasares</Data></Cell>
    <Cell ss:Index="5"><Data ss:Type="String">Quasar - is an extremely luminous active galactic nucleus</Data></Cell>
    <Cell ss:Index="7" ss:StyleID="s63"/>
   </Row>
   <Row ss:AutoFitHeight="0">
    <Cell><Data ss:Type="String">PRE_SPECIALIZED_RESEARCH07</Data></Cell>
    <Cell><Data ss:Type="String">BUBBLE_SPACE_TELESCOPE</Data></Cell>
    <Cell ss:StyleID="s63"><Data ss:Type="String">Telescópio Espacial de Bolha</Data></Cell>
    <Cell ss:Index="7" ss:StyleID="s63"/>
   </Row>
   <Row ss:AutoFitHeight="0">
    <Cell><Data ss:Type="String">PRE_SPECIALIZED_RESEARCH08</Data></Cell>
    <Cell><Data ss:Type="String">COSMIC_INFLATION_INSTITUTE</Data></Cell>
    <Cell ss:StyleID="s63"><Data ss:Type="String">Instituto de Inflação Cósmica</Data></Cell>
    <Cell ss:Index="7" ss:StyleID="s63"/>
   </Row>
   <Row ss:AutoFitHeight="0">
    <Cell><Data ss:Type="String">PRE_SPECIALIZED_RESEARCH09</Data></Cell>
    <Cell><Data ss:Type="String">UNIVERSAL_SHAPE_CENTER</Data></Cell>
    <Cell ss:StyleID="s63"><Data ss:Type="String">Centro de Forma Universal</Data></Cell>
    <Cell ss:Index="7" ss:StyleID="s63"/>
   </Row>
   <Row ss:AutoFitHeight="0">
    <Cell><Data ss:Type="String">PRE_SPECIALIZED_RESEARCH10</Data></Cell>
    <Cell><Data ss:Type="String">BARRED_ASYMMETRY_INSTITUTE</Data></Cell>
    <Cell ss:StyleID="s63"><Data ss:Type="String">Instituto de Assimetria Barrada</Data></Cell>
    <Cell ss:Index="7" ss:StyleID="s63"/>
   </Row>
   <Row ss:AutoFitHeight="0" ss:Height="30">
    <Cell><Data ss:Type="String">PRE_SPECIALIZED_RESEARCH11</Data></Cell>
    <Cell><Data ss:Type="String">INSTITUTE_OF_INTERDIMENSIONAL_INVESTIGATIONS</Data></Cell>
    <Cell ss:StyleID="s63"><Data ss:Type="String">Instituto de Investigações Interdimensionais</Data></Cell>
    <Cell ss:Index="7" ss:StyleID="s63"/>
   </Row>
   <Row ss:AutoFitHeight="0">
    <Cell><Data ss:Type="String">PRE_SPECIALIZED_RESEARCH12</Data></Cell>
    <Cell><Data ss:Type="String">RAYBELT_RESEARCH_ACADEMICS</Data></Cell>
    <Cell ss:StyleID="s63"><Data ss:Type="String">Academia de Pesquisa Raybelt</Data></Cell>
    <Cell ss:Index="5"><Data ss:Type="String">Raybelt - is a name</Data></Cell>
    <Cell ss:Index="7" ss:StyleID="s63"/>
   </Row>
   <Row ss:AutoFitHeight="0">
    <Cell><Data ss:Type="String">PRE_SPECIALIZED_RESEARCH13</Data></Cell>
    <Cell><Data ss:Type="String">SPACIAL_ENGINEERING_CENTER</Data></Cell>
    <Cell ss:StyleID="s63"><Data ss:Type="String">Centro de Engenharia Espacial</Data></Cell>
    <Cell ss:Index="7" ss:StyleID="s63"/>
   </Row>
   <Row ss:AutoFitHeight="0">
    <Cell><Data ss:Type="String">PRE_SPECIALIZED_RESEARCH14</Data></Cell>
    <Cell><Data ss:Type="String">INTERPLANETARY_WAVES_CENTER</Data></Cell>
    <Cell ss:StyleID="s63"><Data ss:Type="String">Centro de Ondas Interplanetárias</Data></Cell>
    <Cell ss:Index="7" ss:StyleID="s63"/>
   </Row>
   <Row ss:AutoFitHeight="0">
    <Cell><Data ss:Type="String">PRE_SPECIALIZED_RESEARCH15</Data></Cell>
    <Cell><Data ss:Type="String">ANTIMATTER_ANALYSIS_STATION</Data></Cell>
    <Cell ss:StyleID="s63"><Data ss:Type="String">Estação de Análise de Antimatéria</Data></Cell>
    <Cell ss:Index="7" ss:StyleID="s63"/>
   </Row>
   <Row ss:AutoFitHeight="0" ss:Height="30">
    <Cell><Data ss:Type="String">PRE_SPECIALIZED_RESEARCH16</Data></Cell>
    <Cell><Data ss:Type="String">THEORETICAL_EVERYTHING_CENTER</Data></Cell>
    <Cell ss:StyleID="s63"><Data ss:Type="String">Centro Teórico de Tudo</Data></Cell>
    <Cell ss:Index="7" ss:StyleID="s63"/>
   </Row>
   <Row ss:AutoFitHeight="0" ss:Height="30">
    <Cell><Data ss:Type="String">PRE_SPECIALIZED_RESEARCH17</Data></Cell>
    <Cell><Data ss:Type="String">PHYSICAL_DEFORMATION_STATION</Data></Cell>
    <Cell ss:StyleID="s63"><Data ss:Type="String">Estação de Deformação Física</Data></Cell>
    <Cell ss:Index="7" ss:StyleID="s63"/>
   </Row>
   <Row ss:AutoFitHeight="0" ss:Height="30">
    <Cell><Data ss:Type="String">PRE_SPECIALIZED_RESEARCH18</Data></Cell>
    <Cell><Data ss:Type="String">INTERCAUSAL_RELATIONS_OBSERVATORY</Data></Cell>
    <Cell ss:StyleID="s63"><Data ss:Type="String">Observatório de Relações Intercausais</Data></Cell>
    <Cell ss:Index="7" ss:StyleID="s63"/>
   </Row>
   <Row ss:AutoFitHeight="0">
    <Cell><Data ss:Type="String">PRE_SPECIALIZED_RESEARCH19</Data></Cell>
    <Cell><Data ss:Type="String">PARTICLE_SCALING_CENTER</Data></Cell>
    <Cell ss:StyleID="s63"><Data ss:Type="String">Centro de Escalonamento de Partículas</Data></Cell>
    <Cell ss:Index="7" ss:StyleID="s63"/>
   </Row>
   <Row ss:AutoFitHeight="0" ss:Height="30">
    <Cell><Data ss:Type="String">PRE_SPECIALIZED_RESEARCH20</Data></Cell>
    <Cell><Data ss:Type="String">TRACEBLOWN_TRANSMUTATION_INSTITUTE</Data></Cell>
    <Cell ss:StyleID="s63"><Data ss:Type="String">Instituto de Transmutação Traceblown</Data></Cell>
    <Cell ss:Index="5"><Data ss:Type="String">Traceblown - Trace (circuit board) and blown (exploded) put together</Data></Cell>
    <Cell ss:Index="7" ss:StyleID="s63"/>
   </Row>
   <Row ss:AutoFitHeight="0" ss:Height="30" ss:StyleID="s64">
    <Cell><Data ss:Type="String">PRE_SPECIALIZED_RESEARCH21</Data></Cell>
    <Cell><Data ss:Type="String">APPLIED_QUADRATIC_INSTITUTE</Data></Cell>
    <Cell ss:StyleID="s65"><Data ss:Type="String">Instituto de Aplicação Quadrática</Data></Cell>
    <Cell ss:Index="5"><Data ss:Type="String">RAY's Additions Below:</Data></Cell>
    <Cell ss:Index="7" ss:StyleID="s65"/>
   </Row>
   <Row ss:AutoFitHeight="0" ss:Height="30" ss:StyleID="s64">
    <Cell><Data ss:Type="String">PRE_SPECIALIZED_RESEARCH22</Data></Cell>
    <Cell><Data ss:Type="String">MATHEMATIC_INSTITUTE_OF_TECHNOLOGY</Data></Cell>
    <Cell ss:StyleID="s65"><Data ss:Type="String">Instituto de Tecnologia Matemática</Data></Cell>
    <Cell ss:Index="7" ss:StyleID="s65"/>
   </Row>
   <Row ss:AutoFitHeight="0" ss:Height="30" ss:StyleID="s64">
    <Cell><Data ss:Type="String">PRE_SPECIALIZED_RESEARCH23</Data></Cell>
    <Cell><Data ss:Type="String">SEARCHERS_ACADEMY</Data></Cell>
    <Cell ss:StyleID="s65"><Data ss:Type="String">Academia do Buscador</Data></Cell>
    <Cell ss:Index="7" ss:StyleID="s65"/>
   </Row>
   <Row ss:AutoFitHeight="0" ss:Height="30" ss:StyleID="s64">
    <Cell><Data ss:Type="String">PRE_SPECIALIZED_RESEARCH24</Data></Cell>
    <Cell><Data ss:Type="String">SUPERNAL_SYMPOSIUM_LABORATORIES</Data></Cell>
    <Cell ss:StyleID="s65"><Data ss:Type="String">Laboratórios do Simpósio Superno</Data></Cell>
    <Cell ss:Index="7" ss:StyleID="s65"/>
   </Row>
   <Row ss:AutoFitHeight="0" ss:Height="30" ss:StyleID="s64">
    <Cell><Data ss:Type="String">PRE_SPECIALIZED_RESEARCH25</Data></Cell>
    <Cell><Data ss:Type="String">STAR_UNION_MINDPOD_LABORATORIES</Data></Cell>
    <Cell ss:StyleID="s65"><Data ss:Type="String">Laboratórios Star Union Mind-Pod</Data></Cell>
    <Cell ss:Index="7" ss:StyleID="s65"/>
   </Row>
   <Row ss:AutoFitHeight="0" ss:Height="30" ss:StyleID="s64">
    <Cell><Data ss:Type="String">PRE_SPECIALIZED_RESEARCH26</Data></Cell>
    <Cell><Data ss:Type="String">CONFIDENTIAL_NATIONAL_LABORATORIES</Data></Cell>
    <Cell ss:StyleID="s65"><Data ss:Type="String">Laboratórios Nacionais Confidenciais</Data></Cell>
    <Cell ss:Index="7" ss:StyleID="s65"/>
   </Row>
   <Row ss:AutoFitHeight="0" ss:Height="30" ss:StyleID="s64">
    <Cell><Data ss:Type="String">PRE_SPECIALIZED_RESEARCH27</Data></Cell>
    <Cell><Data ss:Type="String">EUREKA_RESEARCH_ENCLAVE</Data></Cell>
    <Cell ss:StyleID="s65"><Data ss:Type="String">Enclave de Pesquisa Eureka!</Data></Cell>
    <Cell ss:Index="7" ss:StyleID="s65"/>
   </Row>
   <Row ss:AutoFitHeight="0" ss:Height="30" ss:StyleID="s64">
    <Cell><Data ss:Type="String">PRE_SPECIALIZED_RESEARCH28</Data></Cell>
    <Cell><Data ss:Type="String">CODEWORD_INTELLIGENCE_COMPLEX</Data></Cell>
    <Cell ss:StyleID="s65"><Data ss:Type="String">Complexo de Inteligência Codeword</Data></Cell>
    <Cell ss:Index="7" ss:StyleID="s65"/>
   </Row>
   <Row ss:AutoFitHeight="0" ss:Height="30" ss:StyleID="s64">
    <Cell><Data ss:Type="String">PRE_SPECIALIZED_RESEARCH29</Data></Cell>
    <Cell><Data ss:Type="String">INTELLIGENCE_RESEARCH_COMPLEX</Data></Cell>
    <Cell ss:StyleID="s65"><Data ss:Type="String">Complexo de Pesquisa de Inteligência</Data></Cell>
    <Cell ss:Index="7" ss:StyleID="s65"/>
   </Row>
   <Row ss:AutoFitHeight="0" ss:Height="30" ss:StyleID="s64">
    <Cell><Data ss:Type="String">PRE_SPECIALIZED_RESEARCH30</Data></Cell>
    <Cell><Data ss:Type="String">AUTOMATED_NATIONAL_RESEARCH_LABORATORY</Data></Cell>
    <Cell ss:StyleID="s65"><Data ss:Type="String">Laboratório Nacional de Pesquisa Automatizado</Data></Cell>
    <Cell ss:Index="7" ss:StyleID="s65"/>
   </Row>
   <Row ss:AutoFitHeight="0" ss:Height="30" ss:StyleID="s64">
    <Cell><Data ss:Type="String">PRE_SPECIALIZED_RESEARCH31</Data></Cell>
    <Cell><Data ss:Type="String">UNIBRAIN_RESEARCH_INC</Data></Cell>
    <Cell ss:StyleID="s65"><Data ss:Type="String">Unibrain Pesquisas Inc.</Data></Cell>
    <Cell ss:Index="7" ss:StyleID="s65"/>
   </Row>
   <Row ss:AutoFitHeight="0" ss:Height="30" ss:StyleID="s64">
    <Cell><Data ss:Type="String">PRE_SPECIALIZED_RESEARCH32</Data></Cell>
    <Cell><Data ss:Type="String">DICATHALON_RESEARCH_INC</Data></Cell>
    <Cell ss:StyleID="s65"><Data ss:Type="String">Dicathalon Pesquisas Inc.</Data></Cell>
    <Cell ss:Index="7" ss:StyleID="s65"/>
   </Row>
   <Row ss:AutoFitHeight="0" ss:Height="30" ss:StyleID="s64">
    <Cell><Data ss:Type="String">PRE_SPECIALIZED_RESEARCH33</Data></Cell>
    <Cell><Data ss:Type="String">CEREBRUM_RESEARCH_COMPLEX</Data></Cell>
    <Cell ss:StyleID="s65"><Data ss:Type="String">Complexo de Pesquisa Cerebrum</Data></Cell>
    <Cell ss:Index="7" ss:StyleID="s65"/>
   </Row>
   <Row ss:AutoFitHeight="0" ss:Height="30" ss:StyleID="s64">
    <Cell><Data ss:Type="String">PRE_SPECIALIZED_RESEARCH34</Data></Cell>
    <Cell><Data ss:Type="String">PSIONIC_CACTUS_LABORATORIES_INC</Data></Cell>
    <Cell ss:StyleID="s65"><Data ss:Type="String">Laboratórios Psionic Cactus Inc.</Data></Cell>
    <Cell ss:Index="7" ss:StyleID="s65"/>
   </Row>
   <Row ss:AutoFitHeight="0" ss:Height="30" ss:StyleID="s64">
    <Cell><Data ss:Type="String">PRE_SPECIALIZED_RESEARCH35</Data></Cell>
    <Cell><Data ss:Type="String">BRILLIANT_MINDS_INC</Data></Cell>
    <Cell ss:StyleID="s65"><Data ss:Type="String">Mentes Brilhantes Inc.</Data></Cell>
    <Cell ss:Index="7" ss:StyleID="s65"/>
   </Row>
   <Row ss:AutoFitHeight="0" ss:Height="30" ss:StyleID="s64">
    <Cell><Data ss:Type="String">PRE_SPECIALIZED_RESEARCH36</Data></Cell>
    <Cell><Data ss:Type="String">TURQUOISE_NEURAL_LABS</Data></Cell>
    <Cell ss:StyleID="s65"><Data ss:Type="String">Laboratórios Neurais Turquesa</Data></Cell>
    <Cell ss:Index="7" ss:StyleID="s65"/>
   </Row>
   <Row ss:AutoFitHeight="0" ss:Height="30" ss:StyleID="s64">
    <Cell><Data ss:Type="String">PRE_SPECIALIZED_RESEARCH37</Data></Cell>
    <Cell><Data ss:Type="String">LITERAL_METAREALITIES_ENCLAVE</Data></Cell>
    <Cell ss:StyleID="s65"><Data ss:Type="String">Enclave das Meta-Realidades Literais</Data></Cell>
    <Cell ss:Index="7" ss:StyleID="s65"/>
   </Row>
   <Row ss:AutoFitHeight="0" ss:Height="30" ss:StyleID="s64">
    <Cell><Data ss:Type="String">PRE_SPECIALIZED_RESEARCH38</Data></Cell>
    <Cell><Data ss:Type="String">METADATUM_MENTAL_LABORATORIES</Data></Cell>
    <Cell ss:StyleID="s65"><Data ss:Type="String">Laboratórios Mentais Metadatum</Data></Cell>
    <Cell ss:Index="7" ss:StyleID="s65"/>
   </Row>
   <Row ss:AutoFitHeight="0" ss:Height="30" ss:StyleID="s64">
    <Cell><Data ss:Type="String">PRE_SPECIALIZED_RESEARCH39</Data></Cell>
    <Cell><Data ss:Type="String">RATTLESNAKE_RESEARCH_COMPLEX</Data></Cell>
    <Cell ss:StyleID="s65"><Data ss:Type="String">Complexo de Pesquisa Cascavel</Data></Cell>
    <Cell ss:Index="7" ss:StyleID="s65"/>
   </Row>
   <Row ss:AutoFitHeight="0" ss:Height="30" ss:StyleID="s64">
    <Cell><Data ss:Type="String">PRE_SPECIALIZED_RESEARCH40</Data></Cell>
    <Cell><Data ss:Type="String">STINGER_RESEARCH_PARK</Data></Cell>
    <Cell ss:StyleID="s65"><Data ss:Type="String">Parque de Pesquisa Stinger</Data></Cell>
    <Cell ss:Index="7" ss:StyleID="s65"/>
   </Row>
   <Row ss:AutoFitHeight="0" ss:Height="30" ss:StyleID="s64">
    <Cell><Data ss:Type="String">PRE_SPECIALIZED_RESEARCH41</Data></Cell>
    <Cell><Data ss:Type="String">DYNAMIC_DIMENSIONS_RESEARCH_PARK</Data></Cell>
    <Cell ss:StyleID="s65"><Data ss:Type="String">Parque de Pesquisa Dimensões Dinâmicas</Data></Cell>
    <Cell ss:Index="7" ss:StyleID="s65"/>
   </Row>
   <Row ss:AutoFitHeight="0" ss:Height="30" ss:StyleID="s64">
    <Cell><Data ss:Type="String">PRE_SPECIALIZED_RESEARCH42</Data></Cell>
    <Cell><Data ss:Type="String">STATIC_REALITY_RESEARCH_PARK</Data></Cell>
    <Cell ss:StyleID="s65"><Data ss:Type="String">Parque de Pesquisa Realidade Estática</Data></Cell>
    <Cell ss:Index="7" ss:StyleID="s65"/>
   </Row>
   <Row ss:AutoFitHeight="0" ss:Height="30" ss:StyleID="s64">
    <Cell><Data ss:Type="String">PRE_SPECIALIZED_RESEARCH43</Data></Cell>
    <Cell><Data ss:Type="String">SPACE_TIME_RESEARCH_PARK</Data></Cell>
    <Cell ss:StyleID="s65"><Data ss:Type="String">Parque de Pesquisa Espaço-Tempo</Data></Cell>
    <Cell ss:Index="7" ss:StyleID="s65"/>
   </Row>
   <Row ss:AutoFitHeight="0" ss:Height="30" ss:StyleID="s64">
    <Cell><Data ss:Type="String">PRE_SPECIALIZED_RESEARCH44</Data></Cell>
    <Cell><Data ss:Type="String">CENTER_FOR_CONTINUUM_INTEGRITY</Data></Cell>
    <Cell ss:StyleID="s65"><Data ss:Type="String">Centro para Integridade do Contínuo</Data></Cell>
    <Cell ss:Index="7" ss:StyleID="s65"/>
   </Row>
   <Row ss:AutoFitHeight="0" ss:Height="30" ss:StyleID="s64">
    <Cell><Data ss:Type="String">PRE_SPECIALIZED_RESEARCH45</Data></Cell>
    <Cell><Data ss:Type="String">CENTER_FOR_MENTAL_ACUITY</Data></Cell>
    <Cell ss:StyleID="s65"><Data ss:Type="String">Centro para Acuidade Mental</Data></Cell>
    <Cell ss:Index="7" ss:StyleID="s65"/>
   </Row>
   <Row ss:AutoFitHeight="0" ss:Height="30" ss:StyleID="s64">
    <Cell><Data ss:Type="String">PRE_SPECIALIZED_RESEARCH46</Data></Cell>
    <Cell><Data ss:Type="String">MENTAL_FLOSS_IMPROVEMENT_CENTER</Data></Cell>
    <Cell ss:StyleID="s65"><Data ss:Type="String">Centro de Aprimoramento Mental Floss</Data></Cell>
    <Cell ss:Index="7" ss:StyleID="s65"/>
   </Row>
   <Row ss:AutoFitHeight="0" ss:Height="30" ss:StyleID="s64">
    <Cell><Data ss:Type="String">PRE_SPECIALIZED_RESEARCH47</Data></Cell>
    <Cell><Data ss:Type="String">STRING_THEORY_RESONANCE_OBSERVATORY</Data></Cell>
    <Cell ss:StyleID="s65"><Data ss:Type="String">Observatório de Ressonância da Teoria das Cordas</Data></Cell>
    <Cell ss:Index="7" ss:StyleID="s65"/>
   </Row>
   <Row ss:AutoFitHeight="0" ss:Height="30" ss:StyleID="s64">
    <Cell><Data ss:Type="String">PRE_SPECIALIZED_RESEARCH48</Data></Cell>
    <Cell><Data ss:Type="String">CENTER_OF_ASTRONOMICAL_ACHIEVEMENT</Data></Cell>
    <Cell ss:StyleID="s65"><Data ss:Type="String">Centro de Conquistas Astronômicas</Data></Cell>
    <Cell ss:Index="7" ss:StyleID="s65"/>
   </Row>
   <Row ss:AutoFitHeight="0" ss:Height="30" ss:StyleID="s64">
    <Cell><Data ss:Type="String">PRE_SPECIALIZED_RESEARCH49</Data></Cell>
    <Cell><Data ss:Type="String">MIND_INNOVATIONS_MUSEUM_GIFT_SHOP</Data></Cell>
    <Cell ss:StyleID="s65"><Data ss:Type="String">Loja de Presentes do Museu de Inovações Mentais</Data></Cell>
    <Cell ss:Index="7" ss:StyleID="s65"/>
   </Row>
   <Row ss:AutoFitHeight="0" ss:Height="30" ss:StyleID="s64">
    <Cell><Data ss:Type="String">PRE_SPECIALIZED_RESEARCH50</Data></Cell>
    <Cell><Data ss:Type="String">FLOATING_LIGHTBULB_SYMPOSIUM_THINKTANK</Data></Cell>
    <Cell ss:StyleID="s65"><Data ss:Type="String">Think Tank do Simpósio da Lâmpada Flutuante</Data></Cell>
    <Cell ss:Index="7" ss:StyleID="s65"/>
   </Row>
   <Row ss:Index="108" ss:AutoFitHeight="0">
    <Cell><Data ss:Type="String">PRE_SPECIALIZED_ENERGY01</Data></Cell>
    <Cell><Data ss:Type="String">PERPETUAL_SPARK_GENERATOR</Data></Cell>
    <Cell><Data ss:Type="String">Gerador de Centelha Perpétua</Data></Cell>
   </Row>
   <Row ss:AutoFitHeight="0">
    <Cell><Data ss:Type="String">PRE_SPECIALIZED_ENERGY02</Data></Cell>
    <Cell><Data ss:Type="String">SUN_DRIVE_GENERATOR</Data></Cell>
    <Cell><Data ss:Type="String">Gerador de Impulso Solar</Data></Cell>
   </Row>
   <Row ss:AutoFitHeight="0">
    <Cell><Data ss:Type="String">PRE_SPECIALIZED_ENERGY03</Data></Cell>
    <Cell><Data ss:Type="String">MOEBIUS_GENERATOR</Data></Cell>
    <Cell><Data ss:Type="String">Gerador de Moebius</Data></Cell>
   </Row>
   <Row ss:AutoFitHeight="0">
    <Cell><Data ss:Type="String">PRE_SPECIALIZED_ENERGY04</Data></Cell>
    <Cell><Data ss:Type="String">VORTEX_ACCELERATOR_PARK</Data></Cell>
    <Cell><Data ss:Type="String">Parque de Aceleradores de Vórtice</Data></Cell>
   </Row>
   <Row ss:AutoFitHeight="0">
    <Cell><Data ss:Type="String">PRE_SPECIALIZED_ENERGY05</Data></Cell>
    <Cell><Data ss:Type="String">NEO_ATOMIC_GENERATOR</Data></Cell>
    <Cell><Data ss:Type="String">Gerador Neo Atômico</Data></Cell>
   </Row>
   <Row ss:AutoFitHeight="0">
    <Cell><Data ss:Type="String">PRE_SPECIALIZED_ENERGY06</Data></Cell>
    <Cell><Data ss:Type="String">PHOTOVOLTAIC_POWER_STATION</Data></Cell>
    <Cell ss:StyleID="s63"><Data ss:Type="String">Estação de Energia Fotovoltaica</Data></Cell>
    <Cell ss:Index="7" ss:StyleID="s63"/>
   </Row>
   <Row ss:AutoFitHeight="0">
    <Cell><Data ss:Type="String">PRE_SPECIALIZED_ENERGY07</Data></Cell>
    <Cell><Data ss:Type="String">OMNICONDUCTION_GENERATOR</Data></Cell>
    <Cell ss:StyleID="s63"><Data ss:Type="String">Gerador de Omnicondução</Data></Cell>
    <Cell ss:Index="7" ss:StyleID="s63"/>
   </Row>
   <Row ss:AutoFitHeight="0">
    <Cell><Data ss:Type="String">PRE_SPECIALIZED_ENERGY08</Data></Cell>
    <Cell><Data ss:Type="String">KOMODIAN_SOLAR_PARK</Data></Cell>
    <Cell ss:StyleID="s63"><Data ss:Type="String">Parque Solar Komodiano</Data></Cell>
    <Cell ss:Index="7" ss:StyleID="s63"/>
   </Row>
   <Row ss:AutoFitHeight="0">
    <Cell><Data ss:Type="String">PRE_SPECIALIZED_ENERGY09</Data></Cell>
    <Cell><Data ss:Type="String">SYNTHETIC_SPARK_GENERATOR</Data></Cell>
    <Cell ss:StyleID="s63"><Data ss:Type="String">Gerador de Centelha Sintética</Data></Cell>
    <Cell ss:Index="7" ss:StyleID="s63"/>
   </Row>
   <Row ss:AutoFitHeight="0">
    <Cell><Data ss:Type="String">PRE_SPECIALIZED_ENERGY10</Data></Cell>
    <Cell><Data ss:Type="String">ULTRA_COIL_ACCELERATOR_PARK</Data></Cell>
    <Cell ss:StyleID="s63"><Data ss:Type="String">Parque de Aceleradores de Bobina Ultra</Data></Cell>
    <Cell ss:Index="7" ss:StyleID="s63"/>
   </Row>
   <Row ss:AutoFitHeight="0">
    <Cell><Data ss:Type="String">PRE_SPECIALIZED_ENERGY11</Data></Cell>
    <Cell><Data ss:Type="String">JUMPSTART_GENERATOR</Data></Cell>
    <Cell ss:StyleID="s63"><Data ss:Type="String">Gerador de Partida Rápida</Data></Cell>
    <Cell ss:Index="7" ss:StyleID="s63"/>
   </Row>
   <Row ss:AutoFitHeight="0">
    <Cell><Data ss:Type="String">PRE_SPECIALIZED_ENERGY12</Data></Cell>
    <Cell><Data ss:Type="String">IONIZED_INC_POWER_PLANT</Data></Cell>
    <Cell ss:StyleID="s63"><Data ss:Type="String">Usina de Energia de Íons Inc</Data></Cell>
    <Cell ss:Index="7" ss:StyleID="s63"/>
   </Row>
   <Row ss:AutoFitHeight="0">
    <Cell><Data ss:Type="String">PRE_SPECIALIZED_ENERGY13</Data></Cell>
    <Cell><Data ss:Type="String">POWER_PROTOCOL_GENERATOR</Data></Cell>
    <Cell ss:StyleID="s63"><Data ss:Type="String">Gerador de Protocolo de Energia</Data></Cell>
    <Cell ss:Index="7" ss:StyleID="s63"/>
   </Row>
   <Row ss:AutoFitHeight="0">
    <Cell><Data ss:Type="String">PRE_SPECIALIZED_ENERGY14</Data></Cell>
    <Cell><Data ss:Type="String">PARTICULATE_POWER_PLANT</Data></Cell>
    <Cell ss:StyleID="s63"><Data ss:Type="String">Usina de Energia de Partículas</Data></Cell>
    <Cell ss:Index="7" ss:StyleID="s63"/>
   </Row>
   <Row ss:AutoFitHeight="0">
    <Cell><Data ss:Type="String">PRE_SPECIALIZED_ENERGY15</Data></Cell>
    <Cell><Data ss:Type="String">SLAG_SPEWING_GENERATOR</Data></Cell>
    <Cell ss:StyleID="s63"><Data ss:Type="String">Gerador de Escória Expelida</Data></Cell>
    <Cell ss:Index="7" ss:StyleID="s63"/>
   </Row>
   <Row ss:AutoFitHeight="0">
    <Cell><Data ss:Type="String">PRE_SPECIALIZED_ENERGY16</Data></Cell>
    <Cell><Data ss:Type="String">CARBON_CRUCIBLE_GENERATOR</Data></Cell>
    <Cell ss:StyleID="s63"><Data ss:Type="String">Gerador de Cadinho de Carbono</Data></Cell>
    <Cell ss:Index="7" ss:StyleID="s63"/>
   </Row>
   <Row ss:AutoFitHeight="0">
    <Cell><Data ss:Type="String">PRE_SPECIALIZED_ENERGY17</Data></Cell>
    <Cell><Data ss:Type="String">STORMNADO_SOLAR_PARK</Data></Cell>
    <Cell ss:StyleID="s63"><Data ss:Type="String">Parque Solar Tornado Elétrico</Data></Cell>
    <Cell ss:Index="5"><Data ss:Type="String">Stormnado - Storm and tornado combined</Data></Cell>
    <Cell ss:Index="7" ss:StyleID="s63"/>
   </Row>
   <Row ss:AutoFitHeight="0">
    <Cell><Data ss:Type="String">PRE_SPECIALIZED_ENERGY18</Data></Cell>
    <Cell><Data ss:Type="String">WINDUP_WINDPARK</Data></Cell>
    <Cell ss:StyleID="s63"><Data ss:Type="String">Parque Eólico de Corda</Data></Cell>
    <Cell ss:Index="7" ss:StyleID="s63"/>
   </Row>
   <Row ss:AutoFitHeight="0" ss:Height="30">
    <Cell><Data ss:Type="String">PRE_SPECIALIZED_ENERGY19</Data></Cell>
    <Cell><Data ss:Type="String">CHROMODYNAMIC_GENERATOR</Data></Cell>
    <Cell ss:StyleID="s63"><Data ss:Type="String">Gerador Cromodinâmico</Data></Cell>
    <Cell ss:Index="5"><Data ss:Type="String">Chromodynamic - the theory of the strong interaction between quarks and gluons</Data></Cell>
    <Cell ss:Index="7" ss:StyleID="s63"/>
   </Row>
   <Row ss:AutoFitHeight="0" ss:Height="30">
    <Cell><Data ss:Type="String">PRE_SPECIALIZED_ENERGY20</Data></Cell>
    <Cell><Data ss:Type="String">PARALLEL_CURRENT_POWER_STATION</Data></Cell>
    <Cell ss:StyleID="s63"><Data ss:Type="String">Estação de Energia de Corrente Paralela</Data></Cell>
    <Cell ss:Index="7" ss:StyleID="s63"/>
   </Row>
   <Row ss:AutoFitHeight="0" ss:Height="30" ss:StyleID="s64">
    <Cell><Data ss:Type="String">PRE_SPECIALIZED_ENERGY21</Data></Cell>
    <Cell><Data ss:Type="String">PHOTONIC_HARNESS_STATION</Data></Cell>
    <Cell ss:StyleID="s65"><Data ss:Type="String">Estação de Arneses Fotônicos</Data></Cell>
    <Cell ss:Index="5"><Data ss:Type="String">RAY's Additions Start here:</Data></Cell>
    <Cell ss:Index="7" ss:StyleID="s65"/>
   </Row>
   <Row ss:AutoFitHeight="0" ss:Height="30" ss:StyleID="s64">
    <Cell><Data ss:Type="String">PRE_SPECIALIZED_ENERGY22</Data></Cell>
    <Cell><Data ss:Type="String">ELECTRONIC_BOOSTER_PLANT</Data></Cell>
    <Cell ss:StyleID="s65"><Data ss:Type="String">Usina de Impulsores Eletrônicos</Data></Cell>
    <Cell ss:Index="7" ss:StyleID="s65"/>
   </Row>
   <Row ss:AutoFitHeight="0" ss:Height="30" ss:StyleID="s64">
    <Cell><Data ss:Type="String">PRE_SPECIALIZED_ENERGY23</Data></Cell>
    <Cell><Data ss:Type="String">ELECTORMAGNETIC_ZAP_STATION</Data></Cell>
    <Cell ss:StyleID="s65"><Data ss:Type="String">Estação de Choque Eletromagnético</Data></Cell>
    <Cell ss:Index="7" ss:StyleID="s65"/>
   </Row>
   <Row ss:AutoFitHeight="0" ss:Height="30" ss:StyleID="s64">
    <Cell><Data ss:Type="String">PRE_SPECIALIZED_ENERGY25</Data></Cell>
    <Cell><Data ss:Type="String">PARAGONIC_POWER_STORES</Data></Cell>
    <Cell ss:StyleID="s65"><Data ss:Type="String">Depósitos de Energia Paragônica</Data></Cell>
    <Cell ss:Index="7" ss:StyleID="s65"/>
   </Row>
   <Row ss:AutoFitHeight="0" ss:Height="30" ss:StyleID="s64">
    <Cell><Data ss:Type="String">PRE_SPECIALIZED_ENERGY26</Data></Cell>
    <Cell><Data ss:Type="String">ENERGY_CONSERVATION_REPOSITORY</Data></Cell>
    <Cell ss:StyleID="s65"><Data ss:Type="String">Repositório de Conservação de Energia</Data></Cell>
    <Cell ss:Index="7" ss:StyleID="s65"/>
   </Row>
   <Row ss:AutoFitHeight="0" ss:Height="30" ss:StyleID="s64">
    <Cell><Data ss:Type="String">PRE_SPECIALIZED_ENERGY27</Data></Cell>
    <Cell><Data ss:Type="String">DEPARTMENT_OF_ELECTROCUTION</Data></Cell>
    <Cell ss:StyleID="s65"><Data ss:Type="String">Departamento de Eletrocussão</Data></Cell>
    <Cell ss:Index="7" ss:StyleID="s65"/>
   </Row>
   <Row ss:AutoFitHeight="0" ss:Height="30" ss:StyleID="s64">
    <Cell><Data ss:Type="String">PRE_SPECIALIZED_ENERGY28</Data></Cell>
    <Cell><Data ss:Type="String">LIGHTNING_CONES</Data></Cell>
    <Cell ss:StyleID="s65"><Data ss:Type="String">Cones de Relâmpago</Data></Cell>
    <Cell ss:Index="7" ss:StyleID="s65"/>
   </Row>
   <Row ss:AutoFitHeight="0" ss:Height="30" ss:StyleID="s64">
    <Cell><Data ss:Type="String">PRE_SPECIALIZED_ENERGY29</Data></Cell>
    <Cell><Data ss:Type="String">BUG_ZAPPER_POWER_RELAY</Data></Cell>
    <Cell ss:StyleID="s65"><Data ss:Type="String">Relé de Energia Mata-Insetos</Data></Cell>
    <Cell ss:Index="7" ss:StyleID="s65"/>
   </Row>
   <Row ss:AutoFitHeight="0" ss:Height="30" ss:StyleID="s64">
    <Cell><Data ss:Type="String">PRE_SPECIALIZED_ENERGY30</Data></Cell>
    <Cell><Data ss:Type="String">ELECTROSURGE_POWER_RELAY</Data></Cell>
    <Cell ss:StyleID="s65"><Data ss:Type="String">Relé de Energia Eletrossurto</Data></Cell>
    <Cell ss:Index="7" ss:StyleID="s65"/>
   </Row>
   <Row ss:AutoFitHeight="0" ss:Height="30" ss:StyleID="s64">
    <Cell><Data ss:Type="String">PRE_SPECIALIZED_ENERGY31</Data></Cell>
    <Cell><Data ss:Type="String">ACCELLERATOR_RELAY</Data></Cell>
    <Cell ss:StyleID="s65"><Data ss:Type="String">Relé Acelerador</Data></Cell>
    <Cell ss:Index="7" ss:StyleID="s65"/>
   </Row>
   <Row ss:AutoFitHeight="0" ss:Height="30" ss:StyleID="s64">
    <Cell><Data ss:Type="String">PRE_SPECIALIZED_ENERGY32</Data></Cell>
    <Cell><Data ss:Type="String">PLEX_CAPACITOR</Data></Cell>
    <Cell ss:StyleID="s65"><Data ss:Type="String">Capacitor Plex</Data></Cell>
    <Cell ss:Index="7" ss:StyleID="s65"/>
   </Row>
   <Row ss:AutoFitHeight="0" ss:Height="30" ss:StyleID="s64">
    <Cell><Data ss:Type="String">PRE_SPECIALIZED_ENERGY33</Data></Cell>
    <Cell><Data ss:Type="String">CRUX_POTENTIOMETER_RELAYS</Data></Cell>
    <Cell ss:StyleID="s65"><Data ss:Type="String">Relés de Potenciômetro Crux</Data></Cell>
    <Cell ss:Index="7" ss:StyleID="s65"/>
   </Row>
   <Row ss:AutoFitHeight="0" ss:Height="30" ss:StyleID="s64">
    <Cell><Data ss:Type="String">PRE_SPECIALIZED_ENERGY34</Data></Cell>
    <Cell><Data ss:Type="String">TECHNOCHARGE_BATTERIES</Data></Cell>
    <Cell ss:StyleID="s65"><Data ss:Type="String">Baterias Tecnocarga</Data></Cell>
    <Cell ss:Index="7" ss:StyleID="s65"/>
   </Row>
   <Row ss:AutoFitHeight="0" ss:Height="30" ss:StyleID="s64">
    <Cell><Data ss:Type="String">PRE_SPECIALIZED_ENERGY35</Data></Cell>
    <Cell><Data ss:Type="String">LIMITLESS_BATTERIES</Data></Cell>
    <Cell ss:StyleID="s65"><Data ss:Type="String">Baterias Ilimitadas</Data></Cell>
    <Cell ss:Index="7" ss:StyleID="s65"/>
   </Row>
   <Row ss:AutoFitHeight="0" ss:Height="30" ss:StyleID="s64">
    <Cell><Data ss:Type="String">PRE_SPECIALIZED_ENERGY36</Data></Cell>
    <Cell><Data ss:Type="String">QUARKIC_BATTERIES</Data></Cell>
    <Cell ss:StyleID="s65"><Data ss:Type="String">Baterias Quárquicas</Data></Cell>
    <Cell ss:Index="7" ss:StyleID="s65"/>
   </Row>
   <Row ss:AutoFitHeight="0" ss:Height="30" ss:StyleID="s64">
    <Cell><Data ss:Type="String">PRE_SPECIALIZED_ENERGY37</Data></Cell>
    <Cell><Data ss:Type="String">MUON_RELAYS</Data></Cell>
    <Cell ss:StyleID="s65"><Data ss:Type="String">Relés de Múons</Data></Cell>
    <Cell ss:Index="7" ss:StyleID="s65"/>
   </Row>
   <Row ss:AutoFitHeight="0" ss:Height="30" ss:StyleID="s64">
    <Cell><Data ss:Type="String">PRE_SPECIALIZED_ENERGY38</Data></Cell>
    <Cell><Data ss:Type="String">TACHYON_PARTICLE_CELLS</Data></Cell>
    <Cell ss:StyleID="s65"><Data ss:Type="String">Células de Partículas Taquiônicas</Data></Cell>
    <Cell ss:Index="7" ss:StyleID="s65"/>
   </Row>
   <Row ss:AutoFitHeight="0" ss:StyleID="s64">
    <Cell><Data ss:Type="String">PRE_SPECIALIZED_ENERGY39</Data></Cell>
    <Cell><Data ss:Type="String">PYRAMID_SUBATOMIC_CELLS</Data></Cell>
    <Cell ss:StyleID="s65"><Data ss:Type="String">Células Subatômicas Piramidais</Data></Cell>
   </Row>
   <Row ss:AutoFitHeight="0" ss:StyleID="s64">
    <Cell><Data ss:Type="String">PRE_SPECIALIZED_ENERGY40</Data></Cell>
    <Cell><Data ss:Type="String">QUANTUM_EFFECT_RESERVES</Data></Cell>
    <Cell ss:StyleID="s65"><Data ss:Type="String">Reservas de Efeito Quântico</Data></Cell>
   </Row>
   <Row ss:AutoFitHeight="0" ss:StyleID="s64">
    <Cell><Data ss:Type="String">PRE_SPECIALIZED_ENERGY41</Data></Cell>
    <Cell><Data ss:Type="String">PLASMA_CHARGE_RESERVES</Data></Cell>
    <Cell><Data ss:Type="String">Reservas de Carga de Plasma</Data></Cell>
   </Row>
   <Row ss:AutoFitHeight="0" ss:StyleID="s64">
    <Cell><Data ss:Type="String">PRE_SPECIALIZED_ENERGY42</Data></Cell>
    <Cell><Data ss:Type="String">CRYSTAL_ION_ENERGY_STORES</Data></Cell>
    <Cell><Data ss:Type="String">Reservas de Energia de Íons de Cristal</Data></Cell>
   </Row>
   <Row ss:AutoFitHeight="0" ss:StyleID="s64">
    <Cell><Data ss:Type="String">PRE_SPECIALIZED_ENERGY43</Data></Cell>
    <Cell><Data ss:Type="String">IONIC_UNCERTAINTY_MATRIX</Data></Cell>
    <Cell><Data ss:Type="String">Matriz de Incerteza Iônica</Data></Cell>
   </Row>
   <Row ss:AutoFitHeight="0" ss:StyleID="s64">
    <Cell><Data ss:Type="String">PRE_SPECIALIZED_ENERGY44</Data></Cell>
    <Cell><Data ss:Type="String">QUANTUM_TUNNELING_MATRIX</Data></Cell>
    <Cell><Data ss:Type="String">Matriz de Tunelamento Quântico</Data></Cell>
   </Row>
   <Row ss:AutoFitHeight="0" ss:StyleID="s64">
    <Cell><Data ss:Type="String">PRE_SPECIALIZED_ENERGY45</Data></Cell>
    <Cell><Data ss:Type="String">ORGANIC_BATTERY_MATRIX</Data></Cell>
    <Cell><Data ss:Type="String">Matriz de Bateria Orgânica</Data></Cell>
   </Row>
   <Row ss:AutoFitHeight="0" ss:StyleID="s64">
    <Cell><Data ss:Type="String">PRE_SPECIALIZED_ENERGY46</Data></Cell>
    <Cell><Data ss:Type="String">MAY_TRICKS_MATRIX</Data></Cell>
    <Cell><Data ss:Type="String">Matriz de Truques de Maio</Data></Cell>
   </Row>
   <Row ss:AutoFitHeight="0" ss:StyleID="s64">
    <Cell><Data ss:Type="String">PRE_SPECIALIZED_ENERGY47</Data></Cell>
    <Cell><Data ss:Type="String">HYPER_BEAM_ENERGY_CELLS</Data></Cell>
    <Cell><Data ss:Type="String">Células de Energia de Hiperfeixe</Data></Cell>
   </Row>
   <Row ss:AutoFitHeight="0" ss:StyleID="s64">
    <Cell><Data ss:Type="String">PRE_SPECIALIZED_ENERGY48</Data></Cell>
    <Cell><Data ss:Type="String">PROTON_SATURATED_DIODES</Data></Cell>
    <Cell><Data ss:Type="String">Diodos Saturados de Prótons</Data></Cell>
   </Row>
   <Row ss:AutoFitHeight="0" ss:StyleID="s64">
    <Cell><Data ss:Type="String">PRE_SPECIALIZED_ENERGY49</Data></Cell>
    <Cell><Data ss:Type="String">NEUTRON_PHASE_ANODES</Data></Cell>
    <Cell><Data ss:Type="String">Ânodos de Fase de Nêutrons</Data></Cell>
   </Row>
   <Row ss:AutoFitHeight="0" ss:StyleID="s64">
    <Cell><Data ss:Type="String">PRE_SPECIALIZED_ENERGY50</Data></Cell>
    <Cell><Data ss:Type="String">CATHODE_RAY_ENERGY_STORES</Data></Cell>
    <Cell><Data ss:Type="String">Reservas de Energia de Raios Catódicos</Data></Cell>
   </Row>
   <Row ss:Index="159" ss:AutoFitHeight="0">
    <Cell><Data ss:Type="String">PRE_SPECIALIZED_PRODUCTION01</Data></Cell>
    <Cell><Data ss:Type="String">GOLIATH_EXTRACTIONS</Data></Cell>
    <Cell><Data ss:Type="String">Extrações Goliath</Data></Cell>
   </Row>
   <Row ss:AutoFitHeight="0">
    <Cell><Data ss:Type="String">PRE_SPECIALIZED_PRODUCTION02</Data></Cell>
    <Cell><Data ss:Type="String">FIRESTONE_MINERALS</Data></Cell>
    <Cell><Data ss:Type="String">Minerais Pedra-de-Fogo</Data></Cell>
   </Row>
   <Row ss:AutoFitHeight="0">
    <Cell><Data ss:Type="String">PRE_SPECIALIZED_PRODUCTION03</Data></Cell>
    <Cell><Data ss:Type="String">STAR_HAMMER_QUARRY</Data></Cell>
    <Cell><Data ss:Type="String">Pedreira Star Hammer</Data></Cell>
   </Row>
   <Row ss:AutoFitHeight="0">
    <Cell><Data ss:Type="String">PRE_SPECIALIZED_PRODUCTION04</Data></Cell>
    <Cell><Data ss:Type="String">IMPERIAL_CREST_QUARRY</Data></Cell>
    <Cell><Data ss:Type="String">Pedreira Brasão Imperial</Data></Cell>
   </Row>
   <Row ss:AutoFitHeight="0">
    <Cell><Data ss:Type="String">PRE_SPECIALIZED_PRODUCTION05</Data></Cell>
    <Cell><Data ss:Type="String">CONTROLLED_TECTONICS</Data></Cell>
    <Cell><Data ss:Type="String">Tectônica Controlada</Data></Cell>
   </Row>
   <Row ss:AutoFitHeight="0">
    <Cell><Data ss:Type="String">PRE_SPECIALIZED_PRODUCTION06</Data></Cell>
    <Cell><Data ss:Type="String">METALSCAPE_MINING_TECH</Data></Cell>
    <Cell ss:StyleID="s63"><Data ss:Type="String">Tecnologia de Mineração Metalscape</Data></Cell>
    <Cell ss:Index="7" ss:StyleID="s63"/>
   </Row>
   <Row ss:AutoFitHeight="0" ss:Height="30">
    <Cell><Data ss:Type="String">PRE_SPECIALIZED_PRODUCTION07</Data></Cell>
    <Cell><Data ss:Type="String">BARRICK_BROTHERS_EXPLOITS_INC.</Data></Cell>
    <Cell ss:StyleID="s63"><Data ss:Type="String">Barrick Brothers Exploits Inc.</Data></Cell>
    <Cell ss:Index="5"><Data ss:Type="String">Barrick Brothers - company name</Data></Cell>
    <Cell ss:Index="7" ss:StyleID="s63"/>
   </Row>
   <Row ss:AutoFitHeight="0" ss:Height="30">
    <Cell><Data ss:Type="String">PRE_SPECIALIZED_PRODUCTION08</Data></Cell>
    <Cell><Data ss:Type="String">MCMULLAN_VALUABLES_EXCAVATIONS</Data></Cell>
    <Cell ss:StyleID="s63"><Data ss:Type="String">Escavações de Valores McMullan</Data></Cell>
    <Cell ss:Index="5"><Data ss:Type="String">McMullan - company name</Data></Cell>
    <Cell ss:Index="7" ss:StyleID="s63"/>
   </Row>
   <Row ss:AutoFitHeight="0">
    <Cell><Data ss:Type="String">PRE_SPECIALIZED_PRODUCTION09</Data></Cell>
    <Cell><Data ss:Type="String">SHENSHEN_DIGSITES</Data></Cell>
    <Cell ss:StyleID="s63"><Data ss:Type="String">Sítios de Escavação Shenshen</Data></Cell>
    <Cell ss:Index="5"><Data ss:Type="String">Shenshen - company name</Data></Cell>
    <Cell ss:Index="7" ss:StyleID="s63"/>
   </Row>
   <Row ss:AutoFitHeight="0">
    <Cell><Data ss:Type="String">PRE_SPECIALIZED_PRODUCTION10</Data></Cell>
    <Cell><Data ss:Type="String">GENCORE_EXCAVATIONS</Data></Cell>
    <Cell ss:StyleID="s63"><Data ss:Type="String">Escavações Gencore</Data></Cell>
    <Cell ss:Index="5"><Data ss:Type="String">Gencore - company name</Data></Cell>
    <Cell ss:Index="7" ss:StyleID="s63"/>
   </Row>
   <Row ss:AutoFitHeight="0">
    <Cell><Data ss:Type="String">PRE_SPECIALIZED_PRODUCTION11</Data></Cell>
    <Cell><Data ss:Type="String">CROSS-CONVEYORS_INDUSTRIES</Data></Cell>
    <Cell ss:StyleID="s63"><Data ss:Type="String">Indústrias Cross-Conveyors</Data></Cell>
    <Cell ss:Index="7" ss:StyleID="s63"/>
   </Row>
   <Row ss:AutoFitHeight="0">
    <Cell><Data ss:Type="String">PRE_SPECIALIZED_PRODUCTION12</Data></Cell>
    <Cell><Data ss:Type="String">DEEP_DUG_MINING_CORP</Data></Cell>
    <Cell ss:StyleID="s63"><Data ss:Type="String">Corporação Mineração Profunda</Data></Cell>
    <Cell ss:Index="7" ss:StyleID="s63"/>
   </Row>
   <Row ss:AutoFitHeight="0" ss:Height="30">
    <Cell><Data ss:Type="String">PRE_SPECIALIZED_PRODUCTION13</Data></Cell>
    <Cell><Data ss:Type="String">MELTCORE_EXCAVATORY_INDUSTRIES</Data></Cell>
    <Cell ss:StyleID="s63"><Data ss:Type="String">Indústrias Escavatórias Meltcore</Data></Cell>
    <Cell ss:Index="5"><Data ss:Type="String">Meltcore - company name</Data></Cell>
    <Cell ss:Index="7" ss:StyleID="s63"/>
   </Row>
   <Row ss:AutoFitHeight="0">
    <Cell><Data ss:Type="String">PRE_SPECIALIZED_PRODUCTION14</Data></Cell>
    <Cell><Data ss:Type="String">TERRAGEN_MINERALS</Data></Cell>
    <Cell ss:StyleID="s63"><Data ss:Type="String">Minerais TerraGen</Data></Cell>
    <Cell ss:Index="5"><Data ss:Type="String">TerraGen - company name</Data></Cell>
    <Cell ss:Index="7" ss:StyleID="s63"/>
   </Row>
   <Row ss:AutoFitHeight="0">
    <Cell><Data ss:Type="String">PRE_SPECIALIZED_PRODUCTION15</Data></Cell>
    <Cell><Data ss:Type="String">GLADSTONE_INDUSTRIES</Data></Cell>
    <Cell ss:StyleID="s63"><Data ss:Type="String">Indústrias Gladstone</Data></Cell>
    <Cell ss:Index="5"><Data ss:Type="String">Gladstone  - company name</Data></Cell>
    <Cell ss:Index="7" ss:StyleID="s63"/>
   </Row>
   <Row ss:AutoFitHeight="0">
    <Cell><Data ss:Type="String">PRE_SPECIALIZED_PRODUCTION16</Data></Cell>
    <Cell><Data ss:Type="String">SHAYIU_EXTRACTION</Data></Cell>
    <Cell ss:StyleID="s63"><Data ss:Type="String">Extração Shayiu</Data></Cell>
    <Cell ss:Index="5"><Data ss:Type="String">Shayiu - company name</Data></Cell>
    <Cell ss:Index="7" ss:StyleID="s63"/>
   </Row>
   <Row ss:AutoFitHeight="0">
    <Cell><Data ss:Type="String">PRE_SPECIALIZED_PRODUCTION17</Data></Cell>
    <Cell><Data ss:Type="String">GROUNDBREAKER_QUARRY</Data></Cell>
    <Cell ss:StyleID="s63"><Data ss:Type="String">Pedreira Groundbreaker</Data></Cell>
    <Cell ss:Index="7" ss:StyleID="s63"/>
   </Row>
   <Row ss:AutoFitHeight="0">
    <Cell><Data ss:Type="String">PRE_SPECIALIZED_PRODUCTION18</Data></Cell>
    <Cell><Data ss:Type="String">STONEBREAKER_INDUSTRIES</Data></Cell>
    <Cell ss:StyleID="s63"><Data ss:Type="String">Indústrias Stonebreaker</Data></Cell>
    <Cell ss:Index="7" ss:StyleID="s63"/>
   </Row>
   <Row ss:AutoFitHeight="0">
    <Cell><Data ss:Type="String">PRE_SPECIALIZED_PRODUCTION19</Data></Cell>
    <Cell><Data ss:Type="String">CHAINGANG_EXPLOITS_CORP</Data></Cell>
    <Cell ss:StyleID="s63"><Data ss:Type="String">Corporação Explorações Chaingang</Data></Cell>
    <Cell ss:Index="5"><Data ss:Type="String">Chaingang - company name</Data></Cell>
    <Cell ss:Index="7" ss:StyleID="s63"/>
   </Row>
   <Row ss:AutoFitHeight="0">
    <Cell><Data ss:Type="String">PRE_SPECIALIZED_PRODUCTION20</Data></Cell>
    <Cell><Data ss:Type="String">TERRABREAK_MINING_TECH</Data></Cell>
    <Cell ss:StyleID="s63"><Data ss:Type="String">Tecnologia de Mineração Terrabreak</Data></Cell>
    <Cell ss:Index="5"><Data ss:Type="String">Terrabreak - company name</Data></Cell>
    <Cell ss:Index="7" ss:StyleID="s63"/>
   </Row>
   <Row ss:AutoFitHeight="0" ss:StyleID="s64">
    <Cell><Data ss:Type="String">PRE_SPECIALIZED_PRODUCTION21</Data></Cell>
    <Cell><Data ss:Type="String">DIGGIT_SHAFT_MINING</Data></Cell>
    <Cell ss:StyleID="s65"><Data ss:Type="String">Mineração de Poço Diggit</Data></Cell>
    <Cell ss:Index="5"><Data ss:Type="String">Ray's Additions Here and Below:</Data></Cell>
    <Cell ss:Index="7" ss:StyleID="s65"/>
   </Row>
   <Row ss:AutoFitHeight="0" ss:StyleID="s64">
    <Cell><Data ss:Type="String">PRE_SPECIALIZED_PRODUCTION22</Data></Cell>
    <Cell><Data ss:Type="String">CREVACE_EXTRACTION_INC</Data></Cell>
    <Cell ss:StyleID="s65"><Data ss:Type="String">Extrações Crevace S.A.</Data></Cell>
    <Cell ss:Index="7" ss:StyleID="s65"/>
   </Row>
   <Row ss:AutoFitHeight="0" ss:StyleID="s64">
    <Cell><Data ss:Type="String">PRE_SPECIALIZED_PRODUCTION23</Data></Cell>
    <Cell><Data ss:Type="String">ASTEROID_MINING_CORP</Data></Cell>
    <Cell ss:StyleID="s65"><Data ss:Type="String">Corporação Mineração de Asteroides</Data></Cell>
    <Cell ss:Index="7" ss:StyleID="s65"/>
   </Row>
   <Row ss:AutoFitHeight="0" ss:StyleID="s64">
    <Cell><Data ss:Type="String">PRE_SPECIALIZED_PRODUCTION24</Data></Cell>
    <Cell><Data ss:Type="String">DARK_N_DEEP_EXCAVATIONS</Data></Cell>
    <Cell ss:StyleID="s65"><Data ss:Type="String">Escavações Dark-N-Deep</Data></Cell>
    <Cell ss:Index="7" ss:StyleID="s65"/>
   </Row>
   <Row ss:AutoFitHeight="0" ss:StyleID="s64">
    <Cell><Data ss:Type="String">PRE_SPECIALIZED_PRODUCTION25</Data></Cell>
    <Cell><Data ss:Type="String">DARKER_N_DEEPER_EXCAVATIONS</Data></Cell>
    <Cell ss:StyleID="s65"><Data ss:Type="String">Escavações Darker-N-Deeper</Data></Cell>
    <Cell ss:Index="7" ss:StyleID="s65"/>
   </Row>
   <Row ss:AutoFitHeight="0" ss:StyleID="s64">
    <Cell><Data ss:Type="String">PRE_SPECIALIZED_PRODUCTION26</Data></Cell>
    <Cell><Data ss:Type="String">ELEVATOR_QUARRY</Data></Cell>
    <Cell ss:StyleID="s65"><Data ss:Type="String">Pedreira Elevador</Data></Cell>
    <Cell ss:Index="7" ss:StyleID="s65"/>
   </Row>
   <Row ss:AutoFitHeight="0" ss:StyleID="s64">
    <Cell><Data ss:Type="String">PRE_SPECIALIZED_PRODUCTION27</Data></Cell>
    <Cell><Data ss:Type="String">CONVEYOR_PRODUCTION_CORP</Data></Cell>
    <Cell ss:StyleID="s65"><Data ss:Type="String">Corporação Produção por Correia</Data></Cell>
    <Cell ss:Index="7" ss:StyleID="s65"/>
   </Row>
   <Row ss:AutoFitHeight="0" ss:StyleID="s64">
    <Cell><Data ss:Type="String">PRE_SPECIALIZED_PRODUCTION28</Data></Cell>
    <Cell><Data ss:Type="String">SIEGE_CORP_PRODUCTION</Data></Cell>
    <Cell ss:StyleID="s65"><Data ss:Type="String">Produção Siege Corp</Data></Cell>
    <Cell ss:Index="7" ss:StyleID="s65"/>
   </Row>
   <Row ss:AutoFitHeight="0" ss:StyleID="s64">
    <Cell><Data ss:Type="String">PRE_SPECIALIZED_PRODUCTION29</Data></Cell>
    <Cell><Data ss:Type="String">IMPRINTER_PRODUCTIONS</Data></Cell>
    <Cell ss:StyleID="s65"><Data ss:Type="String">Produções Imprinter</Data></Cell>
    <Cell ss:Index="7" ss:StyleID="s65"/>
   </Row>
   <Row ss:AutoFitHeight="0" ss:StyleID="s64">
    <Cell><Data ss:Type="String">PRE_SPECIALIZED_PRODUCTION30</Data></Cell>
    <Cell><Data ss:Type="String">INDUSTRIAL_PROCESSING_PLANT</Data></Cell>
    <Cell ss:StyleID="s65"><Data ss:Type="String">Planta de Processamento Industrial</Data></Cell>
    <Cell ss:Index="7" ss:StyleID="s65"/>
   </Row>
   <Row ss:AutoFitHeight="0" ss:StyleID="s64">
    <Cell><Data ss:Type="String">PRE_SPECIALIZED_PRODUCTION31</Data></Cell>
    <Cell><Data ss:Type="String">MONIKER_PRODUCTION_PLANT</Data></Cell>
    <Cell ss:StyleID="s65"><Data ss:Type="String">Planta de Produção Moniker</Data></Cell>
    <Cell ss:Index="7" ss:StyleID="s65"/>
   </Row>
   <Row ss:AutoFitHeight="0" ss:StyleID="s64">
    <Cell><Data ss:Type="String">PRE_SPECIALIZED_PRODUCTION32</Data></Cell>
    <Cell><Data ss:Type="String">TENSILE_MATERIALS_REFINERY_PLANT</Data></Cell>
    <Cell ss:StyleID="s65"><Data ss:Type="String">Refinaria de Materiais Tensores</Data></Cell>
    <Cell ss:Index="7" ss:StyleID="s65"/>
   </Row>
   <Row ss:AutoFitHeight="0" ss:StyleID="s64">
    <Cell><Data ss:Type="String">PRE_SPECIALIZED_PRODUCTION33</Data></Cell>
    <Cell><Data ss:Type="String">ZIRCONIUM_INDUSTRIES</Data></Cell>
    <Cell ss:StyleID="s65"><Data ss:Type="String">Indústrias de Zircônio</Data></Cell>
    <Cell ss:Index="7" ss:StyleID="s65"/>
   </Row>
   <Row ss:AutoFitHeight="0" ss:StyleID="s64">
    <Cell><Data ss:Type="String">PRE_SPECIALIZED_PRODUCTION34</Data></Cell>
    <Cell><Data ss:Type="String">SILICATE_OXIDE_QUARRY</Data></Cell>
    <Cell ss:StyleID="s65"><Data ss:Type="String">Pedreira de Óxido de Silicato</Data></Cell>
    <Cell ss:Index="7" ss:StyleID="s65"/>
   </Row>
   <Row ss:AutoFitHeight="0" ss:StyleID="s64">
    <Cell><Data ss:Type="String">PRE_SPECIALIZED_PRODUCTION35</Data></Cell>
    <Cell><Data ss:Type="String">BORONIC_PLATE_MANUFACTURING</Data></Cell>
    <Cell ss:StyleID="s65"><Data ss:Type="String">Fabricação de Placas de Boro</Data></Cell>
    <Cell ss:Index="7" ss:StyleID="s65"/>
   </Row>
   <Row ss:AutoFitHeight="0" ss:StyleID="s64">
    <Cell><Data ss:Type="String">PRE_SPECIALIZED_PRODUCTION36</Data></Cell>
    <Cell><Data ss:Type="String">DIAMOND_COATED_MANUFACTURING</Data></Cell>
    <Cell ss:StyleID="s65"><Data ss:Type="String">Fabricação com Revestimento de Diamante</Data></Cell>
    <Cell ss:Index="7" ss:StyleID="s65"/>
   </Row>
   <Row ss:AutoFitHeight="0" ss:StyleID="s64">
    <Cell><Data ss:Type="String">PRE_SPECIALIZED_PRODUCTION37</Data></Cell>
    <Cell><Data ss:Type="String">CHEMICAL_MASTERY_MANUFACTURING</Data></Cell>
    <Cell ss:StyleID="s65"><Data ss:Type="String">Fabricação de Maestria Química</Data></Cell>
    <Cell ss:Index="7" ss:StyleID="s65"/>
   </Row>
   <Row ss:AutoFitHeight="0" ss:StyleID="s64">
    <Cell><Data ss:Type="String">PRE_SPECIALIZED_PRODUCTION38</Data></Cell>
    <Cell><Data ss:Type="String">PRECISION_MANUFACTURING</Data></Cell>
    <Cell ss:StyleID="s65"><Data ss:Type="String">Fabricação de Precisão</Data></Cell>
    <Cell ss:Index="7" ss:StyleID="s65"/>
   </Row>
   <Row ss:AutoFitHeight="0" ss:StyleID="s64">
    <Cell><Data ss:Type="String">PRE_SPECIALIZED_PRODUCTION39</Data></Cell>
    <Cell><Data ss:Type="String">MAKER_MACHINE_INDUSTRIES</Data></Cell>
    <Cell ss:StyleID="s65"><Data ss:Type="String">Indústrias de Máquinas-Fabricantes</Data></Cell>
    <Cell ss:Index="7" ss:StyleID="s65"/>
   </Row>
   <Row ss:AutoFitHeight="0" ss:StyleID="s64">
    <Cell><Data ss:Type="String">PRE_SPECIALIZED_PRODUCTION40</Data></Cell>
    <Cell><Data ss:Type="String">PERFECT_PARTS_FACTORY</Data></Cell>
    <Cell ss:StyleID="s65"><Data ss:Type="String">Fábrica de Peças Perfeitas</Data></Cell>
    <Cell ss:Index="7" ss:StyleID="s65"/>
   </Row>
   <Row ss:AutoFitHeight="0" ss:StyleID="s64">
    <Cell><Data ss:Type="String">PRE_SPECIALIZED_PRODUCTION41</Data></Cell>
    <Cell><Data ss:Type="String">EUREKA_CROWN_MANUFACTURING</Data></Cell>
    <Cell ss:StyleID="s65"><Data ss:Type="String">Eureca! Fábrica de Coroas</Data></Cell>
    <Cell ss:Index="7" ss:StyleID="s65"/>
   </Row>
   <Row ss:AutoFitHeight="0" ss:StyleID="s64">
    <Cell><Data ss:Type="String">PRE_SPECIALIZED_PRODUCTION42</Data></Cell>
    <Cell><Data ss:Type="String">STAR_UNION_PRODUCTIONS</Data></Cell>
    <Cell ss:StyleID="s65"><Data ss:Type="String">Produções Star Union</Data></Cell>
    <Cell ss:Index="7" ss:StyleID="s65"/>
   </Row>
   <Row ss:AutoFitHeight="0" ss:StyleID="s64">
    <Cell><Data ss:Type="String">PRE_SPECIALIZED_PRODUCTION43</Data></Cell>
    <Cell><Data ss:Type="String">FACTORY_SPECIALIST_CORP</Data></Cell>
    <Cell ss:StyleID="s65"><Data ss:Type="String">Corporação de Especialistas em Fábricas</Data></Cell>
    <Cell ss:Index="7" ss:StyleID="s65"/>
   </Row>
   <Row ss:AutoFitHeight="0" ss:StyleID="s64">
    <Cell><Data ss:Type="String">PRE_SPECIALIZED_PRODUCTION44</Data></Cell>
    <Cell><Data ss:Type="String">CRANK_SHAFT_INDUSTRIAL_PLANT</Data></Cell>
    <Cell ss:StyleID="s65"><Data ss:Type="String">Planta Industrial de Virabrequim</Data></Cell>
    <Cell ss:Index="7" ss:StyleID="s65"/>
   </Row>
   <Row ss:AutoFitHeight="0" ss:StyleID="s64">
    <Cell><Data ss:Type="String">PRE_SPECIALIZED_PRODUCTION45</Data></Cell>
    <Cell><Data ss:Type="String">DRILL_N_PICK_MINING_CORP</Data></Cell>
    <Cell ss:StyleID="s65"><Data ss:Type="String">Corporação de Mineração Broca-e-Picareta</Data></Cell>
    <Cell ss:Index="7" ss:StyleID="s65"/>
   </Row>
   <Row ss:AutoFitHeight="0" ss:StyleID="s64">
    <Cell><Data ss:Type="String">PRE_SPECIALIZED_PRODUCTION46</Data></Cell>
    <Cell><Data ss:Type="String">PLANETARY_EXTRACTIONS_COMPLEX</Data></Cell>
    <Cell><Data ss:Type="String">Complexo de Extrações Planetárias</Data></Cell>
   </Row>
   <Row ss:AutoFitHeight="0" ss:StyleID="s64">
    <Cell><Data ss:Type="String">PRE_SPECIALIZED_PRODUCTION47</Data></Cell>
    <Cell><Data ss:Type="String">SALTWORTH_INDUSTRIAL_PARK</Data></Cell>
    <Cell><Data ss:Type="String">Parque Industrial Saltworth</Data></Cell>
   </Row>
   <Row ss:AutoFitHeight="0" ss:StyleID="s64">
    <Cell><Data ss:Type="String">PRE_SPECIALIZED_PRODUCTION48</Data></Cell>
    <Cell><Data ss:Type="String">ENGINE_INDUSTRIAL_PARK</Data></Cell>
    <Cell><Data ss:Type="String">Parque Industrial de Motores</Data></Cell>
   </Row>
   <Row ss:AutoFitHeight="0" ss:StyleID="s64">
    <Cell><Data ss:Type="String">PRE_SPECIALIZED_PRODUCTION49</Data></Cell>
    <Cell><Data ss:Type="String">PLANETARY_CORE_DRILL_WORKS</Data></Cell>
    <Cell><Data ss:Type="String">Oficinas de Perfuração do Núcleo Planetário</Data></Cell>
   </Row>
   <Row ss:AutoFitHeight="0" ss:StyleID="s64">
    <Cell><Data ss:Type="String">PRE_SPECIALIZED_PRODUCTION50</Data></Cell>
    <Cell><Data ss:Type="String">MECH_COMPONENTS_FACTORY</Data></Cell>
    <Cell><Data ss:Type="String">Fábrica de Componentes Mecânicos</Data></Cell>
   </Row>
   <Row ss:Index="211" ss:AutoFitHeight="0">
    <Cell><Data ss:Type="String">PRE_SPECIALIZED_WATER01</Data></Cell>
    <Cell><Data ss:Type="String">NEW_LIVING_BIOSPHERES</Data></Cell>
    <Cell><Data ss:Type="String">Novas Biosferas Vivas</Data></Cell>
   </Row>
   <Row ss:AutoFitHeight="0">
    <Cell><Data ss:Type="String">PRE_SPECIALIZED_WATER02</Data></Cell>
    <Cell><Data ss:Type="String">SUNKEN_CENTER_BIOSPHERES</Data></Cell>
    <Cell><Data ss:Type="String">Biocúpulas do Centro Afundado</Data></Cell>
   </Row>
   <Row ss:AutoFitHeight="0">
    <Cell><Data ss:Type="String">PRE_SPECIALIZED_WATER03</Data></Cell>
    <Cell><Data ss:Type="String">COMESTIBAE_BIOSPHERES</Data></Cell>
    <Cell><Data ss:Type="String">Biocúpulas Comestíveis</Data></Cell>
    <Cell ss:Index="5"><Data ss:Type="String">Comestible - Edible (item of food)</Data></Cell>
   </Row>
   <Row ss:AutoFitHeight="0">
    <Cell><Data ss:Type="String">PRE_SPECIALIZED_WATER04</Data></Cell>
    <Cell><Data ss:Type="String">HYDRO_CORE_BIOSPHERES</Data></Cell>
    <Cell><Data ss:Type="String">Biocúpulas do Núcleo Hídrico</Data></Cell>
   </Row>
   <Row ss:AutoFitHeight="0" ss:Height="45">
    <Cell><Data ss:Type="String">PRE_SPECIALIZED_WATER05</Data></Cell>
    <Cell><Data ss:Type="String">ESCULENTA_BIOSPHERES</Data></Cell>
    <Cell><Data ss:Type="String">Biocúpulas Esculentas</Data></Cell>
    <Cell ss:Index="5"><Data ss:Type="String">Esculenta -  tropical plant grown primarily for its edible corms, the root vegetables most commonly known as taro.</Data></Cell>
   </Row>
   <Row ss:AutoFitHeight="0">
    <Cell><Data ss:Type="String">PRE_SPECIALIZED_WATER06</Data></Cell>
    <Cell><Data ss:Type="String">LEGUME_LAGUNA_BIOSPHERES</Data></Cell>
    <Cell ss:StyleID="s63"><Data ss:Type="String">Biocúpulas da Laguna de Legumes</Data></Cell>
    <Cell ss:Index="7" ss:StyleID="s63"/>
   </Row>
   <Row ss:AutoFitHeight="0">
    <Cell><Data ss:Type="String">PRE_SPECIALIZED_WATER07</Data></Cell>
    <Cell><Data ss:Type="String">SEAFOAM_CENTRAL_BIOSPHERES</Data></Cell>
    <Cell ss:StyleID="s63"><Data ss:Type="String">Biocúpulas do Centro Espuma-do-Mar</Data></Cell>
    <Cell ss:Index="7" ss:StyleID="s63"/>
   </Row>
   <Row ss:AutoFitHeight="0" ss:Height="30">
    <Cell><Data ss:Type="String">PRE_SPECIALIZED_WATER08</Data></Cell>
    <Cell><Data ss:Type="String">PHYTOPLANKTON_BIOSPHERES</Data></Cell>
    <Cell ss:StyleID="s63"><Data ss:Type="String">Biocúpulas de Fitoplâncton</Data></Cell>
    <Cell ss:Index="5"><Data ss:Type="String">Phytoplankton are plankton that get energy from light</Data></Cell>
    <Cell ss:Index="7" ss:StyleID="s63"/>
   </Row>
   <Row ss:AutoFitHeight="0" ss:Height="30">
    <Cell><Data ss:Type="String">PRE_SPECIALIZED_WATER09</Data></Cell>
    <Cell><Data ss:Type="String">EUKARYOTES_BIOSPHERES</Data></Cell>
    <Cell ss:StyleID="s63"><Data ss:Type="String">Biocúpulas de Eucariotos</Data></Cell>
    <Cell ss:Index="5"><Data ss:Type="String">Eukaryotes - are organisms whose cells have a nucleus enclosed within membranes</Data></Cell>
    <Cell ss:Index="7" ss:StyleID="s63"/>
   </Row>
   <Row ss:AutoFitHeight="0" ss:Height="45">
    <Cell><Data ss:Type="String">PRE_SPECIALIZED_WATER10</Data></Cell>
    <Cell><Data ss:Type="String">NEKTONIC_BIOSPHERES</Data></Cell>
    <Cell ss:StyleID="s63"><Data ss:Type="String">Biocúpulas Nectônicas</Data></Cell>
    <Cell ss:Index="5"><Data ss:Type="String">Nektonic - the aggregate of actively swimming aquatic organisms in a body of water</Data></Cell>
    <Cell ss:Index="7" ss:StyleID="s63"/>
   </Row>
   <Row ss:AutoFitHeight="0">
    <Cell><Data ss:Type="String">PRE_SPECIALIZED_WATER11</Data></Cell>
    <Cell><Data ss:Type="String">DEEP_DIGEST_BIOSPHERES</Data></Cell>
    <Cell ss:StyleID="s63"><Data ss:Type="String">Biocúpulas da Digestão Profunda</Data></Cell>
    <Cell ss:Index="7" ss:StyleID="s63"/>
   </Row>
   <Row ss:AutoFitHeight="0" ss:Height="30">
    <Cell><Data ss:Type="String">PRE_SPECIALIZED_WATER12</Data></Cell>
    <Cell><Data ss:Type="String">MESOPELAGIC_BIOSPHERES</Data></Cell>
    <Cell ss:StyleID="s63"><Data ss:Type="String">Biocúpulas Mesopelágicas</Data></Cell>
    <Cell ss:Index="5"><Data ss:Type="String">Mesopelagic is a horizontal layer deep in the sea</Data></Cell>
    <Cell ss:Index="7" ss:StyleID="s63"/>
   </Row>
   <Row ss:AutoFitHeight="0">
    <Cell><Data ss:Type="String">PRE_SPECIALIZED_WATER13</Data></Cell>
    <Cell><Data ss:Type="String">WETBERRY_BIOSPHERES</Data></Cell>
    <Cell ss:StyleID="s63"><Data ss:Type="String">Biocúpulas de Frutas-Aquáticas</Data></Cell>
    <Cell ss:Index="7" ss:StyleID="s63"/>
   </Row>
   <Row ss:AutoFitHeight="0">
    <Cell><Data ss:Type="String">PRE_SPECIALIZED_WATER14</Data></Cell>
    <Cell><Data ss:Type="String">RETRO_SOIL_BIOSPHERES</Data></Cell>
    <Cell ss:StyleID="s63"><Data ss:Type="String">Biocúpulas de Solo Retrógrado</Data></Cell>
    <Cell ss:Index="7" ss:StyleID="s63"/>
   </Row>
   <Row ss:AutoFitHeight="0">
    <Cell><Data ss:Type="String">PRE_SPECIALIZED_WATER15</Data></Cell>
    <Cell><Data ss:Type="String">SUBMARINE_BIOSPHERES</Data></Cell>
    <Cell ss:StyleID="s63"><Data ss:Type="String">Biocúpulas Submarinas</Data></Cell>
    <Cell ss:Index="7" ss:StyleID="s63"/>
   </Row>
   <Row ss:AutoFitHeight="0">
    <Cell><Data ss:Type="String">PRE_SPECIALIZED_WATER16</Data></Cell>
    <Cell><Data ss:Type="String">IRRIGATION_DEPTHS_BIOSPHERES</Data></Cell>
    <Cell ss:StyleID="s63"><Data ss:Type="String">Biocúpulas das Profundezas de Irrigação</Data></Cell>
    <Cell ss:Index="7" ss:StyleID="s63"/>
   </Row>
   <Row ss:AutoFitHeight="0">
    <Cell><Data ss:Type="String">PRE_SPECIALIZED_WATER17</Data></Cell>
    <Cell><Data ss:Type="String">NUTRIGRUB_BIOSPHERES</Data></Cell>
    <Cell ss:StyleID="s63"><Data ss:Type="String">Biocúpulas de NutriLarvas</Data></Cell>
    <Cell ss:Index="5"><Data ss:Type="String">NutriGrub - Company name</Data></Cell>
    <Cell ss:Index="7" ss:StyleID="s63"/>
   </Row>
   <Row ss:AutoFitHeight="0" ss:Height="30">
    <Cell><Data ss:Type="String">PRE_SPECIALIZED_WATER18</Data></Cell>
    <Cell><Data ss:Type="String">SUSTAINED_SUBSTINANCE_BIOSPHERES</Data></Cell>
    <Cell ss:StyleID="s63"><Data ss:Type="String">Biocúpulas de Subsistência Sustentável</Data></Cell>
    <Cell ss:Index="7" ss:StyleID="s63"/>
   </Row>
   <Row ss:AutoFitHeight="0">
    <Cell><Data ss:Type="String">PRE_SPECIALIZED_WATER19</Data></Cell>
    <Cell><Data ss:Type="String">DROWNWHEAT_BIOSPHERES</Data></Cell>
    <Cell ss:StyleID="s63"><Data ss:Type="String">Biocúpulas de Trigo-Afogado</Data></Cell>
    <Cell ss:Index="7" ss:StyleID="s63"/>
   </Row>
   <Row ss:AutoFitHeight="0">
    <Cell><Data ss:Type="String">PRE_SPECIALIZED_WATER20</Data></Cell>
    <Cell><Data ss:Type="String">DEW_BULB_BIOSPHERES</Data></Cell>
    <Cell ss:StyleID="s63"><Data ss:Type="String">Biocúpulas de Orvalho</Data></Cell>
    <Cell ss:Index="7" ss:StyleID="s63"/>
   </Row>
   <Row ss:AutoFitHeight="0" ss:StyleID="s66">
    <Cell><Data ss:Type="String">PRE_SPECIALIZED_WATER21</Data></Cell>
    <Cell><Data ss:Type="String">MARINE_COMPLEX_STRUCTURES</Data></Cell>
    <Cell ss:StyleID="s67"><Data ss:Type="String">Estruturas Complexas Marinhas</Data></Cell>
    <Cell ss:Index="5"><Data ss:Type="String">RAY's Additions start here.</Data></Cell>
    <Cell ss:Index="7" ss:StyleID="s67"/>
   </Row>
   <Row ss:AutoFitHeight="0" ss:StyleID="s66">
    <Cell><Data ss:Type="String">PRE_SPECIALIZED_WATER22</Data></Cell>
    <Cell><Data ss:Type="String">GREEN_PILLAR_SUBOCEANIC_COMPLEX</Data></Cell>
    <Cell ss:StyleID="s67"><Data ss:Type="String">Complexo Suboceânico Pilar Verde</Data></Cell>
    <Cell ss:Index="7" ss:StyleID="s67"/>
   </Row>
   <Row ss:AutoFitHeight="0" ss:StyleID="s66">
    <Cell><Data ss:Type="String">PRE_SPECIALIZED_WATER23</Data></Cell>
    <Cell><Data ss:Type="String">IMPERIAL_UNDERWATER_KELP_WEAVERS</Data></Cell>
    <Cell ss:StyleID="s67"><Data ss:Type="String">Tecelões de Algas Subaquáticos Imperiais</Data></Cell>
    <Cell ss:Index="7" ss:StyleID="s67"/>
   </Row>
   <Row ss:AutoFitHeight="0" ss:StyleID="s66">
    <Cell><Data ss:Type="String">PRE_SPECIALIZED_WATER24</Data></Cell>
    <Cell><Data ss:Type="String">KELP_GARDEN_OBSERVATORY</Data></Cell>
    <Cell ss:StyleID="s67"><Data ss:Type="String">Observatório Jardim de Algas</Data></Cell>
    <Cell ss:Index="7" ss:StyleID="s67"/>
   </Row>
   <Row ss:AutoFitHeight="0" ss:StyleID="s66">
    <Cell><Data ss:Type="String">PRE_SPECIALIZED_WATER25</Data></Cell>
    <Cell><Data ss:Type="String">FISH_ELEVATOR_OBSERVATORY</Data></Cell>
    <Cell ss:StyleID="s67"><Data ss:Type="String">Observatório Elevador de Peixes</Data></Cell>
    <Cell ss:Index="7" ss:StyleID="s67"/>
   </Row>
   <Row ss:AutoFitHeight="0" ss:StyleID="s66">
    <Cell><Data ss:Type="String">PRE_SPECIALIZED_WATER26</Data></Cell>
    <Cell><Data ss:Type="String">UNDERSEA_BARNACLE_CONSERVATORY</Data></Cell>
    <Cell ss:StyleID="s67"><Data ss:Type="String">Conservatório de Cracas Submarino</Data></Cell>
    <Cell ss:Index="7" ss:StyleID="s67"/>
   </Row>
   <Row ss:AutoFitHeight="0" ss:StyleID="s66">
    <Cell><Data ss:Type="String">PRE_SPECIALIZED_WATER27</Data></Cell>
    <Cell><Data ss:Type="String">SEALIFE_PRESERVE</Data></Cell>
    <Cell ss:StyleID="s67"><Data ss:Type="String">Reserva de Vida Marinha</Data></Cell>
    <Cell ss:Index="7" ss:StyleID="s67"/>
   </Row>
   <Row ss:AutoFitHeight="0" ss:StyleID="s66">
    <Cell><Data ss:Type="String">PRE_SPECIALIZED_WATER28</Data></Cell>
    <Cell><Data ss:Type="String">SUBSEA_SHELTER</Data></Cell>
    <Cell ss:StyleID="s67"><Data ss:Type="String">Abrigo Submarino</Data></Cell>
    <Cell ss:Index="7" ss:StyleID="s67"/>
   </Row>
   <Row ss:AutoFitHeight="0" ss:StyleID="s66">
    <Cell><Data ss:Type="String">PRE_SPECIALIZED_WATER29</Data></Cell>
    <Cell><Data ss:Type="String">MARITIME_DIVERSITY_SHELTER</Data></Cell>
    <Cell ss:StyleID="s67"><Data ss:Type="String">Abrigo de Diversidade Marítima</Data></Cell>
    <Cell ss:Index="7" ss:StyleID="s67"/>
   </Row>
   <Row ss:AutoFitHeight="0" ss:StyleID="s66">
    <Cell><Data ss:Type="String">PRE_SPECIALIZED_WATER30</Data></Cell>
    <Cell><Data ss:Type="String">AQUATIC_NUTRIENTS_REPOSITORY</Data></Cell>
    <Cell ss:StyleID="s67"><Data ss:Type="String">Repositório de Nutrientes Aquáticos</Data></Cell>
    <Cell ss:Index="7" ss:StyleID="s67"/>
   </Row>
   <Row ss:AutoFitHeight="0" ss:StyleID="s66">
    <Cell><Data ss:Type="String">PRE_SPECIALIZED_WATER31</Data></Cell>
    <Cell><Data ss:Type="String">REEF_REGENERATION_FACILITY</Data></Cell>
    <Cell ss:StyleID="s67"><Data ss:Type="String">Instalação de Regeneração de Recifes</Data></Cell>
    <Cell ss:Index="7" ss:StyleID="s67"/>
   </Row>
   <Row ss:AutoFitHeight="0" ss:StyleID="s66">
    <Cell><Data ss:Type="String">PRE_SPECIALIZED_WATER32</Data></Cell>
    <Cell><Data ss:Type="String">SEA_POLLUTION_RECYCLING_COMPLEX</Data></Cell>
    <Cell ss:StyleID="s67"><Data ss:Type="String">Complexo de Reciclagem de Poluição Marinha</Data></Cell>
    <Cell ss:Index="7" ss:StyleID="s67"/>
   </Row>
   <Row ss:AutoFitHeight="0" ss:StyleID="s66">
    <Cell><Data ss:Type="String">PRE_SPECIALIZED_WATER33</Data></Cell>
    <Cell><Data ss:Type="String">TASTY_FISH_SANCTUARY</Data></Cell>
    <Cell ss:StyleID="s67"><Data ss:Type="String">Santuário de Peixes Saborosos</Data></Cell>
    <Cell ss:Index="7" ss:StyleID="s67"/>
   </Row>
   <Row ss:AutoFitHeight="0" ss:StyleID="s66">
    <Cell><Data ss:Type="String">PRE_SPECIALIZED_WATER34</Data></Cell>
    <Cell><Data ss:Type="String">EDIBLE_PLANKTON_RECEPTACLES</Data></Cell>
    <Cell ss:StyleID="s67"><Data ss:Type="String">Recipientes de Plâncton Comestível</Data></Cell>
    <Cell ss:Index="7" ss:StyleID="s67"/>
   </Row>
   <Row ss:AutoFitHeight="0" ss:StyleID="s66">
    <Cell><Data ss:Type="String">PRE_SPECIALIZED_WATER35</Data></Cell>
    <Cell><Data ss:Type="String">HEALTHY ALGAE INSTITUTES</Data></Cell>
    <Cell ss:StyleID="s67"><Data ss:Type="String">Institutos de Algas Saudáveis</Data></Cell>
    <Cell ss:Index="7" ss:StyleID="s67"/>
   </Row>
   <Row ss:AutoFitHeight="0" ss:StyleID="s66">
    <Cell><Data ss:Type="String">PRE_SPECIALIZED_WATER36</Data></Cell>
    <Cell><Data ss:Type="String">SEATOPIAN_COTTAGES</Data></Cell>
    <Cell ss:StyleID="s67"><Data ss:Type="String">Chalés Submarinos</Data></Cell>
    <Cell ss:Index="7" ss:StyleID="s67"/>
   </Row>
   <Row ss:AutoFitHeight="0" ss:StyleID="s66">
    <Cell><Data ss:Type="String">PRE_SPECIALIZED_WATER37</Data></Cell>
    <Cell><Data ss:Type="String">UNDERWATER_EXPLORER_FACILITIES</Data></Cell>
    <Cell ss:StyleID="s67"><Data ss:Type="String">Instalações para Exploradores Subaquáticos</Data></Cell>
    <Cell ss:Index="7" ss:StyleID="s67"/>
   </Row>
   <Row ss:AutoFitHeight="0" ss:StyleID="s66">
    <Cell><Data ss:Type="String">PRE_SPECIALIZED_WATER38</Data></Cell>
    <Cell><Data ss:Type="String">SEA_CURRENTS_FACILITIES</Data></Cell>
    <Cell ss:StyleID="s67"><Data ss:Type="String">Instalações de Correntes Marinhas</Data></Cell>
    <Cell ss:Index="7" ss:StyleID="s67"/>
   </Row>
   <Row ss:AutoFitHeight="0" ss:StyleID="s66">
    <Cell><Data ss:Type="String">PRE_SPECIALIZED_WATER39</Data></Cell>
    <Cell><Data ss:Type="String">MOTHER_OF_THE_SEAS_BIOSTRUCTURES</Data></Cell>
    <Cell ss:StyleID="s67"><Data ss:Type="String">Biestruturas Mãe-dos-Mares</Data></Cell>
    <Cell ss:Index="7" ss:StyleID="s67"/>
   </Row>
   <Row ss:AutoFitHeight="0" ss:StyleID="s66">
    <Cell><Data ss:Type="String">PRE_SPECIALIZED_WATER40</Data></Cell>
    <Cell><Data ss:Type="String">PARAGON_UNDERSEA_HABITAT</Data></Cell>
    <Cell ss:StyleID="s67"><Data ss:Type="String">Habitat Submarino Paragon</Data></Cell>
    <Cell ss:Index="7" ss:StyleID="s67"/>
   </Row>
   <Row ss:AutoFitHeight="0" ss:StyleID="s66">
    <Cell><Data ss:Type="String">PRE_SPECIALIZED_WATER41</Data></Cell>
    <Cell><Data ss:Type="String">PAINTERS_CURRENTS_HABITAT</Data></Cell>
    <Cell ss:StyleID="s67"><Data ss:Type="String">Habitat das Correntes do Pintor</Data></Cell>
    <Cell ss:Index="7" ss:StyleID="s67"/>
   </Row>
   <Row ss:AutoFitHeight="0" ss:StyleID="s66">
    <Cell><Data ss:Type="String">PRE_SPECIALIZED_WATER42</Data></Cell>
    <Cell><Data ss:Type="String">ANCIENT_SUBAQUATIC_HABITAT</Data></Cell>
    <Cell ss:StyleID="s67"><Data ss:Type="String">Habitat Subaquático Ancestral</Data></Cell>
    <Cell ss:Index="7" ss:StyleID="s67"/>
   </Row>
   <Row ss:AutoFitHeight="0" ss:StyleID="s66">
    <Cell><Data ss:Type="String">PRE_SPECIALIZED_WATER43</Data></Cell>
    <Cell><Data ss:Type="String">HABITAT_OF_THE_DEPTHS</Data></Cell>
    <Cell ss:StyleID="s67"><Data ss:Type="String">Habitat das Profundezas</Data></Cell>
    <Cell ss:Index="7" ss:StyleID="s67"/>
   </Row>
   <Row ss:AutoFitHeight="0" ss:StyleID="s66">
    <Cell><Data ss:Type="String">PRE_SPECIALIZED_WATER44</Data></Cell>
    <Cell><Data ss:Type="String">GENERATOR_OF_THE_DEPTHS</Data></Cell>
    <Cell ss:StyleID="s67"><Data ss:Type="String">Gerador das Profundezas</Data></Cell>
    <Cell ss:Index="7" ss:StyleID="s67"/>
   </Row>
   <Row ss:AutoFitHeight="0" ss:StyleID="s66">
    <Cell><Data ss:Type="String">PRE_SPECIALIZED_WATER45</Data></Cell>
    <Cell><Data ss:Type="String">SUBAQUEOUS_LUXURY_CONSTRUCTS</Data></Cell>
    <Cell ss:StyleID="s67"><Data ss:Type="String">Construções de Luxo Subaquáticas</Data></Cell>
    <Cell ss:Index="7" ss:StyleID="s67"/>
   </Row>
   <Row ss:AutoFitHeight="0" ss:StyleID="s66">
    <Cell><Data ss:Type="String">PRE_SPECIALIZED_WATER46</Data></Cell>
    <Cell><Data ss:Type="String">SEA_PARSLEY_GARDEN_FACILITIES</Data></Cell>
    <Cell ss:StyleID="s67"><Data ss:Type="String">Instalações de Jardim de Salsinha-do-Mar</Data></Cell>
    <Cell ss:Index="7" ss:StyleID="s67"/>
   </Row>
   <Row ss:AutoFitHeight="0" ss:StyleID="s66">
    <Cell><Data ss:Type="String">PRE_SPECIALIZED_WATER47</Data></Cell>
    <Cell><Data ss:Type="String">SILVER_SEAS_FACILITIES</Data></Cell>
    <Cell ss:StyleID="s67"><Data ss:Type="String">Instalações dos Mares Prateados</Data></Cell>
    <Cell ss:Index="7" ss:StyleID="s67"/>
   </Row>
   <Row ss:AutoFitHeight="0" ss:StyleID="s66">
    <Cell><Data ss:Type="String">PRE_SPECIALIZED_WATER48</Data></Cell>
    <Cell><Data ss:Type="String">SUBAQUEOUS_CITY_SUITES</Data></Cell>
    <Cell ss:StyleID="s67"><Data ss:Type="String">Suítes da Cidade Subaquática</Data></Cell>
    <Cell ss:Index="7" ss:StyleID="s67"/>
   </Row>
   <Row ss:AutoFitHeight="0" ss:StyleID="s66">
    <Cell><Data ss:Type="String">PRE_SPECIALIZED_WATER49</Data></Cell>
    <Cell><Data ss:Type="String">NOBILITY_UNDERSEA_SUITES</Data></Cell>
    <Cell ss:StyleID="s67"><Data ss:Type="String">Suítes Submarinas da Nobreza</Data></Cell>
    <Cell ss:Index="7" ss:StyleID="s67"/>
   </Row>
   <Row ss:AutoFitHeight="0" ss:StyleID="s66">
    <Cell><Data ss:Type="String">PRE_SPECIALIZED_WATER50</Data></Cell>
    <Cell><Data ss:Type="String">SEA_GREEN_CONSTRUCT</Data></Cell>
    <Cell ss:StyleID="s67"><Data ss:Type="String">Construção Verde-Mar</Data></Cell>
    <Cell ss:Index="7" ss:StyleID="s67"/>
   </Row>
   <Row ss:Index="263" ss:AutoFitHeight="0">
    <Cell><Data ss:Type="String">OUTPOST_TEMP</Data></Cell>
    <Cell><Data ss:Type="String">OUTPOST</Data></Cell>
    <Cell><Data ss:Type="String">Assentamento</Data></Cell>
   </Row>
  </Table>
  <WorksheetOptions xmlns="urn:schemas-microsoft-com:office:excel">
   <Unsynced/>
   <Print>
    <ValidPrinterInfo/>
    <HorizontalResolution>600</HorizontalResolution>
    <VerticalResolution>600</VerticalResolution>
   </Print>
   <Zoom>145</Zoom>
   <Selected/>
   <Panes>
    <Pane>
     <Number>3</Number>
     <ActiveRow>240</ActiveRow>
     <ActiveCol>6</ActiveCol>
     <RangeSelection>C7</RangeSelection>
    </Pane>
   </Panes>
   <ProtectObjects>False</ProtectObjects>
   <ProtectScenarios>False</ProtectScenarios>
  </WorksheetOptions>
 </Worksheet>
</Workbook>