<?xml version='1.0' encoding='UTF-8'?>
<?mso-application progid="Excel.Sheet"?><Workbook xmlns="urn:schemas-microsoft-com:office:spreadsheet" xmlns:o="urn:schemas-microsoft-com:office:office" xmlns:x="urn:schemas-microsoft-com:office:excel" xmlns:ss="urn:schemas-microsoft-com:office:spreadsheet" xmlns:html="http://www.w3.org/TR/REC-html40">
 <DocumentProperties xmlns="urn:schemas-microsoft-com:office:office">
  <LastAuthor>Thomas Schuiten</LastAuthor>
  <LastSaved>2019-05-10T14:20:52Z</LastSaved>
  <Version>15.00</Version>
 </DocumentProperties>
 <OfficeDocumentSettings xmlns="urn:schemas-microsoft-com:office:office">
  <AllowPNG/>
 </OfficeDocumentSettings>
 <ExcelWorkbook xmlns="urn:schemas-microsoft-com:office:excel">
  <WindowHeight>17835</WindowHeight>
  <WindowWidth>-27136</WindowWidth>
  <WindowTopX>0</WindowTopX>
  <WindowTopY>0</WindowTopY>
  <ProtectStructure>False</ProtectStructure>
  <ProtectWindows>False</ProtectWindows>
 </ExcelWorkbook>
 <Styles>
  <Style ss:ID="Default" ss:Name="Normal">
   <Alignment ss:Vertical="Bottom"/>
   <Borders/>
   <Font ss:FontName="Calibri" x:Family="Swiss" ss:Size="11" ss:Color="#000000"/>
   <Interior/>
   <NumberFormat/>
   <Protection/>
  </Style>
  <Style ss:ID="s62">
   <Alignment ss:Vertical="Top" ss:WrapText="1"/>
  </Style>
 </Styles>
 <Worksheet ss:Name="Script">
  <Table ss:ExpandedColumnCount="7" ss:ExpandedRowCount="212" x:FullColumns="1" x:FullRows="1" ss:StyleID="s62" ss:DefaultColumnWidth="277.5" ss:DefaultRowHeight="15">
   <Column ss:StyleID="s62" ss:Width="294"/>
   <Column ss:StyleID="s62" ss:Width="96.75"/>
   <Column ss:StyleID="s62" ss:Width="276.75"/>
   <Column ss:StyleID="s62" ss:Width="147.75"/>
   <Column ss:StyleID="s62" ss:Width="262.5"/>
   <Column ss:StyleID="s62" ss:Width="120"/>
   <Column ss:StyleID="s62" ss:Width="276.75"/>
   <Row ss:AutoFitHeight="0" ss:Height="75">
    <Cell><Data ss:Type="String">SHAREDCONTENT_CAMPAIGN</Data></Cell>
    <Cell ss:Index="5"><Data ss:Type="String">The DEV TEAM / MISC NOTES column contains info on what text between { } signs means (if applicable). It usually stands for either a numeric value, or a numeric value with an icon. Text between [ ] signs stands for a certain type of icon. </Data></Cell>
   </Row>
   <Row ss:AutoFitHeight="0">
    <Cell><Data ss:Type="String">SCENE ID</Data></Cell>
    <Cell><Data ss:Type="String">TEXT ID</Data></Cell>
    <Cell><Data ss:Type="String">ENGLISH STRING</Data></Cell>
    <Cell><Data ss:Type="String">ALTERNATIVE ENGLISH STRING</Data></Cell>
    <Cell><Data ss:Type="String">LOCALIZATION NOTES</Data></Cell>
    <Cell><Data ss:Type="String">DEV TEAM / MISC NOTES</Data></Cell>
   </Row>
   <Row ss:AutoFitHeight="0">
    <Cell ss:Index="5"><Data ss:Type="String">Please transcribe but do not localize proper nouns.</Data></Cell>
   </Row>
   <Row ss:AutoFitHeight="0" ss:Height="105">
    <Cell ss:Index="5"><Data ss:Type="String">In the text below, any inserted strings - anything of the form {text} - is replaced by an integer value for the thing described in the brackets. If the {text} is not followed by a unit - e.g. shields, hitpoints - the icon for the unit is inserted together with the integer. The same holds for symbols - e.g. '+', '%' - which are occasionally inserted together with the integer.</Data></Cell>
   </Row>
   <Row ss:AutoFitHeight="0">
    <Cell><Data ss:Type="String">SPEAKER_CHARACTER_NARRATOR</Data></Cell>
    <Cell><Data ss:Type="String">NAME</Data></Cell>
    <Cell><Data ss:Type="String">A.I.V.A.</Data></Cell>
    <Cell ss:Index="5"><Data ss:Type="String">Female AI that helps the player</Data></Cell>
   </Row>
   <Row ss:AutoFitHeight="0">
    <Cell><Data ss:Type="String">SPEAKER_CHARACTER_JACK_GELDER</Data></Cell>
    <Cell><Data ss:Type="String">NAME</Data></Cell>
    <Cell><Data ss:Type="String">{STR_LeaderName}</Data></Cell>
    <Cell ss:Index="5"><Data ss:Type="String">The player character, can be either male or female.</Data></Cell>
   </Row>
   <Row ss:AutoFitHeight="0">
    <Cell><Data ss:Type="String">SPEAKER_CHARACTER_DAIYU_JIANG</Data></Cell>
    <Cell><Data ss:Type="String">NAME</Data></Cell>
    <Cell><Data ss:Type="String">Daiyu Jiang</Data></Cell>
    <Cell ss:Index="5"><Data ss:Type="String">Female</Data></Cell>
   </Row>
   <Row ss:AutoFitHeight="0">
    <Cell><Data ss:Type="String">SPEAKER_CHARACTER_HUY_JIANG</Data></Cell>
    <Cell><Data ss:Type="String">NAME</Data></Cell>
    <Cell><Data ss:Type="String">Huy Jiang</Data></Cell>
    <Cell ss:Index="5"><Data ss:Type="String">Male</Data></Cell>
   </Row>
   <Row ss:AutoFitHeight="0">
    <Cell><Data ss:Type="String">SPEAKER_CHARACTER_MORGAN_O_CONNOR</Data></Cell>
    <Cell><Data ss:Type="String">NAME</Data></Cell>
    <Cell><Data ss:Type="String">Michael Valentine</Data></Cell>
    <Cell ss:Index="5"><Data ss:Type="String">Male</Data></Cell>
   </Row>
   <Row ss:AutoFitHeight="0">
    <Cell><Data ss:Type="String">SPEAKER_CHARACTER_SINA_OF_HOUSE_TIMUR</Data></Cell>
    <Cell><Data ss:Type="String">NAME</Data></Cell>
    <Cell><Data ss:Type="String">Sina da Casa Timur</Data></Cell>
    <Cell ss:Index="5"><Data ss:Type="String">Female</Data></Cell>
   </Row>
   <Row ss:AutoFitHeight="0">
    <Cell><Data ss:Type="String">SPEAKER_CHARACTER_TAPPELS</Data></Cell>
    <Cell><Data ss:Type="String">NAME</Data></Cell>
    <Cell><Data ss:Type="String">Tappels</Data></Cell>
    <Cell ss:Index="5"><Data ss:Type="String">Robot P.U.G, genderless.</Data></Cell>
   </Row>
   <Row ss:AutoFitHeight="0">
    <Cell><Data ss:Type="String">SPEAKER_CHARACTER_ILIA_5</Data></Cell>
    <Cell><Data ss:Type="String">NAME</Data></Cell>
    <Cell><Data ss:Type="String">Ilia-5</Data></Cell>
    <Cell ss:Index="5"><Data ss:Type="String">Female robot</Data></Cell>
   </Row>
   <Row ss:AutoFitHeight="0">
    <Cell><Data ss:Type="String">SPEAKER_CHARACTER_SYNDICATE_AGENT</Data></Cell>
    <Cell><Data ss:Type="String">NAME</Data></Cell>
    <Cell><Data ss:Type="String">Agente do Syndicate</Data></Cell>
   </Row>
   <Row ss:AutoFitHeight="0">
    <Cell><Data ss:Type="String">SPEAKER_CHARACTER_PARAGON_SOLDIER</Data></Cell>
    <Cell><Data ss:Type="String">NAME</Data></Cell>
    <Cell><Data ss:Type="String">Soldado do Império</Data></Cell>
   </Row>
   <Row ss:AutoFitHeight="0">
    <Cell><Data ss:Type="String">SPEAKER_CHARACTER_PARAGON_LEADER</Data></Cell>
    <Cell><Data ss:Type="String">NAME</Data></Cell>
    <Cell><Data ss:Type="String">Prefeito Paragon</Data></Cell>
   </Row>
   <Row ss:AutoFitHeight="0">
    <Cell><Data ss:Type="String">SPEAKER_CHARACTER_CHIN_TIL_TRZ</Data></Cell>
    <Cell><Data ss:Type="String">NAME</Data></Cell>
    <Cell><Data ss:Type="String">Chin Til'Trz</Data></Cell>
    <Cell ss:Index="5"><Data ss:Type="String">Kir'Ko male</Data></Cell>
   </Row>
   <Row ss:AutoFitHeight="0">
    <Cell><Data ss:Type="String">SPEAKER_CHARACTER_TARON_OF_HOUSE_TIMUR</Data></Cell>
    <Cell><Data ss:Type="String">NAME</Data></Cell>
    <Cell><Data ss:Type="String">Taron da Casa Timur</Data></Cell>
    <Cell ss:Index="5"><Data ss:Type="String">Male Syndicate</Data></Cell>
   </Row>
   <Row ss:AutoFitHeight="0">
    <Cell><Data ss:Type="String">SPEAKER_CHARACTER_KTORSUL_GORH</Data></Cell>
    <Cell><Data ss:Type="String">NAME</Data></Cell>
    <Cell><Data ss:Type="String">Givori Ardelli</Data></Cell>
    <Cell ss:Index="5"><Data ss:Type="String">Male Syndicate</Data></Cell>
   </Row>
   <Row ss:AutoFitHeight="0">
    <Cell><Data ss:Type="String">SPEAKER_CHARACTER_ZETRODICUS_STEIN</Data></Cell>
    <Cell><Data ss:Type="String">NAME</Data></Cell>
    <Cell><Data ss:Type="String">{MSTR_ASSEMBLY_SYNTHESIS_LEADER_NAME}</Data></Cell>
    <Cell ss:Index="5"><Data ss:Type="String">DO NOT LOCALIZE</Data></Cell>
   </Row>
   <Row ss:AutoFitHeight="0">
    <Cell><Data ss:Type="String">MSTR_ASSEMBLY_SYNTHESIS_LEADER_NAME_DEFAULT</Data></Cell>
    <Cell><Data ss:Type="String">NAME</Data></Cell>
    <Cell><Data ss:Type="String">Zetrodicus Stein</Data></Cell>
    <Cell ss:Index="5"><Data ss:Type="String">Male Assembly</Data></Cell>
   </Row>
   <Row ss:AutoFitHeight="0">
    <Cell><Data ss:Type="String">MSTR_ASSEMBLY_SYNTHESIS_LEADER_NAME_UPDATE</Data></Cell>
    <Cell><Data ss:Type="String">NAME</Data></Cell>
    <Cell><Data ss:Type="String">Z3TROD1CUS ST31N</Data></Cell>
    <Cell ss:Index="5"><Data ss:Type="String">Male Assembly</Data></Cell>
   </Row>
   <Row ss:AutoFitHeight="0">
    <Cell><Data ss:Type="String">SPEAKER_CHARACTER_ELLEN_SHAW_COPY_01</Data></Cell>
    <Cell><Data ss:Type="String">NAME</Data></Cell>
    <Cell><Data ss:Type="String">3LL3N S96AW-4</Data></Cell>
    <Cell ss:Index="5"><Data ss:Type="String">Female Assembly</Data></Cell>
   </Row>
   <Row ss:AutoFitHeight="0">
    <Cell><Data ss:Type="String">SPEAKER_CHARACTER_ELLEN_SHAW_COPY_02</Data></Cell>
    <Cell><Data ss:Type="String">NAME</Data></Cell>
    <Cell><Data ss:Type="String">3LL3N S96AW-5</Data></Cell>
    <Cell ss:Index="5"><Data ss:Type="String">Female Assembly</Data></Cell>
   </Row>
   <Row ss:AutoFitHeight="0">
    <Cell><Data ss:Type="String">SPEAKER_CHARACTER_ELLEN_SHAW_COPY_03</Data></Cell>
    <Cell><Data ss:Type="String">NAME</Data></Cell>
    <Cell><Data ss:Type="String">3LL3N S96AW-6</Data></Cell>
    <Cell ss:Index="5"><Data ss:Type="String">Female Assembly</Data></Cell>
   </Row>
   <Row ss:AutoFitHeight="0">
    <Cell><Data ss:Type="String">SPEAKER_CHARACTER_ELLEN_SHAW_COPY_01_MALE</Data></Cell>
    <Cell><Data ss:Type="String">NAME</Data></Cell>
    <Cell><Data ss:Type="String">S1M0N T0RR3N-4</Data></Cell>
    <Cell ss:Index="5"><Data ss:Type="String">Male</Data></Cell>
   </Row>
   <Row ss:AutoFitHeight="0">
    <Cell><Data ss:Type="String">SPEAKER_CHARACTER_ELLEN_SHAW_COPY_02_MALE</Data></Cell>
    <Cell><Data ss:Type="String">NAME</Data></Cell>
    <Cell><Data ss:Type="String">S1M0N T0RR3N-5</Data></Cell>
    <Cell ss:Index="5"><Data ss:Type="String">Male</Data></Cell>
   </Row>
   <Row ss:AutoFitHeight="0">
    <Cell><Data ss:Type="String">SPEAKER_CHARACTER_ELLEN_SHAW_COPY_03_MALE</Data></Cell>
    <Cell><Data ss:Type="String">NAME</Data></Cell>
    <Cell><Data ss:Type="String">S1M0N T0RR3N-6</Data></Cell>
    <Cell ss:Index="5"><Data ss:Type="String">Male</Data></Cell>
   </Row>
   <Row ss:AutoFitHeight="0">
    <Cell><Data ss:Type="String">SPEAKER_CHARACTER_EMMA_3</Data></Cell>
    <Cell><Data ss:Type="String">NAME</Data></Cell>
    <Cell><Data ss:Type="String">Emma-3</Data></Cell>
    <Cell ss:Index="5"><Data ss:Type="String">Female robot</Data></Cell>
   </Row>
   <Row ss:AutoFitHeight="0">
    <Cell><Data ss:Type="String">SPEAKER_CHARACTER_LAURA_2</Data></Cell>
    <Cell><Data ss:Type="String">NAME</Data></Cell>
    <Cell><Data ss:Type="String">Laura-2</Data></Cell>
    <Cell ss:Index="5"><Data ss:Type="String">Female robot</Data></Cell>
   </Row>
   <Row ss:AutoFitHeight="0">
    <Cell><Data ss:Type="String">SPEAKER_CHARACTER_ROY_2</Data></Cell>
    <Cell><Data ss:Type="String">NAME</Data></Cell>
    <Cell><Data ss:Type="String">Roy-2</Data></Cell>
    <Cell ss:Index="5"><Data ss:Type="String">Male robot</Data></Cell>
   </Row>
   <Row ss:AutoFitHeight="0">
    <Cell><Data ss:Type="String">SPEAKER_CHARACTER_MICHAEL_4</Data></Cell>
    <Cell><Data ss:Type="String">NAME</Data></Cell>
    <Cell><Data ss:Type="String">Michael-4</Data></Cell>
    <Cell ss:Index="5"><Data ss:Type="String">Male robot</Data></Cell>
   </Row>
   <Row ss:AutoFitHeight="0">
    <Cell><Data ss:Type="String">SPEAKER_CHARACTER_LOGEN_8</Data></Cell>
    <Cell><Data ss:Type="String">NAME</Data></Cell>
    <Cell><Data ss:Type="String">L0G3N-8</Data></Cell>
    <Cell ss:Index="5"><Data ss:Type="String">Male</Data></Cell>
   </Row>
   <Row ss:AutoFitHeight="0">
    <Cell><Data ss:Type="String">SPEAKER_CHARACTER_EVA_WEISS</Data></Cell>
    <Cell><Data ss:Type="String">NAME</Data></Cell>
    <Cell><Data ss:Type="String">Eva Montinga</Data></Cell>
    <Cell ss:Index="5"><Data ss:Type="String">Female</Data></Cell>
   </Row>
   <Row ss:AutoFitHeight="0">
    <Cell><Data ss:Type="String">SPEAKER_CHARACTER_ELLEN_SHAW</Data></Cell>
    <Cell><Data ss:Type="String">NAME</Data></Cell>
    <Cell><Data ss:Type="String">{STR_LeaderName}</Data></Cell>
    <Cell ss:Index="5"><Data ss:Type="String">The player character, can be either male or female.</Data></Cell>
   </Row>
   <Row ss:AutoFitHeight="0">
    <Cell><Data ss:Type="String">SPEAKER_CHARACTER_ASSEMBLY_ELECTROCUTIONER</Data></Cell>
    <Cell><Data ss:Type="String">NAME</Data></Cell>
    <Cell><Data ss:Type="String">Eletrocutador da Assembly</Data></Cell>
   </Row>
   <Row ss:AutoFitHeight="0">
    <Cell><Data ss:Type="String">SPEAKER_CHARACTER_VANGUARD_TROOPER</Data></Cell>
    <Cell><Data ss:Type="String">NAME</Data></Cell>
    <Cell><Data ss:Type="String">Soldado da Vanguard</Data></Cell>
   </Row>
   <Row ss:AutoFitHeight="0">
    <Cell><Data ss:Type="String">SPEAKER_CHARACTER_ZREY_RAG_SAL</Data></Cell>
    <Cell><Data ss:Type="String">NAME</Data></Cell>
    <Cell><Data ss:Type="String">Zrey Rag'Sal</Data></Cell>
    <Cell ss:Index="5"><Data ss:Type="String">Female Kir'Ko</Data></Cell>
   </Row>
   <Row ss:AutoFitHeight="0">
    <Cell><Data ss:Type="String">SPEAKER_CHARACTER_ANNA_SMITHSON</Data></Cell>
    <Cell><Data ss:Type="String">NAME</Data></Cell>
    <Cell><Data ss:Type="String">Anna Smithson</Data></Cell>
    <Cell ss:Index="5"><Data ss:Type="String">Female</Data></Cell>
   </Row>
   <Row ss:AutoFitHeight="0">
    <Cell><Data ss:Type="String">SPEAKER_CHARACTER_ERICH_WOLF</Data></Cell>
    <Cell><Data ss:Type="String">NAME</Data></Cell>
    <Cell><Data ss:Type="String">Erich Wolf</Data></Cell>
    <Cell ss:Index="5"><Data ss:Type="String">Male</Data></Cell>
   </Row>
   <Row ss:AutoFitHeight="0">
    <Cell><Data ss:Type="String">SPEAKER_CHARACTER_KIRKO_MAIN_PLAYER</Data></Cell>
    <Cell><Data ss:Type="String">NAME</Data></Cell>
    <Cell><Data ss:Type="String">{STR_LeaderName}</Data></Cell>
    <Cell ss:Index="5"><Data ss:Type="String">The player character, can be either male or female.</Data></Cell>
   </Row>
   <Row ss:AutoFitHeight="0">
    <Cell><Data ss:Type="String">SPEAKER_CHARACTER_KIR01_KIRKO_HIDDEN</Data></Cell>
    <Cell><Data ss:Type="String">NAME</Data></Cell>
    <Cell><Data ss:Type="String">Kir'Ko</Data></Cell>
   </Row>
   <Row ss:AutoFitHeight="0">
    <Cell><Data ss:Type="String">SPEAKER_CHARACTER_KIR01_KIR_HERO</Data></Cell>
    <Cell><Data ss:Type="String">NAME</Data></Cell>
    <Cell><Data ss:Type="String">Kurrash Da'Yik</Data></Cell>
    <Cell ss:Index="5"><Data ss:Type="String">Male Kir'Ko</Data></Cell>
   </Row>
   <Row ss:AutoFitHeight="0">
    <Cell><Data ss:Type="String">SPEAKER_CHARACTER_KIR01_KIR_PROMETHEAN</Data></Cell>
    <Cell><Data ss:Type="String">NAME</Data></Cell>
    <Cell><Data ss:Type="String">Tik Ji'Glux</Data></Cell>
    <Cell ss:Index="5"><Data ss:Type="String">Female Kir'Ko</Data></Cell>
   </Row>
   <Row ss:AutoFitHeight="0">
    <Cell><Data ss:Type="String">SPEAKER_CHARACTER_KIR01_KIR_CELESTIAN</Data></Cell>
    <Cell><Data ss:Type="String">NAME</Data></Cell>
    <Cell><Data ss:Type="String">Hatyl Ur'Uk</Data></Cell>
    <Cell ss:Index="5"><Data ss:Type="String">Male Kir'Ko</Data></Cell>
   </Row>
   <Row ss:AutoFitHeight="0">
    <Cell><Data ss:Type="String">SPEAKER_CHARACTER_KIR01_VAN_CELESTIAN</Data></Cell>
    <Cell><Data ss:Type="String">NAME</Data></Cell>
    <Cell><Data ss:Type="String">Nicole Crustus</Data></Cell>
    <Cell ss:Index="5"><Data ss:Type="String">Female</Data></Cell>
   </Row>
   <Row ss:AutoFitHeight="0">
    <Cell><Data ss:Type="String">SPEAKER_CHARACTER_KIR01_AMA_VOIDTECH</Data></Cell>
    <Cell><Data ss:Type="String">NAME</Data></Cell>
    <Cell><Data ss:Type="String">{MSTR_AMAZON_VOIDTECH_LEADER_NAME}</Data></Cell>
    <Cell ss:Index="5"><Data ss:Type="String">DO NOT LOCALIZE</Data></Cell>
   </Row>
   <Row ss:AutoFitHeight="0">
    <Cell><Data ss:Type="String">MSTR_AMAZON_VOIDTECH_LEADER_NAME_DEFAULT</Data></Cell>
    <Cell><Data ss:Type="String">NAME</Data></Cell>
    <Cell><Data ss:Type="String">Raxonee Alara</Data></Cell>
    <Cell ss:Index="5"><Data ss:Type="String">Female</Data></Cell>
   </Row>
   <Row ss:AutoFitHeight="0">
    <Cell><Data ss:Type="String">MSTR_AMAZON_VOIDTECH_LEADER_NAME_UPDATE</Data></Cell>
    <Cell><Data ss:Type="String">NAME</Data></Cell>
    <Cell><Data ss:Type="String">Uljana Firpakko</Data></Cell>
    <Cell ss:Index="5"><Data ss:Type="String">Female</Data></Cell>
   </Row>
   <Row ss:AutoFitHeight="0">
    <Cell><Data ss:Type="String">SPEAKER_CHARACTER_KIR02_AMA</Data></Cell>
    <Cell><Data ss:Type="String">NAME</Data></Cell>
    <Cell><Data ss:Type="String">Zarai Loreg</Data></Cell>
    <Cell ss:Index="5"><Data ss:Type="String">Female</Data></Cell>
   </Row>
   <Row ss:AutoFitHeight="0">
    <Cell><Data ss:Type="String">SPEAKER_CHARACTER_KIR02_KIR</Data></Cell>
    <Cell><Data ss:Type="String">NAME</Data></Cell>
    <Cell><Data ss:Type="String">Cekto Xa'to</Data></Cell>
    <Cell ss:Index="5"><Data ss:Type="String">Female</Data></Cell>
   </Row>
   <Row ss:AutoFitHeight="0">
    <Cell><Data ss:Type="String">SPEAKER_CHARACTER_KIR02_VAN</Data></Cell>
    <Cell><Data ss:Type="String">NAME</Data></Cell>
    <Cell><Data ss:Type="String">Nikael Gorodin</Data></Cell>
    <Cell ss:Index="5"><Data ss:Type="String">Male</Data></Cell>
   </Row>
   <Row ss:AutoFitHeight="0">
    <Cell><Data ss:Type="String">SPEAKER_CHARACTER_KIR02_SYN</Data></Cell>
    <Cell><Data ss:Type="String">NAME</Data></Cell>
    <Cell><Data ss:Type="String">Rebas Suntoro</Data></Cell>
    <Cell ss:Index="5"><Data ss:Type="String">Male</Data></Cell>
   </Row>
   <Row ss:AutoFitHeight="0">
    <Cell><Data ss:Type="String">SPEAKER_CHARACTER_KIR02_KIR_HERO</Data></Cell>
    <Cell><Data ss:Type="String">NAME</Data></Cell>
    <Cell><Data ss:Type="String">Merrin Gau'Hu</Data></Cell>
    <Cell ss:Index="5"><Data ss:Type="String">Male</Data></Cell>
   </Row>
   <Row ss:AutoFitHeight="0">
    <Cell><Data ss:Type="String">SPEAKER_CHARACTER_KORVIN_ZHELEZO</Data></Cell>
    <Cell><Data ss:Type="String">NAME</Data></Cell>
    <Cell><Data ss:Type="String">{STR_LeaderName_KORVIN_ZHELEZO}</Data></Cell>
    <Cell ss:Index="5"><Data ss:Type="String">DO NOT LOCALIZE</Data></Cell>
   </Row>
   <Row ss:AutoFitHeight="0">
    <Cell><Data ss:Type="String">SPEAKER_CHARACTER_DRAGAN_VOSS</Data></Cell>
    <Cell><Data ss:Type="String">NAME</Data></Cell>
    <Cell><Data ss:Type="String">Dragan Voss</Data></Cell>
    <Cell ss:Index="5"><Data ss:Type="String">Male</Data></Cell>
   </Row>
   <Row ss:AutoFitHeight="0">
    <Cell><Data ss:Type="String">SPEAKER_CHARACTER_INESSA_ZHELEZO</Data></Cell>
    <Cell><Data ss:Type="String">NAME</Data></Cell>
    <Cell><Data ss:Type="String">Inessa Zhelezo</Data></Cell>
    <Cell ss:Index="5"><Data ss:Type="String">Female</Data></Cell>
   </Row>
   <Row ss:AutoFitHeight="0">
    <Cell><Data ss:Type="String">SPEAKER_CHARACTER_VALODNY_RASSVET</Data></Cell>
    <Cell><Data ss:Type="String">NAME</Data></Cell>
    <Cell><Data ss:Type="String">Valodny Rassvet</Data></Cell>
    <Cell ss:Index="5"><Data ss:Type="String">Male</Data></Cell>
   </Row>
   <Row ss:AutoFitHeight="0">
    <Cell><Data ss:Type="String">SPEAKER_CHARACTER_MEPHILAS_THE_REDEEMER</Data></Cell>
    <Cell><Data ss:Type="String">NAME</Data></Cell>
    <Cell><Data ss:Type="String">Mephilas, o Redentor</Data></Cell>
    <Cell ss:Index="5"><Data ss:Type="String">Male</Data></Cell>
   </Row>
   <Row ss:AutoFitHeight="0">
    <Cell><Data ss:Type="String">SPEAKER_CHARACTER_MALAI_ANTARES</Data></Cell>
    <Cell><Data ss:Type="String">NAME</Data></Cell>
    <Cell><Data ss:Type="String">Malai da Casa Antares</Data></Cell>
    <Cell ss:Index="5"><Data ss:Type="String">Female</Data></Cell>
   </Row>
   <Row ss:AutoFitHeight="0">
    <Cell><Data ss:Type="String">SPEAKER_CHARACTER_MORDECHAI_ANTARES</Data></Cell>
    <Cell><Data ss:Type="String">NAME</Data></Cell>
    <Cell><Data ss:Type="String">Mordechai da Casa Antares</Data></Cell>
    <Cell ss:Index="5"><Data ss:Type="String">Male</Data></Cell>
   </Row>
   <Row ss:AutoFitHeight="0">
    <Cell><Data ss:Type="String">SPEAKER_CHARACTER_DVAR_ZHELEZO_FOREMAN</Data></Cell>
    <Cell><Data ss:Type="String">NAME</Data></Cell>
    <Cell><Data ss:Type="String">Encarregado Zhelezo</Data></Cell>
   </Row>
   <Row ss:AutoFitHeight="0">
    <Cell><Data ss:Type="String">SPEAKER_CHARACTER_MALICTOR</Data></Cell>
    <Cell><Data ss:Type="String">NAME</Data></Cell>
    <Cell><Data ss:Type="String">Malictor</Data></Cell>
   </Row>
   <Row ss:AutoFitHeight="0">
    <Cell><Data ss:Type="String">SPEAKER_CHARACTER_AMA01_FRANK_VANCE</Data></Cell>
    <Cell><Data ss:Type="String">NAME</Data></Cell>
    <Cell><Data ss:Type="String">Frank Vance</Data></Cell>
    <Cell ss:Index="5"><Data ss:Type="String">Male</Data></Cell>
   </Row>
   <Row ss:AutoFitHeight="0">
    <Cell><Data ss:Type="String">SPEAKER_CHARACTER_AMA01_KIRI</Data></Cell>
    <Cell><Data ss:Type="String">NAME</Data></Cell>
    <Cell><Data ss:Type="String">Kiri Uz'Kol</Data></Cell>
    <Cell ss:Index="5"><Data ss:Type="String">Female</Data></Cell>
   </Row>
   <Row ss:AutoFitHeight="0">
    <Cell><Data ss:Type="String">SPEAKER_CHARACTER_AMA01_CREUSA_OF_ORAN</Data></Cell>
    <Cell><Data ss:Type="String">NAME</Data></Cell>
    <Cell><Data ss:Type="String">Creusa de Oran</Data></Cell>
    <Cell ss:Index="5"><Data ss:Type="String">Female</Data></Cell>
   </Row>
   <Row ss:AutoFitHeight="0">
    <Cell><Data ss:Type="String">SPEAKER_CHARACTER_AMA01_MAHINA</Data></Cell>
    <Cell><Data ss:Type="String">NAME</Data></Cell>
    <Cell><Data ss:Type="String">{STR_LeaderName}</Data></Cell>
    <Cell ss:Index="5"><Data ss:Type="String">DO NOT LOCALIZE</Data></Cell>
   </Row>
   <Row ss:AutoFitHeight="0">
    <Cell><Data ss:Type="String">SPEAKER_CHARACTER_AMA02_REFUGEES</Data></Cell>
    <Cell><Data ss:Type="String">NAME</Data></Cell>
    <Cell><Data ss:Type="String">Refugiados</Data></Cell>
   </Row>
   <Row ss:AutoFitHeight="0">
    <Cell><Data ss:Type="String">SPEAKER_CHARACTER_AMA02_SAPPHO</Data></Cell>
    <Cell><Data ss:Type="String">NAME</Data></Cell>
    <Cell><Data ss:Type="String">Sappho Tori</Data></Cell>
    <Cell ss:Index="5"><Data ss:Type="String">Female</Data></Cell>
   </Row>
   <Row ss:AutoFitHeight="0">
    <Cell><Data ss:Type="String">SPEAKER_CHARACTER_AMA02_FEMITA</Data></Cell>
    <Cell><Data ss:Type="String">NAME</Data></Cell>
    <Cell><Data ss:Type="String">{MSTR_SYNDICATE_XENOPLAGUE_LEADER_NAME}</Data></Cell>
    <Cell ss:Index="5"><Data ss:Type="String">DO NOT LOCALIZE</Data></Cell>
   </Row>
   <Row ss:AutoFitHeight="0">
    <Cell><Data ss:Type="String">MSTR_SYNDICATE_XENOPLAGUE_LEADER_NAME_DEFAULT</Data></Cell>
    <Cell><Data ss:Type="String">NAME</Data></Cell>
    <Cell><Data ss:Type="String">Femita Abaz</Data></Cell>
    <Cell ss:Index="5"><Data ss:Type="String">Female</Data></Cell>
   </Row>
   <Row ss:AutoFitHeight="0">
    <Cell><Data ss:Type="String">MSTR_SYNDICATE_XENOPLAGUE_LEADER_NAME_UPDATE</Data></Cell>
    <Cell><Data ss:Type="String">NAME</Data></Cell>
    <Cell><Data ss:Type="String">Nyla Abaz</Data></Cell>
    <Cell ss:Index="5"><Data ss:Type="String">Female</Data></Cell>
   </Row>
   <Row ss:AutoFitHeight="0">
    <Cell><Data ss:Type="String">SPEAKER_CHARACTER_AMA02_BERHANE</Data></Cell>
    <Cell><Data ss:Type="String">NAME</Data></Cell>
    <Cell><Data ss:Type="String">Berhane Katla</Data></Cell>
    <Cell ss:Index="5"><Data ss:Type="String">Female</Data></Cell>
   </Row>
   <Row ss:AutoFitHeight="0">
    <Cell><Data ss:Type="String">SPEAKER_CHARACTER_AMA02_JIKUKU</Data></Cell>
    <Cell><Data ss:Type="String">NAME</Data></Cell>
    <Cell><Data ss:Type="String">{MSTR_KIRKO_SYNTHESIS_LEADER_NAME}</Data></Cell>
    <Cell ss:Index="5"><Data ss:Type="String">DO NOT LOCALIZE</Data></Cell>
   </Row>
   <Row ss:AutoFitHeight="0">
    <Cell><Data ss:Type="String">MSTR_KIRKO_SYNTHESIS_LEADER_NAME_DEFAULT</Data></Cell>
    <Cell><Data ss:Type="String">NAME</Data></Cell>
    <Cell><Data ss:Type="String">Jikuku Cos'Rax</Data></Cell>
    <Cell ss:Index="5"><Data ss:Type="String">Male</Data></Cell>
   </Row>
   <Row ss:AutoFitHeight="0">
    <Cell><Data ss:Type="String">MSTR_KIRKO_SYNTHESIS_LEADER_NAME_UPDATE_01</Data></Cell>
    <Cell><Data ss:Type="String">NAME</Data></Cell>
    <Cell><Data ss:Type="String">Tiri Cos'Rax</Data></Cell>
    <Cell ss:Index="5"><Data ss:Type="String">Female</Data></Cell>
   </Row>
   <Row ss:AutoFitHeight="0">
    <Cell><Data ss:Type="String">MSTR_KIRKO_SYNTHESIS_LEADER_NAME_UPDATE_02</Data></Cell>
    <Cell><Data ss:Type="String">NAME</Data></Cell>
    <Cell><Data ss:Type="String">Roto Cos'Rax</Data></Cell>
    <Cell ss:Index="5"><Data ss:Type="String">Male</Data></Cell>
   </Row>
   <Row ss:AutoFitHeight="0">
    <Cell><Data ss:Type="String">SPEAKER_CHARACTER_YURIY_FRANKOV_DVA</Data></Cell>
    <Cell><Data ss:Type="String">NAME</Data></Cell>
    <Cell><Data ss:Type="String">Yuriy Frankov</Data></Cell>
    <Cell ss:Index="5"><Data ss:Type="String">Male</Data></Cell>
   </Row>
   <Row ss:AutoFitHeight="0">
    <Cell><Data ss:Type="String">SPEAKER_CHARACTER_AMA02_CALLIOPE</Data></Cell>
    <Cell><Data ss:Type="String">NAME</Data></Cell>
    <Cell><Data ss:Type="String">Calliope Songsworn</Data></Cell>
    <Cell ss:Index="5"><Data ss:Type="String">Female</Data></Cell>
   </Row>
   <Row ss:AutoFitHeight="0">
    <Cell><Data ss:Type="String">SPEAKER_CHARACTER_AMA02_DIDO</Data></Cell>
    <Cell><Data ss:Type="String">NAME</Data></Cell>
    <Cell><Data ss:Type="String">Dido Sky-Seer</Data></Cell>
    <Cell ss:Index="5"><Data ss:Type="String">Female</Data></Cell>
   </Row>
   <Row ss:AutoFitHeight="0">
    <Cell><Data ss:Type="String">SPEAKER_CHARACTER_AMAZON</Data></Cell>
    <Cell><Data ss:Type="String">NAME</Data></Cell>
    <Cell><Data ss:Type="String">Caçadora Amazona</Data></Cell>
    <Cell ss:Index="5"><Data ss:Type="String">Female</Data></Cell>
   </Row>
   <Row ss:AutoFitHeight="0">
    <Cell><Data ss:Type="String">SPEAKER_CHARACTER_PSIFISH</Data></Cell>
    <Cell><Data ss:Type="String">NAME</Data></Cell>
    <Cell><Data ss:Type="String">Psi-Peixe</Data></Cell>
    <Cell ss:Index="5"><Data ss:Type="String">NPC Faction name, no gender</Data></Cell>
   </Row>
   <Row ss:AutoFitHeight="0">
    <Cell><Data ss:Type="String">SPEAKER_CHARACTER_CLAUDIUS_PROTON</Data></Cell>
    <Cell><Data ss:Type="String">NAME</Data></Cell>
    <Cell><Data ss:Type="String">Claudius Proton</Data></Cell>
    <Cell ss:Index="5"><Data ss:Type="String">Male</Data></Cell>
   </Row>
   <Row ss:AutoFitHeight="0">
    <Cell><Data ss:Type="String">SPEAKER_CHARACTER_BROXA_4</Data></Cell>
    <Cell><Data ss:Type="String">NAME</Data></Cell>
    <Cell><Data ss:Type="String">6R0XA-4</Data></Cell>
    <Cell ss:Index="5"><Data ss:Type="String">Female</Data></Cell>
   </Row>
   <Row ss:AutoFitHeight="0">
    <Cell><Data ss:Type="String">SPEAKER_CHARACTER_SHAWN_83</Data></Cell>
    <Cell><Data ss:Type="String">NAME</Data></Cell>
    <Cell><Data ss:Type="String">S96AWN-83</Data></Cell>
    <Cell ss:Index="5"><Data ss:Type="String">Male</Data></Cell>
   </Row>
   <Row ss:AutoFitHeight="0">
    <Cell><Data ss:Type="String">SPEAKER_CHARACTER_TIANNE</Data></Cell>
    <Cell><Data ss:Type="String">NAME</Data></Cell>
    <Cell><Data ss:Type="String">T1ANN3</Data></Cell>
    <Cell ss:Index="5"><Data ss:Type="String">Female</Data></Cell>
   </Row>
   <Row ss:AutoFitHeight="0">
    <Cell><Data ss:Type="String">SPEAKER_CHARACTER_THE_GROWTH</Data></Cell>
    <Cell><Data ss:Type="String">NAME</Data></Cell>
    <Cell><Data ss:Type="String">O Crescimento</Data></Cell>
    <Cell ss:Index="5"><Data ss:Type="String">NPC Faction name, no gender</Data></Cell>
   </Row>
   <Row ss:AutoFitHeight="0">
    <Cell><Data ss:Type="String">SPEAKER_CHARACTER_LOGEN</Data></Cell>
    <Cell><Data ss:Type="String">NAME</Data></Cell>
    <Cell><Data ss:Type="String">L0G3N-1</Data></Cell>
    <Cell ss:Index="5"><Data ss:Type="String">Male</Data></Cell>
   </Row>
   <Row ss:AutoFitHeight="0">
    <Cell><Data ss:Type="String">SPEAKER_CHARACTER_LEYLA_ISMAIL</Data></Cell>
    <Cell><Data ss:Type="String">NAME</Data></Cell>
    <Cell><Data ss:Type="String">Leyla da Casa Izmal</Data></Cell>
    <Cell ss:Index="5"><Data ss:Type="String">Female</Data></Cell>
   </Row>
   <Row ss:AutoFitHeight="0">
    <Cell><Data ss:Type="String">SPEAKER_CHARACTER_RITA</Data></Cell>
    <Cell><Data ss:Type="String">NAME</Data></Cell>
    <Cell><Data ss:Type="String">Dema Qujen</Data></Cell>
    <Cell ss:Index="5"><Data ss:Type="String">Female</Data></Cell>
   </Row>
   <Row ss:AutoFitHeight="0">
    <Cell><Data ss:Type="String">SPEAKER_CHARACTER_SYNDICATE_MAIN_PLAYER</Data></Cell>
    <Cell><Data ss:Type="String">NAME</Data></Cell>
    <Cell><Data ss:Type="String">{STR_LeaderName}</Data></Cell>
    <Cell ss:Index="5"><Data ss:Type="String">DO NOT LOCALIZE</Data></Cell>
   </Row>
   <Row ss:AutoFitHeight="0">
    <Cell><Data ss:Type="String">SPEAKER_CHARACTER_SYN01_VAN</Data></Cell>
    <Cell><Data ss:Type="String">NAME</Data></Cell>
    <Cell><Data ss:Type="String">Adam McKinley</Data></Cell>
    <Cell ss:Index="5"><Data ss:Type="String">Male</Data></Cell>
   </Row>
   <Row ss:AutoFitHeight="0">
    <Cell><Data ss:Type="String">SPEAKER_CHARACTER_SYN01_SYN</Data></Cell>
    <Cell><Data ss:Type="String">NAME</Data></Cell>
    <Cell><Data ss:Type="String">Dali Ardelli</Data></Cell>
    <Cell ss:Index="5"><Data ss:Type="String">Male</Data></Cell>
   </Row>
   <Row ss:AutoFitHeight="0">
    <Cell><Data ss:Type="String">SPEAKER_CHARACTER_SYN01_ASS</Data></Cell>
    <Cell><Data ss:Type="String">NAME</Data></Cell>
    <Cell><Data ss:Type="String">Azer Starg</Data></Cell>
    <Cell ss:Index="5"><Data ss:Type="String">Male</Data></Cell>
   </Row>
   <Row ss:AutoFitHeight="0">
    <Cell><Data ss:Type="String">SPEAKER_CHARACTER_SYN01_ZUL_NADJIAN</Data></Cell>
    <Cell><Data ss:Type="String">NAME</Data></Cell>
    <Cell><Data ss:Type="String">Zul Nadjian</Data></Cell>
    <Cell ss:Index="5"><Data ss:Type="String">Male</Data></Cell>
   </Row>
   <Row ss:AutoFitHeight="0">
    <Cell><Data ss:Type="String">SPEAKER_CHARACTER_SYN01_ZUL_RAEL</Data></Cell>
    <Cell><Data ss:Type="String">NAME</Data></Cell>
    <Cell><Data ss:Type="String">Ara'rael</Data></Cell>
    <Cell ss:Index="5"><Data ss:Type="String">Male</Data></Cell>
   </Row>
   <Row ss:AutoFitHeight="0">
    <Cell><Data ss:Type="String">SPEAKER_CHARACTER_AYA</Data></Cell>
    <Cell><Data ss:Type="String">NAME</Data></Cell>
    <Cell><Data ss:Type="String">Aya Sashimoto</Data></Cell>
    <Cell ss:Index="5"><Data ss:Type="String">Female</Data></Cell>
   </Row>
   <Row ss:AutoFitHeight="0">
    <Cell><Data ss:Type="String">SPEAKER_CHARACTER_ARON</Data></Cell>
    <Cell><Data ss:Type="String">NAME</Data></Cell>
    <Cell><Data ss:Type="String">Aron Ardelli</Data></Cell>
    <Cell ss:Index="5"><Data ss:Type="String">Male</Data></Cell>
   </Row>
   <Row ss:AutoFitHeight="0">
    <Cell><Data ss:Type="String">SPEAKER_CHARACTER_ELJENA</Data></Cell>
    <Cell><Data ss:Type="String">NAME</Data></Cell>
    <Cell><Data ss:Type="String">Eljena Chirkov</Data></Cell>
    <Cell ss:Index="5"><Data ss:Type="String">Male</Data></Cell>
   </Row>
   <Row ss:AutoFitHeight="0">
    <Cell><Data ss:Type="String">SPEAKER_CHARACTER_ZHANNA_TSERBER</Data></Cell>
    <Cell><Data ss:Type="String">NAME</Data></Cell>
    <Cell><Data ss:Type="String">Zhanna Tserber</Data></Cell>
    <Cell ss:Index="5"><Data ss:Type="String">Female</Data></Cell>
   </Row>
   <Row ss:AutoFitHeight="0">
    <Cell><Data ss:Type="String">SPEAKER_CHARACTER_INESSA_ZHELEZO_LEADER</Data></Cell>
    <Cell><Data ss:Type="String">NAME</Data></Cell>
    <Cell><Data ss:Type="String">{STR_LeaderName}</Data></Cell>
    <Cell ss:Index="5"><Data ss:Type="String">The player character, can be either male or female.</Data></Cell>
   </Row>
   <Row ss:AutoFitHeight="0" ss:Height="30">
    <Cell><Data ss:Type="String">SPEAKER_CHARACTER_KORVIN_ZHELEZO_HERO</Data></Cell>
    <Cell><Data ss:Type="String">NAME</Data></Cell>
    <Cell><Data ss:Type="String">{MSTR_DVAR02_KORVIN_FIRST_NAME} {MSTR_DVAR02_KORVIN_LAST_NAME}</Data></Cell>
    <Cell ss:Index="5"><Data ss:Type="String">DO NOT LOCALIZE</Data></Cell>
   </Row>
   <Row ss:AutoFitHeight="0">
    <Cell><Data ss:Type="String">SPEAKER_CHARACTER_KELSHANA_LATISIAK</Data></Cell>
    <Cell><Data ss:Type="String">NAME</Data></Cell>
    <Cell><Data ss:Type="String">Kelshana Latisiak</Data></Cell>
    <Cell ss:Index="5"><Data ss:Type="String">Female</Data></Cell>
   </Row>
   <Row ss:AutoFitHeight="0">
    <Cell><Data ss:Type="String">SPEAKER_CHARACTER_EMPRESS_CARMINIA</Data></Cell>
    <Cell><Data ss:Type="String">NAME</Data></Cell>
    <Cell><Data ss:Type="String">Imperatriz Carminia</Data></Cell>
    <Cell ss:Index="5"><Data ss:Type="String">Female</Data></Cell>
   </Row>
   <Row ss:AutoFitHeight="0">
    <Cell><Data ss:Type="String">SPEAKER_CHARACTER_CORE</Data></Cell>
    <Cell><Data ss:Type="String">NAME</Data></Cell>
    <Cell><Data ss:Type="String">C.O.R.E.</Data></Cell>
    <Cell ss:Index="5"><Data ss:Type="String">AI computer, genderless</Data></Cell>
   </Row>
   <Row ss:AutoFitHeight="0">
    <Cell><Data ss:Type="String">SPEAKER_CHARACTER_PLAYER_CHARACTER_FULL</Data></Cell>
    <Cell><Data ss:Type="String">NAME</Data></Cell>
    <Cell><Data ss:Type="String">{STR_LeaderName}</Data></Cell>
    <Cell ss:Index="5"><Data ss:Type="String">DO NOT LOCALIZE </Data></Cell>
   </Row>
   <Row ss:AutoFitHeight="0">
    <Cell><Data ss:Type="String">SPEAKER_CHARACTER_PLAYER_CHARACTER_FIRST</Data></Cell>
    <Cell><Data ss:Type="String">NAME</Data></Cell>
    <Cell><Data ss:Type="String">{STR_LeaderFirstName}</Data></Cell>
    <Cell ss:Index="5"><Data ss:Type="String">DO NOT LOCALIZE</Data></Cell>
   </Row>
   <Row ss:AutoFitHeight="0">
    <Cell><Data ss:Type="String">SPEAKER_CHARACTER_AUTONOM_NETWORK</Data></Cell>
    <Cell><Data ss:Type="String">NAME</Data></Cell>
    <Cell><Data ss:Type="String">Rede Autônoma</Data></Cell>
   </Row>
   <Row ss:AutoFitHeight="0">
    <Cell><Data ss:Type="String">SPEAKER_CHARACTER_ASSEMBLY_ABOMINATION</Data></Cell>
    <Cell><Data ss:Type="String">NAME</Data></Cell>
    <Cell><Data ss:Type="String">Abominação Assembly</Data></Cell>
   </Row>
   <Row ss:AutoFitHeight="0">
    <Cell><Data ss:Type="String">SPEAKER_CHARACTER_UNKNOWN_CREATURE</Data></Cell>
    <Cell><Data ss:Type="String">NAME</Data></Cell>
    <Cell><Data ss:Type="String">Criatura Desconhecida</Data></Cell>
   </Row>
   <Row ss:AutoFitHeight="0">
    <Cell><Data ss:Type="String">SPEAKER_CHARACTER_FREED_KIRKO</Data></Cell>
    <Cell><Data ss:Type="String">NAME</Data></Cell>
    <Cell><Data ss:Type="String">Kir'Ko Libertado</Data></Cell>
   </Row>
   <Row ss:AutoFitHeight="0">
    <Cell><Data ss:Type="String">SPEAKER_CHARACTER_KIRKO_SWARM</Data></Cell>
    <Cell><Data ss:Type="String">NAME</Data></Cell>
    <Cell><Data ss:Type="String">Enxame Kir'Ko</Data></Cell>
   </Row>
   <Row ss:AutoFitHeight="0">
    <Cell><Data ss:Type="String">SPEAKER_CHARACTER_MYSTERIOUS_VOICE</Data></Cell>
    <Cell><Data ss:Type="String">NAME</Data></Cell>
    <Cell><Data ss:Type="String">Voz Misteriosa</Data></Cell>
   </Row>
   <Row ss:AutoFitHeight="0">
    <Cell><Data ss:Type="String">SPEAKER_CHARACTER_EMPEROR_THOLIAN</Data></Cell>
    <Cell><Data ss:Type="String">NAME</Data></Cell>
    <Cell><Data ss:Type="String">Imperador Tholian</Data></Cell>
    <Cell ss:Index="5"><Data ss:Type="String">Male</Data></Cell>
   </Row>
   <Row ss:AutoFitHeight="0">
    <Cell><Data ss:Type="String">SPEAKER_CHARACTER_ASSEMBLY_INSPECTOR</Data></Cell>
    <Cell><Data ss:Type="String">NAME</Data></Cell>
    <Cell><Data ss:Type="String">Inspetor Assembly</Data></Cell>
   </Row>
   <Row ss:AutoFitHeight="0">
    <Cell><Data ss:Type="String">SPEAKER_CHARACTER_AUTONOM</Data></Cell>
    <Cell><Data ss:Type="String">NAME</Data></Cell>
    <Cell><Data ss:Type="String">Autonom</Data></Cell>
   </Row>
   <Row ss:AutoFitHeight="0">
    <Cell><Data ss:Type="String">SPEAKER_CHARACTER_ASSEMBLY_HACKER</Data></Cell>
    <Cell><Data ss:Type="String">NAME</Data></Cell>
    <Cell><Data ss:Type="String">Hacker</Data></Cell>
   </Row>
   <Row ss:AutoFitHeight="0">
    <Cell><Data ss:Type="String">SPEAKER_CHARACTER_CHAX_UZ_KOL</Data></Cell>
    <Cell><Data ss:Type="String">NAME</Data></Cell>
    <Cell><Data ss:Type="String">Chax Uz'Kol</Data></Cell>
    <Cell ss:Index="5"><Data ss:Type="String">Male</Data></Cell>
   </Row>
   <Row ss:AutoFitHeight="0">
    <Cell><Data ss:Type="String">SPEAKER_CHARACTER_ASSEMBLY_VORPAL_SNIPER</Data></Cell>
    <Cell><Data ss:Type="String">NAME</Data></Cell>
    <Cell><Data ss:Type="String">Atirador Vorpal Assembly</Data></Cell>
   </Row>
   <Row ss:AutoFitHeight="0">
    <Cell><Data ss:Type="String">SPEAKER_CHARACTER_ASSEMBLY_REVERSE_ENGINEER</Data></Cell>
    <Cell><Data ss:Type="String">NAME</Data></Cell>
    <Cell><Data ss:Type="String">Engenheiro Reverso da Assembly</Data></Cell>
   </Row>
   <Row ss:AutoFitHeight="0">
    <Cell><Data ss:Type="String">SPEAKER_CHARACTER_SELIA_VARJU</Data></Cell>
    <Cell><Data ss:Type="String">NAME</Data></Cell>
    <Cell><Data ss:Type="String">Selia Varju</Data></Cell>
    <Cell ss:Index="5"><Data ss:Type="String">Female</Data></Cell>
   </Row>
   <Row ss:AutoFitHeight="0">
    <Cell><Data ss:Type="String">SPEAKER_CHARACTER_IVIAN_DRIMUZ</Data></Cell>
    <Cell><Data ss:Type="String">NAME</Data></Cell>
    <Cell><Data ss:Type="String">Ivian Drimuz</Data></Cell>
    <Cell ss:Index="5"><Data ss:Type="String">Male</Data></Cell>
   </Row>
   <Row ss:AutoFitHeight="0">
    <Cell><Data ss:Type="String">SPEAKER_CHARACTER_JEWAL_GRUVICH</Data></Cell>
    <Cell><Data ss:Type="String">NAME</Data></Cell>
    <Cell><Data ss:Type="String">Jewal Gruvich</Data></Cell>
    <Cell ss:Index="5"><Data ss:Type="String">Male</Data></Cell>
   </Row>
   <Row ss:AutoFitHeight="0">
    <Cell><Data ss:Type="String">SPEAKER_CHARACTER_SHADOW_POZ_TK_NOR</Data></Cell>
    <Cell><Data ss:Type="String">NAME</Data></Cell>
    <Cell><Data ss:Type="String">Voz Sinistra</Data></Cell>
    <Cell ss:Index="5"><Data ss:Type="String">Male</Data></Cell>
   </Row>
   <Row ss:AutoFitHeight="0">
    <Cell><Data ss:Type="String">SPEAKER_CHARACTER_VANGUARD_REFUGEES</Data></Cell>
    <Cell><Data ss:Type="String">NAME</Data></Cell>
    <Cell><Data ss:Type="String">Refugiados da Vanguard</Data></Cell>
   </Row>
   <Row ss:Index="126" ss:AutoFitHeight="0">
    <Cell><Data ss:Type="String">BUTTON_LABEL_OK</Data></Cell>
    <Cell><Data ss:Type="String">NAME</Data></Cell>
    <Cell><Data ss:Type="String">Ok</Data></Cell>
   </Row>
   <Row ss:AutoFitHeight="0">
    <Cell><Data ss:Type="String">BUTTON_LABEL_NEXT</Data></Cell>
    <Cell><Data ss:Type="String">NAME</Data></Cell>
    <Cell><Data ss:Type="String">Próximo</Data></Cell>
   </Row>
   <Row ss:AutoFitHeight="0">
    <Cell><Data ss:Type="String">BUTTON_LABEL_FINISH</Data></Cell>
    <Cell><Data ss:Type="String">NAME</Data></Cell>
    <Cell><Data ss:Type="String">Concluir</Data></Cell>
   </Row>
   <Row ss:Index="130" ss:AutoFitHeight="0">
    <Cell><Data ss:Type="String">BUTTON_MORE_OPTIONS</Data></Cell>
    <Cell><Data ss:Type="String">NAME</Data></Cell>
    <Cell><Data ss:Type="String">MAIS OPÇÕES</Data></Cell>
   </Row>
   <Row ss:AutoFitHeight="0">
    <Cell><Data ss:Type="String">BUTTON_BACK</Data></Cell>
    <Cell><Data ss:Type="String">NAME</Data></Cell>
    <Cell><Data ss:Type="String">VOLTAR</Data></Cell>
   </Row>
   <Row ss:Index="133" ss:AutoFitHeight="0">
    <Cell><Data ss:Type="String">TAPPELS_PRIMARY_MOD</Data></Cell>
    <Cell><Data ss:Type="String">NAME</Data></Cell>
    <Cell><Data ss:Type="String">Matriz de Personalidade PUG</Data></Cell>
    <Cell ss:Index="5"><Data ss:Type="String">PUG is the name of in-game unit.</Data></Cell>
   </Row>
   <Row ss:AutoFitHeight="0" ss:Height="75">
    <Cell><Data ss:Type="String">TAPPELS_PRIMARY_MOD</Data></Cell>
    <Cell><Data ss:Type="String">DESCRIPTION</Data></Cell>
    <Cell><Data ss:Type="String">Com formato de flor, este chip criado por Fang Jiang intensifica a natureza alegre de Tappels e concede a ele a [abilityblue]Aura de Moral Elevada[/abilityblue], que aumenta a moral de unidades Biológicas ou Ciborgues amigas adjacentes a Tappels em {TappelsHappinessBonus}.</Data></Cell>
    <Cell ss:Index="5"><Data ss:Type="String">Biological and Cyborg are in-game concepts.</Data></Cell>
   </Row>
   <Row ss:AutoFitHeight="0">
    <Cell><Data ss:Type="String">TAPPELS_PRIMARY_MOD</Data></Cell>
    <Cell><Data ss:Type="String">TYPE_DESCRIPTION</Data></Cell>
    <Cell><Data ss:Type="String">Este mod só pode ser equipado por Tappels.</Data></Cell>
    <Cell ss:Index="5"><Data ss:Type="String">Tappels is the name of the PUG.</Data></Cell>
   </Row>
   <Row ss:AutoFitHeight="0">
    <Cell><Data ss:Type="String">TAPPELS_PRIMARY_MOD_HIGH_MORALE_AURA</Data></Cell>
    <Cell><Data ss:Type="String">NAME</Data></Cell>
    <Cell><Data ss:Type="String">Aura de Moral Elevada</Data></Cell>
   </Row>
   <Row ss:AutoFitHeight="0" ss:Height="45">
    <Cell><Data ss:Type="String">TAPPELS_PRIMARY_MOD_HIGH_MORALE_AURA</Data></Cell>
    <Cell><Data ss:Type="String">DESCRIPTION</Data></Cell>
    <Cell><Data ss:Type="String">A natureza alegre de Tappel aumenta a moral de unidades Biológicas ou Ciborgues amigas adjacentes em {TappelsHappinessBonus}.</Data></Cell>
   </Row>
   <Row ss:AutoFitHeight="0">
    <Cell><Data ss:Type="String">TAPPELS_SECONDARY_MOD</Data></Cell>
    <Cell><Data ss:Type="String">NAME</Data></Cell>
    <Cell><Data ss:Type="String">Programa de Companheiro Reforçado</Data></Cell>
   </Row>
   <Row ss:AutoFitHeight="0">
    <Cell><Data ss:Type="String">TAPPELS_SECONDARY_MOD</Data></Cell>
    <Cell><Data ss:Type="String">DESCRIPTION</Data></Cell>
    <Cell><Data ss:Type="String">Tappels recebeu cuidados especiais durante sua construção.</Data></Cell>
   </Row>
   <Row ss:AutoFitHeight="0">
    <Cell><Data ss:Type="String">SYNDICATE_AGENT_PRIMARY_MOD</Data></Cell>
    <Cell><Data ss:Type="String">NAME</Data></Cell>
    <Cell><Data ss:Type="String">Dispositivo de Interligação de Agente do Syndicate</Data></Cell>
   </Row>
   <Row ss:AutoFitHeight="0">
    <Cell><Data ss:Type="String">SYNDICATE_AGENT_PRIMARY_MOD</Data></Cell>
    <Cell><Data ss:Type="String">DESCRIPTION</Data></Cell>
    <Cell><Data ss:Type="String">O propósito exato deste dispositivo é desconhecido…</Data></Cell>
   </Row>
   <Row ss:AutoFitHeight="0">
    <Cell><Data ss:Type="String">VAN01_PROMETHEAN_PURIFIER_TEMPLATE_NAME</Data></Cell>
    <Cell><Data ss:Type="String">NAME</Data></Cell>
    <Cell><Data ss:Type="String">Incinerador</Data></Cell>
   </Row>
   <Row ss:AutoFitHeight="0">
    <Cell><Data ss:Type="String">VAN01_HOUND_TEMPLATE_NAME</Data></Cell>
    <Cell><Data ss:Type="String">NAME</Data></Cell>
    <Cell><Data ss:Type="String">Feroz</Data></Cell>
   </Row>
   <Row ss:AutoFitHeight="0">
    <Cell><Data ss:Type="String">VAN01_HOPPERHOUND_TEMPLATE_NAME</Data></Cell>
    <Cell><Data ss:Type="String">NAME</Data></Cell>
    <Cell><Data ss:Type="String">Alfa</Data></Cell>
   </Row>
   <Row ss:AutoFitHeight="0">
    <Cell><Data ss:Type="String">VAN01_INFERNAL_WORM_TEMPLATE_NAME</Data></Cell>
    <Cell><Data ss:Type="String">NAME</Data></Cell>
    <Cell><Data ss:Type="String">Infernal</Data></Cell>
   </Row>
   <Row ss:AutoFitHeight="0">
    <Cell><Data ss:Type="String">VAN01_PARAGON_TEMPLATE_NAME</Data></Cell>
    <Cell><Data ss:Type="String">NAME</Data></Cell>
    <Cell><Data ss:Type="String">Veterano de Guerra</Data></Cell>
   </Row>
   <Row ss:AutoFitHeight="0">
    <Cell><Data ss:Type="String">VAN01_ELYSIUM_DROID_TEMPLATE_MALE_NAME</Data></Cell>
    <Cell><Data ss:Type="String">NAME</Data></Cell>
    <Cell><Data ss:Type="String">Guarda-costas</Data></Cell>
   </Row>
   <Row ss:AutoFitHeight="0">
    <Cell><Data ss:Type="String">ARBORIAN_SENTINEL_SECONDARY_MOD</Data></Cell>
    <Cell><Data ss:Type="String">NAME</Data></Cell>
    <Cell><Data ss:Type="String">Membrana de Absorção de Toxinas</Data></Cell>
   </Row>
   <Row ss:AutoFitHeight="0" ss:Height="45">
    <Cell><Data ss:Type="String">ARBORIAN_SENTINEL_SECONDARY_MOD</Data></Cell>
    <Cell><Data ss:Type="String">DESCRIPTION</Data></Cell>
    <Cell><Data ss:Type="String">Esta unidade foi geneticamente modificada para filtrar os químicos tóxicos do ambiente de Gardip XX. Ela ganha [abilityblue]Florestas Espontâneas[/abilityblue].</Data></Cell>
    <Cell ss:Index="5"><Data ss:Type="String">Gardip XX is the name of the planet</Data></Cell>
   </Row>
   <Row ss:AutoFitHeight="0">
    <Cell><Data ss:Type="String">ASS01_ARBORIAN_SENTINEL_TEMPLATE_NAME</Data></Cell>
    <Cell><Data ss:Type="String">NAME</Data></Cell>
    <Cell><Data ss:Type="String">Portador de Árvores</Data></Cell>
   </Row>
   <Row ss:AutoFitHeight="0">
    <Cell><Data ss:Type="String">JUNKYARD_KING_SECONDARY_MOD</Data></Cell>
    <Cell><Data ss:Type="String">NAME</Data></Cell>
    <Cell><Data ss:Type="String">Módulo de Processamento de Resíduos</Data></Cell>
   </Row>
   <Row ss:AutoFitHeight="0" ss:Height="45">
    <Cell><Data ss:Type="String">JUNKYARD_KING_SECONDARY_MOD</Data></Cell>
    <Cell><Data ss:Type="String">DESCRIPTION</Data></Cell>
    <Cell><Data ss:Type="String">Concede à unidade [abilityblue]Reconstrução Contínua[/abilityblue], garantindo à unidade uma {RegenHp} regeneração de vida.</Data></Cell>
   </Row>
   <Row ss:AutoFitHeight="0">
    <Cell><Data ss:Type="String">JUNKYARD_KING_PRIMARY_MOD</Data></Cell>
    <Cell><Data ss:Type="String">NAME</Data></Cell>
    <Cell><Data ss:Type="String">Construto Gargantuano</Data></Cell>
   </Row>
   <Row ss:AutoFitHeight="0" ss:Height="45">
    <Cell><Data ss:Type="String">JUNKYARD_KING_PRIMARY_MOD</Data></Cell>
    <Cell><Data ss:Type="String">DESCRIPTION</Data></Cell>
    <Cell><Data ss:Type="String">Esta unidade é consideravelmente maior e mais resistente que outras de seu tipo. Ela ganha {GargantuanhealthBonus} e {GargantuanArmorBonus}.</Data></Cell>
   </Row>
   <Row ss:AutoFitHeight="0">
    <Cell><Data ss:Type="String">JUNKYARD_KING_CONSTANT_REASSEMBLY</Data></Cell>
    <Cell><Data ss:Type="String">NAME</Data></Cell>
    <Cell><Data ss:Type="String">Reconstrução Contínua</Data></Cell>
   </Row>
   <Row ss:AutoFitHeight="0" ss:Height="60">
    <Cell><Data ss:Type="String">JUNKYARD_KING_CONSTANT_REASSEMBLY</Data></Cell>
    <Cell><Data ss:Type="String">DESCRIPTION</Data></Cell>
    <Cell><Data ss:Type="String">Esta unidade usa as abundantes peças de sucata em Gardip XX para se reconstruir constantemente. Ela regenera {ConstantReassemblyhealthRegeneration} a cada turno em combate.</Data></Cell>
   </Row>
   <Row ss:AutoFitHeight="0">
    <Cell><Data ss:Type="String">ASS01_JUNKYARD_KING_TEMPLATE_NAME</Data></Cell>
    <Cell><Data ss:Type="String">NAME</Data></Cell>
    <Cell><Data ss:Type="String">"Rei do Ferro-Velho"</Data></Cell>
   </Row>
   <Row ss:AutoFitHeight="0">
    <Cell><Data ss:Type="String">CLOAKING_DEVICE_THIEF_SECONDARY_MOD</Data></Cell>
    <Cell><Data ss:Type="String">NAME</Data></Cell>
    <Cell><Data ss:Type="String">Projetor de Instabilidade Portátil</Data></Cell>
   </Row>
   <Row ss:AutoFitHeight="0" ss:Height="60">
    <Cell><Data ss:Type="String">CLOAKING_DEVICE_THIEF_SECONDARY_MOD</Data></Cell>
    <Cell><Data ss:Type="String">DESCRIPTION</Data></Cell>
    <Cell><Data ss:Type="String">Gera um campo que distorce a realidade ao redor da unidade, concedendo-lhe camuflagem universal. No entanto, como o dispositivo é altamente instável, a unidade precisa se mover em velocidade muito lenta.</Data></Cell>
   </Row>
   <Row ss:AutoFitHeight="0">
    <Cell><Data ss:Type="String">ASS01_CLOAKING_DEVICE_THIEF_TEMPLATE_NAME</Data></Cell>
    <Cell><Data ss:Type="String">NAME</Data></Cell>
    <Cell><Data ss:Type="String" x:Ticked="1">"Vlad, o Ladrão"</Data></Cell>
   </Row>
   <Row ss:AutoFitHeight="0">
    <Cell><Data ss:Type="String">DVR01_OLD_THANE_TEMPLATE_NAME</Data></Cell>
    <Cell><Data ss:Type="String">NAME</Data></Cell>
    <Cell><Data ss:Type="String">"Velho Thane"</Data></Cell>
   </Row>
   <Row ss:AutoFitHeight="0">
    <Cell><Data ss:Type="String">AMA01_INFECTED_TEMPLATE_NAME</Data></Cell>
    <Cell><Data ss:Type="String">NAME</Data></Cell>
    <Cell><Data ss:Type="String">Infectado</Data></Cell>
   </Row>
   <Row ss:AutoFitHeight="0">
    <Cell><Data ss:Type="String">AMA02_XENO_AMAZON_TEMPLATE_NAME</Data></Cell>
    <Cell><Data ss:Type="String">NAME</Data></Cell>
    <Cell><Data ss:Type="String">Proto-Xeno-Amazona</Data></Cell>
   </Row>
   <Row ss:AutoFitHeight="0">
    <Cell><Data ss:Type="String">DVR01_AUTONOM_AMBASSADOR_TEMPLATE_NAME</Data></Cell>
    <Cell><Data ss:Type="String">NAME</Data></Cell>
    <Cell><Data ss:Type="String">Embaixador Autônomo</Data></Cell>
   </Row>
   <Row ss:AutoFitHeight="0">
    <Cell><Data ss:Type="String">AUTONOM_AMBASSADOR_SECONDARY_MOD</Data></Cell>
    <Cell><Data ss:Type="String">NAME</Data></Cell>
    <Cell><Data ss:Type="String">Disco de Dados Ancestral</Data></Cell>
   </Row>
   <Row ss:AutoFitHeight="0" ss:Height="30">
    <Cell><Data ss:Type="String">AUTONOM_AMBASSADOR_SECONDARY_MOD</Data></Cell>
    <Cell><Data ss:Type="String">DESCRIPTION</Data></Cell>
    <Cell><Data ss:Type="String">O Embaixador toca constantemente as belas melodias criadas há muitos anos por 'Null Behavior', melhorando o moral.</Data></Cell>
    <Cell ss:Index="5"><Data ss:Type="String">Null Behavior is the name of a band in the Star Union</Data></Cell>
   </Row>
   <Row ss:AutoFitHeight="0" ss:Height="30">
    <Cell><Data ss:Type="String">AUTONOM_AMBASSADOR_SECONDARY_MOD_MORALE_AURA</Data></Cell>
    <Cell><Data ss:Type="String">NAME</Data></Cell>
    <Cell><Data ss:Type="String">Aura de Moral Elevado</Data></Cell>
   </Row>
   <Row ss:AutoFitHeight="0" ss:Height="45">
    <Cell><Data ss:Type="String">AUTONOM_AMBASSADOR_SECONDARY_MOD_MORALE_AURA</Data></Cell>
    <Cell><Data ss:Type="String">DESCRIPTION</Data></Cell>
    <Cell><Data ss:Type="String" x:Ticked="1">As melodias de 'Null Behavior' parecem tranquilizar as tropas, aumentando o moral de unidades Biológicas ou Ciborgues amigas adjacentes em {DatadiskHappinessBonus}.</Data></Cell>
   </Row>
   <Row ss:AutoFitHeight="0">
    <Cell><Data ss:Type="String">REASSEMBLED_LOVER_FEMALE_TEMPLATE_NAME</Data></Cell>
    <Cell><Data ss:Type="String">NAME</Data></Cell>
    <Cell><Data ss:Type="String" x:Ticked="1">3LL3N</Data></Cell>
    <Cell ss:Index="5"><Data ss:Type="String">Female</Data></Cell>
   </Row>
   <Row ss:AutoFitHeight="0">
    <Cell><Data ss:Type="String">REASSEMBLED_LOVER_MALE_TEMPLATE_NAME</Data></Cell>
    <Cell><Data ss:Type="String">NAME</Data></Cell>
    <Cell><Data ss:Type="String" x:Ticked="1">S1M0N</Data></Cell>
    <Cell ss:Index="5"><Data ss:Type="String">Male</Data></Cell>
   </Row>
   <Row ss:AutoFitHeight="0">
    <Cell><Data ss:Type="String">ECHO_OF_LOHIKARNE</Data></Cell>
    <Cell><Data ss:Type="String">NAME</Data></Cell>
    <Cell><Data ss:Type="String">Eco de Lohikarne</Data></Cell>
    <Cell ss:Index="5"><Data ss:Type="String">Lohikarne is a demon from the Abyss </Data></Cell>
   </Row>
   <Row ss:AutoFitHeight="0">
    <Cell><Data ss:Type="String">WHISPER_OF_DISSENT</Data></Cell>
    <Cell><Data ss:Type="String">NAME</Data></Cell>
    <Cell><Data ss:Type="String">Sussurro de Discórdia</Data></Cell>
   </Row>
   <Row ss:AutoFitHeight="0">
    <Cell><Data ss:Type="String">WHISPER_OF_CHANGE</Data></Cell>
    <Cell><Data ss:Type="String">NAME</Data></Cell>
    <Cell><Data ss:Type="String">Sussurro de Mudança</Data></Cell>
   </Row>
   <Row ss:AutoFitHeight="0">
    <Cell><Data ss:Type="String">WHISPER_OF_PROSPERITY</Data></Cell>
    <Cell><Data ss:Type="String">NAME</Data></Cell>
    <Cell><Data ss:Type="String">Sussurro de Prosperidade</Data></Cell>
   </Row>
   <Row ss:AutoFitHeight="0">
    <Cell><Data ss:Type="String">WHISPER_OF_PRIDE</Data></Cell>
    <Cell><Data ss:Type="String">NAME</Data></Cell>
    <Cell><Data ss:Type="String">Sussurro de Orgulho</Data></Cell>
   </Row>
   <Row ss:AutoFitHeight="0">
    <Cell><Data ss:Type="String">WHISPER_OF_PERFECTION</Data></Cell>
    <Cell><Data ss:Type="String">NAME</Data></Cell>
    <Cell><Data ss:Type="String">Sussurro de Perfeição</Data></Cell>
   </Row>
   <Row ss:AutoFitHeight="0">
    <Cell><Data ss:Type="String">PROTONTYPE_CLAUDIUS_2</Data></Cell>
    <Cell><Data ss:Type="String">NAME</Data></Cell>
    <Cell><Data ss:Type="String">Protótipo Cláudio 2.0</Data></Cell>
   </Row>
   <Row ss:AutoFitHeight="0">
    <Cell><Data ss:Type="String">PROTON_COIL_PROTOTYPE</Data></Cell>
    <Cell><Data ss:Type="String">NAME</Data></Cell>
    <Cell><Data ss:Type="String">Protótipo de Bobina de Prótons</Data></Cell>
   </Row>
   <Row ss:Index="180" ss:AutoFitHeight="0">
    <Cell><Data ss:Type="String">RELATION_MODIFIER_COMPLETED_QUEST_STACKABLE</Data></Cell>
    <Cell><Data ss:Type="String">NAME</Data></Cell>
    <Cell><Data ss:Type="String">Missão Concluída</Data></Cell>
   </Row>
   <Row ss:AutoFitHeight="0">
    <Cell><Data ss:Type="String">RELATION_MODIFIER_DECLINED_QUEST_STACKABLE</Data></Cell>
    <Cell><Data ss:Type="String">NAME</Data></Cell>
    <Cell><Data ss:Type="String">Missão Recusada</Data></Cell>
   </Row>
   <Row ss:AutoFitHeight="0">
    <Cell><Data ss:Type="String">DVAR_CRASHED_COLONY_SHIP</Data></Cell>
    <Cell><Data ss:Type="String">NAME</Data></Cell>
    <Cell><Data ss:Type="String">Nave-Colônia Dvar Acidentada</Data></Cell>
   </Row>
   <Row ss:AutoFitHeight="0">
    <Cell><Data ss:Type="String">DVAR_CRASHED_COLONY_SHIP</Data></Cell>
    <Cell><Data ss:Type="String">DESCRIPTION</Data></Cell>
    <Cell><Data ss:Type="String">Os destroços de uma nave colonial acidentada.</Data></Cell>
   </Row>
   <Row ss:AutoFitHeight="0" ss:Height="30">
    <Cell><Data ss:Type="String">DVAR_CRASHED_COLONY_SHIP</Data></Cell>
    <Cell><Data ss:Type="String">LOGIC</Data></Cell>
    <Cell><Data ss:Type="String">Um naufrágio atrapalha os esforços de colonização neste setor.</Data></Cell>
   </Row>
   <Row ss:AutoFitHeight="0">
    <Cell><Data ss:Type="String">ECHO_OF_LOHIKARNE_SECONDARY_MOD</Data></Cell>
    <Cell><Data ss:Type="String">NAME</Data></Cell>
    <Cell><Data ss:Type="String">Pacto das Almas</Data></Cell>
   </Row>
   <Row ss:AutoFitHeight="0" ss:Height="60">
    <Cell><Data ss:Type="String">ECHO_OF_LOHIKARNE_SECONDARY_MOD</Data></Cell>
    <Cell><Data ss:Type="String">DESCRIPTION</Data></Cell>
    <Cell><Data ss:Type="String">O antigo Pacto das Almas concede aos Ecos de Lohikarne extrema longevidade, permitindo que ele retorne da morte após {Duration}[turn/] desde que algum de seus aliados permaneça em combate.</Data></Cell>
   </Row>
   <Row ss:AutoFitHeight="0">
    <Cell><Data ss:Type="String">BLESSING_OF_DISSENT_MOD</Data></Cell>
    <Cell><Data ss:Type="String">NAME</Data></Cell>
    <Cell><Data ss:Type="String">Bênção da Discórdia</Data></Cell>
   </Row>
   <Row ss:AutoFitHeight="0" ss:Height="45">
    <Cell><Data ss:Type="String">BLESSING_OF_DISSENT_MOD</Data></Cell>
    <Cell><Data ss:Type="String">DESCRIPTION</Data></Cell>
    <Cell><Data ss:Type="String">O Sussurro da Discórdia traz insanidade. Seus ataques têm {InsanityCheck} de chance de infligir Insanidade por {InsanityDuration}.</Data></Cell>
   </Row>
   <Row ss:AutoFitHeight="0">
    <Cell><Data ss:Type="String">BLESSING_OF_CHANGE_MOD</Data></Cell>
    <Cell><Data ss:Type="String">NAME</Data></Cell>
    <Cell><Data ss:Type="String">Bênção da Mudança</Data></Cell>
   </Row>
   <Row ss:AutoFitHeight="0" ss:Height="45">
    <Cell><Data ss:Type="String">BLESSING_OF_CHANGE_MOD</Data></Cell>
    <Cell><Data ss:Type="String">DESCRIPTION</Data></Cell>
    <Cell><Data ss:Type="String">O Sussurro da Mudança traz um novo vento. Seus ataques têm {InstabilityCheck} de chance de infligir Instabilidade por {InstabilityDuration}.</Data></Cell>
   </Row>
   <Row ss:AutoFitHeight="0">
    <Cell><Data ss:Type="String">BLESSING_OF_PROSPERITY_MOD</Data></Cell>
    <Cell><Data ss:Type="String">NAME</Data></Cell>
    <Cell><Data ss:Type="String">Bênção da Prosperidade</Data></Cell>
   </Row>
   <Row ss:AutoFitHeight="0" ss:Height="45">
    <Cell><Data ss:Type="String">BLESSING_OF_PROSPERITY_MOD</Data></Cell>
    <Cell><Data ss:Type="String">DESCRIPTION</Data></Cell>
    <Cell><Data ss:Type="String">O Sussurro da Prosperidade abençoa aqueles em sua presença com força. Unidades aliadas em um raio de {HaloRadius} hexágonos ganham {ProsperityHaloShields}.</Data></Cell>
   </Row>
   <Row ss:AutoFitHeight="0">
    <Cell><Data ss:Type="String">BLESSING_OF_PRIDE_MOD</Data></Cell>
    <Cell><Data ss:Type="String">NAME</Data></Cell>
    <Cell><Data ss:Type="String">Bênção do Orgulho</Data></Cell>
   </Row>
   <Row ss:AutoFitHeight="0" ss:Height="45">
    <Cell><Data ss:Type="String">BLESSING_OF_PRIDE_MOD</Data></Cell>
    <Cell><Data ss:Type="String">DESCRIPTION</Data></Cell>
    <Cell><Data ss:Type="String">O Sussurro do Orgulho reforça o orgulho daqueles que abençoa. Eles ganham [abilityblue]Absorver Dor[/abilityblue].</Data></Cell>
   </Row>
   <Row ss:AutoFitHeight="0">
    <Cell><Data ss:Type="String">BLESSING_OF_PERFECTION_MOD</Data></Cell>
    <Cell><Data ss:Type="String">NAME</Data></Cell>
    <Cell><Data ss:Type="String">Bênção da Perfeição</Data></Cell>
   </Row>
   <Row ss:AutoFitHeight="0" ss:Height="30">
    <Cell><Data ss:Type="String">BLESSING_OF_PERFECTION_MOD</Data></Cell>
    <Cell><Data ss:Type="String">DESCRIPTION</Data></Cell>
    <Cell><Data ss:Type="String">O Sussurro da Perfeição remove as imperfeições de seus aliados.</Data></Cell>
   </Row>
   <Row ss:AutoFitHeight="0" ss:Height="45">
    <Cell><Data ss:Type="String">BLESSING_OF_PERFECTION_ABILITY</Data></Cell>
    <Cell><Data ss:Type="String">DESCRIPTION</Data></Cell>
    <Cell><Data ss:Type="String">Abençoa o alvo com Perfeição, dissipando todos os efeitos negativos e curando o alvo em {BlessingOfPerfectionHeal}.</Data></Cell>
   </Row>
   <Row ss:Index="199" ss:AutoFitHeight="0" ss:Height="60" ss:Span="1"/>
   <Row ss:Index="202" ss:AutoFitHeight="0">
    <Cell><Data ss:Type="String">ALPHA_STRAIN_RESILIENCE_MOD</Data></Cell>
    <Cell><Data ss:Type="String">NAME</Data></Cell>
    <Cell><Data ss:Type="String">Resiliência da Cepa Alfa</Data></Cell>
   </Row>
   <Row ss:AutoFitHeight="0" ss:Height="75">
    <Cell><Data ss:Type="String">ALPHA_STRAIN_RESILIENCE_MOD</Data></Cell>
    <Cell><Data ss:Type="String">DESCRIPTION</Data></Cell>
    <Cell><Data ss:Type="String">A variante única de Dragan Voss da Cepa Alfa lhe concede uma pilha de [abilityblue]Resiliência Evoluída[/abilityblue] permanentemente cada vez que sofre dano. [abilityblue]Resiliência evoluída[/abilityblue] concede: {Healthbonus} este efeito é acumulável até {HealthbonusStack} vezes</Data></Cell>
   </Row>
   <Row ss:AutoFitHeight="0" ss:Height="30">
    <Cell><Data ss:Type="String">ALPHA_STRAIN_RESILIENCE_PROPERTY</Data></Cell>
    <Cell><Data ss:Type="String">DESCRIPTION</Data></Cell>
    <Cell><Data ss:Type="String">Esta unidade ganha uma pilha de [abilityblue]Resiliência Evoluída[/abilityblue] permanentemente cada vez que é danificada.</Data></Cell>
   </Row>
   <Row ss:AutoFitHeight="0">
    <Cell><Data ss:Type="String">ALPHA_STRAIN_RESILIENCE_PROPERTY</Data></Cell>
    <Cell><Data ss:Type="String">NAME</Data></Cell>
    <Cell><Data ss:Type="String">Resiliência Evoluída</Data></Cell>
   </Row>
   <Row ss:AutoFitHeight="0">
    <Cell><Data ss:Type="String">ALPHA_STRAIN_EVOLVED_RESILIENCE_PROPERTY</Data></Cell>
    <Cell><Data ss:Type="String">DESCRIPTION</Data></Cell>
    <Cell><Data ss:Type="String">Concede {Healthbonus}</Data></Cell>
   </Row>
   <Row ss:AutoFitHeight="0">
    <Cell><Data ss:Type="String">ALPHA_STRAIN_AGGRESSION_MOD</Data></Cell>
    <Cell><Data ss:Type="String">NAME</Data></Cell>
    <Cell><Data ss:Type="String">Agressão da Cepa Alfa</Data></Cell>
   </Row>
   <Row ss:AutoFitHeight="0" ss:Height="75">
    <Cell><Data ss:Type="String">ALPHA_STRAIN_AGGRESSION_MOD</Data></Cell>
    <Cell><Data ss:Type="String">DESCRIPTION</Data></Cell>
    <Cell><Data ss:Type="String">A variante única de Dragan Voss da Cepa Alfa concede a ele uma pilha de [abilityblue]Agressão Evoluída[/abilityblue] permanentemente cada vez que elimina uma unidade inimiga. [abilityblue]Agressão Evoluída[/abilityblue] concede: {Aggressionbonus} de dano, este efeito é acumulável até {AggressionBonusStack} vezes</Data></Cell>
   </Row>
   <Row ss:AutoFitHeight="0">
    <Cell><Data ss:Type="String">ALPHA_STRAIN_AGGRESSION_PROPERTY</Data></Cell>
    <Cell><Data ss:Type="String">NAME</Data></Cell>
    <Cell><Data ss:Type="String">Agressão Evoluída</Data></Cell>
   </Row>
   <Row ss:AutoFitHeight="0">
    <Cell><Data ss:Type="String">ALPHA_STRAIN_AGGRESSION_PROPERTY</Data></Cell>
    <Cell><Data ss:Type="String">DESCRIPTION</Data></Cell>
    <Cell><Data ss:Type="String">Concede {Aggressionbonus} de dano</Data></Cell>
   </Row>
   <Row ss:AutoFitHeight="0">
    <Cell><Data ss:Type="String">ALPHA_STRAIN_ALPHA_STRAIN_INFECTION</Data></Cell>
    <Cell><Data ss:Type="String">NAME</Data></Cell>
    <Cell><Data ss:Type="String">Infecção da Cepa Alfa</Data></Cell>
   </Row>
   <Row ss:AutoFitHeight="0" ss:Height="75">
    <Cell><Data ss:Type="String">ALPHA_STRAIN_ALPHA_STRAIN_INFECTION</Data></Cell>
    <Cell><Data ss:Type="String">DESCRIPTION</Data></Cell>
    <Cell><Data ss:Type="String">A Cepa Alfa de Dragan Voss cresceu a uma força excepcional. Esta unidade tem {ParasiticInfectionStrength} de chance de infligir [abilityred]Infecção Parasitária[/abilityred] com seus ataques e ganha [abilityblue]Resurgência[/abilityblue]</Data></Cell>
   </Row>
  </Table>
  <WorksheetOptions xmlns="urn:schemas-microsoft-com:office:excel">
   <Unsynced/>
   <Print>
    <ValidPrinterInfo/>
    <HorizontalResolution>300</HorizontalResolution>
    <VerticalResolution>300</VerticalResolution>
   </Print>
   <Zoom>115</Zoom>
   <Selected/>
   <TopRowVisible>171</TopRowVisible>
   <Panes>
    <Pane>
     <Number>3</Number>
     <ActiveRow>189</ActiveRow>
     <ActiveCol>6</ActiveCol>
     <RangeSelection>C7</RangeSelection>
    </Pane>
   </Panes>
   <ProtectObjects>False</ProtectObjects>
   <ProtectScenarios>False</ProtectScenarios>
  </WorksheetOptions>
 </Worksheet>
</Workbook>