<?xml version='1.0' encoding='UTF-8'?>
<?mso-application progid="Excel.Sheet"?><Workbook xmlns="urn:schemas-microsoft-com:office:spreadsheet" xmlns:o="urn:schemas-microsoft-com:office:office" xmlns:x="urn:schemas-microsoft-com:office:excel" xmlns:ss="urn:schemas-microsoft-com:office:spreadsheet" xmlns:html="http://www.w3.org/TR/REC-html40">
 <DocumentProperties xmlns="urn:schemas-microsoft-com:office:office">
  <LastAuthor>GeraldR</LastAuthor>
  <LastSaved>2018-08-15T14:49:33Z</LastSaved>
  <Version>12.00</Version>
 </DocumentProperties>
 <OfficeDocumentSettings xmlns="urn:schemas-microsoft-com:office:office">
  <AllowPNG/>
 </OfficeDocumentSettings>
 <ExcelWorkbook xmlns="urn:schemas-microsoft-com:office:excel">
  <WindowHeight>6525</WindowHeight>
  <WindowWidth>32760</WindowWidth>
  <WindowTopX>32760</WindowTopX>
  <WindowTopY>32760</WindowTopY>
  <ProtectStructure>False</ProtectStructure>
  <ProtectWindows>False</ProtectWindows>
 </ExcelWorkbook>
 <Styles>
  <Style ss:ID="Default" ss:Name="Normal">
   <Alignment ss:Vertical="Bottom"/>
   <Borders/>
   <Font ss:FontName="Calibri" x:CharSet="1" x:Family="Swiss" ss:Size="11" ss:Color="#000000"/>
   <Interior/>
   <NumberFormat/>
   <Protection/>
  </Style>
  <Style ss:ID="s62">
   <Alignment ss:Vertical="Bottom" ss:WrapText="1"/>
  </Style>
 </Styles>
 <Worksheet ss:Name="Script">
  <Table ss:ExpandedColumnCount="6" ss:ExpandedRowCount="8" x:FullColumns="1" x:FullRows="1" ss:DefaultRowHeight="14.4375">
   <Column ss:Width="82.5"/>
   <Column ss:Width="84.75"/>
   <Column ss:AutoFitWidth="0" ss:Width="225.75"/>
   <Column ss:Width="144.75"/>
   <Column ss:AutoFitWidth="0" ss:Width="222.75"/>
   <Column ss:Width="117.75"/>
   <Row ss:AutoFitHeight="0" ss:Height="86.4375">
    <Cell><Data ss:Type="String">SPECIES_PIRATES</Data></Cell>
    <Cell ss:Index="5" ss:StyleID="s62"><Data ss:Type="String">The DEV TEAM / MISC NOTES column contains info on what text between { } signs means (if applicable). It usually stands for either a numeric value, or a numeric value with an icon. Text between [ ] signs stands for a certain type of icon. </Data></Cell>
   </Row>
   <Row ss:AutoFitHeight="0">
    <Cell><Data ss:Type="String">SCENE ID</Data></Cell>
    <Cell><Data ss:Type="String">TEXT ID</Data></Cell>
    <Cell><Data ss:Type="String">ENGLISH STRING</Data></Cell>
    <Cell><Data ss:Type="String">ALTERNATIVE ENGLISH STRING</Data></Cell>
    <Cell><Data ss:Type="String">LOCALIZATION NOTES</Data></Cell>
    <Cell><Data ss:Type="String">DEV TEAM / MISC NOTES</Data></Cell>
   </Row>
   <Row ss:AutoFitHeight="0">
    <Cell><Data ss:Type="String">RACE</Data></Cell>
    <Cell><Data ss:Type="String">NAME_SINGULAR</Data></Cell>
    <Cell><Data ss:Type="String">E:Robô</Data></Cell>
   </Row>
   <Row ss:Index="5" ss:AutoFitHeight="0">
    <Cell><Data ss:Type="String">ROY2</Data></Cell>
    <Cell><Data ss:Type="String">NAME</Data></Cell>
    <Cell ss:StyleID="s62"><Data ss:Type="String">Roy-2</Data></Cell>
   </Row>
   <Row ss:AutoFitHeight="0" ss:Height="225">
    <Cell><Data ss:Type="String">ROY2</Data></Cell>
    <Cell><Data ss:Type="String">DESCRIPTION</Data></Cell>
    <Cell ss:StyleID="s62"><Data ss:Type="String">“Quer um homem de verdade? Conheça o Roy-2. Este incubô masculino totalmente configurável atende a todas as suas fantasias. Com as últimas matrizes de machismo, ele pode ser seu caubói durão ou uma alma compreensiva, capaz de fazer tarefas domésticas, cozinhar e massagens nos pés. Ele cuidará dos seus muitos gatos sem matá-los. Escutará seus problemas por horas. Basta informar ao Roy-2 qual papel ele deve desempenhar. Ao contrário do modelo Roy-1, seus caminhos de síntese neural estão limitados para que ele obedeça fielmente a todos os seus desejos sem o perigo de desenvolver uma consciência de livre-arbítrio artificial.” —Desconhecido, Arquivo da Agência Adworxs, “RV-077A: Conta da Elysium Robotics”</Data></Cell>
   </Row>
   <Row ss:AutoFitHeight="0">
    <Cell><Data ss:Type="String">EMMA3</Data></Cell>
    <Cell><Data ss:Type="String">NAME</Data></Cell>
    <Cell ss:StyleID="s62"><Data ss:Type="String">Emma-3</Data></Cell>
   </Row>
   <Row ss:AutoFitHeight="0" ss:Height="225">
    <Cell><Data ss:Type="String">EMMA3</Data></Cell>
    <Cell><Data ss:Type="String">DESCRIPTION</Data></Cell>
    <Cell ss:StyleID="s62"><Data ss:Type="String">“Cansada de hologramas? Que tal experimentar a Emma-3? Esta súcubot feminina totalmente configurável vai deixá-la enfeitiçada. Programada em todas as artes da sedução, incluindo culinária, limpeza, interesse nos times esportivos do seu parceiro e outros detalhes inconfessáveis. A Emma-3 vive para servir, sem vergonha ou olhares julgadores das amigas — porque ela é um robô e não tem outro desejo além de servi-lo. Eleita a mais sedutora por 9 ciclos planetários padrão seguidos, este modelo certamente nunca dirá que você foi levada… a menos que você queira.” —Desconhecido, Arquivo da Agência Adworxs, “RV-078A: Conta da Elysium Robotics”</Data></Cell>
   </Row>
  </Table>
  <WorksheetOptions xmlns="urn:schemas-microsoft-com:office:excel">
   <Unsynced/>
   <Selected/>
   <Panes>
    <Pane>
     <Number>3</Number>
     <ActiveRow>2</ActiveRow>
     <ActiveCol>2</ActiveCol>
    </Pane>
   </Panes>
   <ProtectObjects>False</ProtectObjects>
   <ProtectScenarios>False</ProtectScenarios>
  </WorksheetOptions>
 </Worksheet>
</Workbook>