<?xml version='1.0' encoding='UTF-8'?>
<?mso-application progid="Excel.Sheet"?><Workbook xmlns="urn:schemas-microsoft-com:office:spreadsheet" xmlns:o="urn:schemas-microsoft-com:office:office" xmlns:x="urn:schemas-microsoft-com:office:excel" xmlns:ss="urn:schemas-microsoft-com:office:spreadsheet" xmlns:html="http://www.w3.org/TR/REC-html40">
 <DocumentProperties xmlns="urn:schemas-microsoft-com:office:office">
  <LastAuthor>GeraldR</LastAuthor>
  <LastSaved>2018-08-15T13:13:36Z</LastSaved>
  <Version>12.00</Version>
 </DocumentProperties>
 <OfficeDocumentSettings xmlns="urn:schemas-microsoft-com:office:office">
  <AllowPNG/>
 </OfficeDocumentSettings>
 <ExcelWorkbook xmlns="urn:schemas-microsoft-com:office:excel">
  <WindowHeight>10530</WindowHeight>
  <WindowWidth>27495</WindowWidth>
  <WindowTopX>32760</WindowTopX>
  <WindowTopY>32760</WindowTopY>
  <ProtectStructure>False</ProtectStructure>
  <ProtectWindows>False</ProtectWindows>
 </ExcelWorkbook>
 <Styles>
  <Style ss:ID="Default" ss:Name="Normal">
   <Alignment ss:Vertical="Bottom"/>
   <Borders/>
   <Font ss:FontName="Calibri" x:CharSet="1" x:Family="Swiss" ss:Size="11" ss:Color="#000000"/>
   <Interior/>
   <NumberFormat/>
   <Protection/>
  </Style>
  <Style ss:ID="s62">
   <Alignment ss:Vertical="Top"/>
  </Style>
  <Style ss:ID="s63">
   <Alignment ss:Vertical="Top" ss:WrapText="1"/>
  </Style>
 </Styles>
 <Worksheet ss:Name="Script">
  <Table ss:ExpandedColumnCount="6" ss:ExpandedRowCount="18" x:FullColumns="1" x:FullRows="1" ss:DefaultRowHeight="14.4375">
   <Column ss:Width="84.75" ss:Span="1"/>
   <Column ss:Index="3" ss:AutoFitWidth="0" ss:Width="301.5"/>
   <Column ss:Width="144.75"/>
   <Column ss:Width="273"/>
   <Column ss:Width="117.75"/>
   <Row ss:AutoFitHeight="0" ss:Height="57.5625">
    <Cell ss:StyleID="s62"><Data ss:Type="String">SPECIES_SPACERS</Data></Cell>
    <Cell ss:StyleID="s62"/>
    <Cell ss:StyleID="s62"/>
    <Cell ss:StyleID="s62"/>
    <Cell ss:StyleID="s63"><Data ss:Type="String">The DEV TEAM / MISC NOTES column contains info on what text between { } signs means (if applicable). It usually stands for either a numeric value, or a numeric value with an icon. Text between [ ] signs stands for a certain type of icon. </Data></Cell>
    <Cell ss:StyleID="s62"/>
   </Row>
   <Row ss:AutoFitHeight="0">
    <Cell ss:StyleID="s62"><Data ss:Type="String">SCENE ID</Data></Cell>
    <Cell ss:StyleID="s62"><Data ss:Type="String">TEXT ID</Data></Cell>
    <Cell ss:StyleID="s62"><Data ss:Type="String">ENGLISH STRING</Data></Cell>
    <Cell ss:StyleID="s62"><Data ss:Type="String">ALTERNATIVE ENGLISH STRING</Data></Cell>
    <Cell ss:StyleID="s62"><Data ss:Type="String">LOCALIZATION NOTES</Data></Cell>
    <Cell ss:StyleID="s62"><Data ss:Type="String">DEV TEAM / MISC NOTES</Data></Cell>
   </Row>
   <Row ss:AutoFitHeight="0">
    <Cell ss:StyleID="s62"><Data ss:Type="String">RACE</Data></Cell>
    <Cell ss:StyleID="s62"><Data ss:Type="String">NAME_SINGULAR</Data></Cell>
    <Cell ss:StyleID="s62"><Data ss:Type="String">Nômade Espacial</Data></Cell>
    <Cell ss:StyleID="s62"/>
    <Cell ss:StyleID="s62"/>
    <Cell ss:StyleID="s62"/>
   </Row>
   <Row ss:AutoFitHeight="0">
    <Cell ss:StyleID="s62"/>
    <Cell ss:StyleID="s62"/>
    <Cell ss:StyleID="s62"/>
    <Cell ss:StyleID="s62"/>
    <Cell ss:StyleID="s62"/>
    <Cell ss:StyleID="s62"/>
   </Row>
   <Row ss:AutoFitHeight="0">
    <Cell ss:StyleID="s62"><Data ss:Type="String">PSYCHO</Data></Cell>
    <Cell ss:StyleID="s62"><Data ss:Type="String">NAME</Data></Cell>
    <Cell ss:StyleID="s63"><Data ss:Type="String">Psicótico</Data></Cell>
    <Cell ss:StyleID="s62"/>
    <Cell ss:StyleID="s62"/>
    <Cell ss:StyleID="s62"/>
   </Row>
   <Row ss:AutoFitHeight="0" ss:Height="150">
    <Cell ss:StyleID="s62"><Data ss:Type="String">PSYCHO</Data></Cell>
    <Cell ss:StyleID="s62"><Data ss:Type="String">DESCRIPTION</Data></Cell>
    <Cell ss:StyleID="s63"><Data ss:Type="String">“Os cidadãos da Star Union que sobreviveram o fizeram a um custo tremendo para sua sanidade. Enquanto dormíamos no espaço, gerações suportaram o colapso da sociedade, fome constante, canibalismo, a loucura do Void rompido e veneno na terra e no céu. Como um homem poderia se recuperar por completo? A resposta curta: eles não se recuperam. Os Nômades Espaciais chamam sua infantaria de cabeça-dura de Psicóticos. Eles lutam pelos últimos fragmentos úteis de tecnologia — qualquer coisa que possam usar para obter vantagem. Em um aperto, podem enlouquecer violentamente ao toque de um botão.”—Senior Sanxus Bellows, “RV-481M: Consequências e Anarquia”</Data></Cell>
    <Cell ss:StyleID="s62"/>
    <Cell ss:StyleID="s62"/>
    <Cell ss:StyleID="s62"/>
   </Row>
   <Row ss:AutoFitHeight="0">
    <Cell ss:StyleID="s62"><Data ss:Type="String">TRUCK</Data></Cell>
    <Cell ss:StyleID="s62"><Data ss:Type="String">NAME</Data></Cell>
    <Cell ss:StyleID="s63"><Data ss:Type="String">Caminhão</Data></Cell>
    <Cell ss:StyleID="s62"/>
    <Cell ss:StyleID="s62"/>
    <Cell ss:StyleID="s62"/>
   </Row>
   <Row ss:AutoFitHeight="0" ss:Height="165">
    <Cell ss:StyleID="s62"><Data ss:Type="String">TRUCK</Data></Cell>
    <Cell ss:StyleID="s62"><Data ss:Type="String">DESCRIPTION</Data></Cell>
    <Cell ss:StyleID="s63"><Data ss:Type="String">“Os Nômades Espaciais foram os primeiros a emergir da paz forçada criada pela Star Union. Quando a comida deixou de ser tratada para pacificar os instintos das pessoas, os antepassados dos Nômades Espaciais abraçaram sua natureza mais primitiva. Eles não se importam com estética ou civilização. Seus únicos desejos são os dispositivos de prazer nos quais vivem suas fantasias cruéis em mundos virtuais. Ironicamente, sem tais dispositivos, tornam-se ainda mais imprudentes. Eles deliberadamente colidem seus caminhões contra inimigos, rindo o tempo todo. Acham que estão em um jogo de tiro e direção, com ou sem seus equipamentos de VR.”—Antropóloga, Dra. Sarah Harkness, “RV-6012H: Um Passado de Propósitos Distorcidos”</Data></Cell>
    <Cell ss:StyleID="s62"/>
    <Cell ss:StyleID="s62"/>
    <Cell ss:StyleID="s62"/>
   </Row>
   <Row ss:AutoFitHeight="0">
    <Cell ss:StyleID="s62"><Data ss:Type="String">MELTER</Data></Cell>
    <Cell ss:StyleID="s62"><Data ss:Type="String">NAME</Data></Cell>
    <Cell ss:StyleID="s63"><Data ss:Type="String">Derretedor</Data></Cell>
    <Cell ss:StyleID="s62"/>
    <Cell ss:StyleID="s62"/>
    <Cell ss:StyleID="s62"/>
   </Row>
   <Row ss:AutoFitHeight="0" ss:Height="150">
    <Cell ss:StyleID="s62"><Data ss:Type="String">MELTER</Data></Cell>
    <Cell ss:StyleID="s62"><Data ss:Type="String">DESCRIPTION</Data></Cell>
    <Cell ss:StyleID="s63"><Data ss:Type="String">“Aproximamo-nos de uma colônia de Nômades Espaciais com cautela. O Comandante disse que muitos deles viviam em ferro-velhos quando a civilização entrou em colapso. Eu me perguntava como isso poderia ser saudável. Então vi um Derretedor. Ele era maior que o normal. Seu rosto distorcido parecia cera de vela derretida. Seu corpo estava coberto por dobras de gordura que repeliam o ácido que chapinhava nos recipientes em suas costas. Ele sorriu, apontando um pulverizador químico do tamanho de um barril para nosso Tanque Blindado. O ácido corroeu sua armadura. Fugimos a pé enquanto ele arremessava granadas de gás corrosivo em nossas costas.”—Ensign Ryland Grubell, “RV-1274M: Registros Pessoais do Diário”</Data></Cell>
    <Cell ss:StyleID="s62"/>
    <Cell ss:StyleID="s62"/>
    <Cell ss:StyleID="s62"/>
   </Row>
   <Row ss:AutoFitHeight="0">
    <Cell ss:StyleID="s62"><Data ss:Type="String">HELLCOPTER</Data></Cell>
    <Cell ss:StyleID="s62"><Data ss:Type="String">NAME</Data></Cell>
    <Cell ss:StyleID="s63"><Data ss:Type="String">Helicóptero do Inferno</Data></Cell>
    <Cell ss:StyleID="s62"/>
    <Cell ss:StyleID="s62"/>
    <Cell ss:StyleID="s62"/>
   </Row>
   <Row ss:AutoFitHeight="0" ss:Height="165">
    <Cell ss:StyleID="s62"><Data ss:Type="String">HELLCOPTER</Data></Cell>
    <Cell ss:StyleID="s62"><Data ss:Type="String">DESCRIPTION</Data></Cell>
    <Cell ss:StyleID="s63"><Data ss:Type="String">“Acordei com um estrondo alto. Pulei da minha cama e saí correndo do quartel. O brilho das chamas iluminava a parede do bunker. No ar, gritava um amontoado de sucata pairando. Ele catapultou um barril em chamas. Chamas radiantes engoliram o arsenal. Apontei meu rifle para ele. Meus tiros ricochetearam inofensivamente na pesada blindagem. A nave voadora virou. O ar era um mar de fogo. Pulei em um tanque de contenção enquanto jatos de chamas líquidas fervilhavam onde eu estava. Entendi então por que o chamavam de Helicóptero do Inferno.” [br/]—Capitã Addria Alethra, “RV-4468M: Encontros”[br/]</Data></Cell>
    <Cell ss:StyleID="s62"/>
    <Cell ss:StyleID="s62"/>
    <Cell ss:StyleID="s62"/>
   </Row>
   <Row ss:AutoFitHeight="0">
    <Cell ss:StyleID="s62"><Data ss:Type="String">JUNK_SHIP</Data></Cell>
    <Cell ss:StyleID="s62"><Data ss:Type="String">NAME</Data></Cell>
    <Cell ss:StyleID="s63"><Data ss:Type="String">Navio de Sucata</Data></Cell>
    <Cell ss:StyleID="s62"/>
    <Cell ss:StyleID="s62"/>
    <Cell ss:StyleID="s62"/>
   </Row>
   <Row ss:AutoFitHeight="0" ss:Height="165">
    <Cell ss:StyleID="s62"><Data ss:Type="String">JUNK_SHIP</Data></Cell>
    <Cell ss:StyleID="s62"><Data ss:Type="String">DESCRIPTION</Data></Cell>
    <Cell ss:StyleID="s63"><Data ss:Type="String">“Os Nômades Espaciais viajam pelas águas no que parece um monte de sucata flutuante. As torres do Navio de Sucata disparam projéteis incendiários, e não se deixe enganar pelos canos enferrujados que eles lançam contra navios inimigos. Eles estão cheios de um produto químico incendiário que explode em fogo inextinguível. Longe dos simuladores de devassidão virtual de sua colônia, os Nômades Espaciais tornam-se ferozes. Se esses selvagens canibais puderem, eles colocarão em prática suas fantasias depravadas nos marinheiros presos a bordo dos navios que abordam. Meu conselho: exploda-o no momento em que o avistar no horizonte.” —Lars ‘O Almirante’ Robinson, “RV-57682M: Restaurando a Ordem no Mar”</Data></Cell>
    <Cell ss:StyleID="s62"/>
    <Cell ss:StyleID="s62"/>
    <Cell ss:StyleID="s62"/>
   </Row>
   <Row ss:AutoFitHeight="0">
    <Cell ss:StyleID="s62"><Data ss:Type="String">MAD_PREACHER</Data></Cell>
    <Cell ss:StyleID="s62"><Data ss:Type="String">NAME</Data></Cell>
    <Cell ss:StyleID="s63"><Data ss:Type="String">Pregador Louco</Data></Cell>
    <Cell ss:StyleID="s62"/>
    <Cell ss:StyleID="s62"/>
    <Cell ss:StyleID="s62"/>
   </Row>
   <Row ss:AutoFitHeight="0" ss:Height="165">
    <Cell ss:StyleID="s62"><Data ss:Type="String">MAD_PREACHER</Data></Cell>
    <Cell ss:StyleID="s62"><Data ss:Type="String">DESCRIPTION</Data></Cell>
    <Cell ss:StyleID="s63"><Data ss:Type="String">“Um holograma de um lunático delirante pairava sobre um veículo de ferro-velho, atraindo uma multidão de Nômades Espaciais. A imagem apontou para meu Tenente. A loucura nos dominou. Meus indicadores psiónicos zumbiram um alerta. O sermão insano era um ataque. Antes que eu pudesse dar o alarme, os Nômades Espaciais atacaram o Tenente. Espumando pela boca, eles o despedaçaram. Os Nômades Espaciais pregaram a coluna e o crânio do Tenente em um poste que irradiava fúria mental. Inspirados por sua criação macabra e incitados pelos delírios de seu Pregador Louco, a fúria homicida sobre-humana dos Nômades Espaciais se amplificou.”—Capitão Ben Carter, “RV-5688M: Relatórios de Incidentes Mutantes.”</Data></Cell>
    <Cell ss:StyleID="s62"/>
    <Cell ss:StyleID="s62"/>
    <Cell ss:StyleID="s62"/>
   </Row>
   <Row ss:AutoFitHeight="0">
    <Cell ss:StyleID="s62"><Data ss:Type="String">EFFIGY</Data></Cell>
    <Cell ss:StyleID="s62"><Data ss:Type="String">NAME</Data></Cell>
    <Cell ss:StyleID="s63"><Data ss:Type="String">Efígie</Data></Cell>
    <Cell ss:StyleID="s62"/>
    <Cell ss:StyleID="s62"/>
    <Cell ss:StyleID="s62"/>
   </Row>
   <Row ss:AutoFitHeight="0" ss:Height="135">
    <Cell ss:StyleID="s62"><Data ss:Type="String">EFFIGY</Data></Cell>
    <Cell ss:StyleID="s62"><Data ss:Type="String">DESCRIPTION</Data></Cell>
    <Cell ss:StyleID="s63"><Data ss:Type="String">“Eu conhecia aquele crânio no poste. Ele morreu tentando salvar sua família. Os Nômades Espaciais veem os não-Nômades como recursos. Aquele crânio lhes dá poder. Eles contabilizam suas mortes como se a vida fosse um jogo. Não há nada tão corrompido que eles não tentem. Aquele crânio no poste é um desafio a tudo que é decente no mundo — a qualquer deus que defenda o que é decente — de que os Nômades Espaciais fazem o que querem. Eles são a personificação da rebelião, e uma Efígie é como eles nos veem.”—Enfermeira Rachel Greene, “RV-1806H: Observações dos Caídos”</Data></Cell>
    <Cell ss:StyleID="s62"/>
    <Cell ss:StyleID="s62"/>
    <Cell ss:StyleID="s62"/>
   </Row>
  </Table>
  <WorksheetOptions xmlns="urn:schemas-microsoft-com:office:excel">
   <Unsynced/>
   <Selected/>
   <Panes>
    <Pane>
     <Number>3</Number>
     <ActiveRow>2</ActiveRow>
     <RangeSelection>R3C1:R3C3</RangeSelection>
    </Pane>
   </Panes>
   <ProtectObjects>False</ProtectObjects>
   <ProtectScenarios>False</ProtectScenarios>
  </WorksheetOptions>
 </Worksheet>
</Workbook>