<?xml version='1.0' encoding='UTF-8'?>
<?mso-application progid="Excel.Sheet"?><Workbook xmlns="urn:schemas-microsoft-com:office:spreadsheet" xmlns:o="urn:schemas-microsoft-com:office:office" xmlns:x="urn:schemas-microsoft-com:office:excel" xmlns:ss="urn:schemas-microsoft-com:office:spreadsheet" xmlns:html="http://www.w3.org/TR/REC-html40">
    <DocumentProperties xmlns="urn:schemas-microsoft-com:office:office">
        <Version>16.00</Version>
    </DocumentProperties>
    <OfficeDocumentSettings xmlns="urn:schemas-microsoft-com:office:office">
        <AllowPNG/>
    </OfficeDocumentSettings>
    <ExcelWorkbook xmlns="urn:schemas-microsoft-com:office:excel">
        <WindowHeight>7695</WindowHeight>
        <WindowWidth>16665</WindowWidth>
        <WindowTopX>32767</WindowTopX>
        <WindowTopY>32767</WindowTopY>
        <ProtectStructure>False</ProtectStructure>
        <ProtectWindows>False</ProtectWindows>
    </ExcelWorkbook>
    <Styles>
        <Style ss:ID="Default" ss:Name="Normal">
            <Alignment ss:Vertical="Bottom"/>
            <Borders/>
            <Font ss:FontName="Calibri" x:Family="Swiss" ss:Size="11" ss:Color="#000000"/>
            <Interior/>
            <NumberFormat/>
            <Protection/>
        </Style>
        <Style ss:ID="s62">
            <Alignment ss:Vertical="Bottom" ss:WrapText="1"/>
        </Style>
        <Style ss:ID="s63">
            <Alignment ss:Vertical="Top"/>
        </Style>
        <Style ss:ID="s64">
            <Alignment ss:Vertical="Top" ss:WrapText="1"/>
        </Style>
    </Styles>
    <Worksheet ss:Name="Script">
        <Table x:FullColumns="1" x:FullRows="1" ss:DefaultRowHeight="14.4375">
            <Column ss:AutoFitWidth="0" ss:Width="100.5"/>
            <Column ss:AutoFitWidth="0" ss:Width="133.5"/>
            <Column ss:StyleID="s62" ss:AutoFitWidth="0" ss:Width="492"/>
            <Column ss:Index="5" ss:AutoFitWidth="0" ss:Width="191.25"/>
            <Row ss:AutoFitHeight="0" ss:Height="86.4375">
                <Cell ss:StyleID="s63">
                    <Data ss:Type="String">SPECIES_PROMETHEAN</Data>
                </Cell>
                <Cell ss:StyleID="s63"/>
                <Cell ss:StyleID="s64"/>
                <Cell ss:StyleID="s63"/>
                <Cell ss:StyleID="s64">
                    <Data ss:Type="String">The DEV TEAM / MISC NOTES column contains info on what text between { } signs means (if applicable). It usually stands for either a numeric value, or a numeric value with an icon. Text between [ ] signs stands for a certain type of icon. </Data>
                </Cell>
                <Cell ss:StyleID="s63"/>
            </Row>
            <Row ss:AutoFitHeight="0">
                <Cell ss:StyleID="s63">
                    <Data ss:Type="String">SCENE ID</Data>
                </Cell>
                <Cell ss:StyleID="s63">
                    <Data ss:Type="String">TEXT ID</Data>
                </Cell>
                <Cell ss:StyleID="s64">
                    <Data ss:Type="String">ENGLISH STRING</Data>
                </Cell>
                <Cell ss:StyleID="s63">
                    <Data ss:Type="String">ALTERNATIVE ENGLISH STRING</Data>
                </Cell>
                <Cell ss:StyleID="s63">
                    <Data ss:Type="String">LOCALIZATION NOTES</Data>
                </Cell>
                <Cell ss:StyleID="s63">
                    <Data ss:Type="String">DEV TEAM / MISC NOTES</Data>
                </Cell>
            </Row>
            <Row ss:AutoFitHeight="0">
                <Cell ss:StyleID="s63">
                    <Data ss:Type="String">PLASMOID</Data>
                </Cell>
                <Cell ss:StyleID="s63">
                    <Data ss:Type="String">NAME</Data>
                </Cell>
                <Cell ss:StyleID="s64">
                    <Data ss:Type="String">Plasmoide</Data>
                </Cell>
                <Cell ss:StyleID="s63"/>
                <Cell ss:StyleID="s63"/>
                <Cell ss:StyleID="s63"/>
            </Row>
            <Row ss:AutoFitHeight="0" ss:Height="105">
                <Cell ss:StyleID="s63">
                    <Data ss:Type="String">PLASMOID</Data>
                </Cell>
                <Cell ss:StyleID="s63">
                    <Data ss:Type="String">DESCRIPTION</Data>
                </Cell>
                <Cell ss:StyleID="s64">
                    <Data ss:Type="String">“Por favor, não tente cozinhar neles. Claro, a Especialista Verin chama isso de sua Churrasqueira Ambulante, mas só de esbarrar neles causa um refluxo flamejante de queimaduras de terceiro grau. Eles são como granadas de napalm ambulantes. Os Plasmoides ficaram disponíveis quando cientistas de pesquisa do projeto Prometeu desenvolveram o que chamaram de Estação Fênix OP. Há todo um protocolo para conter o inferno cáustico de produtos químicos que os alimenta. Desde então, esses pequenos robôs flamejantes fazem parte do nosso ciclo de aquisição. Podemos pedir um pouco de poder de fogo extra, se você entende o que quero dizer.”—Tex ‘Melonballer’ Smith, “RV-6750M: Operações Especiais e Suporte”</Data>
                </Cell>
                <Cell ss:StyleID="s63"/>
                <Cell ss:StyleID="s63"/>
                <Cell ss:StyleID="s63"/>
            </Row>
            <Row ss:AutoFitHeight="0">
                <Cell ss:StyleID="s63">
                    <Data ss:Type="String">AEGIS_TANK</Data>
                </Cell>
                <Cell ss:StyleID="s63">
                    <Data ss:Type="String">NAME</Data>
                </Cell>
                <Cell ss:StyleID="s64">
                    <Data ss:Type="String">Tanque Aegis</Data>
                </Cell>
                <Cell ss:StyleID="s63"/>
                <Cell ss:StyleID="s63"/>
                <Cell ss:StyleID="s63"/>
            </Row>
            <Row ss:AutoFitHeight="0" ss:Height="105">
                <Cell ss:StyleID="s63">
                    <Data ss:Type="String">AEGIS_TANK</Data>
                </Cell>
                <Cell ss:StyleID="s63">
                    <Data ss:Type="String">DESCRIPTION</Data>
                </Cell>
                <Cell ss:StyleID="s64">
                    <Data ss:Type="String">“Rumores da Xenopraga trouxeram os Prometeus. Eles diligentemente incendiaram toda a zona rural. Cercado por paredes de chamas, eu conduzi os colonos aterrorizados de Tarrex-IIV até um Tanque Aegis. Meu conselho em caso de um Inferno causado pelos Prometeus: encontre um Tanque Aegis. Resistente ao fogo e capaz de manipular sua Cúpula de Escudo de Radiação, sentimos um alívio fresco quando seu campo protetor nos envolveu. Usando seu projetor de força cinética, o tanque afastou obstáculos, criando um perímetro seguro longe do incêndio. Bom saber que, se eles queimarem o planeta, pelo menos fornecem abrigo da tempestade de fogo.”—Mah Reg’Nib, “RV-3999X: Pontos Turísticos de Férias”</Data>
                </Cell>
                <Cell ss:StyleID="s63"/>
                <Cell ss:StyleID="s63"/>
                <Cell ss:StyleID="s63"/>
            </Row>
            <Row ss:AutoFitHeight="0">
                <Cell ss:StyleID="s63">
                    <Data ss:Type="String">PHOENIX_WALKER</Data>
                </Cell>
                <Cell ss:StyleID="s63">
                    <Data ss:Type="String">NAME</Data>
                </Cell>
                <Cell ss:StyleID="s64">
                    <Data ss:Type="String">Andador Fênix</Data>
                </Cell>
                <Cell ss:StyleID="s63"/>
                <Cell ss:StyleID="s63"/>
                <Cell ss:StyleID="s63"/>
            </Row>
            <Row ss:AutoFitHeight="0" ss:Height="90">
                <Cell ss:StyleID="s63">
                    <Data ss:Type="String">PHOENIX_WALKER</Data>
                </Cell>
                <Cell ss:StyleID="s63">
                    <Data ss:Type="String">DESCRIPTION</Data>
                </Cell>
                <Cell ss:StyleID="s64">
                    <Data ss:Type="String">“Ele se ergue sobre as chamas como um pai orgulhoso, conduzindo sua prole etérea faminta a se espalhar pelos mundos, consumindo tudo. O gigante blindado estende seu braço e um jato de plasma ofuscante corta qualquer pedra ou aço. Todos os sólidos derretem. Líquidos evaporam. O Andador Fênix abre suas asas pesadas em um turbilhão escaldante de chamas. Não há abordagem segura para esse deus flamejante que saúda seus devotos com golfadas de Tempestade de Fogo PyrX. Toda vida escurece e se curva, ascendendo diante desse titã do caos como uma prece de adoração em cinzas.”—Poeta Piromaniaco Xin’xia Xiq, “RV-6651R: Orações Prometeanas”</Data>
                </Cell>
                <Cell ss:StyleID="s63"/>
                <Cell ss:StyleID="s63"/>
                <Cell ss:StyleID="s63"/>
            </Row>
            <Row ss:AutoFitHeight="0" ss:Height="57.5625">
                <Cell ss:StyleID="s63">
                    <Data ss:Type="String">PURIFIER</Data>
                </Cell>
                <Cell ss:StyleID="s63">
                    <Data ss:Type="String">DESCRIPTION</Data>
                </Cell>
                <Cell ss:StyleID="s64">
                    <Data ss:Type="String">“O fogo é hipnótico. Não acredito em magia; mas, se acreditasse, ela viveria no fogo. Juntei-me aos Prometeus no auge da histeria quando a Xenopraga foi descoberta. Na época, eu pensava: por que os robôs deveriam ter toda a diversão de espalhar acelerantes incendiários? Nunca aceitei o dogma de que, como Purificador, eu trazia o fogo sagrado. Há algo em oxidar até os bioagentes mais resistentes. Admito. Adoro ver formas de vida nocivas dispersas em uma baforada de fumaça. Queimem todos. Reduzidos a cinzas. Isso sim é pureza.”—Especialista Prometeana Verin, “RV-6750M: Operações Especiais e Suporte”</Data>
                </Cell>
                <Cell ss:StyleID="s63"/>
                <Cell ss:StyleID="s63"/>
                <Cell ss:StyleID="s63"/>
            </Row>
            <Row ss:AutoFitHeight="0">
                <Cell ss:StyleID="s63">
                    <Data ss:Type="String">PURIFIER</Data>
                </Cell>
                <Cell ss:StyleID="s63">
                    <Data ss:Type="String">NAME</Data>
                </Cell>
                <Cell ss:StyleID="s64">
                    <Data ss:Type="String">Purificador</Data>
                </Cell>
                <Cell ss:StyleID="s63"/>
                <Cell ss:StyleID="s63"/>
                <Cell ss:StyleID="s63"/>
            </Row>
            <Row ss:AutoFitHeight="0">
                <Cell ss:StyleID="s63">
                    <Data ss:Type="String">PURIFIER</Data>
                </Cell>
                <Cell ss:StyleID="s63">
                    <Data ss:Type="String">NAME_B</Data>
                </Cell>
                <Cell ss:StyleID="s64">
                    <Data ss:Type="String">Purificador Contratado</Data>
                </Cell>
                <Cell ss:StyleID="s63"/>
                <Cell ss:StyleID="s63"/>
                <Cell ss:StyleID="s63"/>
            </Row>
        </Table>
        <WorksheetOptions xmlns="urn:schemas-microsoft-com:office:excel">
            <Unsynced/>
            <Print>
                <ValidPrinterInfo/>
                <HorizontalResolution>600</HorizontalResolution>
                <VerticalResolution>600</VerticalResolution>
            </Print>
            <Selected/>
            <Panes>
                <Pane>
                    <Number>3</Number>
                    <ActiveRow>7</ActiveRow>
                    <ActiveCol>2</ActiveCol>
                </Pane>
            </Panes>
            <ProtectObjects>False</ProtectObjects>
            <ProtectScenarios>False</ProtectScenarios>
        </WorksheetOptions>
    </Worksheet>
</Workbook>