<?xml version='1.0' encoding='UTF-8'?>
<?mso-application progid="Excel.Sheet"?><Workbook xmlns="urn:schemas-microsoft-com:office:spreadsheet" xmlns:o="urn:schemas-microsoft-com:office:office" xmlns:x="urn:schemas-microsoft-com:office:excel" xmlns:ss="urn:schemas-microsoft-com:office:spreadsheet" xmlns:html="http://www.w3.org/TR/REC-html40">
 <DocumentProperties xmlns="urn:schemas-microsoft-com:office:office">
  <Version>15.00</Version>
 </DocumentProperties>
 <OfficeDocumentSettings xmlns="urn:schemas-microsoft-com:office:office">
  <AllowPNG/>
 </OfficeDocumentSettings>
 <ExcelWorkbook xmlns="urn:schemas-microsoft-com:office:excel">
  <WindowHeight>17835</WindowHeight>
  <WindowWidth>-27136</WindowWidth>
  <WindowTopX>0</WindowTopX>
  <WindowTopY>0</WindowTopY>
  <ProtectStructure>False</ProtectStructure>
  <ProtectWindows>False</ProtectWindows>
 </ExcelWorkbook>
 <Styles>
  <Style ss:ID="Default" ss:Name="Normal">
   <Alignment ss:Vertical="Bottom"/>
   <Borders/>
   <Font ss:FontName="Calibri" x:CharSet="1" x:Family="Swiss" ss:Size="11" ss:Color="#000000"/>
   <Interior/>
   <NumberFormat/>
   <Protection/>
  </Style>
  <Style ss:ID="s62">
   <Alignment ss:Vertical="Bottom" ss:WrapText="1"/>
  </Style>
  <Style ss:ID="s63">
   <Alignment ss:Vertical="Top" ss:WrapText="1"/>
  </Style>
 </Styles>
 <Worksheet ss:Name="Script">
  <Table ss:ExpandedColumnCount="7" ss:ExpandedRowCount="8" x:FullColumns="1" x:FullRows="1" ss:StyleID="s62" ss:DefaultRowHeight="15">
   <Column ss:StyleID="s62" ss:Width="94.5"/>
   <Column ss:StyleID="s62" ss:Width="84.75"/>
   <Column ss:StyleID="s62" ss:AutoFitWidth="0" ss:Width="285.75"/>
   <Column ss:StyleID="s62" ss:Width="144.75"/>
   <Column ss:StyleID="s62" ss:AutoFitWidth="0" ss:Width="176.25"/>
   <Column ss:StyleID="s62" ss:Width="117.75"/>
   <Column ss:StyleID="s62" ss:AutoFitWidth="0" ss:Width="285.75"/>
   <Row ss:AutoFitHeight="0" ss:Height="120">
    <Cell ss:StyleID="s63"><Data ss:Type="String">SPECIES_CELESTIAN</Data></Cell>
    <Cell ss:StyleID="s63"/>
    <Cell ss:StyleID="s63"/>
    <Cell ss:StyleID="s63"/>
    <Cell ss:StyleID="s63"><Data ss:Type="String">The DEV TEAM / MISC NOTES column contains info on what text between { } signs means (if applicable). It usually stands for either a numeric value, or a numeric value with an icon. Text between [ ] signs stands for a certain type of icon. </Data></Cell>
    <Cell ss:StyleID="s63"/>
    <Cell ss:StyleID="s63"/>
   </Row>
   <Row ss:AutoFitHeight="0" ss:Height="30">
    <Cell ss:StyleID="s63"><Data ss:Type="String">SCENE ID</Data></Cell>
    <Cell ss:StyleID="s63"><Data ss:Type="String">TEXT ID</Data></Cell>
    <Cell ss:StyleID="s63"><Data ss:Type="String">ENGLISH STRING</Data></Cell>
    <Cell ss:StyleID="s63"><Data ss:Type="String">ALTERNATIVE ENGLISH STRING</Data></Cell>
    <Cell ss:StyleID="s63"><Data ss:Type="String">LOCALIZATION NOTES</Data></Cell>
    <Cell ss:StyleID="s63"><Data ss:Type="String">DEV TEAM / MISC NOTES</Data></Cell>
    <Cell ss:StyleID="s63"/>
   </Row>
   <Row ss:AutoFitHeight="0">
    <Cell ss:StyleID="s63"><Data ss:Type="String">TIER2A</Data></Cell>
    <Cell ss:StyleID="s63"><Data ss:Type="String">NAME</Data></Cell>
    <Cell ss:StyleID="s63"><Data ss:Type="String">Portador da Luz</Data></Cell>
    <Cell ss:StyleID="s63"/>
    <Cell ss:StyleID="s63"/>
    <Cell ss:StyleID="s63"/>
    <Cell ss:StyleID="s63"/>
   </Row>
   <Row ss:AutoFitHeight="0" ss:Height="150">
    <Cell ss:StyleID="s63"><Data ss:Type="String">TIER2A</Data></Cell>
    <Cell ss:StyleID="s63"><Data ss:Type="String">DESCRIPTION</Data></Cell>
    <Cell ss:StyleID="s63"><Data ss:Type="String">“No meio da taverna, essa figura mascarada anuncia: ‘Eu vejo a luz. Fui iluminado. Trago luz para vocês.’ Aparentemente, alguns frequentadores do bar não queriam ser iluminados. Eles partiram para a violência. Ela tira as luvas. Em vez da pele típica, as mãos desse Portador da Luz são carvões incandescentes. Ela salta e ataca seu inimigo. Há uma explosão de fogo. Eu me joguei atrás do balcão, rastejando em direção à porta da cozinha. Não acho que os brutamontes infiéis escaparam dos destroços. Coitado do dono da taverna; agora ele é o orgulhoso proprietário de um monte de cinzas.”— Mah Reg’Nib, “RV-38347X: Contos de Mundos Caídos”</Data></Cell>
    <Cell ss:StyleID="s63"/>
    <Cell ss:StyleID="s63"/>
    <Cell ss:StyleID="s63"/>
    <Cell ss:StyleID="s63"/>
   </Row>
   <Row ss:AutoFitHeight="0">
    <Cell ss:StyleID="s63"><Data ss:Type="String">TIER2B</Data></Cell>
    <Cell ss:StyleID="s63"><Data ss:Type="String">NAME</Data></Cell>
    <Cell ss:StyleID="s63"><Data ss:Type="String">Guia Estelar</Data></Cell>
    <Cell ss:StyleID="s63"/>
    <Cell ss:StyleID="s63"/>
    <Cell ss:StyleID="s63"/>
    <Cell ss:StyleID="s63"/>
   </Row>
   <Row ss:AutoFitHeight="0" ss:Height="135">
    <Cell ss:StyleID="s63"><Data ss:Type="String">TIER2B</Data></Cell>
    <Cell ss:StyleID="s63"><Data ss:Type="String">DESCRIPTION</Data></Cell>
    <Cell ss:StyleID="s63"><Data ss:Type="String">“Considere cada Caminho da Luz.[br/]Atenda ao Chamado de Comunhão do Guia Estelar.[br/]Trace a Estrutura das Estrelas Ordenadas.[br/]Reflita sobre a Noite Roxa de Propósito.[br/]Discipline sua Mente Questionadora.[br/]Abandone o próprio Apetite da Evolução.[br/]Acredite na Luta Perpétua dos Fiéis.[br/]Transcenda seus Desejos Carnais Naturais.[br/][br/]Seja visto pelo Olho que Tudo Busca.[br/]Torne-se um Ser de Luz.”— Guia Estelar Shin’Shia Shiq, “RV-6600R: Vésperas Celestiais”</Data></Cell>
    <Cell ss:StyleID="s63"/>
    <Cell ss:StyleID="s63"/>
    <Cell ss:StyleID="s63"/>
    <Cell ss:StyleID="s63"/>
   </Row>
   <Row ss:AutoFitHeight="0">
    <Cell ss:StyleID="s63"><Data ss:Type="String">TIER3</Data></Cell>
    <Cell ss:StyleID="s63"><Data ss:Type="String">NAME</Data></Cell>
    <Cell ss:StyleID="s63"><Data ss:Type="String">Mestre Ascendido</Data></Cell>
    <Cell ss:StyleID="s63"/>
    <Cell ss:StyleID="s63"/>
    <Cell ss:StyleID="s63"/>
    <Cell ss:StyleID="s63"/>
   </Row>
   <Row ss:AutoFitHeight="0" ss:Height="180">
    <Cell ss:StyleID="s63"><Data ss:Type="String">TIER3</Data></Cell>
    <Cell ss:StyleID="s63"><Data ss:Type="String">DESCRIPTION</Data></Cell>
    <Cell ss:StyleID="s63"><Data ss:Type="String">“Admito, os Celestianos são impressionantes em sua busca disciplinada por poder superior. Viajei com um Mestre Ascendido da ordem Celestiana. Ele me lembrou dos seres luminosos das religiões fervorosas proselitistas do passado esquecido. Eles também lideravam exércitos e inspiravam adoração ou fogo. Esse Mestre tinha o poder de condenar as almas de exércitos inteiros. O brilho do Mestre curava os fiéis e queimava os odiosos. No entanto, nunca esquecerei a quietude assombrosa do Mestre quando lhe fiz as três palavras que pergunto a todos que afirmam ter encontrado um propósito supremo.[br/][br/]Você é feliz?”— Mah Reg’Nib, “RV-5577X: Lugares Esquecidos”</Data></Cell>
    <Cell ss:StyleID="s63"/>
    <Cell ss:StyleID="s63"/>
    <Cell ss:StyleID="s63"/>
    <Cell ss:StyleID="s63"/>
   </Row>
  </Table>
  <WorksheetOptions xmlns="urn:schemas-microsoft-com:office:excel">
   <Unsynced/>
   <Zoom>115</Zoom>
   <Selected/>
   <Panes>
    <Pane>
     <Number>3</Number>
     <ActiveCol>6</ActiveCol>
     <RangeSelection>C7</RangeSelection>
    </Pane>
   </Panes>
   <ProtectObjects>False</ProtectObjects>
   <ProtectScenarios>False</ProtectScenarios>
  </WorksheetOptions>
 </Worksheet>
</Workbook>