<?xml version='1.0' encoding='UTF-8'?>
<?mso-application progid="Excel.Sheet"?><Workbook xmlns="urn:schemas-microsoft-com:office:spreadsheet" xmlns:o="urn:schemas-microsoft-com:office:office" xmlns:x="urn:schemas-microsoft-com:office:excel" xmlns:ss="urn:schemas-microsoft-com:office:spreadsheet" xmlns:html="http://www.w3.org/TR/REC-html40">
 <DocumentProperties xmlns="urn:schemas-microsoft-com:office:office">
  <LastAuthor>GeraldR</LastAuthor>
  <LastSaved>2018-08-15T13:30:48Z</LastSaved>
  <Version>15.00</Version>
 </DocumentProperties>
 <OfficeDocumentSettings xmlns="urn:schemas-microsoft-com:office:office">
  <AllowPNG/>
 </OfficeDocumentSettings>
 <ExcelWorkbook xmlns="urn:schemas-microsoft-com:office:excel">
  <WindowHeight>17835</WindowHeight>
  <WindowWidth>-27136</WindowWidth>
  <WindowTopX>0</WindowTopX>
  <WindowTopY>0</WindowTopY>
  <ProtectStructure>False</ProtectStructure>
  <ProtectWindows>False</ProtectWindows>
 </ExcelWorkbook>
 <Styles>
  <Style ss:ID="Default" ss:Name="Normal">
   <Alignment ss:Vertical="Bottom"/>
   <Borders/>
   <Font ss:FontName="Calibri" x:Family="Swiss" ss:Size="11" ss:Color="#000000"/>
   <Interior/>
   <NumberFormat/>
   <Protection/>
  </Style>
  <Style ss:ID="s62">
   <Alignment ss:Vertical="Bottom" ss:WrapText="1"/>
  </Style>
  <Style ss:ID="s63">
   <Alignment ss:Vertical="Top" ss:WrapText="1"/>
  </Style>
 </Styles>
 <Worksheet ss:Name="Script">
  <Table ss:ExpandedColumnCount="7" ss:ExpandedRowCount="15" x:FullColumns="1" x:FullRows="1" ss:StyleID="s62" ss:DefaultRowHeight="15">
   <Column ss:StyleID="s62" ss:Width="126.75"/>
   <Column ss:StyleID="s62" ss:Width="66.75"/>
   <Column ss:StyleID="s62" ss:AutoFitWidth="0" ss:Width="366.75"/>
   <Column ss:StyleID="s62" ss:Width="147.75"/>
   <Column ss:StyleID="s62" ss:AutoFitWidth="0" ss:Width="192"/>
   <Column ss:StyleID="s62" ss:Width="120"/>
   <Column ss:StyleID="s62" ss:AutoFitWidth="0" ss:Width="366.75"/>
   <Row ss:AutoFitHeight="0" ss:Height="105">
    <Cell ss:StyleID="s63"><Data ss:Type="String">SPECIES_HOPPERHOUNDS</Data></Cell>
    <Cell ss:StyleID="s63"/>
    <Cell ss:StyleID="s63"/>
    <Cell ss:StyleID="s63"/>
    <Cell ss:StyleID="s63"><Data ss:Type="String">The DEV TEAM / MISC NOTES column contains info on what text between { } signs means (if applicable). It usually stands for either a numeric value, or a numeric value with an icon. Text between [ ] signs stands for a certain type of icon. </Data></Cell>
    <Cell ss:StyleID="s63"/>
    <Cell ss:StyleID="s63"/>
   </Row>
   <Row ss:AutoFitHeight="0">
    <Cell ss:StyleID="s63"><Data ss:Type="String">SCENE ID</Data></Cell>
    <Cell ss:StyleID="s63"><Data ss:Type="String">TEXT ID</Data></Cell>
    <Cell ss:StyleID="s63"><Data ss:Type="String">ENGLISH STRING</Data></Cell>
    <Cell ss:StyleID="s63"><Data ss:Type="String">ALTERNATIVE ENGLISH STRING</Data></Cell>
    <Cell ss:StyleID="s63"><Data ss:Type="String">LOCALIZATION NOTES</Data></Cell>
    <Cell ss:StyleID="s63"><Data ss:Type="String">DEV TEAM / MISC NOTES</Data></Cell>
    <Cell ss:StyleID="s63"/>
   </Row>
   <Row ss:AutoFitHeight="0">
    <Cell ss:StyleID="s63"><Data ss:Type="String">RACE</Data></Cell>
    <Cell ss:StyleID="s63"><Data ss:Type="String">NAME_SINGULAR</Data></Cell>
    <Cell ss:StyleID="s63"><Data ss:Type="String">Hopperhound</Data></Cell>
    <Cell ss:StyleID="s63"/>
    <Cell ss:StyleID="s63"/>
    <Cell ss:StyleID="s63"/>
    <Cell ss:StyleID="s63"/>
   </Row>
   <Row ss:AutoFitHeight="0">
    <Cell ss:StyleID="s63"/>
    <Cell ss:StyleID="s63"/>
    <Cell ss:StyleID="s63"/>
    <Cell ss:StyleID="s63"/>
    <Cell ss:StyleID="s63"/>
    <Cell ss:StyleID="s63"/>
    <Cell ss:StyleID="s63"/>
   </Row>
   <Row ss:AutoFitHeight="0">
    <Cell ss:StyleID="s63"><Data ss:Type="String">TIER0</Data></Cell>
    <Cell ss:StyleID="s63"><Data ss:Type="String">NAME</Data></Cell>
    <Cell ss:StyleID="s63"><Data ss:Type="String">Filhote de Hopperhound</Data></Cell>
    <Cell ss:StyleID="s63"/>
    <Cell ss:StyleID="s63"/>
    <Cell ss:StyleID="s63"/>
    <Cell ss:StyleID="s63"/>
   </Row>
   <Row ss:AutoFitHeight="0" ss:Height="120">
    <Cell ss:StyleID="s63"><Data ss:Type="String">TIER0</Data></Cell>
    <Cell ss:StyleID="s63"><Data ss:Type="String">DESCRIPTION</Data></Cell>
    <Cell ss:StyleID="s63"><Data ss:Type="String">“As colinas estão vivas com o som de insetos assassinos nojentos. É a temporada de caçar filhotes antes que eles comam seus animais de estimação e crianças. Junte-se a nós. Mate os jovens hopperhounds antes que cresçam e fiquem letais o suficiente para devorar você. Todos peguem uma arma. Você não pode matá-los sozinho. Eles são mortais. Podem saltar e atacar como qualquer hopperhound. Encontrem-se no Centro Comunitário na Manhã de Insetópolis. Não esqueçam o Banquete Noturno de Insetópolis e os deliciosos Insetos Churrasco! Comam-nos antes que eles comam vocês!” — Prefeito Keat Hatyara, “RV-1943D: Anúncio do Festival de Insetópolis”</Data></Cell>
    <Cell ss:StyleID="s63"/>
    <Cell ss:StyleID="s63"/>
    <Cell ss:StyleID="s63"><Data ss:Type="String">Edit: hopperound -&gt; hopperhound</Data></Cell>
    <Cell ss:StyleID="s63"/>
   </Row>
   <Row ss:AutoFitHeight="0">
    <Cell ss:StyleID="s63"><Data ss:Type="String">TIER1</Data></Cell>
    <Cell ss:StyleID="s63"><Data ss:Type="String">NAME</Data></Cell>
    <Cell ss:StyleID="s63"><Data ss:Type="String">Caçador de Homens Hopperhound</Data></Cell>
    <Cell ss:StyleID="s63"/>
    <Cell ss:StyleID="s63"/>
    <Cell ss:StyleID="s63"/>
    <Cell ss:StyleID="s63"/>
   </Row>
   <Row ss:AutoFitHeight="0" ss:Height="120">
    <Cell ss:StyleID="s63"><Data ss:Type="String">TIER1</Data></Cell>
    <Cell ss:StyleID="s63"><Data ss:Type="String">DESCRIPTION</Data></Cell>
    <Cell ss:StyleID="s63"><Data ss:Type="String">“Lembro-me do primeiro ano no Vale Sundew, na colônia agrícola. O solo rico e o clima favorável tornavam a vida ideal para o cultivo. Nossa comunidade cresceu forte enquanto vivíamos nossas vidas felizes, uma colheita abundante após a outra. Prosperamos por uma década, espalhando-nos pelo vale, até que algo maligno despertou na Colina Hopper. Um Caçador de Homens. Verde e coberto de espinhos, suas pernas eram foices, saltando pelos nossos campos. Ele não se importa com nossas plantações. Tem fome dos homens que cultivam a terra. Nós somos sua colheita.” — Patchery Mazz, “RV-6988D: A Rendição do Vale Sundew”</Data></Cell>
    <Cell ss:StyleID="s63"/>
    <Cell ss:StyleID="s63"/>
    <Cell ss:StyleID="s63"/>
    <Cell ss:StyleID="s63"/>
   </Row>
   <Row ss:AutoFitHeight="0">
    <Cell ss:StyleID="s63"><Data ss:Type="String">TIER2</Data></Cell>
    <Cell ss:StyleID="s63"><Data ss:Type="String">NAME</Data></Cell>
    <Cell ss:StyleID="s63"><Data ss:Type="String">Bocada de Lâmina Hopperhound</Data></Cell>
    <Cell ss:StyleID="s63"/>
    <Cell ss:StyleID="s63"/>
    <Cell ss:StyleID="s63"/>
    <Cell ss:StyleID="s63"/>
   </Row>
   <Row ss:AutoFitHeight="0" ss:Height="120">
    <Cell ss:StyleID="s63"><Data ss:Type="String">TIER2</Data></Cell>
    <Cell ss:StyleID="s63"><Data ss:Type="String">DESCRIPTION</Data></Cell>
    <Cell ss:StyleID="s63"><Data ss:Type="String">“A carapaça vermelho-viva estalava. Ele recuava lentamente contra a parede do penhasco. Era o maior hopperhound que víamos em gerações. Longos cortes ensanguentados adornavam os poucos cães de caça restantes que latiam para ele. Os moradores se aproximaram, erguendo seus rifles para o abate. O primeiro tiro ecoou no ar, mas o enorme hopper vermelho já havia sumido. Ele saltou sobre os cães e os aldeões que avançavam, atacando um soldado. O homem caiu de costas, largando sua arma, enquanto as garras afiadas como navalhas do criatura o perfuravam.” — Brian Froden, “RV-3480E: Caçando Insetos na Fronteira”</Data></Cell>
    <Cell ss:StyleID="s63"/>
    <Cell ss:StyleID="s63"/>
    <Cell ss:StyleID="s63"><Data ss:Type="String">Edit: as its -&gt; as the creature's</Data></Cell>
    <Cell ss:StyleID="s63"/>
   </Row>
   <Row ss:AutoFitHeight="0">
    <Cell ss:StyleID="s63"><Data ss:Type="String">TIER3</Data></Cell>
    <Cell ss:StyleID="s63"><Data ss:Type="String">NAME</Data></Cell>
    <Cell ss:StyleID="s63"><Data ss:Type="String">Eviscerador Hopperhound</Data></Cell>
    <Cell ss:StyleID="s63"/>
    <Cell ss:StyleID="s63"/>
    <Cell ss:StyleID="s63"/>
    <Cell ss:StyleID="s63"/>
   </Row>
   <Row ss:AutoFitHeight="0" ss:Height="150">
    <Cell ss:StyleID="s63"><Data ss:Type="String">TIER3</Data></Cell>
    <Cell ss:StyleID="s63"><Data ss:Type="String">DESCRIPTION</Data></Cell>
    <Cell ss:StyleID="s63"><Data ss:Type="String">“Se não fosse tão assassino, eu ficaria empolgado com ele. O Eviscerador Hopperhound é o insetoide carnívoro mais agressivo de toda a galáxia. Essa infestação galáctica pegou carona inteligentemente em naves para quase todas as colônias que a Star Union já alcançou. Originalmente, pensávamos que os ovos de hopperhound eram contrabandeados por rivais malfeitores para atormentar uns aos outros. Meus estudos sobre o Eviscerador mostram que ele possui contenção predatória suficiente para infestar a galáxia usando sua própria astúcia. Toda vez que encontro um, não consigo evitar me perguntar se estou olhando para a minha morte.” — Professor R. Lin’l “Homem-Inseto” Bunson, “RV-192S: Gravações do Posto Avançado Seti Alpha”</Data></Cell>
    <Cell ss:StyleID="s63"/>
    <Cell ss:StyleID="s63"/>
    <Cell ss:StyleID="s63"/>
    <Cell ss:StyleID="s63"/>
   </Row>
   <Row ss:Index="14" ss:AutoFitHeight="0">
    <Cell><Data ss:Type="String">LEADER_MOUNT_EMBER</Data></Cell>
    <Cell><Data ss:Type="String">NAME</Data></Cell>
    <Cell><Data ss:Type="String">Hopperhound de Brasas</Data></Cell>
   </Row>
   <Row ss:AutoFitHeight="0">
    <Cell><Data ss:Type="String">LEADER_MOUNT_EMBER</Data></Cell>
    <Cell><Data ss:Type="String">DESCRIPTION</Data></Cell>
    <Cell><Data ss:Type="String">Hopperhound experimental criado pela Star Union para servir como arma. Implantes subdérmicos o tornam mais resistente do que espécimes normais, e uma modificação única em seu sistema respiratório lhe concede acesso a ataques Térmicos.</Data></Cell>
   </Row>
  </Table>
  <WorksheetOptions xmlns="urn:schemas-microsoft-com:office:excel">
   <Unsynced/>
   <Zoom>130</Zoom>
   <Selected/>
   <Panes>
    <Pane>
     <Number>3</Number>
     <ActiveCol>6</ActiveCol>
     <RangeSelection>C7</RangeSelection>
    </Pane>
   </Panes>
   <ProtectObjects>False</ProtectObjects>
   <ProtectScenarios>False</ProtectScenarios>
  </WorksheetOptions>
 </Worksheet>
</Workbook>