<?xml version='1.0' encoding='UTF-8'?>
<?mso-application progid="Excel.Sheet"?><Workbook xmlns="urn:schemas-microsoft-com:office:spreadsheet" xmlns:o="urn:schemas-microsoft-com:office:office" xmlns:x="urn:schemas-microsoft-com:office:excel" xmlns:ss="urn:schemas-microsoft-com:office:spreadsheet" xmlns:html="http://www.w3.org/TR/REC-html40">
 <DocumentProperties xmlns="urn:schemas-microsoft-com:office:office">
  <Author>Elliott Van Neste</Author>
  <LastAuthor>Glenn Smits</LastAuthor>
  <Created>2018-10-30T08:44:30Z</Created>
  <LastSaved>2020-07-27T10:32:12Z</LastSaved>
  <Version>16.00</Version>
 </DocumentProperties>
 <OfficeDocumentSettings xmlns="urn:schemas-microsoft-com:office:office">
  <AllowPNG/>
 </OfficeDocumentSettings>
 <ExcelWorkbook xmlns="urn:schemas-microsoft-com:office:excel">
  <WindowHeight>19965</WindowHeight>
  <WindowWidth>32767</WindowWidth>
  <WindowTopX>32767</WindowTopX>
  <WindowTopY>32767</WindowTopY>
  <RefModeR1C1/>
  <ProtectStructure>False</ProtectStructure>
  <ProtectWindows>False</ProtectWindows>
 </ExcelWorkbook>
 <Styles>
  <Style ss:ID="Default" ss:Name="Normal">
   <Alignment ss:Vertical="Bottom"/>
   <Borders/>
   <Font ss:FontName="Calibri" x:Family="Swiss" ss:Size="11" ss:Color="#000000"/>
   <Interior/>
   <NumberFormat/>
   <Protection/>
  </Style>
  <Style ss:ID="s62">
   <Alignment ss:Vertical="Top" ss:WrapText="1"/>
  </Style>
 </Styles>
 <Worksheet ss:Name="Script">
  <Table ss:ExpandedColumnCount="9" ss:ExpandedRowCount="215" x:FullColumns="1" x:FullRows="1" ss:StyleID="s62" ss:DefaultColumnWidth="285.75" ss:DefaultRowHeight="15">
   <Column ss:StyleID="s62" ss:Width="244.5"/>
   <Column ss:StyleID="s62" ss:Width="168.75"/>
   <Column ss:StyleID="s62" ss:AutoFitWidth="0" ss:Width="456.75"/>
   <Column ss:StyleID="s62" ss:Width="147.75"/>
   <Column ss:StyleID="s62" ss:AutoFitWidth="0" ss:Width="293.25"/>
   <Column ss:StyleID="s62" ss:Width="120"/>
   <Column ss:StyleID="s62" ss:AutoFitWidth="0" ss:Width="49.5"/>
   <Column ss:StyleID="s62" ss:AutoFitWidth="0" ss:Width="42.75"/>
   <Column ss:StyleID="s62" ss:AutoFitWidth="0" ss:Width="38.25"/>
   <Row ss:AutoFitHeight="0" ss:Height="60">
    <Cell><Data ss:Type="String">STRUCTURES_STRATEGIC</Data></Cell>
    <Cell ss:Index="5"><Data ss:Type="String">The DEV TEAM / MISC NOTES column contains info on what text between { } signs means (if applicable). It usually stands for either a numeric value, or a numeric value with an icon. Text between [ ] signs stands for a certain type of icon. </Data></Cell>
   </Row>
   <Row ss:AutoFitHeight="0">
    <Cell><Data ss:Type="String">SCENE ID</Data></Cell>
    <Cell><Data ss:Type="String">TEXT ID</Data></Cell>
    <Cell><Data ss:Type="String">ENGLISH STRING</Data></Cell>
    <Cell><Data ss:Type="String">ALTERNATIVE ENGLISH STRING</Data></Cell>
    <Cell><Data ss:Type="String">LOCALIZATION NOTES</Data></Cell>
    <Cell><Data ss:Type="String">DEV TEAM / MISC NOTES</Data></Cell>
   </Row>
   <Row ss:AutoFitHeight="0" ss:Height="60">
    <Cell ss:Index="5"><Data ss:Type="String">In the text below, text refers to a person that can either be male or female. If relevant for translation, please use the ‘localized string’ column for the male text and the ‘alternative localized string’ column for the female text.</Data></Cell>
   </Row>
   <Row ss:AutoFitHeight="0" ss:Height="105">
    <Cell ss:Index="5"><Data ss:Type="String">In the text below, any inserted strings - anything of the form {text} - is replaced by an integer value for the thing described in the brackets. If the {text} is not followed by a unit - e.g. shields, hitpoints - the icon for the unit is inserted together with the integer. The same holds for symbols - e.g. '+', '%' - which are occasionally inserted together with the integer.</Data></Cell>
   </Row>
   <Row ss:AutoFitHeight="0" ss:Height="45">
    <Cell ss:Index="5"><Data ss:Type="String">For references to game terminology and in-world references, please check the glossary delivered as part of the documentation.</Data></Cell>
   </Row>
   <Row ss:AutoFitHeight="0">
    <Cell><Data ss:Type="String">TOME_OF_WONDERS_LINKS</Data></Cell>
    <Cell><Data ss:Type="String">LANDMARK_TAG</Data></Cell>
    <Cell><Data ss:Type="String">[hyperlink,0000039E0000007A]Marco[/hyperlink]</Data></Cell>
    <Cell ss:Index="5"><Data ss:Type="String">Do not translate</Data></Cell>
   </Row>
   <Row ss:AutoFitHeight="0">
    <Cell><Data ss:Type="String">TOME_OF_WONDERS_LINKS</Data></Cell>
    <Cell><Data ss:Type="String">TREASURE_SITE_TAG</Data></Cell>
    <Cell><Data ss:Type="String">[hyperlink,0000039A00000925]Visitar Local[/hyperlink]</Data></Cell>
    <Cell ss:Index="5"><Data ss:Type="String">Do not translate</Data></Cell>
   </Row>
   <Row ss:AutoFitHeight="0">
    <Cell><Data ss:Type="String">TOME_OF_WONDERS_LINKS</Data></Cell>
    <Cell><Data ss:Type="String">VISIT_SITE_TAG</Data></Cell>
    <Cell><Data ss:Type="String">[hyperlink,0000039A00000925]Visitar Local[/hyperlink]</Data></Cell>
    <Cell ss:Index="5"><Data ss:Type="String">Do not translate</Data></Cell>
   </Row>
   <Row ss:AutoFitHeight="0">
    <Cell><Data ss:Type="String">TOME_OF_WONDERS_LINKS</Data></Cell>
    <Cell><Data ss:Type="String">SPAWNER_TAG</Data></Cell>
    <Cell><Data ss:Type="String">[hyperlink,0000039A00000928]Gerador[/hyperlink]</Data></Cell>
    <Cell ss:Index="5"><Data ss:Type="String">Do not translate</Data></Cell>
   </Row>
   <Row ss:AutoFitHeight="0">
    <Cell><Data ss:Type="String">TOME_OF_WONDERS_LINKS</Data></Cell>
    <Cell><Data ss:Type="String">DWELLING_TAG</Data></Cell>
    <Cell><Data ss:Type="String">[hyperlink,0000039A00000930]Moradia[/hyperlink]</Data></Cell>
    <Cell ss:Index="5"><Data ss:Type="String">Do not translate</Data></Cell>
   </Row>
   <Row ss:AutoFitHeight="0">
    <Cell><Data ss:Type="String">TOME_OF_WONDERS_LINKS</Data></Cell>
    <Cell><Data ss:Type="String">BASE_TAG</Data></Cell>
    <Cell><Data ss:Type="String">[hyperlink,0000039A0000092F]Base[/hyperlink]</Data></Cell>
    <Cell ss:Index="5"><Data ss:Type="String">Do not translate</Data></Cell>
   </Row>
   <Row ss:AutoFitHeight="0">
    <Cell><Data ss:Type="String">TOME_OF_WONDERS_LINKS</Data></Cell>
    <Cell><Data ss:Type="String">OUTPOST_TAG</Data></Cell>
    <Cell><Data ss:Type="String">[hyperlink,0000039A000010D7]Acampamento[/hyperlink]</Data></Cell>
    <Cell ss:Index="5"><Data ss:Type="String">Do not translate</Data></Cell>
   </Row>
   <Row ss:AutoFitHeight="0">
    <Cell><Data ss:Type="String">TOME_OF_WONDERS_LINKS</Data></Cell>
    <Cell><Data ss:Type="String">IMPERIAL_DEFENSE</Data></Cell>
    <Cell><Data ss:Type="String">[hyperlink,000003AC000000F1]Defesa Imperial[/hyperlink]</Data></Cell>
    <Cell ss:Index="5"><Data ss:Type="String">Do not translate</Data></Cell>
   </Row>
   <Row ss:AutoFitHeight="0">
    <Cell><Data ss:Type="String">DWELLING_INCOME_GENERIC</Data></Cell>
    <Cell><Data ss:Type="String">FEATURE</Data></Cell>
    <Cell><Data ss:Type="String">{Income}</Data></Cell>
   </Row>
   <Row ss:AutoFitHeight="0">
    <Cell><Data ss:Type="String">CRYO_TOMB_LANDMARK</Data></Cell>
    <Cell><Data ss:Type="String">NAME</Data></Cell>
    <Cell><Data ss:Type="String">Instalação Criogênica</Data></Cell>
   </Row>
   <Row ss:AutoFitHeight="0" ss:Height="90">
    <Cell><Data ss:Type="String">CRYO_TOMB_LANDMARK</Data></Cell>
    <Cell><Data ss:Type="String">DESCRIPTION</Data></Cell>
    <Cell><Data ss:Type="String">Este marco é um setor energético avançado e concede o seguinte ao ser anexado:[bulletList][bullet]{EnergyFlat}[/bullet][bullet]{EnergySlot}[/bullet][/bulletlist][br/][br/][bulletlist][bullet]{ProductionFlat}[/bullet][bullet]{ProductionSlot}[/bullet][/bulletlist][br/][br/]Além disso, desbloqueia o seguinte edifício em sua colônia:[bulletlist][bullet][hyperlink,000003BD00000359]Instalação Criomédica[/hyperlink][/bullet][/bulletlist]</Data></Cell>
   </Row>
   <Row ss:AutoFitHeight="0" ss:Height="60">
    <Cell><Data ss:Type="String">CRYO_TOMB_LANDMARK</Data></Cell>
    <Cell><Data ss:Type="String">SHORT_DESCRIPTION</Data></Cell>
    <Cell><Data ss:Type="String">Este marco é um setor energético avançado e concede o seguinte ao ser anexado:[br/]{EnergyFlat}, {EnergySlot}.[br/]{ProductionFlat}, {ProductionSlot}.[br/][br/]Além disso, desbloqueia o seguinte edifício em sua colônia: [hyperlink,000003BD00000359]Instalação Criomédica[/hyperlink]</Data></Cell>
   </Row>
   <Row ss:AutoFitHeight="0">
    <Cell><Data ss:Type="String">CRYO_TOMB_LANDMARK</Data></Cell>
    <Cell><Data ss:Type="String">FEATURE</Data></Cell>
    <Cell><Data ss:Type="String">{Income}</Data></Cell>
   </Row>
   <Row ss:AutoFitHeight="0">
    <Cell><Data ss:Type="String">PROMETHEAN_LANDMARK</Data></Cell>
    <Cell><Data ss:Type="String">NAME</Data></Cell>
    <Cell><Data ss:Type="String">Cofre Prometeano</Data></Cell>
   </Row>
   <Row ss:AutoFitHeight="0" ss:Height="90">
    <Cell><Data ss:Type="String">PROMETHEAN_LANDMARK</Data></Cell>
    <Cell><Data ss:Type="String">DESCRIPTION</Data></Cell>
    <Cell><Data ss:Type="String">Este marco é um setor de produção avançado e concede o seguinte ao ser anexado:[bulletList][bullet]{ProductionFlat}[/bullet][bullet]{ProductionSlot}[/bullet][/bulletlist][br/][br/][bulletlist][bullet]{ResearchFlat}[/bullet][bullet]{ResearchSlot}[/bullet][/bulletlist][br/][br/]Além disso, desbloqueia o seguinte edifício em sua colônia:[bulletlist][bullet][hyperlink,000003BD0000032B]Planta de Manufatura Pesada[/hyperlink][/bullet][/bulletlist]</Data></Cell>
   </Row>
   <Row ss:AutoFitHeight="0" ss:Height="60">
    <Cell><Data ss:Type="String">PROMETHEAN_LANDMARK</Data></Cell>
    <Cell><Data ss:Type="String">SHORT_DESCRIPTION</Data></Cell>
    <Cell><Data ss:Type="String">Este marco é um setor de produção avançado e concede o seguinte ao ser anexado:[br/]{ProductionFlat}, {ProductionSlot}.[br/]{ResearchFlat}, {ResearchSlot}.[br/][br/]Além disso, desbloqueia o seguinte edifício em sua colônia: [hyperlink,000003BD0000032B]Planta de Manufatura Pesada[/hyperlink]</Data></Cell>
   </Row>
   <Row ss:AutoFitHeight="0">
    <Cell><Data ss:Type="String">PROMETHEAN_LANDMARK</Data></Cell>
    <Cell><Data ss:Type="String">FEATURE</Data></Cell>
    <Cell><Data ss:Type="String">{Income}</Data></Cell>
   </Row>
   <Row ss:AutoFitHeight="0" ss:Height="90">
    <Cell><Data ss:Type="String">PSYNUMBRA_LANDMARK</Data></Cell>
    <Cell><Data ss:Type="String">DESCRIPTION</Data></Cell>
    <Cell><Data ss:Type="String">Este marco é um setor de pesquisa avançado e concede o seguinte ao ser anexado:[br/][bulletList][bullet]{ResearchFlat}[/bullet][bullet]{ResearchSlot} [/bullet][/bulletlist][br/][br/][bulletlist][bullet]{EnergyFlat}[/bullet][bullet]{EnergySlot}[/bullet][/bulletlist][br/][br/]Além disso, desbloqueia o seguinte edifício em sua colônia:[bulletlist][bullet][hyperlink,000003BD0000033A]Santuário das Trevas[/hyperlink][/bullet][/bulletlist]</Data></Cell>
   </Row>
   <Row ss:AutoFitHeight="0" ss:Height="60">
    <Cell><Data ss:Type="String">PSYNUMBRA_LANDMARK</Data></Cell>
    <Cell><Data ss:Type="String">SHORT_DESCRIPTION</Data></Cell>
    <Cell><Data ss:Type="String">Este marco é um setor de pesquisa avançado e concede o seguinte ao ser anexado:[br/]{ResearchFlat}, {ResearchSlot}.[br/]{EnergyFlat}, {EnergySlot}.[br/][br/]Além disso, desbloqueia o seguinte edifício em sua colônia:[bulletlist][bullet][hyperlink,000003BD0000033A]Santuário das Trevas[/hyperlink]</Data></Cell>
   </Row>
   <Row ss:AutoFitHeight="0">
    <Cell><Data ss:Type="String">PSYNUMBRA_LANDMARK</Data></Cell>
    <Cell><Data ss:Type="String">NAME</Data></Cell>
    <Cell><Data ss:Type="String">Sanctório Psynumbra</Data></Cell>
   </Row>
   <Row ss:AutoFitHeight="0">
    <Cell><Data ss:Type="String">PSYNUMBRA_LANDMARK</Data></Cell>
    <Cell><Data ss:Type="String">FEATURE</Data></Cell>
    <Cell><Data ss:Type="String">{Income}</Data></Cell>
   </Row>
   <Row ss:AutoFitHeight="0">
    <Cell><Data ss:Type="String">XENOPLAGUE_LANDMARK</Data></Cell>
    <Cell><Data ss:Type="String">NAME</Data></Cell>
    <Cell><Data ss:Type="String">Laboratórios Xenopraga</Data></Cell>
   </Row>
   <Row ss:AutoFitHeight="0" ss:Height="90">
    <Cell><Data ss:Type="String">XENOPLAGUE_LANDMARK</Data></Cell>
    <Cell><Data ss:Type="String">DESCRIPTION</Data></Cell>
    <Cell><Data ss:Type="String">Este marco é um setor alimentício avançado e concede o seguinte ao ser anexado:[bulletList][bullet]{FoodFlat}[/bullet][bullet]{FoodSlot}[/bullet][/bulletlist][br/][br/][bulletlist][bullet]{ResearchFlat}[/bullet][bullet]{ResearchSlot}[/bullet][/bulletlist][br/][br/]Além disso, desbloqueia o seguinte edifício em sua colônia:[bulletlist][bullet][hyperlink,000003BD00000335]Laboratório de Genética[/hyperlink][/bullet][/bulletlist]</Data></Cell>
   </Row>
   <Row ss:AutoFitHeight="0" ss:Height="75">
    <Cell><Data ss:Type="String">XENOPLAGUE_LANDMARK</Data></Cell>
    <Cell><Data ss:Type="String">SHORT_DESCRIPTION</Data></Cell>
    <Cell><Data ss:Type="String">Este marco é um setor alimentício avançado e concede o seguinte ao ser anexado:[br/]{FoodFlat}, {FoodSlot}.[br/]{ResearchFlat}, {ResearchSlot}.[br/][br/]Além disso, desbloqueia o seguinte edifício em sua colônia:[bulletlist][bullet][hyperlink,000003BD00000335]Laboratório de Genética[/hyperlink][/bullet][/bulletlist]</Data></Cell>
   </Row>
   <Row ss:AutoFitHeight="0">
    <Cell><Data ss:Type="String">XENOPLAGUE_LANDMARK</Data></Cell>
    <Cell><Data ss:Type="String">FEATURE</Data></Cell>
    <Cell><Data ss:Type="String">{Income}</Data></Cell>
   </Row>
   <Row ss:AutoFitHeight="0">
    <Cell><Data ss:Type="String">SPACEPORT_LANDMARK</Data></Cell>
    <Cell><Data ss:Type="String">NAME</Data></Cell>
    <Cell><Data ss:Type="String">Porto Espacial</Data></Cell>
   </Row>
   <Row ss:AutoFitHeight="0" ss:Height="90">
    <Cell><Data ss:Type="String">SPACEPORT_LANDMARK</Data></Cell>
    <Cell><Data ss:Type="String">DESCRIPTION</Data></Cell>
    <Cell><Data ss:Type="String">Este marco é um setor avançado de produção e concede o seguinte ao ser anexado:[bulletList][bullet]{ProductionFlat}[/bullet][bullet]{ProductionSlot}[/bullet][/bulletlist][br/][br/][bulletlist][bullet]{EnergyFlat}[/bullet][bullet]{EnergySlot}[/bullet][/bulletlist][br/][br/]Além disso, desbloqueia o seguinte edifício em sua colônia:[bulletlist][bullet][hyperlink,000003BD00000369]Hangar de Manutenção de Naves[/hyperlink][/bullet][/bulletlist]</Data></Cell>
   </Row>
   <Row ss:AutoFitHeight="0" ss:Height="60">
    <Cell><Data ss:Type="String">SPACEPORT_LANDMARK</Data></Cell>
    <Cell><Data ss:Type="String">SHORT_DESCRIPTION</Data></Cell>
    <Cell><Data ss:Type="String">Este marco é um setor avançado de produção e concede o seguinte ao ser anexado:[br/]{ProductionFlat}, {ProductionSlot}.[br/]{EnergyFlat}, {EnergySlot}.[br/][br/]Além disso, desbloqueia o seguinte edifício em sua colônia: [hyperlink,000003BD00000369]Hangar de Manutenção de Naves[/hyperlink]</Data></Cell>
   </Row>
   <Row ss:AutoFitHeight="0">
    <Cell><Data ss:Type="String">SPACEPORT_LANDMARK</Data></Cell>
    <Cell><Data ss:Type="String">FEATURE</Data></Cell>
    <Cell><Data ss:Type="String">{Income}</Data></Cell>
   </Row>
   <Row ss:AutoFitHeight="0">
    <Cell><Data ss:Type="String">ELYSIUM_PARKS_LANDMARK</Data></Cell>
    <Cell><Data ss:Type="String">NAME</Data></Cell>
    <Cell><Data ss:Type="String">Parques Elísios</Data></Cell>
   </Row>
   <Row ss:AutoFitHeight="0">
    <Cell><Data ss:Type="String">ELYSIUM_PARKS_LANDMARK</Data></Cell>
    <Cell><Data ss:Type="String">FEATURE</Data></Cell>
    <Cell><Data ss:Type="String">{Income}</Data></Cell>
   </Row>
   <Row ss:AutoFitHeight="0" ss:Height="120">
    <Cell><Data ss:Type="String">ELYSIUM_PARKS_LANDMARK</Data></Cell>
    <Cell><Data ss:Type="String">DESCRIPTION</Data></Cell>
    <Cell><Data ss:Type="String">Este marco é um setor avançado de alimentos e concede o seguinte ao ser anexado:[bulletList][bullet]{FoodFlat}[/bullet][bullet]{FoodSlot}[/bullet][/bulletlist][br/][br/][bulletlist][bullet]{HappinessFlat}[/bullet][bullet]{HappinessSlot} [/bullet][/bulletlist][br/][br/]Além disso, desbloqueia o seguinte para ser construído em sua colônia:[bulletlist][bullet][hyperlink,000003BD00000365]Centro de Relaxamento[/hyperlink][/bullet][Bullet][hyperlink,0000038500000313]Roy-2[/hyperlink][/bullet][bullet][hyperlink,0000038500000314]Emma-3[/hyperlink][/bullet][/bulletlist]</Data></Cell>
   </Row>
   <Row ss:AutoFitHeight="0" ss:Height="90">
    <Cell><Data ss:Type="String">ELYSIUM_PARKS_LANDMARK</Data></Cell>
    <Cell><Data ss:Type="String">SHORT_DESCRIPTION</Data></Cell>
    <Cell><Data ss:Type="String">Este marco é um setor avançado de alimentos e concede o seguinte ao ser anexado:[br/]{FoodFlat}, {FoodSlot}.[br/]{HappinessFlat}, {HappinessSlot}.[br/][br/]Além disso, desbloqueia o seguinte para ser construído em sua colônia: [hyperlink,000003BD00000365]Centro de Relaxamento[/hyperlink], [hyperlink,0000038500000313]Roy-2[/hyperlink] e [hyperlink,0000038500000314]Emma-3[/hyperlink].</Data></Cell>
   </Row>
   <Row ss:AutoFitHeight="0">
    <Cell><Data ss:Type="String">GOVERNMENT_PALACE_LANDMARK</Data></Cell>
    <Cell><Data ss:Type="String">NAME</Data></Cell>
    <Cell><Data ss:Type="String">Palácio do Governo</Data></Cell>
   </Row>
   <Row ss:AutoFitHeight="0" ss:Height="90">
    <Cell><Data ss:Type="String">GOVERNMENT_PALACE_LANDMARK</Data></Cell>
    <Cell><Data ss:Type="String">DESCRIPTION</Data></Cell>
    <Cell><Data ss:Type="String">Este marco é um setor avançado de pesquisa e concede o seguinte ao ser anexado:[bulletList][bullet]{ResearchFlat}[/bullet][bullet]{ResearchSlot}[/bullet][/bulletlist][br/][br/][bulletlist][bullet]{FoodFlat}[/bullet][bullet]{FoodSlot}[/bullet][/bulletlist][br/][br/]Além disso, desbloqueia o seguinte edifício em sua colônia:[bulletlist][bullet][hyperlink,000003BD0000035D]Centro de Treinamento Imperial[/hyperlink][/bullet][/bulletlist]</Data></Cell>
   </Row>
   <Row ss:AutoFitHeight="0" ss:Height="60">
    <Cell><Data ss:Type="String">GOVERNMENT_PALACE_LANDMARK</Data></Cell>
    <Cell><Data ss:Type="String">SHORT_DESCRIPTION</Data></Cell>
    <Cell><Data ss:Type="String">Este marco é um setor avançado de pesquisa e concede o seguinte ao ser anexado:[br/]{ResearchFlat}, {ResearchSlot}.[br/]{FoodFlat}, {FoodSlot}.[br/][br/]Além disso, desbloqueia o seguinte edifício em sua colônia: [hyperlink,000003BD0000035D]Centro de Treinamento Imperial[/hyperlink]</Data></Cell>
   </Row>
   <Row ss:AutoFitHeight="0">
    <Cell><Data ss:Type="String">GOVERNMENT_PALACE_LANDMARK</Data></Cell>
    <Cell><Data ss:Type="String">FEATURE</Data></Cell>
    <Cell><Data ss:Type="String">{Income}</Data></Cell>
   </Row>
   <Row ss:AutoFitHeight="0">
    <Cell><Data ss:Type="String">ARTIFICIAL_LANDMARK</Data></Cell>
    <Cell><Data ss:Type="String">NAME</Data></Cell>
    <Cell><Data ss:Type="String">Rede de Síntese</Data></Cell>
   </Row>
   <Row ss:AutoFitHeight="0" ss:Height="90">
    <Cell><Data ss:Type="String">ARTIFICIAL_LANDMARK</Data></Cell>
    <Cell><Data ss:Type="String">DESCRIPTION</Data></Cell>
    <Cell><Data ss:Type="String">Este marco é um setor avançado de produção e concede o seguinte ao ser anexado:[bulletList][bullet]{ProductionFlat}[/bullet][bullet]{ProductionSlot}[/bullet][/bulletlist][br/][br/][bulletlist][bullet]{EnergyFlat}[/bullet][bullet]{EnergySlot}[/bullet][/bulletlist][br/][br/]Além disso, desbloqueia o seguinte edifício em sua colônia:[bulletlist][bullet][hyperlink,000003BD00000326]Instalação de Armas[/hyperlink][/bullet][/bulletlist]</Data></Cell>
   </Row>
   <Row ss:AutoFitHeight="0" ss:Height="90">
    <Cell><Data ss:Type="String">ARTIFICIAL_LANDMARK</Data></Cell>
    <Cell><Data ss:Type="String">SHORT_DESCRIPTION</Data></Cell>
    <Cell><Data ss:Type="String">Este marco é um setor avançado de produção e concede o seguinte ao ser anexado:[bulletList][bullet]{ProductionFlat}[/bullet][bullet]{ProductionSlot}[/bullet][/bulletlist][br/][br/][bulletlist][bullet]{EnergyFlat}[/bullet][bullet]{EnergySlot}[/bullet][/bulletlist][br/][br/]Além disso, desbloqueia o seguinte edifício em sua colônia:[bulletlist][bullet][hyperlink,000003BD00000326]Instalação de Armas[/hyperlink][/bullet][/bulletlist]</Data></Cell>
   </Row>
   <Row ss:AutoFitHeight="0">
    <Cell><Data ss:Type="String">ARTIFICIAL_LANDMARK</Data></Cell>
    <Cell><Data ss:Type="String">FEATURE</Data></Cell>
    <Cell><Data ss:Type="String">{Income}</Data></Cell>
   </Row>
   <Row ss:AutoFitHeight="0">
    <Cell><Data ss:Type="String">CELESTIAN_LANDMARK</Data></Cell>
    <Cell><Data ss:Type="String">NAME</Data></Cell>
    <Cell><Data ss:Type="String">Arquivos Celestianos</Data></Cell>
   </Row>
   <Row ss:AutoFitHeight="0" ss:Height="90">
    <Cell><Data ss:Type="String">CELESTIAN_LANDMARK</Data></Cell>
    <Cell><Data ss:Type="String">DESCRIPTION</Data></Cell>
    <Cell><Data ss:Type="String">Este marco é um setor avançado de alimentos e concede o seguinte ao ser anexado:[bulletList][bullet]{FoodFlat}[/bullet][bullet]{FoodSlot}[/bullet][/bulletlist][br/][br/][bulletlist][bullet]{HappinessFlat}[/bullet][bullet]{HappinessSlot/}[/bullet][/bulletlist][br/][br/]Além disso, desbloqueia o seguinte edifício em sua colônia:[bulletlist][bullet][hyperlink,000003BD00000330]Observatório Estelar[/hyperlink][/bullet][/bulletlist]</Data></Cell>
   </Row>
   <Row ss:AutoFitHeight="0" ss:Height="60">
    <Cell><Data ss:Type="String">CELESTIAN_LANDMARK</Data></Cell>
    <Cell><Data ss:Type="String">SHORT_DESCRIPTION</Data></Cell>
    <Cell><Data ss:Type="String">Este marco é um setor avançado de alimentos e concede o seguinte ao ser anexado:[br/]{FoodFlat}, {FoodSlot}.[br/]{HappinessFlat}, {HappinessSlot}.[br/][br/]Além disso, desbloqueia o seguinte edifício em sua colônia: [hyperlink,000003BD00000330]Observatório Estelar[/hyperlink]</Data></Cell>
   </Row>
   <Row ss:AutoFitHeight="0">
    <Cell><Data ss:Type="String">CELESTIAN_LANDMARK</Data></Cell>
    <Cell><Data ss:Type="String">FEATURE</Data></Cell>
    <Cell><Data ss:Type="String">{Income}</Data></Cell>
   </Row>
   <Row ss:AutoFitHeight="0">
    <Cell><Data ss:Type="String">VOIDTECH_LANDMARK</Data></Cell>
    <Cell><Data ss:Type="String">NAME</Data></Cell>
    <Cell><Data ss:Type="String">Complexo Voidtech</Data></Cell>
   </Row>
   <Row ss:AutoFitHeight="0" ss:Height="90">
    <Cell><Data ss:Type="String">VOIDTECH_LANDMARK</Data></Cell>
    <Cell><Data ss:Type="String">DESCRIPTION</Data></Cell>
    <Cell><Data ss:Type="String">Este marco é um setor avançado de energia e concede o seguinte ao ser anexado:[bulletList][bullet]{EnergyFlat}[/bullet][bullet]{EnergySlot}[/bullet][/bulletlist][br/][br/][bulletlist][bullet]{ProductionFlat}[/bullet][bullet]{ProductionSlot}[/bullet][/bulletlist][br/][br/]Além disso, desbloqueia o seguinte edifício em sua colônia:[bulletlist][bullet][hyperlink,000003BD00000304]Gerador de Fenda[/hyperlink][/bullet][/bulletlist]</Data></Cell>
   </Row>
   <Row ss:AutoFitHeight="0" ss:Height="60">
    <Cell><Data ss:Type="String">VOIDTECH_LANDMARK</Data></Cell>
    <Cell><Data ss:Type="String">SHORT_DESCRIPTION</Data></Cell>
    <Cell><Data ss:Type="String">Este marco é um setor avançado de energia e concede o seguinte ao ser anexado:[br/]{EnergyFlat}, {EnergySlot}.[br/]{ProductionFlat}, {ProductionSlot}.[br/][br/]Além disso, desbloqueia o seguinte edifício em sua colônia: [hyperlink,000003BD00000304]Gerador de Fenda[/hyperlink]</Data></Cell>
   </Row>
   <Row ss:AutoFitHeight="0">
    <Cell><Data ss:Type="String">VOIDTECH_LANDMARK</Data></Cell>
    <Cell><Data ss:Type="String">FEATURE</Data></Cell>
    <Cell><Data ss:Type="String">{Income}</Data></Cell>
   </Row>
   <Row ss:AutoFitHeight="0">
    <Cell><Data ss:Type="String">IMPERIAL_BIODOME_COMPOUND</Data></Cell>
    <Cell><Data ss:Type="String">NAME</Data></Cell>
    <Cell><Data ss:Type="String">Complexo de Biodomos Imperiais</Data></Cell>
   </Row>
   <Row ss:AutoFitHeight="0" ss:Height="45">
    <Cell><Data ss:Type="String">IMPERIAL_BIODOME_COMPOUND</Data></Cell>
    <Cell><Data ss:Type="String">DESCRIPTION</Data></Cell>
    <Cell><Data ss:Type="String">Uma antiga base setorial da Star Union ainda operacional. Funciona como uma exploração de alimentos pré-construída e fornece um adicional de {SupplyFlat} e {SupplySlots}.[br/][br/]Além disso, desbloqueia o seguinte edifício em sua colônia: [hyperlink,000003BD000004B2]Centro de Nutrição[/hyperlink]</Data></Cell>
    <Cell ss:Index="5"><Data ss:Type="String">Star Union is the name of the empire in our game, see the lore.</Data></Cell>
   </Row>
   <Row ss:AutoFitHeight="0">
    <Cell><Data ss:Type="String">IMPERIAL_BIODOME_COMPOUND</Data></Cell>
    <Cell><Data ss:Type="String">FEATURE</Data></Cell>
    <Cell><Data ss:Type="String">{Income}</Data></Cell>
   </Row>
   <Row ss:AutoFitHeight="0">
    <Cell><Data ss:Type="String">IMPERIAL_ENERGY_COMPLEX</Data></Cell>
    <Cell><Data ss:Type="String">NAME</Data></Cell>
    <Cell><Data ss:Type="String">Complexo de Energia Imperial</Data></Cell>
   </Row>
   <Row ss:AutoFitHeight="0" ss:Height="60">
    <Cell><Data ss:Type="String">IMPERIAL_ENERGY_COMPLEX</Data></Cell>
    <Cell><Data ss:Type="String">DESCRIPTION</Data></Cell>
    <Cell><Data ss:Type="String">Uma antiga base setorial da Star Union ainda operacional. Funciona como uma exploração de energia pré-construída e fornece um adicional de {EnergyFlat} e {EnergySlots}.[br/][br/]Além disso, desbloqueia o seguinte edifício em sua colônia: [hyperlink,000003BD000004AC]Laboratório de Blindagem[/hyperlink]</Data></Cell>
   </Row>
   <Row ss:AutoFitHeight="0">
    <Cell><Data ss:Type="String">IMPERIAL_ENERGY_COMPLEX</Data></Cell>
    <Cell><Data ss:Type="String">FEATURE</Data></Cell>
    <Cell><Data ss:Type="String">{Income}</Data></Cell>
   </Row>
   <Row ss:AutoFitHeight="0">
    <Cell><Data ss:Type="String">IMPERIAL_MINING_FACILITY</Data></Cell>
    <Cell><Data ss:Type="String">NAME</Data></Cell>
    <Cell><Data ss:Type="String">Instalação de Mineração Imperial</Data></Cell>
   </Row>
   <Row ss:AutoFitHeight="0" ss:Height="60">
    <Cell><Data ss:Type="String">IMPERIAL_MINING_FACILITY</Data></Cell>
    <Cell><Data ss:Type="String">DESCRIPTION</Data></Cell>
    <Cell><Data ss:Type="String">Uma antiga base setorial da Star Union ainda operacional. Funciona como uma exploração de produção pré-construída e fornece um adicional de {ProductionFlat} e {ProductionSlots}.[br/][br/]Além disso, desbloqueia o seguinte edifício em sua colônia: [hyperlink,000003BD000004B7]Fábrica de Reforços[/hyperlink]</Data></Cell>
   </Row>
   <Row ss:AutoFitHeight="0">
    <Cell><Data ss:Type="String">IMPERIAL_MINING_FACILITY</Data></Cell>
    <Cell><Data ss:Type="String">FEATURE</Data></Cell>
    <Cell><Data ss:Type="String">{Income}</Data></Cell>
   </Row>
   <Row ss:AutoFitHeight="0">
    <Cell><Data ss:Type="String">IMPERIAL_RESEARCH_CENTER</Data></Cell>
    <Cell><Data ss:Type="String">NAME</Data></Cell>
    <Cell><Data ss:Type="String">Centro de Pesquisa Imperial</Data></Cell>
   </Row>
   <Row ss:AutoFitHeight="0" ss:Height="60">
    <Cell><Data ss:Type="String">IMPERIAL_RESEARCH_CENTER</Data></Cell>
    <Cell><Data ss:Type="String">DESCRIPTION</Data></Cell>
    <Cell><Data ss:Type="String">Uma antiga base setorial da Star Union ainda operacional. Funciona como uma exploração de pesquisa pré-construída e fornece um adicional de {ResearchFlat} e {ResearchSlots}.[br/][br/]Além disso, desbloqueia o seguinte edifício em sua colônia: [hyperlink,000003BD000004AD]Centro de Aprendizado[/hyperlink]</Data></Cell>
   </Row>
   <Row ss:AutoFitHeight="0">
    <Cell><Data ss:Type="String">IMPERIAL_RESEARCH_CENTER</Data></Cell>
    <Cell><Data ss:Type="String">FEATURE</Data></Cell>
    <Cell><Data ss:Type="String">{Income}</Data></Cell>
   </Row>
   <Row ss:AutoFitHeight="0">
    <Cell><Data ss:Type="String">IMPERIAL_SUNKEN_CITY</Data></Cell>
    <Cell><Data ss:Type="String">NAME</Data></Cell>
    <Cell><Data ss:Type="String">Colônia Submersa Imperial</Data></Cell>
   </Row>
   <Row ss:AutoFitHeight="0" ss:Height="75">
    <Cell><Data ss:Type="String">IMPERIAL_SUNKEN_CITY</Data></Cell>
    <Cell><Data ss:Type="String">DESCRIPTION</Data></Cell>
    <Cell><Data ss:Type="String">Uma antiga base setorial naval da Star Union ainda operacional. Funciona como uma exploração aquática pré-construída e fornece um adicional de {EnergyFlat}, {ResearchFlat} e {FoodFlat}, além de {EnergySlots}, {ResearchSlots} e {FoodSlots}.[br/][br/]Além disso, desbloqueia o seguinte edifício em sua colônia:[hyperlink,000003BD00001921]Instalação de Treinamento Aquático[/hyperlink]</Data></Cell>
   </Row>
   <Row ss:AutoFitHeight="0">
    <Cell><Data ss:Type="String">IMPERIAL_SUNKEN_CITY</Data></Cell>
    <Cell><Data ss:Type="String">FEATURE</Data></Cell>
    <Cell><Data ss:Type="String">{Income}</Data></Cell>
   </Row>
   <Row ss:AutoFitHeight="0">
    <Cell><Data ss:Type="String">GENERIC_UNIT_PROP</Data></Cell>
    <Cell><Data ss:Type="String">DESCRIPTION</Data></Cell>
    <Cell><Data ss:Type="String">Esta unidade possui {UnitBonus}.</Data></Cell>
   </Row>
   <Row ss:AutoFitHeight="0">
    <Cell><Data ss:Type="String">IMPERIAL_WAR_MONUMENT</Data></Cell>
    <Cell><Data ss:Type="String">NAME</Data></Cell>
    <Cell><Data ss:Type="String">Monumento de Guerra Imperial</Data></Cell>
   </Row>
   <Row ss:AutoFitHeight="0" ss:Height="60">
    <Cell><Data ss:Type="String">IMPERIAL_WAR_MONUMENT</Data></Cell>
    <Cell><Data ss:Type="String">DESCRIPTION</Data></Cell>
    <Cell><Data ss:Type="String">Um salão memorial em homenagem aos heróis reverenciados da Star Union. Monolíticos e impressionantes, esses estruturas inspiram reverência pelos veteranos da Star Union.[br/][br/]Concede {Supply} de Comida e {Production} de Produção à colônia à qual está vinculado.[br/]Unidades não-Mente construídas na colônia proprietária ganham {UnitBonus}.</Data></Cell>
   </Row>
   <Row ss:AutoFitHeight="0">
    <Cell><Data ss:Type="String">IMPERIAL_WAR_MONUMENT</Data></Cell>
    <Cell><Data ss:Type="String">FEATURE</Data></Cell>
    <Cell><Data ss:Type="String">{Income}</Data></Cell>
   </Row>
   <Row ss:AutoFitHeight="0">
    <Cell><Data ss:Type="String">IMPERIAL_WAR_MONUMENT</Data></Cell>
    <Cell><Data ss:Type="String">UNIT_BONUS</Data></Cell>
    <Cell><Data ss:Type="String">Unidades não-Mente ganham {UnitBonus}.</Data></Cell>
   </Row>
   <Row ss:AutoFitHeight="0">
    <Cell><Data ss:Type="String">HEAVY_WEAPONS_FACTORY</Data></Cell>
    <Cell><Data ss:Type="String">NAME</Data></Cell>
    <Cell><Data ss:Type="String">Fábrica de Armas Pesadas</Data></Cell>
   </Row>
   <Row ss:AutoFitHeight="0" ss:Height="60">
    <Cell><Data ss:Type="String">HEAVY_WEAPONS_FACTORY</Data></Cell>
    <Cell><Data ss:Type="String">DESCRIPTION</Data></Cell>
    <Cell><Data ss:Type="String">Uma enorme Fábrica de Armas Pesadas. Esse complexo massivo já produziu grande parte do equipamento militar pesado da Star Union. Agora, está abandonado, esperando para ser saqueado.[br/][br/]Concede {Production} de Produção à colônia à qual está vinculado.[br/]Unidades pesadas construídas na colônia proprietária ganham {UnitBonus}.</Data></Cell>
   </Row>
   <Row ss:AutoFitHeight="0" ss:Height="60">
    <Cell><Data ss:Type="String">HEAVY_WEAPONS_FACTORY</Data></Cell>
    <Cell><Data ss:Type="String">UNIT_BONUS</Data></Cell>
    <Cell><Data ss:Type="String">Unidades pesadas ganham {UnitBonus}.</Data></Cell>
   </Row>
   <Row ss:AutoFitHeight="0">
    <Cell><Data ss:Type="String">REPAIR_STATION</Data></Cell>
    <Cell><Data ss:Type="String">STATUS_EFFECT</Data></Cell>
    <Cell><Data ss:Type="String">As armas desta unidade foram modificadas para causar {Damage} de dano durante seu próximo combate.</Data></Cell>
   </Row>
   <Row ss:AutoFitHeight="0">
    <Cell><Data ss:Type="String">HEAVY_WEAPONS_FACTORY</Data></Cell>
    <Cell><Data ss:Type="String">FEATURE</Data></Cell>
    <Cell><Data ss:Type="String">{Income}</Data></Cell>
   </Row>
   <Row ss:AutoFitHeight="0">
    <Cell><Data ss:Type="String">REPAIR_STATION</Data></Cell>
    <Cell><Data ss:Type="String">NAME</Data></Cell>
    <Cell><Data ss:Type="String">Estação de Reabastecimento</Data></Cell>
   </Row>
   <Row ss:AutoFitHeight="0" ss:Height="45">
    <Cell><Data ss:Type="String">REPAIR_STATION</Data></Cell>
    <Cell><Data ss:Type="String">DESCRIPTION</Data></Cell>
    <Cell><Data ss:Type="String">Restaura totalmente o [hp/] de unidades visitantes e concede a elas um bônus de {Damagebonus} de dano em ataques durante seu próximo combate.[br/][br/]A Estação de Reabastecimento adiciona {Supply} de Comida à colônia à qual está vinculada.</Data></Cell>
   </Row>
   <Row ss:AutoFitHeight="0">
    <Cell><Data ss:Type="String">REPAIR_STATION</Data></Cell>
    <Cell><Data ss:Type="String">FEATURE</Data></Cell>
    <Cell><Data ss:Type="String">{Income}</Data></Cell>
   </Row>
   <Row ss:AutoFitHeight="0">
    <Cell><Data ss:Type="String">STADIUM_ARCADIUM</Data></Cell>
    <Cell><Data ss:Type="String">NAME</Data></Cell>
    <Cell><Data ss:Type="String">Estádio Arcadium</Data></Cell>
   </Row>
   <Row ss:AutoFitHeight="0" ss:Height="30">
    <Cell><Data ss:Type="String">STADIUM_ARCADIUM</Data></Cell>
    <Cell><Data ss:Type="String">DESCRIPTION</Data></Cell>
    <Cell><Data ss:Type="String">Os estádios da União ainda reproduzem concertos automatizados de bandas há muito esquecidas. Concede {happiness} de Felicidade à colônia à qual está vinculado.</Data></Cell>
   </Row>
   <Row ss:AutoFitHeight="0">
    <Cell><Data ss:Type="String">STADIUM_ARCADIUM</Data></Cell>
    <Cell><Data ss:Type="String">FEATURE</Data></Cell>
    <Cell><Data ss:Type="String">{Income}</Data></Cell>
   </Row>
   <Row ss:AutoFitHeight="0">
    <Cell><Data ss:Type="String">MILESTONE_CHARGE_STATION</Data></Cell>
    <Cell><Data ss:Type="String">NAME</Data></Cell>
    <Cell><Data ss:Type="String">Estação de Recarga de Marco</Data></Cell>
   </Row>
   <Row ss:AutoFitHeight="0" ss:Height="30">
    <Cell><Data ss:Type="String">MILESTONE_CHARGE_STATION</Data></Cell>
    <Cell><Data ss:Type="String">DESCRIPTION</Data></Cell>
    <Cell><Data ss:Type="String">Restaura totalmente todos os pontos de movimento das unidades visitantes.[br/][br/]A Estação de Recarga de Marco adiciona {energy} Energia à colônia à qual está vinculada.</Data></Cell>
   </Row>
   <Row ss:AutoFitHeight="0">
    <Cell><Data ss:Type="String">MILESTONE_CHARGE_STATION</Data></Cell>
    <Cell><Data ss:Type="String">FEATURE</Data></Cell>
    <Cell><Data ss:Type="String">{Income}</Data></Cell>
   </Row>
   <Row ss:AutoFitHeight="0">
    <Cell><Data ss:Type="String">PSI_SHRINE</Data></Cell>
    <Cell><Data ss:Type="String">NAME</Data></Cell>
    <Cell><Data ss:Type="String">Santuário Psi</Data></Cell>
   </Row>
   <Row ss:AutoFitHeight="0" ss:Height="60">
    <Cell><Data ss:Type="String">PSI_SHRINE</Data></Cell>
    <Cell><Data ss:Type="String">DESCRIPTION</Data></Cell>
    <Cell><Data ss:Type="String">Apesar da proibição da Star Union à psionia e da perseguição aos seus praticantes, santuários como este podem ser encontrados desafiadoramente escondidos por todo o território da Star Union.[br/][br/]Concede {Research} Pesquisa e {Energy} Energia à colônia à qual está vinculado.[br/]Unidades construídas na colônia vinculada ganham {UnitBonus} Resistência Psiónica.</Data></Cell>
   </Row>
   <Row ss:AutoFitHeight="0" ss:Height="60">
    <Cell><Data ss:Type="String">PSI_SHRINE</Data></Cell>
    <Cell><Data ss:Type="String">UNIT_BONUS</Data></Cell>
    <Cell><Data ss:Type="String">Todas as unidades ganham {UnitBonus} Resistência Psiónica.</Data></Cell>
   </Row>
   <Row ss:AutoFitHeight="0">
    <Cell><Data ss:Type="String">PSI_SHRINE</Data></Cell>
    <Cell><Data ss:Type="String">FEATURE</Data></Cell>
    <Cell><Data ss:Type="String">{Income}</Data></Cell>
   </Row>
   <Row ss:AutoFitHeight="0">
    <Cell><Data ss:Type="String">DNA_VAULT</Data></Cell>
    <Cell><Data ss:Type="String">NAME</Data></Cell>
    <Cell><Data ss:Type="String">Cofre de DNA</Data></Cell>
   </Row>
   <Row ss:AutoFitHeight="0" ss:Height="60">
    <Cell><Data ss:Type="String">DNA_VAULT</Data></Cell>
    <Cell><Data ss:Type="String">DESCRIPTION</Data></Cell>
    <Cell><Data ss:Type="String">Um antigo Cofre Imperial de Sementes, usado para armazenar amostras de DNA e sementes de todas as variedades de criaturas e vegetação para fins de pesquisa. [br/][br/]Concede {Research} Pesquisa e {Supply} Comida à colônia à qual está vinculado.[br/]Unidades Biológicas e Ciborgues construídas na colônia vinculada ganham {UnitBonus}.</Data></Cell>
   </Row>
   <Row ss:AutoFitHeight="0">
    <Cell><Data ss:Type="String">DNA_VAULT</Data></Cell>
    <Cell><Data ss:Type="String">FEATURE</Data></Cell>
    <Cell><Data ss:Type="String">{Income}</Data></Cell>
   </Row>
   <Row ss:AutoFitHeight="0">
    <Cell><Data ss:Type="String">DNA_VAULT</Data></Cell>
    <Cell><Data ss:Type="String">UNIT_BONUS</Data></Cell>
    <Cell><Data ss:Type="String">Unidades Biológicas e Ciborgues ganham {UnitBonus}</Data></Cell>
   </Row>
   <Row ss:AutoFitHeight="0">
    <Cell><Data ss:Type="String">TERRAFORMING_OUTPOST</Data></Cell>
    <Cell><Data ss:Type="String">NAME</Data></Cell>
    <Cell><Data ss:Type="String">Posto de Terraformação</Data></Cell>
   </Row>
   <Row ss:AutoFitHeight="0" ss:Height="60">
    <Cell><Data ss:Type="String">TERRAFORMING_OUTPOST</Data></Cell>
    <Cell><Data ss:Type="String">DESCRIPTION</Data></Cell>
    <Cell><Data ss:Type="String">Um antigo posto de terraformação abandonado que ainda tem alguns suprimentos restantes, incluindo estimulantes de grau imperial que fortalecem o sistema imunológico.[br/][br/]Concede {Supply} Comida à colônia à qual está vinculado.[br/]Unidades construídas na colônia vinculada ganham {UnitBonus} Resistência a Efeitos de Status.</Data></Cell>
    <Cell ss:Index="5"><Data ss:Type="String">Imperial-grade stimulants are a kind of drug you can inject yourself with to boost your immune system / resistance</Data></Cell>
   </Row>
   <Row ss:AutoFitHeight="0">
    <Cell><Data ss:Type="String">TERRAFORMING_OUTPOST</Data></Cell>
    <Cell><Data ss:Type="String">FEATURE</Data></Cell>
    <Cell><Data ss:Type="String">{Income}</Data></Cell>
   </Row>
   <Row ss:AutoFitHeight="0">
    <Cell><Data ss:Type="String">TERRAFORMING_OUTPOST</Data></Cell>
    <Cell><Data ss:Type="String">EFFECT_DESCRIPTION</Data></Cell>
    <Cell><Data ss:Type="String">{UnitBonus} resistência a todos os efeitos de status.</Data></Cell>
   </Row>
   <Row ss:AutoFitHeight="0">
    <Cell><Data ss:Type="String">TERRAFORMING_OUTPOST</Data></Cell>
    <Cell><Data ss:Type="String">UNIT_BONUS</Data></Cell>
    <Cell><Data ss:Type="String">Todas as unidades ganham {UnitBonus} resistência a efeitos de status.</Data></Cell>
   </Row>
   <Row ss:AutoFitHeight="0">
    <Cell><Data ss:Type="String">BROADCAST_STATION</Data></Cell>
    <Cell><Data ss:Type="String">NAME</Data></Cell>
    <Cell><Data ss:Type="String">Estação de Transmissão</Data></Cell>
    <Cell ss:Index="5"><Data ss:Type="String">Resource node name.</Data></Cell>
   </Row>
   <Row ss:AutoFitHeight="0" ss:Height="60">
    <Cell><Data ss:Type="String">BROADCAST_STATION</Data></Cell>
    <Cell><Data ss:Type="String">DESCRIPTION</Data></Cell>
    <Cell><Data ss:Type="String">A Star Union mantinha uma forte rede de comunicação e propaganda planetária. Durante o auge do império, essas torres permitiam a comunicação interplanetária também. [br/][br/]Concede {Influencegain} Influência à colônia à qual está vinculada.[br/]Unidades construídas na colônia vinculada ganham {UnitBonus} precisão em seus ataques.</Data></Cell>
    <Cell ss:Index="5"><Data ss:Type="String">Resource node description. Autonom are an NPC faction of robots</Data></Cell>
   </Row>
   <Row ss:AutoFitHeight="0">
    <Cell><Data ss:Type="String">BROADCAST_STATION</Data></Cell>
    <Cell><Data ss:Type="String">FEATURE</Data></Cell>
    <Cell><Data ss:Type="String">{Income}</Data></Cell>
    <Cell ss:Index="5"><Data ss:Type="String">No translation required.</Data></Cell>
   </Row>
   <Row ss:AutoFitHeight="0">
    <Cell><Data ss:Type="String">BROADCAST_STATION</Data></Cell>
    <Cell><Data ss:Type="String">EFFECT_DESCRIPTION</Data></Cell>
    <Cell><Data ss:Type="String">{Accuracybonus} precisão.</Data></Cell>
   </Row>
   <Row ss:AutoFitHeight="0">
    <Cell><Data ss:Type="String">BROADCAST_STATION</Data></Cell>
    <Cell><Data ss:Type="String">UNIT_BONUS</Data></Cell>
    <Cell><Data ss:Type="String">Todas as unidades ganham {UnitBonus} precisão.</Data></Cell>
   </Row>
   <Row ss:AutoFitHeight="0">
    <Cell><Data ss:Type="String">PARAGON_BARRACKS</Data></Cell>
    <Cell><Data ss:Type="String">NAME</Data></Cell>
    <Cell><Data ss:Type="String">Quartel Paragon</Data></Cell>
    <Cell ss:Index="5"><Data ss:Type="String">Resource node name.</Data></Cell>
   </Row>
   <Row ss:AutoFitHeight="0" ss:Height="60">
    <Cell><Data ss:Type="String">PARAGON_BARRACKS</Data></Cell>
    <Cell><Data ss:Type="String">DESCRIPTION</Data></Cell>
    <Cell><Data ss:Type="String">Embora os Paragon mantenham um exército considerável apesar do declínio da Star Union, essas instalações servem como um lembrete do poder que as legiões dos Paragon costumavam manter. [br/][br/]Concede {Energy} Energia e {Production} Produção à colônia à qual está vinculado.[br/]Unidades Leves construídas na colônia vinculada ganham {UnitBonus}.</Data></Cell>
    <Cell ss:Index="5"><Data ss:Type="String">Resource node description. Paragon are an NPC faction</Data></Cell>
   </Row>
   <Row ss:AutoFitHeight="0">
    <Cell><Data ss:Type="String">PARAGON_BARRACKS</Data></Cell>
    <Cell><Data ss:Type="String">FEATURE</Data></Cell>
    <Cell><Data ss:Type="String">{Income}</Data></Cell>
   </Row>
   <Row ss:AutoFitHeight="0">
    <Cell><Data ss:Type="String">PARAGON_BARRACKS</Data></Cell>
    <Cell><Data ss:Type="String">UNIT_BONUS</Data></Cell>
    <Cell><Data ss:Type="String">Todas as unidades Leves ganham {UnitBonus}.</Data></Cell>
   </Row>
   <Row ss:AutoFitHeight="0">
    <Cell><Data ss:Type="String">GRAVITY_GENERATOR</Data></Cell>
    <Cell><Data ss:Type="String">NAME</Data></Cell>
    <Cell><Data ss:Type="String">Gerador de Gravidade</Data></Cell>
   </Row>
   <Row ss:AutoFitHeight="0">
    <Cell><Data ss:Type="String">GRAVITY_GENERATOR</Data></Cell>
    <Cell><Data ss:Type="String">DESCRIPTION</Data></Cell>
    <Cell><Data ss:Type="String">Geradores de Gravidade são usados como dissuasão não-combatente contra forças inimigas e vida selvagem.</Data></Cell>
   </Row>
   <Row ss:AutoFitHeight="0" ss:Height="75">
    <Cell><Data ss:Type="String">GRAVITY_GENERATOR</Data></Cell>
    <Cell><Data ss:Type="String">LOGIC_DESCRIPTION</Data></Cell>
    <Cell><Data ss:Type="String">[bulletList][bullet][abilityred]O custo de movimento de [/abilityred]Inimigo{MovementCost} neste setor é aumentado em [/bullet] por hex no mapa-múndi.[bullet][/bullet]Em combate:[bulletList][bullet][abilityred][/abilityred]Unidades [abilityred]inimigas[/abilityred] têm velocidade de movimento [/bullet]Lenta__PH15__.__PH16__</Data></Cell>
    <Cell ss:Index="5"><Data ss:Type="String">Slow movement speed means the unit has less move points and moves slower on the world map. A hex has a movepoint cost(movement cost), and a unit has a number of move points. A unit spends movepoints equivalent to a hex's movepoint cost to move unto that hex.</Data></Cell>
   </Row>
   <Row ss:AutoFitHeight="0" ss:Height="30">
    <Cell><Data ss:Type="String">GRAVITY_GENERATOR</Data></Cell>
    <Cell><Data ss:Type="String">PROPERTY_DESCRIPTION</Data></Cell>
    <Cell><Data ss:Type="String">Devido a um gerador de gravidade ativo no setor, a gravidade desta unidade está artificialmente aumentada. Ela tem velocidade de movimento lenta.</Data></Cell>
   </Row>
   <Row ss:AutoFitHeight="0">
    <Cell><Data ss:Type="String">GRAVITY_GENERATOR</Data></Cell>
    <Cell><Data ss:Type="String">COMBAT_PROPERTY_DESCRIPTION</Data></Cell>
    <Cell><Data ss:Type="String">Todas as unidades têm velocidade de movimento lenta devido a um Gerador de Gravidade ativo no setor.</Data></Cell>
   </Row>
   <Row ss:AutoFitHeight="0">
    <Cell><Data ss:Type="String">ACTIVE_LASER_TRACKER</Data></Cell>
    <Cell><Data ss:Type="String">NAME</Data></Cell>
    <Cell><Data ss:Type="String">Matriz de Mira</Data></Cell>
   </Row>
   <Row ss:AutoFitHeight="0" ss:Height="30">
    <Cell><Data ss:Type="String">ACTIVE_LASER_TRACKER</Data></Cell>
    <Cell><Data ss:Type="String">DESCRIPTION</Data></Cell>
    <Cell><Data ss:Type="String">Matrizes de Mira são usadas para obter localizações precisas de movimentos de forças, proporcionando uma vantagem tática.</Data></Cell>
   </Row>
   <Row ss:AutoFitHeight="0" ss:Height="60">
    <Cell><Data ss:Type="String">ACTIVE_LASER_TRACKER</Data></Cell>
    <Cell><Data ss:Type="String">LOGIC_DESCRIPTION</Data></Cell>
    <Cell><Data ss:Type="String">[bulletList][bullet]O alcance de visão e sensores para unidades neste setor é aumentado em {sensorRange}.[/bullet][bullet][abilityblue]Unidades [/abilityblue]aliadas[/bullet] ganham Detecção.[bullet][abilityblue]Em combate, habilidades à distância de unidades [/abilityblue]aliadas{accuracybuff} ganham {rangebuff} e [/bullet] de alcance em hex.__PH14__</Data></Cell>
   </Row>
   <Row ss:AutoFitHeight="0" ss:Height="60">
    <Cell><Data ss:Type="String">ACTIVE_LASER_TRACKER</Data></Cell>
    <Cell><Data ss:Type="String">SM_PROPERTY_DESCRIPTION</Data></Cell>
    <Cell><Data ss:Type="String">Devido a uma matriz de mira reforçando esta unidade, ela ganha o seguinte: [bulletList][bullet]seu alcance de visão e sensores é aumentado em {sensorRange} hex.[/bullet][bullet]Ela ganha Detecção.[/bullet][bullet]As habilidades à distância desta unidade ganham {accuracybuff} e {rangebuff} de alcance em hex.[/bullet]</Data></Cell>
    <Cell ss:Index="5"><Data ss:Type="String">Detection allows units to see other units that would otherwise be camouflaged and invisible.</Data></Cell>
   </Row>
   <Row ss:AutoFitHeight="0">
    <Cell><Data ss:Type="String">ACTIVE_LASER_TRACKER</Data></Cell>
    <Cell><Data ss:Type="String">PROPERTY_DESCRIPTION</Data></Cell>
    <Cell><Data ss:Type="String">Esta unidade ganha Detecção da matriz de mira.</Data></Cell>
   </Row>
   <Row ss:AutoFitHeight="0" ss:Height="30">
    <Cell><Data ss:Type="String">ACTIVE_LASER_TRACKER</Data></Cell>
    <Cell><Data ss:Type="String">COMBAT_PROPERTY_DESCRIPTION</Data></Cell>
    <Cell><Data ss:Type="String">Habilidades à distância de unidades [abilityblue]aliadas[/abilityblue] ganham {accuracybuff} de precisão e {rangebuff} de alcance em hex.</Data></Cell>
    <Cell ss:Index="5"><Data ss:Type="String">Operation points are a resource that is spent to cast operations.</Data></Cell>
   </Row>
   <Row ss:AutoFitHeight="0">
    <Cell><Data ss:Type="String">OPERATION_SCRAMBLER</Data></Cell>
    <Cell><Data ss:Type="String">NAME</Data></Cell>
    <Cell><Data ss:Type="String">Interceptador de Operações</Data></Cell>
   </Row>
   <Row ss:AutoFitHeight="0" ss:Height="30">
    <Cell><Data ss:Type="String">OPERATION_SCRAMBLER</Data></Cell>
    <Cell><Data ss:Type="String">DESCRIPTION</Data></Cell>
    <Cell><Data ss:Type="String">Interceptadores de Operações eram frequentemente usados pelo Império para bloquear áreas de operações de contrainteligência e satélites espiões.</Data></Cell>
   </Row>
   <Row ss:AutoFitHeight="0" ss:Height="30">
    <Cell><Data ss:Type="String">OPERATION_SCRAMBLER</Data></Cell>
    <Cell><Data ss:Type="String">LOGIC_DESCRIPTION</Data></Cell>
    <Cell><Data ss:Type="String">[bulletList][bullet]Operações não são possíveis neste setor, tanto no mapa-múndi quanto em combate tático.[/bullet]</Data></Cell>
   </Row>
   <Row ss:AutoFitHeight="0">
    <Cell><Data ss:Type="String">OPERATION_SCRAMBLER</Data></Cell>
    <Cell><Data ss:Type="String">COMBAT_PROPERTY_DESCRIPTION</Data></Cell>
    <Cell><Data ss:Type="String">Operações não são possíveis neste setor devido a um Interceptador de Operações ativo no setor.</Data></Cell>
   </Row>
   <Row ss:AutoFitHeight="0">
    <Cell><Data ss:Type="String">PULSE_DEFENSE_TURRET</Data></Cell>
    <Cell><Data ss:Type="String">NAME</Data></Cell>
    <Cell><Data ss:Type="String">Torre de Defesa de Pulso</Data></Cell>
   </Row>
   <Row ss:AutoFitHeight="0" ss:Height="30">
    <Cell><Data ss:Type="String">PULSE_DEFENSE_TURRET</Data></Cell>
    <Cell><Data ss:Type="String">DESCRIPTION</Data></Cell>
    <Cell><Data ss:Type="String">Torres de Defesa de Pulso são torres antiveículo avançadas que podem desativar e eliminar o suporte de fogo pesado inimigo à distância.</Data></Cell>
   </Row>
   <Row ss:AutoFitHeight="0" ss:Height="75">
    <Cell><Data ss:Type="String">PULSE_DEFENSE_TURRET</Data></Cell>
    <Cell><Data ss:Type="String">LOGIC_DESCRIPTION</Data></Cell>
    <Cell><Data ss:Type="String">[bulletList][bullet]Em combate, a cada {turns}turnos:[/bullet][bulletList][bullet]Todas as unidades [abilityred]inimigas[/abilityred] Mecânicas e Ciborgues sofrem {TCdamage} de dano de Arco.[/bullet][bullet][abilityred]Unidades [/abilityred]inimigas{Stunchance} Mecânicas e Ciborgues têm [abilityred] de chance de serem [/abilityred]Atordoadas{Stunduration} por [/bullet].__PH18__</Data></Cell>
    <Cell ss:Index="5"><Data ss:Type="String">Mechanical and Cyborg are unit types, that determine whether or not some abilities and status effects can affect them. Stunned is a negative status effect that makes a unit unable to move or act.</Data></Cell>
   </Row>
   <Row ss:AutoFitHeight="0" ss:Height="45">
    <Cell><Data ss:Type="String">PULSE_DEFENSE_TURRET</Data></Cell>
    <Cell><Data ss:Type="String">COMBAT_PROPERTY_DESCRIPTION</Data></Cell>
    <Cell><Data ss:Type="String">A cada {turns} turnos, o campo de batalha é atingido por um pulso de Arco, causando {TCdamage} de dano de Arco a todas as unidades [abilityred]inimigas[/abilityred] Mecânicas e Ciborgues com {Stunchance} de chance de causar [abilityred]Atordoamento[/abilityred] por {Stunduration}.</Data></Cell>
   </Row>
   <Row ss:AutoFitHeight="0" ss:Height="30">
    <Cell><Data ss:Type="String">PULSE_DEFENSE_TURRET</Data></Cell>
    <Cell><Data ss:Type="String">PROPERTY_DESCRIPTION</Data></Cell>
    <Cell><Data ss:Type="String">Esta unidade está sendo engajada pela Torre de Defesa de Pulso neste setor. Sua regeneração no mapa-múndi está bloqueada.</Data></Cell>
    <Cell ss:Index="5"><Data ss:Type="String">regeneration is the amount of hit points (hp) that a unit regains each turn on the world map.</Data></Cell>
   </Row>
   <Row ss:AutoFitHeight="0">
    <Cell><Data ss:Type="String">AERIAL_DENIAL_SYSTEM</Data></Cell>
    <Cell><Data ss:Type="String">NAME</Data></Cell>
    <Cell><Data ss:Type="String">Sistema de Negação Aérea</Data></Cell>
   </Row>
   <Row ss:AutoFitHeight="0" ss:Height="45">
    <Cell><Data ss:Type="String">AERIAL_DENIAL_SYSTEM</Data></Cell>
    <Cell><Data ss:Type="String">DESCRIPTION</Data></Cell>
    <Cell><Data ss:Type="String">O SAD é encontrado próximo a áreas de espaço aéreo controlado para desencorajar qualquer interpretação aventureira das fronteiras do espaço aéreo. Eles são altamente eficazes no combate a qualquer presença aérea.</Data></Cell>
   </Row>
   <Row ss:AutoFitHeight="0" ss:Height="45">
    <Cell><Data ss:Type="String">AERIAL_DENIAL_SYSTEM</Data></Cell>
    <Cell><Data ss:Type="String">LOGIC_DESCRIPTION</Data></Cell>
    <Cell><Data ss:Type="String">[bulletList][bullet]Em combate, a cada {turns} turno: [/bullet][bulletList][bullet]Uma unidade Voadora [abilityred]Inimiga[/abilityred] aleatória sofre {TCdamage} dano Cinético e o debuff Turbulência por {turnsTurbulence} turnos.[/bullet]</Data></Cell>
    <Cell ss:Index="5"><Data ss:Type="String">Turbulence is a negative status effect that affects flying units, making them less accurate with their attacks.</Data></Cell>
   </Row>
   <Row ss:AutoFitHeight="0" ss:Height="30">
    <Cell><Data ss:Type="String">AERIAL_DENIAL_SYSTEM</Data></Cell>
    <Cell><Data ss:Type="String">PROPERTY_DESCRIPTION</Data></Cell>
    <Cell><Data ss:Type="String">Esta unidade está sendo engajada pelo Sistema de Negação Aérea neste setor. Sua regeneração no mapa mundial está bloqueada.</Data></Cell>
   </Row>
   <Row ss:AutoFitHeight="0" ss:Height="30">
    <Cell><Data ss:Type="String">AERIAL_DENIAL_SYSTEM</Data></Cell>
    <Cell><Data ss:Type="String">COMBAT_PROPERTY_DESCRIPTION</Data></Cell>
    <Cell><Data ss:Type="String">A cada turno, um míssil irá atingir uma unidade Voadora [abilityred]inimiga[/abilityred] aleatória, causando {TCdamage} dano Cinético e aplicando o debuff Turbulência por {turns} turnos.</Data></Cell>
   </Row>
   <Row ss:AutoFitHeight="0">
    <Cell><Data ss:Type="String">ORBITAL_DEFENSE_UPLINK</Data></Cell>
    <Cell><Data ss:Type="String">NAME</Data></Cell>
    <Cell><Data ss:Type="String">Link de Defesa Orbital</Data></Cell>
   </Row>
   <Row ss:AutoFitHeight="0" ss:Height="30">
    <Cell><Data ss:Type="String">ORBITAL_DEFENSE_UPLINK</Data></Cell>
    <Cell><Data ss:Type="String">DESCRIPTION</Data></Cell>
    <Cell><Data ss:Type="String">Este link foi originalmente criado para permitir comunicação constante com a plataforma de defesa orbital do planeta. Ele ainda está ativo e mirando forças hostis neste setor.</Data></Cell>
   </Row>
   <Row ss:AutoFitHeight="0" ss:Height="45">
    <Cell><Data ss:Type="String">ORBITAL_DEFENSE_UPLINK</Data></Cell>
    <Cell><Data ss:Type="String">LOGIC_DESCRIPTION</Data></Cell>
    <Cell><Data ss:Type="String">[bulletList][bullet]Em combate, a cada {turns} turnos:[/bullet][bulletList][bullet]{units} unidades inimigas aleatórias sofrem {TCdamage} dano Cinético.[/bullet][bullet]Unidades não resistentes ficarão [abilityred]Atordoadas[/abilityred].[/bullet]</Data></Cell>
    <Cell ss:Index="5"><Data ss:Type="String">Stagger is a negative effect that can be applied to enemy units that means they are less effective.</Data></Cell>
   </Row>
   <Row ss:AutoFitHeight="0" ss:Height="30">
    <Cell><Data ss:Type="String">ORBITAL_DEFENSE_UPLINK</Data></Cell>
    <Cell><Data ss:Type="String">COMBAT_PROPERTY_DESCRIPTION</Data></Cell>
    <Cell><Data ss:Type="String">O campo de batalha é bombardeado a cada {turns} turnos, causando {TCdamage} dano Cinético a {units} unidades inimigas aleatórias e provocando [abilityred]Atordoamento[/abilityred].</Data></Cell>
   </Row>
   <Row ss:AutoFitHeight="0" ss:Height="30">
    <Cell><Data ss:Type="String">ORBITAL_DEFENSE_UPLINK</Data></Cell>
    <Cell><Data ss:Type="String">PROPERTY_DESCRIPTION</Data></Cell>
    <Cell><Data ss:Type="String">Esta unidade está sendo engajada pelo Link de Defesa Orbital neste setor. Sua regeneração no mapa mundial está bloqueada.</Data></Cell>
   </Row>
   <Row ss:AutoFitHeight="0">
    <Cell><Data ss:Type="String">SHROUD_GENERATOR</Data></Cell>
    <Cell><Data ss:Type="String">NAME</Data></Cell>
    <Cell><Data ss:Type="String">Gerador de Manto</Data></Cell>
   </Row>
   <Row ss:AutoFitHeight="0" ss:Height="45">
    <Cell><Data ss:Type="String">SHROUD_GENERATOR</Data></Cell>
    <Cell><Data ss:Type="String">DESCRIPTION</Data></Cell>
    <Cell><Data ss:Type="String">O Gerador de Manto é um dispositivo Imperial antigo que era usado pelos militares para negar visão e informações às forças inimigas. Equipamentos especiais podem neutralizar os efeitos do gerador de manto, proporcionando uma vantagem em combate às forças que os utilizam.</Data></Cell>
   </Row>
   <Row ss:AutoFitHeight="0" ss:Height="45">
    <Cell><Data ss:Type="String">SHROUD_GENERATOR</Data></Cell>
    <Cell><Data ss:Type="String">LOGIC_DESCRIPTION</Data></Cell>
    <Cell><Data ss:Type="String">[bulletList][bullet][abilityred]Unidades [/abilityred]Inimigas{VisionRange} têm alcance de visão de [/bullet] enquanto estiverem neste setor.[bullet][/bullet]Em combate:[bulletList][bullet]Unidades sem Detecção têm o alcance máximo de todas as suas habilidades reduzido para {WeaponRangeTC} hexes.[bullet/]</Data></Cell>
    <Cell ss:Index="5"><Data ss:Type="String">Vision range is how far a unit can see on the world map. It gets reduced in sectors with the Shroud Generator.  </Data></Cell>
   </Row>
   <Row ss:AutoFitHeight="0" ss:Height="30">
    <Cell><Data ss:Type="String">SHROUD_GENERATOR</Data></Cell>
    <Cell><Data ss:Type="String">COMBAT_PROPERTY_DESCRIPTION</Data></Cell>
    <Cell><Data ss:Type="String">[abilityred]Unidades [/abilityred]Inimigas{WeaponRangeTC} sem Detecção têm o alcance máximo de todas as suas habilidades reduzido para {WeaponRangeTC} hexes.</Data></Cell>
   </Row>
   <Row ss:AutoFitHeight="0" ss:Height="30">
    <Cell><Data ss:Type="String">SHROUD_GENERATOR</Data></Cell>
    <Cell><Data ss:Type="String">PROPERTY_DESCRIPTION</Data></Cell>
    <Cell><Data ss:Type="String">Esta unidade está sendo engajada pelo Gerador de Manto neste setor. Sua regeneração no mapa mundial está bloqueada.</Data></Cell>
   </Row>
   <Row ss:AutoFitHeight="0" ss:Height="45">
    <Cell><Data ss:Type="String">IMPERIAL_DEFENSE_RAZE</Data></Cell>
    <Cell><Data ss:Type="String">DESCRIPTION</Data></Cell>
    <Cell><Data ss:Type="String">Isso deixará uma versão arrasada desta estrutura, que poderá ser reconstruída posteriormente se você for o dono do setor que contém a estrutura. Uma versão arrasada desta estrutura não terá nenhum dos efeitos listados ativos.</Data></Cell>
    <Cell ss:Index="5"><Data ss:Type="String">edit: rebuilt</Data></Cell>
   </Row>
   <Row ss:AutoFitHeight="0" ss:Height="45">
    <Cell><Data ss:Type="String">IMPERIAL_DEFENSE_RAZED</Data></Cell>
    <Cell><Data ss:Type="String">DESCRIPTION</Data></Cell>
    <Cell><Data ss:Type="String">[abilityred]Esta estrutura foi arrasada e, atualmente, nenhum de seus efeitos está ativo.[/abilityred]Se você for o dono do setor, poderá restaurar esta estrutura, reativando seus efeitos e benefícios.</Data></Cell>
    <Cell ss:Index="5"><Data ss:Type="String">edit: if</Data></Cell>
   </Row>
   <Row ss:AutoFitHeight="0">
    <Cell><Data ss:Type="String">IMPERIAL_DEFENSE_REBUILD</Data></Cell>
    <Cell><Data ss:Type="String">NAME</Data></Cell>
    <Cell><Data ss:Type="String">Reconstruir</Data></Cell>
   </Row>
   <Row ss:AutoFitHeight="0">
    <Cell><Data ss:Type="String">IMPERIAL_DEFENSE_REBUILD</Data></Cell>
    <Cell><Data ss:Type="String">DESCRIPTION</Data></Cell>
    <Cell><Data ss:Type="String">Restaure esta estrutura à sua forma original, reativando seus efeitos após a conclusão.</Data></Cell>
    <Cell ss:Index="5"><Data ss:Type="String">edit: removed will and added reactivating</Data></Cell>
   </Row>
   <Row ss:AutoFitHeight="0">
    <Cell><Data ss:Type="String">IMPERIAL_DEFENSE_REBUILD</Data></Cell>
    <Cell><Data ss:Type="String">IN_PROGRESS</Data></Cell>
    <Cell><Data ss:Type="String">Esta estrutura está sendo reconstruída. Conclusão em [INT_duration].</Data></Cell>
    <Cell ss:Index="5"><Data ss:Type="String">edit: rebuilt</Data></Cell>
   </Row>
   <Row ss:AutoFitHeight="0">
    <Cell><Data ss:Type="String">TELEPORT_STATION</Data></Cell>
    <Cell><Data ss:Type="String">NAME</Data></Cell>
    <Cell><Data ss:Type="String">Estação de Teletransporte</Data></Cell>
   </Row>
   <Row ss:AutoFitHeight="0" ss:Height="30">
    <Cell><Data ss:Type="String">TELEPORT_STATION</Data></Cell>
    <Cell><Data ss:Type="String">DESCRIPTION</Data></Cell>
    <Cell><Data ss:Type="String">Esta Estação de Teletransporte da era da Star Union ainda está funcional. Use-a para descobrir para onde ela leva.[br/][br/]A Estação de Teletransporte adiciona {energy} quando está dentro do domínio de uma colônia.</Data></Cell>
   </Row>
   <Row ss:AutoFitHeight="0">
    <Cell><Data ss:Type="String">TELEPORT_STATION</Data></Cell>
    <Cell><Data ss:Type="String">FEATURE</Data></Cell>
    <Cell><Data ss:Type="String">{Income}</Data></Cell>
   </Row>
   <Row ss:AutoFitHeight="0">
    <Cell><Data ss:Type="String">TELEPORT_OP</Data></Cell>
    <Cell><Data ss:Type="String">NAME</Data></Cell>
    <Cell><Data ss:Type="String">Teletransporte</Data></Cell>
   </Row>
   <Row ss:AutoFitHeight="0">
    <Cell><Data ss:Type="String">TELEPORT_OP</Data></Cell>
    <Cell><Data ss:Type="String">DESCRIPTION</Data></Cell>
    <Cell><Data ss:Type="String">Vá para a instalação à qual esta estação está conectada.</Data></Cell>
   </Row>
   <Row ss:AutoFitHeight="0">
    <Cell><Data ss:Type="String">PROMETHEAN_VAULT_DOCTRINE</Data></Cell>
    <Cell><Data ss:Type="String">NAME</Data></Cell>
    <Cell><Data ss:Type="String">Acessar Arquivos Fênix</Data></Cell>
   </Row>
   <Row ss:AutoFitHeight="0" ss:Height="75">
    <Cell><Data ss:Type="String">PROMETHEAN_VAULT_DOCTRINE</Data></Cell>
    <Cell><Data ss:Type="String">DESCRIPTION</Data></Cell>
    <Cell><Data ss:Type="String">O cofre é um tesouro de dados valiosos. Ao dedicar pesquisadores para explorar os arquivos, nossas tecnologias Promethean se beneficiarão muito.[br/][br/]A tecnologia Promethean fica {ResearchReduction} mais barata para pesquisar, e unidades Promethean custam {EnergyReduction} a menos [energy/] para produzir.[br/][br/][orange]Só pode ser usado por comandantes Promethean[/orange]</Data></Cell>
   </Row>
   <Row ss:AutoFitHeight="0" ss:Height="75">
    <Cell><Data ss:Type="String">PROMETHEAN_VAULT_DOCTRINE</Data></Cell>
    <Cell><Data ss:Type="String">UNIT_BONUS</Data></Cell>
    <Cell><Data ss:Type="String">Unidades Promethean custam {EnergyReduction} a menos [energy/] para produzir.</Data></Cell>
   </Row>
   <Row ss:AutoFitHeight="0">
    <Cell><Data ss:Type="String">PSYNUMBRA_SANCTORUM_DOCTRINE</Data></Cell>
    <Cell><Data ss:Type="String">NAME</Data></Cell>
    <Cell><Data ss:Type="String">Acessar Biblioteca Proibida</Data></Cell>
   </Row>
   <Row ss:AutoFitHeight="0" ss:Height="60">
    <Cell><Data ss:Type="String">PSYNUMBRA_SANCTORUM_DOCTRINE</Data></Cell>
    <Cell><Data ss:Type="String">DESCRIPTION</Data></Cell>
    <Cell><Data ss:Type="String">O santuário contém muitos segredos sombrios. Ao dedicar pesquisadores para explorar os arquivos, nossas tecnologias Psynumbra se beneficiarão muito.[br/][br/]A tecnologia Psynumbra fica {ResearchReduction} mais barata para pesquisar, e unidades Psynumbra custam {EnergyReduction} a menos [energy/] para produzir.[br/][br/][orange]Só pode ser usado por comandantes Psynumbra[/orange]</Data></Cell>
   </Row>
   <Row ss:AutoFitHeight="0" ss:Height="60">
    <Cell><Data ss:Type="String">PSYNUMBRA_SANCTORUM_DOCTRINE</Data></Cell>
    <Cell><Data ss:Type="String">UNIT_BONUS</Data></Cell>
    <Cell><Data ss:Type="String">Unidades Psynumbra custam {EnergyReduction} a menos [energy/] para produzir.</Data></Cell>
   </Row>
   <Row ss:AutoFitHeight="0">
    <Cell><Data ss:Type="String">VOIDTECH_COMPLEX_DOCTRINE</Data></Cell>
    <Cell><Data ss:Type="String">NAME</Data></Cell>
    <Cell><Data ss:Type="String">Acessar Arquivos Voidtech</Data></Cell>
   </Row>
   <Row ss:AutoFitHeight="0" ss:Height="60">
    <Cell><Data ss:Type="String">VOIDTECH_COMPLEX_DOCTRINE</Data></Cell>
    <Cell><Data ss:Type="String">DESCRIPTION</Data></Cell>
    <Cell><Data ss:Type="String">O complexo é um tesouro de dados valiosos. Ao dedicar pesquisadores para explorar os arquivos, nossa pesquisa Voidtech se beneficiará muito![br/][br/]A tecnologia Voidtech fica {ResearchReduction} mais barata para pesquisar, e unidades Voidtech custam {EnergyReduction} a menos [energy/] para produzir.[br/][br/][orange]Só pode ser usado por comandantes Voidtech[/orange]</Data></Cell>
   </Row>
   <Row ss:AutoFitHeight="0" ss:Height="60">
    <Cell><Data ss:Type="String">VOIDTECH_COMPLEX_DOCTRINE</Data></Cell>
    <Cell><Data ss:Type="String">UNIT_BONUS</Data></Cell>
    <Cell><Data ss:Type="String">Unidades Voidtech custam {EnergyReduction} a menos [energy/] para produzir.</Data></Cell>
   </Row>
   <Row ss:AutoFitHeight="0">
    <Cell><Data ss:Type="String">CELESTIAN_ARCHIVES_DOCTRINE</Data></Cell>
    <Cell><Data ss:Type="String">NAME</Data></Cell>
    <Cell><Data ss:Type="String">Buscar Iluminação Celestial</Data></Cell>
   </Row>
   <Row ss:AutoFitHeight="0" ss:Height="60">
    <Cell><Data ss:Type="String">CELESTIAN_ARCHIVES_DOCTRINE</Data></Cell>
    <Cell><Data ss:Type="String">DESCRIPTION</Data></Cell>
    <Cell><Data ss:Type="String">Os arquivos contêm sabedoria e luz. Ao dedicar pesquisadores para explorar os arquivos, nossas tecnologias Celestial se beneficiarão muito![br/][br/]A tecnologia Celestial fica {ResearchReduction} mais barata para pesquisar, e unidades Celestial custam {EnergyReduction} a menos [energy/] para produzir.[br/][br/][orange]Só pode ser usado por comandantes Celestian[/orange]</Data></Cell>
   </Row>
   <Row ss:AutoFitHeight="0" ss:Height="60">
    <Cell><Data ss:Type="String">CELESTIAN_ARCHIVES_DOCTRINE</Data></Cell>
    <Cell><Data ss:Type="String">UNIT_BONUS</Data></Cell>
    <Cell><Data ss:Type="String">Unidades Celestial custam {EnergyReduction} a menos [energy/] para produzir.</Data></Cell>
   </Row>
   <Row ss:AutoFitHeight="0">
    <Cell><Data ss:Type="String">SYNTHESIS_NETWORK_DOCTRINE</Data></Cell>
    <Cell><Data ss:Type="String">NAME</Data></Cell>
    <Cell><Data ss:Type="String">Mineração de Dados de Síntese</Data></Cell>
   </Row>
   <Row ss:AutoFitHeight="0" ss:Height="60">
    <Cell><Data ss:Type="String">SYNTHESIS_NETWORK_DOCTRINE</Data></Cell>
    <Cell><Data ss:Type="String">DESCRIPTION</Data></Cell>
    <Cell><Data ss:Type="String">Se integrarmos esta rede de Síntese aos nossos centros de pesquisa, nossas tecnologias de Síntese se beneficiarão muito.[br/][br/]A tecnologia de Síntese fica {ResearchReduction} mais barata para pesquisar, e unidades de Síntese custam {EnergyReduction} a menos [energy/] para produzir.[br/][br/][orange]Só pode ser usado por comandantes de Síntese[/orange]</Data></Cell>
   </Row>
   <Row ss:AutoFitHeight="0" ss:Height="60">
    <Cell><Data ss:Type="String">SYNTHESIS_NETWORK_DOCTRINE</Data></Cell>
    <Cell><Data ss:Type="String">UNIT_BONUS</Data></Cell>
    <Cell><Data ss:Type="String">Unidades de Síntese custam {EnergyReduction} a menos [energy/] para produzir.</Data></Cell>
   </Row>
   <Row ss:AutoFitHeight="0">
    <Cell><Data ss:Type="String">XENOPLAGUE_LABS_DOCTRINE</Data></Cell>
    <Cell><Data ss:Type="String">NAME</Data></Cell>
    <Cell><Data ss:Type="String">Pesquisar Amostras Xenotech</Data></Cell>
   </Row>
   <Row ss:AutoFitHeight="0" ss:Height="75">
    <Cell><Data ss:Type="String">XENOPLAGUE_LABS_DOCTRINE</Data></Cell>
    <Cell><Data ss:Type="String">DESCRIPTION</Data></Cell>
    <Cell><Data ss:Type="String">O laboratório contém uma riqueza de vírus experimentais e amostras de tecido. Ao dedicar pesquisadores para explorar o material, nossas tecnologias Xenoplague se beneficiarão muito.[br/][br/]A tecnologia Xenoplague fica {ResearchReduction} mais barata para pesquisar, e todas as unidades Xenoplague geradas ganham {HealthPoints} multiplicado pelo seu nível.[br/][br/][orange]Só pode ser usado por comandantes Xenoplague[/orange]</Data></Cell>
   </Row>
   <Row ss:AutoFitHeight="0">
    <Cell><Data ss:Type="String">XENOPLAGUE_LABS_DOCTRINE</Data></Cell>
    <Cell><Data ss:Type="String">EFFECT_NAME</Data></Cell>
    <Cell><Data ss:Type="String">Pesquisa de Amostras Xenotecnológicas</Data></Cell>
   </Row>
   <Row ss:AutoFitHeight="0" ss:Height="30">
    <Cell><Data ss:Type="String">XENOPLAGUE_LABS_DOCTRINE</Data></Cell>
    <Cell><Data ss:Type="String">EFFECT_DESCRIPTION</Data></Cell>
    <Cell><Data ss:Type="String">Esta unidade ganhou {HealthModefier} como resultado de descobertas feitas ao pesquisar antigas amostras de xenotecnologia.</Data></Cell>
   </Row>
   <Row ss:AutoFitHeight="0">
    <Cell><Data ss:Type="String">SPACEPORT_TACTICAL_INTEGRATION_DOCTRINE</Data></Cell>
    <Cell><Data ss:Type="String">NAME</Data></Cell>
    <Cell><Data ss:Type="String">Integração Tática do Espaçoporto</Data></Cell>
   </Row>
   <Row ss:AutoFitHeight="0" ss:Height="60">
    <Cell><Data ss:Type="String">SPACEPORT_TACTICAL_INTEGRATION_DOCTRINE</Data></Cell>
    <Cell><Data ss:Type="String">DESCRIPTION</Data></Cell>
    <Cell><Data ss:Type="String">Ao integrar os sistemas de rede de satélites do espaçoporto com nossas redes táticas, podemos realizar ataques táticos de precisão com muito mais velocidade e eficiência.[br/][br/]O custo de energia das operações táticas é reduzido em {EnergyReduction}. Além disso, operações táticas agora podem ser implantadas no primeiro turno de combate.</Data></Cell>
    <Cell ss:Index="5"><Data ss:Type="String">tactical operations are kind of like spells a player can use in combat.</Data></Cell>
   </Row>
   <Row ss:AutoFitHeight="0">
    <Cell><Data ss:Type="String">ELYSIUM_CAMP_FOLLOWERS_DOCTRINE</Data></Cell>
    <Cell><Data ss:Type="String">NAME</Data></Cell>
    <Cell><Data ss:Type="String">Seguidores do Acampamento Elísio</Data></Cell>
   </Row>
   <Row ss:AutoFitHeight="0" ss:Height="60">
    <Cell><Data ss:Type="String">ELYSIUM_CAMP_FOLLOWERS_DOCTRINE</Data></Cell>
    <Cell><Data ss:Type="String">DESCRIPTION</Data></Cell>
    <Cell><Data ss:Type="String">Viagens ao Parque Elísio eram famosas por sua capacidade de restaurar o moral e a vitalidade das almas mais miseráveis. Podemos incorporar 'ativos' do parque em nossas unidades militares, aumentando muito o moral e a vitalidade.[br/][br/]Todas as unidades não-Mente ganham {AddedMorale}. Unidades Biológicas e Ciborgues também ganham {hitPointsPoints}.</Data></Cell>
   </Row>
   <Row ss:AutoFitHeight="0">
    <Cell><Data ss:Type="String">ELYSIUM_CAMP_FOLLOWERS_DOCTRINE</Data></Cell>
    <Cell><Data ss:Type="String">MORALE_EFFECT_NAME</Data></Cell>
    <Cell><Data ss:Type="String">Capanga do Acampamento Elísio</Data></Cell>
   </Row>
   <Row ss:AutoFitHeight="0">
    <Cell><Data ss:Type="String">ELYSIUM_CAMP_FOLLOWERS_DOCTRINE</Data></Cell>
    <Cell><Data ss:Type="String">MORALE_EFFECT_DESCRIPTION</Data></Cell>
    <Cell><Data ss:Type="String">{AddedMorale}</Data></Cell>
   </Row>
   <Row ss:AutoFitHeight="0">
    <Cell><Data ss:Type="String">ELYSIUM_CAMP_FOLLOWERS_DOCTRINE</Data></Cell>
    <Cell><Data ss:Type="String">HEALTH_EFFECT_NAME</Data></Cell>
    <Cell><Data ss:Type="String">Lacaio do Acampamento Elísio</Data></Cell>
   </Row>
   <Row ss:AutoFitHeight="0">
    <Cell><Data ss:Type="String">ELYSIUM_CAMP_FOLLOWERS_DOCTRINE</Data></Cell>
    <Cell><Data ss:Type="String">HEALTH_EFFECT_DESCRIPTION</Data></Cell>
    <Cell><Data ss:Type="String">{HealthPoints}</Data></Cell>
   </Row>
   <Row ss:AutoFitHeight="0">
    <Cell><Data ss:Type="String">ELYSIUM_CAMP_FOLLOWERS_DOCTRINE</Data></Cell>
    <Cell><Data ss:Type="String">ALL_EFFECT_NAME</Data></Cell>
    <Cell><Data ss:Type="String">Seguidor do Acampamento Elísio</Data></Cell>
   </Row>
   <Row ss:AutoFitHeight="0">
    <Cell><Data ss:Type="String">ELYSIUM_CAMP_FOLLOWERS_DOCTRINE</Data></Cell>
    <Cell><Data ss:Type="String">ALL_EFFECT_DESCRIPTION</Data></Cell>
    <Cell><Data ss:Type="String">{AddedMorale} e {HealthPoints}</Data></Cell>
   </Row>
   <Row ss:AutoFitHeight="0">
    <Cell><Data ss:Type="String">PALACE_PROPOGANDA_NETWORKS_DOCTRINE</Data></Cell>
    <Cell><Data ss:Type="String">NAME</Data></Cell>
    <Cell><Data ss:Type="String">Redes de Propaganda Palaciana</Data></Cell>
   </Row>
   <Row ss:AutoFitHeight="0" ss:Height="45">
    <Cell><Data ss:Type="String">PALACE_PROPOGANDA_NETWORKS_DOCTRINE</Data></Cell>
    <Cell><Data ss:Type="String">DESCRIPTION</Data></Cell>
    <Cell><Data ss:Type="String">O palácio de governança está no centro de uma rede de comunicações planetária que podemos usar para espalhar propaganda pelo globo, aumentando muito nossa posição internacional.[br/][br/]Você ganha {AddedReputation} e {AddedRelation} de relações com todas as raças.</Data></Cell>
   </Row>
   <Row ss:AutoFitHeight="0">
    <Cell><Data ss:Type="String">PALACE_PROPOGANDA_NETWORKS_DOCTRINE</Data></Cell>
    <Cell><Data ss:Type="String">DIPLOMATIC_MODEFIER</Data></Cell>
    <Cell><Data ss:Type="String">Redes de Propaganda Palaciana</Data></Cell>
   </Row>
   <Row ss:AutoFitHeight="0">
    <Cell><Data ss:Type="String">CRYO_REPOPULATION_PROTOCOL_DOCTRINE</Data></Cell>
    <Cell><Data ss:Type="String">NAME</Data></Cell>
    <Cell><Data ss:Type="String">Protocolo de Repopulação Criogênica</Data></Cell>
   </Row>
   <Row ss:AutoFitHeight="0" ss:Height="60">
    <Cell><Data ss:Type="String">CRYO_REPOPULATION_PROTOCOL_DOCTRINE</Data></Cell>
    <Cell><Data ss:Type="String">DESCRIPTION</Data></Cell>
    <Cell><Data ss:Type="String">A população da instalação criogênica está adormecida há muito tempo, mas com energia e preparação suficientes, eles poderiam ser trazidos de volta em massa para repovoar nossas colônias. No entanto, nossos próprios cidadãos podem não gostar dessa medida…[br/][br/]A colônia-alvo ganha instantaneamente {AddedPopulation}, mas também sofre com Grande Agitação ({HappinessModefier}) por {Turns}.</Data></Cell>
   </Row>
   <Row ss:AutoFitHeight="0" ss:Height="30">
    <Cell><Data ss:Type="String">CRYO_REPOPULATION_PROTOCOL_DOCTRINE</Data></Cell>
    <Cell><Data ss:Type="String">CASTER_SUCCES</Data></Cell>
    <Cell><Data ss:Type="String">Você conseguiu despertar parte da população adormecida na instalação criogênica. No entanto, sua população não está satisfeita com essa medida e ficará infeliz por algum tempo.</Data></Cell>
   </Row>
   <Row ss:AutoFitHeight="0">
    <Cell><Data ss:Type="String">GOVERNMENT_PALACE_CHAMPION_PROTOCOL</Data></Cell>
    <Cell><Data ss:Type="String">NAME</Data></Cell>
    <Cell><Data ss:Type="String">Palácio do Governo: Protocolo Campeão</Data></Cell>
   </Row>
   <Row ss:AutoFitHeight="0" ss:Height="45">
    <Cell><Data ss:Type="String">GOVERNMENT_PALACE_CHAMPION_PROTOCOL</Data></Cell>
    <Cell><Data ss:Type="String">COMBAT_PROPERTY_DESCRIPTION</Data></Cell>
    <Cell><Data ss:Type="String">No início de cada turno do defensor, o motor de regência do Palácio do Governo escolhe uma unidade defensora aleatória como seu campeão, concedendo-lhe {ChampionProtocolDefense} de resistência a dano e {ChampionProtocolDamageBoost} de dano aumentado em todas as habilidades.</Data></Cell>
   </Row>
   <Row ss:AutoFitHeight="0" ss:Height="30">
    <Cell><Data ss:Type="String">GOVERNMENT_PALACE_CHAMPION_PROTOCOL</Data></Cell>
    <Cell><Data ss:Type="String">PROPERTY_DESCRIPTION</Data></Cell>
    <Cell><Data ss:Type="String">Esta unidade foi escolhida como campeã, concedendo-lhe {ChampionProtocolDefense} de resistência a dano e {ChampionProtocolDamageBoost} de dano aumentado em todas as habilidades.</Data></Cell>
   </Row>
   <Row ss:AutoFitHeight="0">
    <Cell><Data ss:Type="String">GOVERNMENT_PALACE_CHAMPION_PROTOCOL</Data></Cell>
    <Cell><Data ss:Type="String">MODIFIER_DESCRIPTION</Data></Cell>
    <Cell><Data ss:Type="String">{ChampionProtocolDamageBoost} de dano</Data></Cell>
   </Row>
   <Row ss:AutoFitHeight="0">
    <Cell><Data ss:Type="String">CRYO_TOMBS_AWAKENED_GUARDIANS</Data></Cell>
    <Cell><Data ss:Type="String">NAME</Data></Cell>
    <Cell><Data ss:Type="String">Instalação Criogênica: Guardiões Despertos</Data></Cell>
   </Row>
   <Row ss:AutoFitHeight="0" ss:Height="45">
    <Cell><Data ss:Type="String">CRYO_TOMBS_AWAKENED_GUARDIANS</Data></Cell>
    <Cell><Data ss:Type="String">COMBAT_PROPERTY_DESCRIPTION</Data></Cell>
    <Cell><Data ss:Type="String">A cada {turns}[turn/], mais habitantes da instalação criogênica despertam, invocando {AwakenedGuardiansNumber} Soldados Paragões ou Guardas para o defensor até o fim do combate.</Data></Cell>
    <Cell ss:Index="5"><Data ss:Type="String">Paragon troopers are like cyborg zombie soldiers, can be assumed male
Paragon Trooper and Paragon Guards are the unit names.</Data></Cell>
   </Row>
   <Row ss:AutoFitHeight="0">
    <Cell><Data ss:Type="String">SPACE_PORT_SUPPLY_DROP</Data></Cell>
    <Cell><Data ss:Type="String">NAME</Data></Cell>
    <Cell><Data ss:Type="String">Porto Espacial: Reabastecimento</Data></Cell>
   </Row>
   <Row ss:AutoFitHeight="0" ss:Height="30">
    <Cell><Data ss:Type="String">SPACE_PORT_SUPPLY_DROP</Data></Cell>
    <Cell><Data ss:Type="String">COMBAT_PROPERTY_DESCRIPTION</Data></Cell>
    <Cell><Data ss:Type="String">A cada {turns}[turn/], os defensores são reabastecidos pelo porto espacial, ganhando {armor} cumulativos, sendo curados em {Healing} e redefinindo os tempos de recarga de suas habilidades.</Data></Cell>
   </Row>
   <Row ss:AutoFitHeight="0">
    <Cell><Data ss:Type="String">ELYSIUM_PARKS_MERITS_OF_BLISS</Data></Cell>
    <Cell><Data ss:Type="String">NAME</Data></Cell>
    <Cell><Data ss:Type="String">Parques Elísios: Méritos da Bem-Aventurança</Data></Cell>
   </Row>
   <Row ss:AutoFitHeight="0" ss:Height="60">
    <Cell><Data ss:Type="String">ELYSIUM_PARKS_MERITS_OF_BLISS</Data></Cell>
    <Cell><Data ss:Type="String">COMBAT_PROPERTY_DESCRIPTION</Data></Cell>
    <Cell><Data ss:Type="String">Defensores têm {MeritsOfBlissCritBonus} de chance aumentada de acerto crítico. A cada {turns}[turn/], a atmosfera hipnótica dos Parques Elísios toma conta. Unidades atacantes têm uma chance de força {HalucinationStrength} de começar a [abilityred]Alucinar[/abilityred] por {HalucinationDuration}[turn/].</Data></Cell>
    <Cell ss:Index="5"><Data ss:Type="String">Hallucinating is a negative status effect that cause units to be unable to act for a duration.</Data></Cell>
   </Row>
   <Row ss:AutoFitHeight="0">
    <Cell><Data ss:Type="String">DARK_SANCTORUM_CALL_OF_THE_ABYSS</Data></Cell>
    <Cell><Data ss:Type="String">NAME</Data></Cell>
    <Cell><Data ss:Type="String">Sanctum Sombrio: Chamado do Abismo</Data></Cell>
   </Row>
   <Row ss:AutoFitHeight="0" ss:Height="60">
    <Cell><Data ss:Type="String">DARK_SANCTORUM_CALL_OF_THE_ABYSS</Data></Cell>
    <Cell><Data ss:Type="String">COMBAT_PROPERTY_DESCRIPTION</Data></Cell>
    <Cell><Data ss:Type="String">A cada {turns}[turn/], o Abismo chama a todos. Unidades atacantes não-Mente têm uma chance de força {CallOfTheAbyssStrength} de se tornarem [abilityred]Tomadas pelo Desespero[/abilityred] até o fim do combate. Se resistirem, sofrem [abilityred]Mente Quebrada[/abilityred] por {BrokenMindDuration}[turn/] em vez disso.</Data></Cell>
    <Cell ss:Index="5"><Data ss:Type="String">Filled with despair and Broken mind are negative status effects. They are psychological and affect the mind.</Data></Cell>
   </Row>
   <Row ss:AutoFitHeight="0">
    <Cell><Data ss:Type="String">CELESTIAN_ARCHIVES_CELESTIAN_FAVOR</Data></Cell>
    <Cell><Data ss:Type="String">NAME</Data></Cell>
    <Cell><Data ss:Type="String">Arquivos Celestianos: Favor Celestiano</Data></Cell>
   </Row>
   <Row ss:AutoFitHeight="0" ss:Height="60">
    <Cell><Data ss:Type="String">CELESTIAN_ARCHIVES_CELESTIAN_FAVOR</Data></Cell>
    <Cell><Data ss:Type="String">COMBAT_PROPERTY_DESCRIPTION</Data></Cell>
    <Cell><Data ss:Type="String">A cada {turns}[turn/], o favor celestiano auxilia a defesa. Unidades atacantes têm uma chance de força {CelestianFavorSoulblazeStrength} de sofrer [abilityred]Queima da Alma[/abilityred] até o fim do combate. Unidades defensoras ganham [abilityblue]Iluminadas[/abilityblue] e são curadas em {CelestianFavorHeal}.</Data></Cell>
    <Cell ss:Index="5"><Data ss:Type="String">Soulburn is a negative status effect that affects the enemy's soul. Enlightened is a postive status effect that means that the unit is following the Path of Light of the celestian, a religion type thing.</Data></Cell>
    <Cell><Data ss:Type="String">Edit: Soulblaze --&gt; Soulburn</Data></Cell>
   </Row>
   <Row ss:AutoFitHeight="0">
    <Cell><Data ss:Type="String">PROMETHEAN_VAULT_PURIFICATION_PROTOCOLS</Data></Cell>
    <Cell><Data ss:Type="String">NAME</Data></Cell>
    <Cell><Data ss:Type="String">Cofre Fênix: Protocolos de Purificação</Data></Cell>
   </Row>
   <Row ss:AutoFitHeight="0" ss:Height="75">
    <Cell><Data ss:Type="String">PROMETHEAN_VAULT_PURIFICATION_PROTOCOLS</Data></Cell>
    <Cell><Data ss:Type="String">COMBAT_PROPERTY_DESCRIPTION</Data></Cell>
    <Cell><Data ss:Type="String">A cada {turns}[turn/], os protocolos de purificação do cofre são inicializados, escolhendo {PurificationProtocolsTargetNumber} alvos hostis aleatórios, dispersando gás PyrX sobre eles e hexágonos adjacentes. Unidades terrestres Biológicas e Ciborgues atingidas pela nuvem são afetadas por [abilityred]Sufocamento[/abilityred]. Após {Timer}[turn/], a nuvem explode, causando {ExplDamage} de dano com [abilityred]Impacto Devastador[/abilityred].</Data></Cell>
    <Cell ss:Index="5"><Data ss:Type="String">Immolated is a negative status effect. Immolated means covered in fire, taking fire damage every turn and running around in a panic (as you do)</Data></Cell>
   </Row>
   <Row ss:AutoFitHeight="0">
    <Cell><Data ss:Type="String">SYNTHESIS_NETWORK_ADAPTIVE_NETWORK</Data></Cell>
    <Cell><Data ss:Type="String">NAME</Data></Cell>
    <Cell><Data ss:Type="String">Rede de Síntese: Rede Adaptativa</Data></Cell>
   </Row>
   <Row ss:AutoFitHeight="0" ss:Height="45">
    <Cell><Data ss:Type="String">SYNTHESIS_NETWORK_ADAPTIVE_NETWORK</Data></Cell>
    <Cell><Data ss:Type="String">COMBAT_PROPERTY_DESCRIPTION</Data></Cell>
    <Cell><Data ss:Type="String">A natureza adaptativa da rede de Síntese concede a todas as unidades defensoras [abilityblue]Integradas[/abilityblue] e [abilityblue]Rede Adaptativa[/abilityblue], concedendo-lhes {AdaptiveNetworkBuff} sempre que sofrem dano. Isso pode ser acumulado até {stacks} vezes.</Data></Cell>
    <Cell ss:Index="5"><Data ss:Type="String">Integrated is a positive status effect, that means the unit is connected via cybernetic implants to a network. Adaptive network is a positive status effect as well.</Data></Cell>
   </Row>
   <Row ss:AutoFitHeight="0">
    <Cell><Data ss:Type="String">SYNTHESIS_NETWORK_ADAPTIVE_NETWORK</Data></Cell>
    <Cell><Data ss:Type="String">PROPERTY_NAME</Data></Cell>
    <Cell><Data ss:Type="String">Rede Adaptativa</Data></Cell>
   </Row>
   <Row ss:AutoFitHeight="0" ss:Height="30">
    <Cell><Data ss:Type="String">SYNTHESIS_NETWORK_ADAPTIVE_NETWORK</Data></Cell>
    <Cell><Data ss:Type="String">PROPERTY_DESCRIPTION</Data></Cell>
    <Cell><Data ss:Type="String">Esta unidade ganha {AdaptiveNetworkShields} sempre que é danificada. Isso pode ser acumulado até {stacks} vezes.</Data></Cell>
   </Row>
   <Row ss:AutoFitHeight="0" ss:Height="30">
    <Cell><Data ss:Type="String">SYNTHESIS_NETWORK_ADAPTIVE_NETWORK</Data></Cell>
    <Cell><Data ss:Type="String">PROPERTY_STACK_DESCRIPTION</Data></Cell>
    <Cell><Data ss:Type="String">Esta unidade ganhou {AdaptiveNetworkShields} em resposta a danos sofridos recentemente. Isso pode ser acumulado até {stacks} vezes.</Data></Cell>
   </Row>
   <Row ss:AutoFitHeight="0">
    <Cell><Data ss:Type="String">VOIDTECH_COMPLEX_PHASE_GUARDIANS</Data></Cell>
    <Cell><Data ss:Type="String">NAME</Data></Cell>
    <Cell><Data ss:Type="String">Complexo Voidtech: Guardiões de Fase</Data></Cell>
   </Row>
   <Row ss:AutoFitHeight="0" ss:Height="45">
    <Cell><Data ss:Type="String">VOIDTECH_COMPLEX_PHASE_GUARDIANS</Data></Cell>
    <Cell><Data ss:Type="String">COMBAT_PROPERTY_DESCRIPTION</Data></Cell>
    <Cell><Data ss:Type="String">A cada {turns}[turn/], os sistemas instáveis do complexo Voidtech criam um Eco Instável de uma unidade aleatória. Ecos Instáveis causam 50% menos dano, mas são indistinguíveis do original.</Data></Cell>
   </Row>
   <Row ss:AutoFitHeight="0">
    <Cell><Data ss:Type="String">XENOPLAGUE_LABS_INFECTIOUS_VAPOURS</Data></Cell>
    <Cell><Data ss:Type="String">NAME</Data></Cell>
    <Cell><Data ss:Type="String">Laboratórios Xenopraga: Vapores Infecciosos</Data></Cell>
   </Row>
   <Row ss:AutoFitHeight="0" ss:Height="90">
    <Cell><Data ss:Type="String">XENOPLAGUE_LABS_INFECTIOUS_VAPOURS</Data></Cell>
    <Cell><Data ss:Type="String">COMBAT_PROPERTY_DESCRIPTION</Data></Cell>
    <Cell><Data ss:Type="String">A cada {turns}[turn/], os vapores infecciosos da Xenopraga infectam uma unidade atacante aleatória. Essa unidade sofre {InfectiousVapoursDamage} de dano, com {InfectiousVapoursStrength}% de chance de sofrer [abilityred]Contaminação Instável[/abilityred] e [abilityred]Infecção Parasitária[/abilityred] por {InfectiousVaporsTurns}[turn/]. O efeito salta para outro alvo em até {InfectiousVapoursJumpRange} hexágonos, até {InfectiousVapoursJumpMax} vezes.</Data></Cell>
    <Cell ss:Index="5"><Data ss:Type="String">Unstable Contamination is a negative status effect which poisons the unit, dealing damage over time. Parasitic infection lowers the resistances of a unit. This effect can 'jump' meaning it can go from one unit to another, crossing empty hexes in combat.</Data></Cell>
   </Row>
  </Table>
  <WorksheetOptions xmlns="urn:schemas-microsoft-com:office:excel">
   <Unsynced/>
   <Print>
    <ValidPrinterInfo/>
    <HorizontalResolution>600</HorizontalResolution>
    <VerticalResolution>600</VerticalResolution>
   </Print>
   <Selected/>
   <TopRowVisible>79</TopRowVisible>
   <Panes>
    <Pane>
     <Number>3</Number>
     <ActiveRow>112</ActiveRow>
     <ActiveCol>2</ActiveCol>
    </Pane>
   </Panes>
   <ProtectObjects>False</ProtectObjects>
   <ProtectScenarios>False</ProtectScenarios>
  </WorksheetOptions>
 </Worksheet>
</Workbook>