<?xml version='1.0' encoding='UTF-8'?>
<?mso-application progid="Excel.Sheet"?><Workbook xmlns="urn:schemas-microsoft-com:office:spreadsheet" xmlns:o="urn:schemas-microsoft-com:office:office" xmlns:x="urn:schemas-microsoft-com:office:excel" xmlns:ss="urn:schemas-microsoft-com:office:spreadsheet" xmlns:html="http://www.w3.org/TR/REC-html40">
 <DocumentProperties xmlns="urn:schemas-microsoft-com:office:office">
  <LastAuthor>Luis Ferreira</LastAuthor>
  <LastSaved>2019-05-06T09:50:06Z</LastSaved>
  <Version>16.00</Version>
 </DocumentProperties>
 <OfficeDocumentSettings xmlns="urn:schemas-microsoft-com:office:office">
  <AllowPNG/>
 </OfficeDocumentSettings>
 <ExcelWorkbook xmlns="urn:schemas-microsoft-com:office:excel">
  <WindowHeight>14265</WindowHeight>
  <WindowWidth>28770</WindowWidth>
  <WindowTopX>32767</WindowTopX>
  <WindowTopY>32767</WindowTopY>
  <RefModeR1C1/>
  <ProtectStructure>False</ProtectStructure>
  <ProtectWindows>False</ProtectWindows>
 </ExcelWorkbook>
 <Styles>
  <Style ss:ID="Default" ss:Name="Normal">
   <Alignment ss:Vertical="Bottom"/>
   <Borders/>
   <Font ss:FontName="Calibri" x:Family="Swiss" ss:Size="11" ss:Color="#000000"/>
   <Interior/>
   <NumberFormat/>
   <Protection/>
  </Style>
  <Style ss:ID="s62">
   <Alignment ss:Vertical="Top" ss:WrapText="1"/>
  </Style>
  <Style ss:ID="s63">
   <Alignment ss:Vertical="Bottom" ss:WrapText="1"/>
   <Borders/>
   <Font ss:FontName="Calibri" x:Family="Swiss" ss:Size="11"/>
   <Interior/>
   <NumberFormat/>
   <Protection/>
  </Style>
 </Styles>
 <Worksheet ss:Name="Script">
  <Table ss:ExpandedColumnCount="6" ss:ExpandedRowCount="139" x:FullColumns="1" x:FullRows="1" ss:StyleID="s62" ss:DefaultColumnWidth="307.5" ss:DefaultRowHeight="15">
   <Column ss:StyleID="s62" ss:Width="191.25"/>
   <Column ss:StyleID="s62" ss:Width="121.5"/>
   <Column ss:StyleID="s62" ss:Width="305.25"/>
   <Column ss:StyleID="s62" ss:Width="148.5"/>
   <Column ss:StyleID="s62" ss:Width="305.25"/>
   <Column ss:StyleID="s62" ss:Width="120"/>
   <Row ss:AutoFitHeight="0" ss:Height="60">
    <Cell><Data ss:Type="String">UNIT_UPGRADES_SYNDICATE</Data></Cell>
    <Cell ss:Index="5"><Data ss:Type="String">The DEV TEAM / MISC NOTES column contains info on what text between { } signs means (if applicable). It usually stands for either a numeric value, or a numeric value with an icon. Text between [ ] signs stands for a certain type of icon. </Data></Cell>
   </Row>
   <Row ss:AutoFitHeight="0">
    <Cell><Data ss:Type="String">SCENE ID</Data></Cell>
    <Cell><Data ss:Type="String">TEXT ID</Data></Cell>
    <Cell><Data ss:Type="String">ENGLISH STRING</Data></Cell>
    <Cell><Data ss:Type="String">ALTERNATIVE ENGLISH STRING</Data></Cell>
    <Cell><Data ss:Type="String">LOCALIZATION NOTES</Data></Cell>
    <Cell><Data ss:Type="String">DEV TEAM / MISC NOTES</Data></Cell>
   </Row>
   <Row ss:AutoFitHeight="0" ss:Height="90">
    <Cell ss:Index="5"><Data ss:Type="String">In the text below, any inserted strings - anything of the form {text} - is replaced by an integer value for the thing described in the brackets. If the {text} is not followed by a unit - e.g. shields, hitpoints - the icon for the unit is inserted together with the integer. The same holds for symbols - e.g. '+', '%' - which are occasionally inserted together with the integer.</Data></Cell>
   </Row>
   <Row ss:AutoFitHeight="0" ss:Height="45">
    <Cell ss:Index="5"><Data ss:Type="String">For references to game terminology and in-world references, please check the glossary delivered as part of the documentation.</Data></Cell>
   </Row>
   <Row ss:AutoFitHeight="0">
    <Cell><Data ss:Type="String">ESCAPE_MODULE</Data></Cell>
    <Cell><Data ss:Type="String">ABILITY_NAME</Data></Cell>
    <Cell><Data ss:Type="String">Módulo de Fuga</Data></Cell>
   </Row>
   <Row ss:AutoFitHeight="0" ss:Height="45">
    <Cell><Data ss:Type="String">ESCAPE_MODULE</Data></Cell>
    <Cell><Data ss:Type="String">ABILITY_DESCRIPTION</Data></Cell>
    <Cell ss:StyleID="s63"><Data ss:Type="String">Quando o [hp/] desta unidade cai abaixo de zero, ela se teleporta automaticamente para uma posição aleatória a até {EscapeModuleTeleport} hexes de distância e revive com {EscapeModuleHP}.[br/][br/][firecol]Uma unidade só pode se reviver uma vez por batalha.[/firecol]</Data></Cell>
   </Row>
   <Row ss:Index="9" ss:AutoFitHeight="0">
    <Cell><Data ss:Type="String">CEREBRAL_CONTROL_COLLARS</Data></Cell>
    <Cell><Data ss:Type="String">ABILITY_NAME</Data></Cell>
    <Cell><Data ss:Type="String">Coleiras de Controle Cerebral</Data></Cell>
   </Row>
   <Row ss:AutoFitHeight="0" ss:Height="45">
    <Cell><Data ss:Type="String">CEREBRAL_CONTROL_COLLARS</Data></Cell>
    <Cell><Data ss:Type="String">ABILITY_DESCRIPTION</Data></Cell>
    <Cell><Data ss:Type="String">Esta unidade possui implantes mentais que bloqueiam uma área específica do cérebro para reprimir emoções. Esta unidade é imune a todos os efeitos de moral.</Data></Cell>
   </Row>
   <Row ss:Index="13" ss:AutoFitHeight="0">
    <Cell><Data ss:Type="String">CEREBRAL_OVERRIDE</Data></Cell>
    <Cell><Data ss:Type="String">ABILITY_NAME</Data></Cell>
    <Cell><Data ss:Type="String">Sobrecarga Cerebral</Data></Cell>
   </Row>
   <Row ss:AutoFitHeight="0" ss:Height="75">
    <Cell><Data ss:Type="String">CEREBRAL_OVERRIDE</Data></Cell>
    <Cell><Data ss:Type="String">ABILITY_DESCRIPTION</Data></Cell>
    <Cell><Data ss:Type="String">A unidade Indenturada alvo sofre {CerebralOverrideFeedback}, mas recupera todos os seus Pontos de Ação[movewalk/], ganha [abilityblue]Imunidade a Atordoamento[/abilityblue] e seu [hp/] não pode ser reduzido abaixo de 1 até o início do próximo turno.[br/]Não funciona em Indenturados que não consigam se mover ou agir.</Data></Cell>
   </Row>
   <Row ss:AutoFitHeight="0" ss:Height="30">
    <Cell><Data ss:Type="String">CEREBRAL_OVERRIDE</Data></Cell>
    <Cell><Data ss:Type="String">MODIFIER_DESCRIPTION</Data></Cell>
    <Cell><Data ss:Type="String">O Indenturado não pode morrer e é imune a Atordoamento até o início do próximo turno de combate.</Data></Cell>
   </Row>
   <Row ss:AutoFitHeight="0">
    <Cell><Data ss:Type="String">PSITEC_REVITALIZE</Data></Cell>
    <Cell><Data ss:Type="String">ABILITY_NAME</Data></Cell>
    <Cell><Data ss:Type="String">Revitalização PsiTec</Data></Cell>
   </Row>
   <Row ss:AutoFitHeight="0" ss:Height="30">
    <Cell><Data ss:Type="String">PSITEC_REVITALIZE</Data></Cell>
    <Cell><Data ss:Type="String">ABILITY_DESCRIPTION</Data></Cell>
    <Cell><Data ss:Type="String">A unidade Biológica ou Ciborgue aliada alvo é curada em {PsiTecRevitalizeHP} e tem todos os efeitos de status negativos removidos.</Data></Cell>
   </Row>
   <Row ss:AutoFitHeight="0">
    <Cell><Data ss:Type="String">IMPOSE_DISCIPLINE</Data></Cell>
    <Cell><Data ss:Type="String">ABILITY_NAME</Data></Cell>
    <Cell><Data ss:Type="String">Impor Disciplina</Data></Cell>
   </Row>
   <Row ss:AutoFitHeight="0" ss:Height="30">
    <Cell><Data ss:Type="String">IMPOSE_DISCIPLINE</Data></Cell>
    <Cell><Data ss:Type="String">ABILITY_DESCRIPTION</Data></Cell>
    <Cell><Data ss:Type="String">Todos os Indenturados no exército desta unidade ganham {ImposeDisciplineBonus} chance de acerto crítico.</Data></Cell>
   </Row>
   <Row ss:AutoFitHeight="0">
    <Cell><Data ss:Type="String">DISCIPLINE</Data></Cell>
    <Cell><Data ss:Type="String">ABILITY_NAME</Data></Cell>
    <Cell><Data ss:Type="String">Disciplina</Data></Cell>
   </Row>
   <Row ss:AutoFitHeight="0" ss:Height="30">
    <Cell><Data ss:Type="String">DISCIPLINE</Data></Cell>
    <Cell><Data ss:Type="String">ABILITY_DESCRIPTION</Data></Cell>
    <Cell><Data ss:Type="String">Unidades Indenturadas no exército ganham {DisciplineBonus} chance de acerto crítico enquanto um Supervisor ou Subjugador estiver presente.</Data></Cell>
    <Cell ss:Index="5"><Data ss:Type="String">Overseer and Subjugator are both Syndicate units</Data></Cell>
   </Row>
   <Row ss:AutoFitHeight="0">
    <Cell><Data ss:Type="String">DISCIPLINE</Data></Cell>
    <Cell><Data ss:Type="String">MODIFIER_DESCRIPTION</Data></Cell>
    <Cell><Data ss:Type="String">{DisciplineBonus} chance de acerto crítico</Data></Cell>
   </Row>
   <Row ss:Index="24" ss:AutoFitHeight="0">
    <Cell><Data ss:Type="String">HALLUCINATION_PROJECTOR</Data></Cell>
    <Cell><Data ss:Type="String">ABILITY_NAME</Data></Cell>
    <Cell><Data ss:Type="String">Projetor de Alucinações</Data></Cell>
   </Row>
   <Row ss:AutoFitHeight="0" ss:Height="75">
    <Cell><Data ss:Type="String">HALLUCINATION_PROJECTOR</Data></Cell>
    <Cell><Data ss:Type="String">ABILITY_DESCRIPTION</Data></Cell>
    <Cell><Data ss:Type="String">Unidades não-Mente em um raio de {Radius} hexes têm {Strength} de chance de receber [abilityred]Alucinando[/abilityred] por {Duration}[turn/]. As unidades perdem {HallucinationAccuracy} de precisão, e todos os ataques as Flanqueiam. Na resistência, aplica [abilityred]Mente Quebrada[/abilityred].</Data></Cell>
   </Row>
   <Row ss:AutoFitHeight="0">
    <Cell><Data ss:Type="String">ADAPTIVE_CAMOUFLAGE</Data></Cell>
    <Cell><Data ss:Type="String">ABILITY_NAME</Data></Cell>
    <Cell><Data ss:Type="String">Camuflagem Adaptativa</Data></Cell>
   </Row>
   <Row ss:AutoFitHeight="0">
    <Cell><Data ss:Type="String">ADAPTIVE_CAMOUFLAGE</Data></Cell>
    <Cell><Data ss:Type="String">ABILITY_DESCRIPTION</Data></Cell>
    <Cell><Data ss:Type="String">Concede Camuflagem em Terreno Acidentado a todas as unidades em sua pilha.</Data></Cell>
   </Row>
   <Row ss:AutoFitHeight="0">
    <Cell><Data ss:Type="String">WRAITH_DRIVE</Data></Cell>
    <Cell><Data ss:Type="String">ABILITY_NAME</Data></Cell>
    <Cell><Data ss:Type="String">Ativar Propulsor Fantasma</Data></Cell>
   </Row>
   <Row ss:AutoFitHeight="0" ss:Height="45">
    <Cell><Data ss:Type="String">WRAITH_DRIVE</Data></Cell>
    <Cell><Data ss:Type="String">ABILITY_DESCRIPTION</Data></Cell>
    <Cell><Data ss:Type="String">Teleporta-se para o local alvo, causando dano Psiónico às unidades adjacentes ao hex alvo. O Tanque Fantasma entra em modo de defesa após o uso.</Data></Cell>
   </Row>
   <Row ss:AutoFitHeight="0">
    <Cell><Data ss:Type="String">REDEPLOY</Data></Cell>
    <Cell><Data ss:Type="String">ABILITY_NAME</Data></Cell>
    <Cell><Data ss:Type="String">Reimplantar</Data></Cell>
   </Row>
   <Row ss:AutoFitHeight="0" ss:Height="30">
    <Cell><Data ss:Type="String">REDEPLOY</Data></Cell>
    <Cell><Data ss:Type="String">ABILITY_DESCRIPTION</Data></Cell>
    <Cell><Data ss:Type="String">Teletransporte para o local alvo com um Ponto de Ação restante.</Data></Cell>
   </Row>
   <Row ss:AutoFitHeight="0">
    <Cell><Data ss:Type="String">DEPLOY_CEREBRAL_CONTROL_COLLARS</Data></Cell>
    <Cell><Data ss:Type="String">ABILITY_NAME</Data></Cell>
    <Cell><Data ss:Type="String">Implantar Coleiras de Controle Cerebral</Data></Cell>
   </Row>
   <Row ss:AutoFitHeight="0" ss:Height="75">
    <Cell><Data ss:Type="String">DEPLOY_CEREBRAL_CONTROL_COLLARS</Data></Cell>
    <Cell><Data ss:Type="String">ABILITY_DESCRIPTION</Data></Cell>
    <Cell><Data ss:Type="String">{STRENGTH} de chance de controlar a unidade de Infantaria não-Mente-Alheia alvo. Se bem-sucedido, ela fica [abilityred]Controlada pela Mente[/abilityred]. Ao final do combate, a unidade se torna uma Indenturada a seu serviço. Se falhar, o alvo fica [abilityred]Incapacitado[/abilityred] por {Duration}[turn/].</Data></Cell>
   </Row>
   <Row ss:AutoFitHeight="0">
    <Cell><Data ss:Type="String">REANIMATION_COLLARS</Data></Cell>
    <Cell><Data ss:Type="String">ABILITY_NAME</Data></Cell>
    <Cell><Data ss:Type="String">Ativar Coleiras de Reanimação</Data></Cell>
   </Row>
   <Row ss:AutoFitHeight="0" ss:Height="30">
    <Cell><Data ss:Type="String">REANIMATION_COLLARS</Data></Cell>
    <Cell><Data ss:Type="String">ABILITY_DESCRIPTION</Data></Cell>
    <Cell><Data ss:Type="String">Devolve a unidade Indenturada morta alvo ao serviço com pontos de vida completos.</Data></Cell>
   </Row>
   <Row ss:AutoFitHeight="0">
    <Cell><Data ss:Type="String">PROJECT_AGONY_FIELD</Data></Cell>
    <Cell><Data ss:Type="String">ABILITY_NAME</Data></Cell>
    <Cell><Data ss:Type="String">Projetar Campo de Agonia</Data></Cell>
   </Row>
   <Row ss:AutoFitHeight="0" ss:Height="30">
    <Cell><Data ss:Type="String">PROJECT_AGONY_FIELD</Data></Cell>
    <Cell><Data ss:Type="String">ABILITY_DESCRIPTION</Data></Cell>
    <Cell><Data ss:Type="String">Projeta um campo de energia Psiónica à distância, especialmente desenvolvido para torturar e quebrar unidades.</Data></Cell>
   </Row>
   <Row ss:AutoFitHeight="0">
    <Cell><Data ss:Type="String">HOUSE_ANTHEM</Data></Cell>
    <Cell><Data ss:Type="String">ABILITY_NAME</Data></Cell>
    <Cell><Data ss:Type="String">Hino da Casa</Data></Cell>
   </Row>
   <Row ss:AutoFitHeight="0" ss:Height="45">
    <Cell><Data ss:Type="String">HOUSE_ANTHEM</Data></Cell>
    <Cell><Data ss:Type="String">ABILITY_DESCRIPTION</Data></Cell>
    <Cell><Data ss:Type="String">Inspira todas as unidades aliadas no campo de batalha, concedendo-lhes {HouseAnthemDamageBoost} de dano aumentado e {HouseAnthemMorale} por {HouseAnthemDuration}[turn/].</Data></Cell>
   </Row>
   <Row ss:AutoFitHeight="0">
    <Cell><Data ss:Type="String">HOUSE_ANTHEM</Data></Cell>
    <Cell><Data ss:Type="String">PROPERTY_NAME</Data></Cell>
    <Cell><Data ss:Type="String">Inspirado (Hino da Casa)</Data></Cell>
   </Row>
   <Row ss:AutoFitHeight="0" ss:Height="60">
    <Cell><Data ss:Type="String">HOUSE_ANTHEM</Data></Cell>
    <Cell><Data ss:Type="String">PROPERTY_DESCRIPTION</Data></Cell>
    <Cell><Data ss:Type="String">As capacidades desta unidade foram potencializadas pelo Hino da Casa projetado pelo Zenith. O dano é aumentado em {HouseAnthemDamageBoost} e a unidade ganha {HouseAnthemMorale}.</Data></Cell>
   </Row>
   <Row ss:AutoFitHeight="0">
    <Cell><Data ss:Type="String">HOUSE_ANTHEM</Data></Cell>
    <Cell><Data ss:Type="String">MODIFIER_DESCRIPTION</Data></Cell>
    <Cell><Data ss:Type="String">{HouseAnthemDamageBoost} de dano</Data></Cell>
   </Row>
   <Row ss:AutoFitHeight="0">
    <Cell><Data ss:Type="String">REINFORCEMENT_ZONE</Data></Cell>
    <Cell><Data ss:Type="String">PROPERTY_NAME</Data></Cell>
    <Cell><Data ss:Type="String">Zona de Reforços</Data></Cell>
   </Row>
   <Row ss:AutoFitHeight="0" ss:Height="30">
    <Cell><Data ss:Type="String">REINFORCEMENT_ZONE</Data></Cell>
    <Cell><Data ss:Type="String">PROPERTY_DESCRIPTION</Data></Cell>
    <Cell><Data ss:Type="String">Teletransporta reforços para a área alvo, restaurando todas as unidades Biológicas e Ciborgues aliadas para pontos de vida completos.</Data></Cell>
   </Row>
   <Row ss:AutoFitHeight="0">
    <Cell><Data ss:Type="String">PSITEC_VISION_ENHANCERS</Data></Cell>
    <Cell><Data ss:Type="String">NAME</Data></Cell>
    <Cell><Data ss:Type="String">Aprimoradores de Visão PsiTec (Detector)</Data></Cell>
   </Row>
   <Row ss:AutoFitHeight="0" ss:Height="75">
    <Cell><Data ss:Type="String">PSITEC_VISION_ENHANCERS</Data></Cell>
    <Cell><Data ss:Type="String">DESCRIPTION</Data></Cell>
    <Cell><Data ss:Type="String">A unidade ganha {Accuracy} de precisão, [abilityblue]Detecção[/abilityblue] e +{PsiTecVisionRange} de alcance de visão no mapa-múndi.</Data></Cell>
   </Row>
   <Row ss:AutoFitHeight="0">
    <Cell><Data ss:Type="String">CEREBRAL_CONTROL_COLLARS</Data></Cell>
    <Cell><Data ss:Type="String">NAME</Data></Cell>
    <Cell><Data ss:Type="String">Coleiras de Controle Cerebral</Data></Cell>
   </Row>
   <Row ss:AutoFitHeight="0" ss:Height="75">
    <Cell><Data ss:Type="String">CEREBRAL_CONTROL_COLLARS</Data></Cell>
    <Cell><Data ss:Type="String">DESCRIPTION</Data></Cell>
    <Cell><Data ss:Type="String">A unidade é imune a todos os efeitos de Moral e ganha +{CerebralPsionicResistance} de resistência [DefensePsyche/] Psiónica. A unidade agora é considerada uma unidade [abilityblue]Indenturada[/abilityblue].</Data></Cell>
   </Row>
   <Row ss:AutoFitHeight="0">
    <Cell><Data ss:Type="String">EXPLOITIVE_TARGETING_SYSTEM</Data></Cell>
    <Cell><Data ss:Type="String">NAME</Data></Cell>
    <Cell><Data ss:Type="String">Sistema de Mira Exploratório</Data></Cell>
   </Row>
   <Row ss:AutoFitHeight="0" ss:Height="90">
    <Cell><Data ss:Type="String">EXPLOITIVE_TARGETING_SYSTEM</Data></Cell>
    <Cell><Data ss:Type="String">DESCRIPTION</Data></Cell>
    <Cell><Data ss:Type="String">A unidade ganha +{ExploitiveAccuracy}% de precisão e recebe [abilityblue]Flanqueador[/abilityblue], que aumenta seu dano em {ExploitiveFlankingDamage}% enquanto flanqueia.</Data></Cell>
   </Row>
   <Row ss:AutoFitHeight="0">
    <Cell><Data ss:Type="String">EXPLOITIVE_TARGETING_SYSTEM</Data></Cell>
    <Cell><Data ss:Type="String">MODIFIER_DESCRIPTION</Data></Cell>
    <Cell><Data ss:Type="String">Esta arma tem +{ExploitiveAccuracy}% de precisão.</Data></Cell>
   </Row>
   <Row ss:AutoFitHeight="0">
    <Cell><Data ss:Type="String">SPATIAL_ACCELERATION_SAILS</Data></Cell>
    <Cell><Data ss:Type="String">NAME</Data></Cell>
    <Cell><Data ss:Type="String">Velas de Aceleração Espacial</Data></Cell>
   </Row>
   <Row ss:AutoFitHeight="0" ss:Height="75">
    <Cell><Data ss:Type="String">SPATIAL_ACCELERATION_SAILS</Data></Cell>
    <Cell><Data ss:Type="String">DESCRIPTION</Data></Cell>
    <Cell><Data ss:Type="String">A unidade ganha [abilityblue]Movimento Rápido[/abilityblue] e os escudos Mirage tornam as unidades {SpatialAccuracyTarget}% mais difíceis de acertar quando em modo de defesa.</Data></Cell>
   </Row>
   <Row ss:AutoFitHeight="0">
    <Cell><Data ss:Type="String">CONTROL_AMPLIFIER</Data></Cell>
    <Cell><Data ss:Type="String">NAME</Data></Cell>
    <Cell><Data ss:Type="String">Amplificador de Controle</Data></Cell>
   </Row>
   <Row ss:Index="56" ss:AutoFitHeight="0">
    <Cell><Data ss:Type="String">CONTROL_AMPLIFIER</Data></Cell>
    <Cell><Data ss:Type="String">ABILITY_NAME</Data></Cell>
    <Cell><Data ss:Type="String">Controle Reforçado</Data></Cell>
   </Row>
   <Row ss:AutoFitHeight="0" ss:Height="30">
    <Cell><Data ss:Type="String">CONTROL_AMPLIFIER</Data></Cell>
    <Cell><Data ss:Type="String">ABILITY_DESCRIPTION</Data></Cell>
    <Cell><Data ss:Type="String">Exercer controle rigoroso sobre todas as unidades Indentured aumenta seu dano em {ControlDamage}% por {Duration}[turn/].</Data></Cell>
   </Row>
   <Row ss:AutoFitHeight="0">
    <Cell><Data ss:Type="String">CONTROL_AMPLIFIER</Data></Cell>
    <Cell><Data ss:Type="String">PROPERTY_DESCRIPTION</Data></Cell>
    <Cell><Data ss:Type="String">Esta unidade causa +{ControlDamage}% de dano.</Data></Cell>
   </Row>
   <Row ss:AutoFitHeight="0">
    <Cell><Data ss:Type="String">CONTROL_AMPLIFIER</Data></Cell>
    <Cell><Data ss:Type="String">MOD_DESCRIPTION</Data></Cell>
    <Cell><Data ss:Type="String">{ControlDamage}% de dano.</Data></Cell>
   </Row>
   <Row ss:AutoFitHeight="0">
    <Cell><Data ss:Type="String">ADAPTIVE_CAMOUFLAGE_PROJECTOR</Data></Cell>
    <Cell><Data ss:Type="String">NAME</Data></Cell>
    <Cell><Data ss:Type="String">Projetor de Camuflagem Adaptativa</Data></Cell>
   </Row>
   <Row ss:AutoFitHeight="0" ss:Height="75">
    <Cell><Data ss:Type="String">ADAPTIVE_CAMOUFLAGE_PROJECTOR</Data></Cell>
    <Cell><Data ss:Type="String">DESCRIPTION</Data></Cell>
    <Cell><Data ss:Type="String">A unidade ganha [abilityblue]Camuflagem Universal[/abilityblue], é {CamouflageAccuracy}% mais difícil de acertar e fica imune à vigilância inimiga.</Data></Cell>
   </Row>
   <Row ss:AutoFitHeight="0">
    <Cell><Data ss:Type="String">ADVANCED_DISLOCATION_DRIVE</Data></Cell>
    <Cell><Data ss:Type="String">NAME</Data></Cell>
    <Cell><Data ss:Type="String">Motor de Deslocamento Avançado</Data></Cell>
   </Row>
   <Row ss:AutoFitHeight="0" ss:Height="105">
    <Cell><Data ss:Type="String">ADVANCED_DISLOCATION_DRIVE</Data></Cell>
    <Cell><Data ss:Type="String">DESCRIPTION</Data></Cell>
    <Cell><Data ss:Type="String">O alcance da teletransporte é aumentado em {DislocationRange} hexes, o dano é aumentado em {DamagePercentage}% e a unidade fica {DislocationAccuracy}% mais difícil de acertar por {DislocationTurn}[turn/] após teletransportar.</Data></Cell>
   </Row>
   <Row ss:AutoFitHeight="0">
    <Cell><Data ss:Type="String">CEREBRAL_AMPLIFIER</Data></Cell>
    <Cell><Data ss:Type="String">NAME</Data></Cell>
    <Cell><Data ss:Type="String">Amplificador Cerebral</Data></Cell>
   </Row>
   <Row ss:AutoFitHeight="0" ss:Height="75">
    <Cell><Data ss:Type="String">CEREBRAL_AMPLIFIER</Data></Cell>
    <Cell><Data ss:Type="String">DESCRIPTION</Data></Cell>
    <Cell><Data ss:Type="String">A unidade e todas as unidades Indentured no exército ganham +{CerebralCriticalChance}% de chance de acerto crítico.</Data></Cell>
   </Row>
   <Row ss:AutoFitHeight="0" ss:Height="30">
    <Cell><Data ss:Type="String">CEREBRAL_AMPLIFIER</Data></Cell>
    <Cell><Data ss:Type="String">PROPERTY_DESCRIPTION</Data></Cell>
    <Cell><Data ss:Type="String">Um Amplificador Cerebral no exército desta unidade concedeu a ela +{CerebralCriticalChance}% de chance de acerto crítico.</Data></Cell>
   </Row>
   <Row ss:AutoFitHeight="0">
    <Cell><Data ss:Type="String">CEREBRAL_AMPLIFIER</Data></Cell>
    <Cell><Data ss:Type="String">MOD_DESCRIPTION</Data></Cell>
    <Cell><Data ss:Type="String">{CerebralCriticalChance}% de chance de acerto crítico.</Data></Cell>
   </Row>
   <Row ss:AutoFitHeight="0">
    <Cell><Data ss:Type="String">CEREBRAL_AMPLIFIER</Data></Cell>
    <Cell><Data ss:Type="String">ABILITY_NAME</Data></Cell>
    <Cell><Data ss:Type="String">Protocolos de Purgação</Data></Cell>
   </Row>
   <Row ss:AutoFitHeight="0" ss:Height="30">
    <Cell><Data ss:Type="String">CEREBRAL_AMPLIFIER</Data></Cell>
    <Cell><Data ss:Type="String">ABILITY_DESCRIPTION</Data></Cell>
    <Cell><Data ss:Type="String">Execute protocolos de purgação em todas as unidades Indentured amigas, removendo todos os efeitos de status hostis.</Data></Cell>
   </Row>
   <Row ss:AutoFitHeight="0">
    <Cell><Data ss:Type="String">PSITEC_DRIVE_MODULATOR</Data></Cell>
    <Cell><Data ss:Type="String">NAME</Data></Cell>
    <Cell><Data ss:Type="String">Modulador de Motor PsiTec</Data></Cell>
   </Row>
   <Row ss:AutoFitHeight="0" ss:Height="75">
    <Cell><Data ss:Type="String">PSITEC_DRIVE_MODULATOR</Data></Cell>
    <Cell><Data ss:Type="String">DESCRIPTION</Data></Cell>
    <Cell><Data ss:Type="String">A unidade ganha imunidade a atordoamento. Sempre que a unidade usar uma habilidade, ela se cura em {PsiTecHeal}[hp/] e ganha +{PsiTecDamageIncrease}% de dano por {PsiTecDuration}[turn/]. Isso pode ser acumulado até {PsiTecMaxStacks} vezes.</Data></Cell>
   </Row>
   <Row ss:AutoFitHeight="0" ss:Height="30">
    <Cell><Data ss:Type="String">PSITEC_DRIVE_MODULATOR</Data></Cell>
    <Cell><Data ss:Type="String">PROPERTY_DESCRIPTION</Data></Cell>
    <Cell><Data ss:Type="String">Esta unidade causa {PsiTecDamage} de dano adicional por acúmulo. Acumula até {PsiTecMaxStacks} vezes.</Data></Cell>
   </Row>
   <Row ss:AutoFitHeight="0">
    <Cell><Data ss:Type="String">PSITEC_DRIVE_MODULATOR</Data></Cell>
    <Cell><Data ss:Type="String">MOD_DESCRIPTION</Data></Cell>
    <Cell><Data ss:Type="String">{PsiTechDamage} de dano</Data></Cell>
   </Row>
   <Row ss:AutoFitHeight="0">
    <Cell><Data ss:Type="String">RECONSTRUCTION_FIELD</Data></Cell>
    <Cell><Data ss:Type="String">NAME</Data></Cell>
    <Cell><Data ss:Type="String">Campo de Reconstrução</Data></Cell>
   </Row>
   <Row ss:AutoFitHeight="0" ss:Height="45">
    <Cell><Data ss:Type="String">RECONSTRUCTION_FIELD</Data></Cell>
    <Cell><Data ss:Type="String">DESCRIPTION</Data></Cell>
    <Cell><Data ss:Type="String">Como se voltasse no tempo, esta unidade usa poderosos motores PsiTec para projetar um campo que reconstrói unidades Mecânicas e Embarcadas aliadas caídas.</Data></Cell>
   </Row>
   <Row ss:AutoFitHeight="0">
    <Cell><Data ss:Type="String">MOTION_SUPRESSOR</Data></Cell>
    <Cell><Data ss:Type="String">NAME</Data></Cell>
    <Cell><Data ss:Type="String">Supressor de Movimento</Data></Cell>
   </Row>
   <Row ss:AutoFitHeight="0" ss:Height="45">
    <Cell><Data ss:Type="String">MOTION_SUPRESSOR</Data></Cell>
    <Cell><Data ss:Type="String">DESCRIPTION</Data></Cell>
    <Cell><Data ss:Type="String">Direcione uma unidade para prejudicar seu movimento. Este efeito salta para outra unidade dentro de {JumpHex} hexes.</Data></Cell>
   </Row>
   <Row ss:AutoFitHeight="0">
    <Cell><Data ss:Type="String">PSI_SHIFT</Data></Cell>
    <Cell><Data ss:Type="String">NAME</Data></Cell>
    <Cell><Data ss:Type="String">Deslocamento Psi</Data></Cell>
   </Row>
   <Row ss:AutoFitHeight="0" ss:Height="30">
    <Cell><Data ss:Type="String">PSI_SHIFT</Data></Cell>
    <Cell><Data ss:Type="String">DESCRIPTION</Data></Cell>
    <Cell><Data ss:Type="String">Teleporte para o local alvo, causando dano e prejudicando unidades inimigas adjacentes.</Data></Cell>
   </Row>
   <Row ss:AutoFitHeight="0">
    <Cell><Data ss:Type="String">LAST_SERVITUDE</Data></Cell>
    <Cell><Data ss:Type="String">NAME</Data></Cell>
    <Cell><Data ss:Type="String">Último Serviço</Data></Cell>
   </Row>
   <Row ss:AutoFitHeight="0" ss:Height="30">
    <Cell><Data ss:Type="String">LAST_SERVITUDE</Data></Cell>
    <Cell><Data ss:Type="String">DESCRIPTION</Data></Cell>
    <Cell><Data ss:Type="String">Ressuscite um Indentured morto alvo com pontos de vida completos. O Indentured morre ao final do combate.</Data></Cell>
   </Row>
   <Row ss:Index="83" ss:AutoFitHeight="0">
    <Cell><Data ss:Type="String">EXPLOITIVE_TARGETING_SYSTEM</Data></Cell>
    <Cell><Data ss:Type="String">TEMPLATE_NAME_1</Data></Cell>
    <Cell><Data ss:Type="String">Explorador</Data></Cell>
   </Row>
   <Row ss:AutoFitHeight="0">
    <Cell><Data ss:Type="String">EXPLOITIVE_TARGETING_SYSTEM</Data></Cell>
    <Cell><Data ss:Type="String">TEMPLATE_NAME_2</Data></Cell>
    <Cell><Data ss:Type="String">Descobridor</Data></Cell>
   </Row>
   <Row ss:AutoFitHeight="0">
    <Cell><Data ss:Type="String">EXPLOITIVE_TARGETING_SYSTEM</Data></Cell>
    <Cell><Data ss:Type="String">TEMPLATE_NAME_3</Data></Cell>
    <Cell><Data ss:Type="String">Preciso</Data></Cell>
   </Row>
   <Row ss:AutoFitHeight="0">
    <Cell><Data ss:Type="String">EXPLOITIVE_TARGETING_SYSTEM</Data></Cell>
    <Cell><Data ss:Type="String">TEMPLATE_NAME_4</Data></Cell>
    <Cell><Data ss:Type="String">Flanqueador</Data></Cell>
   </Row>
   <Row ss:AutoFitHeight="0">
    <Cell><Data ss:Type="String">EXPLOITIVE_TARGETING_SYSTEM</Data></Cell>
    <Cell><Data ss:Type="String">TEMPLATE_NAME_5</Data></Cell>
    <Cell><Data ss:Type="String">Aventureiro</Data></Cell>
   </Row>
   <Row ss:AutoFitHeight="0">
    <Cell><Data ss:Type="String">EXPLOITIVE_TARGETING_SYSTEM</Data></Cell>
    <Cell><Data ss:Type="String">TEMPLATE_NAME_6</Data></Cell>
    <Cell><Data ss:Type="String">Verificando</Data></Cell>
   </Row>
   <Row ss:AutoFitHeight="0">
    <Cell><Data ss:Type="String">CEREBRAL_CONTROL_COLLARS</Data></Cell>
    <Cell><Data ss:Type="String">TEMPLATE_NAME_1</Data></Cell>
    <Cell><Data ss:Type="String">Controlado</Data></Cell>
   </Row>
   <Row ss:AutoFitHeight="0">
    <Cell><Data ss:Type="String">CEREBRAL_CONTROL_COLLARS</Data></Cell>
    <Cell><Data ss:Type="String">TEMPLATE_NAME_2</Data></Cell>
    <Cell><Data ss:Type="String">Alistado</Data></Cell>
   </Row>
   <Row ss:AutoFitHeight="0">
    <Cell><Data ss:Type="String">CEREBRAL_CONTROL_COLLARS</Data></Cell>
    <Cell><Data ss:Type="String">TEMPLATE_NAME_3</Data></Cell>
    <Cell><Data ss:Type="String">Ocupado</Data></Cell>
   </Row>
   <Row ss:AutoFitHeight="0">
    <Cell><Data ss:Type="String">CEREBRAL_CONTROL_COLLARS</Data></Cell>
    <Cell><Data ss:Type="String">TEMPLATE_NAME_4</Data></Cell>
    <Cell><Data ss:Type="String">Psi-vinculado</Data></Cell>
   </Row>
   <Row ss:AutoFitHeight="0">
    <Cell><Data ss:Type="String">CEREBRAL_CONTROL_COLLARS</Data></Cell>
    <Cell><Data ss:Type="String">TEMPLATE_NAME_5</Data></Cell>
    <Cell><Data ss:Type="String">Contratado</Data></Cell>
   </Row>
   <Row ss:AutoFitHeight="0">
    <Cell><Data ss:Type="String">CEREBRAL_CONTROL_COLLARS</Data></Cell>
    <Cell><Data ss:Type="String">TEMPLATE_NAME_6</Data></Cell>
    <Cell><Data ss:Type="String">Re-libertado</Data></Cell>
   </Row>
   <Row ss:AutoFitHeight="0">
    <Cell><Data ss:Type="String">PSITEC_VISION_ENHANCERS</Data></Cell>
    <Cell><Data ss:Type="String">TEMPLATE_NAME_1</Data></Cell>
    <Cell><Data ss:Type="String">Batedor Psi</Data></Cell>
   </Row>
   <Row ss:AutoFitHeight="0">
    <Cell><Data ss:Type="String">PSITEC_VISION_ENHANCERS</Data></Cell>
    <Cell><Data ss:Type="String">TEMPLATE_NAME_2</Data></Cell>
    <Cell><Data ss:Type="String">Localizador de Presença</Data></Cell>
   </Row>
   <Row ss:AutoFitHeight="0">
    <Cell><Data ss:Type="String">PSITEC_VISION_ENHANCERS</Data></Cell>
    <Cell><Data ss:Type="String">TEMPLATE_NAME_3</Data></Cell>
    <Cell><Data ss:Type="String">Buscador</Data></Cell>
   </Row>
   <Row ss:AutoFitHeight="0">
    <Cell><Data ss:Type="String">PSITEC_VISION_ENHANCERS</Data></Cell>
    <Cell><Data ss:Type="String">TEMPLATE_NAME_4</Data></Cell>
    <Cell><Data ss:Type="String">Detector</Data></Cell>
   </Row>
   <Row ss:AutoFitHeight="0">
    <Cell><Data ss:Type="String">PSITEC_VISION_ENHANCERS</Data></Cell>
    <Cell><Data ss:Type="String">TEMPLATE_NAME_5</Data></Cell>
    <Cell><Data ss:Type="String">Perceptor</Data></Cell>
   </Row>
   <Row ss:AutoFitHeight="0">
    <Cell><Data ss:Type="String">PSITEC_VISION_ENHANCERS</Data></Cell>
    <Cell><Data ss:Type="String">TEMPLATE_NAME_6</Data></Cell>
    <Cell><Data ss:Type="String">Previsão</Data></Cell>
   </Row>
   <Row ss:AutoFitHeight="0">
    <Cell><Data ss:Type="String">SPATIAL_ACCELERATION_SAILS</Data></Cell>
    <Cell><Data ss:Type="String">TEMPLATE_NAME_1</Data></Cell>
    <Cell><Data ss:Type="String">Acelerado</Data></Cell>
   </Row>
   <Row ss:AutoFitHeight="0">
    <Cell><Data ss:Type="String">SPATIAL_ACCELERATION_SAILS</Data></Cell>
    <Cell><Data ss:Type="String">TEMPLATE_NAME_2</Data></Cell>
    <Cell><Data ss:Type="String">Projetado</Data></Cell>
   </Row>
   <Row ss:AutoFitHeight="0">
    <Cell><Data ss:Type="String">SPATIAL_ACCELERATION_SAILS</Data></Cell>
    <Cell><Data ss:Type="String">TEMPLATE_NAME_3</Data></Cell>
    <Cell><Data ss:Type="String">Quebralimites</Data></Cell>
   </Row>
   <Row ss:AutoFitHeight="0">
    <Cell><Data ss:Type="String">SPATIAL_ACCELERATION_SAILS</Data></Cell>
    <Cell><Data ss:Type="String">TEMPLATE_NAME_4</Data></Cell>
    <Cell><Data ss:Type="String">Cruzador Espacial</Data></Cell>
   </Row>
   <Row ss:AutoFitHeight="0">
    <Cell><Data ss:Type="String">SPATIAL_ACCELERATION_SAILS</Data></Cell>
    <Cell><Data ss:Type="String">TEMPLATE_NAME_5</Data></Cell>
    <Cell><Data ss:Type="String">Navegador Dimensional</Data></Cell>
   </Row>
   <Row ss:AutoFitHeight="0">
    <Cell><Data ss:Type="String">SPATIAL_ACCELERATION_SAILS</Data></Cell>
    <Cell><Data ss:Type="String">TEMPLATE_NAME_6</Data></Cell>
    <Cell><Data ss:Type="String">Impulsionado por Vela</Data></Cell>
   </Row>
   <Row ss:AutoFitHeight="0">
    <Cell><Data ss:Type="String">CONTROL_AMPLIFIER</Data></Cell>
    <Cell><Data ss:Type="String">TEMPLATE_NAME_1</Data></Cell>
    <Cell><Data ss:Type="String">Chicoteamento Psi</Data></Cell>
   </Row>
   <Row ss:AutoFitHeight="0">
    <Cell><Data ss:Type="String">CONTROL_AMPLIFIER</Data></Cell>
    <Cell><Data ss:Type="String">TEMPLATE_NAME_2</Data></Cell>
    <Cell><Data ss:Type="String">Potencialização Mental</Data></Cell>
   </Row>
   <Row ss:AutoFitHeight="0">
    <Cell><Data ss:Type="String">CONTROL_AMPLIFIER</Data></Cell>
    <Cell><Data ss:Type="String">TEMPLATE_NAME_3</Data></Cell>
    <Cell><Data ss:Type="String">Predominante</Data></Cell>
   </Row>
   <Row ss:AutoFitHeight="0">
    <Cell><Data ss:Type="String">CONTROL_AMPLIFIER</Data></Cell>
    <Cell><Data ss:Type="String">TEMPLATE_NAME_4</Data></Cell>
    <Cell><Data ss:Type="String">Sancionado</Data></Cell>
   </Row>
   <Row ss:AutoFitHeight="0">
    <Cell><Data ss:Type="String">CONTROL_AMPLIFIER</Data></Cell>
    <Cell><Data ss:Type="String">TEMPLATE_NAME_5</Data></Cell>
    <Cell><Data ss:Type="String">Imponente</Data></Cell>
   </Row>
   <Row ss:AutoFitHeight="0">
    <Cell><Data ss:Type="String">CONTROL_AMPLIFIER</Data></Cell>
    <Cell><Data ss:Type="String">TEMPLATE_NAME_6</Data></Cell>
    <Cell><Data ss:Type="String">Tirano</Data></Cell>
   </Row>
   <Row ss:AutoFitHeight="0">
    <Cell><Data ss:Type="String">CONTROL_AMPLIFIER</Data></Cell>
    <Cell><Data ss:Type="String">TEMPLATE_NAME_7</Data></Cell>
    <Cell><Data ss:Type="String">Perverso</Data></Cell>
   </Row>
   <Row ss:AutoFitHeight="0">
    <Cell><Data ss:Type="String">CONTROL_AMPLIFIER</Data></Cell>
    <Cell><Data ss:Type="String">TEMPLATE_NAME_8</Data></Cell>
    <Cell><Data ss:Type="String">Soberano</Data></Cell>
   </Row>
   <Row ss:AutoFitHeight="0">
    <Cell><Data ss:Type="String">ADAPTIVE_CAMOUFLAGE_PROJECTOR</Data></Cell>
    <Cell><Data ss:Type="String">TEMPLATE_NAME_1</Data></Cell>
    <Cell><Data ss:Type="String">Mascarado</Data></Cell>
   </Row>
   <Row ss:AutoFitHeight="0">
    <Cell><Data ss:Type="String">ADAPTIVE_CAMOUFLAGE_PROJECTOR</Data></Cell>
    <Cell><Data ss:Type="String">TEMPLATE_NAME_2</Data></Cell>
    <Cell><Data ss:Type="String">Enganador</Data></Cell>
   </Row>
   <Row ss:AutoFitHeight="0">
    <Cell><Data ss:Type="String">ADAPTIVE_CAMOUFLAGE_PROJECTOR</Data></Cell>
    <Cell><Data ss:Type="String">TEMPLATE_NAME_3</Data></Cell>
    <Cell><Data ss:Type="String">Astúcia</Data></Cell>
   </Row>
   <Row ss:AutoFitHeight="0">
    <Cell><Data ss:Type="String">ADAPTIVE_CAMOUFLAGE_PROJECTOR</Data></Cell>
    <Cell><Data ss:Type="String">TEMPLATE_NAME_4</Data></Cell>
    <Cell><Data ss:Type="String">Dissimulador</Data></Cell>
   </Row>
   <Row ss:AutoFitHeight="0">
    <Cell><Data ss:Type="String">ADAPTIVE_CAMOUFLAGE_PROJECTOR</Data></Cell>
    <Cell><Data ss:Type="String">TEMPLATE_NAME_5</Data></Cell>
    <Cell><Data ss:Type="String">Ingênuo</Data></Cell>
   </Row>
   <Row ss:AutoFitHeight="0">
    <Cell><Data ss:Type="String">ADAPTIVE_CAMOUFLAGE_PROJECTOR</Data></Cell>
    <Cell><Data ss:Type="String">TEMPLATE_NAME_6</Data></Cell>
    <Cell><Data ss:Type="String">Fantasmagoria</Data></Cell>
   </Row>
   <Row ss:AutoFitHeight="0">
    <Cell><Data ss:Type="String">ADVANCED_DISLOCATION_DRIVE</Data></Cell>
    <Cell><Data ss:Type="String">TEMPLATE_NAME_1</Data></Cell>
    <Cell><Data ss:Type="String">Deslocador</Data></Cell>
   </Row>
   <Row ss:AutoFitHeight="0">
    <Cell><Data ss:Type="String">ADVANCED_DISLOCATION_DRIVE</Data></Cell>
    <Cell><Data ss:Type="String">TEMPLATE_NAME_2</Data></Cell>
    <Cell><Data ss:Type="String">Transpositor</Data></Cell>
   </Row>
   <Row ss:AutoFitHeight="0">
    <Cell><Data ss:Type="String">ADVANCED_DISLOCATION_DRIVE</Data></Cell>
    <Cell><Data ss:Type="String">TEMPLATE_NAME_3</Data></Cell>
    <Cell><Data ss:Type="String">Desaparecedor</Data></Cell>
   </Row>
   <Row ss:AutoFitHeight="0">
    <Cell><Data ss:Type="String">ADVANCED_DISLOCATION_DRIVE</Data></Cell>
    <Cell><Data ss:Type="String">TEMPLATE_NAME_4</Data></Cell>
    <Cell><Data ss:Type="String">Materializador</Data></Cell>
   </Row>
   <Row ss:AutoFitHeight="0">
    <Cell><Data ss:Type="String">ADVANCED_DISLOCATION_DRIVE</Data></Cell>
    <Cell><Data ss:Type="String">TEMPLATE_NAME_5</Data></Cell>
    <Cell><Data ss:Type="String">Propulsor Quântico</Data></Cell>
   </Row>
   <Row ss:AutoFitHeight="0">
    <Cell><Data ss:Type="String">ADVANCED_DISLOCATION_DRIVE</Data></Cell>
    <Cell><Data ss:Type="String">TEMPLATE_NAME_6</Data></Cell>
    <Cell><Data ss:Type="String">Estado Misto</Data></Cell>
   </Row>
   <Row ss:AutoFitHeight="0">
    <Cell><Data ss:Type="String">CEREBRAL_AMPLIFIER</Data></Cell>
    <Cell><Data ss:Type="String">TEMPLATE_NAME_1</Data></Cell>
    <Cell><Data ss:Type="String">Purificação Primordial</Data></Cell>
   </Row>
   <Row ss:AutoFitHeight="0">
    <Cell><Data ss:Type="String">CEREBRAL_AMPLIFIER</Data></Cell>
    <Cell><Data ss:Type="String">TEMPLATE_NAME_2</Data></Cell>
    <Cell><Data ss:Type="String">Supercontratado</Data></Cell>
   </Row>
   <Row ss:AutoFitHeight="0">
    <Cell><Data ss:Type="String">CEREBRAL_AMPLIFIER</Data></Cell>
    <Cell><Data ss:Type="String">TEMPLATE_NAME_3</Data></Cell>
    <Cell><Data ss:Type="String">Eternamente Vinculado</Data></Cell>
   </Row>
   <Row ss:AutoFitHeight="0">
    <Cell><Data ss:Type="String">CEREBRAL_AMPLIFIER</Data></Cell>
    <Cell><Data ss:Type="String">TEMPLATE_NAME_4</Data></Cell>
    <Cell><Data ss:Type="String">Pastor</Data></Cell>
   </Row>
   <Row ss:AutoFitHeight="0">
    <Cell><Data ss:Type="String">CEREBRAL_AMPLIFIER</Data></Cell>
    <Cell><Data ss:Type="String">TEMPLATE_NAME_5</Data></Cell>
    <Cell><Data ss:Type="String">Egrégora</Data></Cell>
   </Row>
   <Row ss:AutoFitHeight="0">
    <Cell><Data ss:Type="String">CEREBRAL_AMPLIFIER</Data></Cell>
    <Cell><Data ss:Type="String">TEMPLATE_NAME_6</Data></Cell>
    <Cell><Data ss:Type="String">Indivisos</Data></Cell>
   </Row>
   <Row ss:AutoFitHeight="0">
    <Cell><Data ss:Type="String">CEREBRAL_AMPLIFIER</Data></Cell>
    <Cell><Data ss:Type="String">TEMPLATE_NAME_7</Data></Cell>
    <Cell><Data ss:Type="String">Coalescidos</Data></Cell>
   </Row>
   <Row ss:AutoFitHeight="0">
    <Cell><Data ss:Type="String">PSITEC_DRIVE_MODULATOR</Data></Cell>
    <Cell><Data ss:Type="String">TEMPLATE_NAME_1</Data></Cell>
    <Cell><Data ss:Type="String">Inabalável</Data></Cell>
   </Row>
   <Row ss:AutoFitHeight="0">
    <Cell><Data ss:Type="String">PSITEC_DRIVE_MODULATOR</Data></Cell>
    <Cell><Data ss:Type="String">TEMPLATE_NAME_2</Data></Cell>
    <Cell><Data ss:Type="String">Psivenger</Data></Cell>
   </Row>
   <Row ss:AutoFitHeight="0">
    <Cell><Data ss:Type="String">PSITEC_DRIVE_MODULATOR</Data></Cell>
    <Cell><Data ss:Type="String">TEMPLATE_NAME_3</Data></Cell>
    <Cell><Data ss:Type="String">Andarilho de Guerra</Data></Cell>
   </Row>
   <Row ss:AutoFitHeight="0">
    <Cell><Data ss:Type="String">PSITEC_DRIVE_MODULATOR</Data></Cell>
    <Cell><Data ss:Type="String">TEMPLATE_NAME_4</Data></Cell>
    <Cell><Data ss:Type="String">Predestinado</Data></Cell>
   </Row>
   <Row ss:AutoFitHeight="0">
    <Cell><Data ss:Type="String">PSITEC_DRIVE_MODULATOR</Data></Cell>
    <Cell><Data ss:Type="String">TEMPLATE_NAME_5</Data></Cell>
    <Cell><Data ss:Type="String">Sempre Ascendente</Data></Cell>
   </Row>
   <Row ss:AutoFitHeight="0">
    <Cell><Data ss:Type="String">PSITEC_DRIVE_MODULATOR</Data></Cell>
    <Cell><Data ss:Type="String">TEMPLATE_NAME_6</Data></Cell>
    <Cell><Data ss:Type="String">Senhor do Karma</Data></Cell>
   </Row>
  </Table>
  <WorksheetOptions xmlns="urn:schemas-microsoft-com:office:excel">
   <Unsynced/>
   <Print>
    <ValidPrinterInfo/>
    <HorizontalResolution>600</HorizontalResolution>
    <VerticalResolution>600</VerticalResolution>
   </Print>
   <Zoom>115</Zoom>
   <Selected/>
   <TopRowVisible>15</TopRowVisible>
   <LeftColumnVisible>1</LeftColumnVisible>
   <Panes>
    <Pane>
     <Number>3</Number>
     <ActiveRow>24</ActiveRow>
     <ActiveCol>4</ActiveCol>
    </Pane>
   </Panes>
   <ProtectObjects>False</ProtectObjects>
   <ProtectScenarios>False</ProtectScenarios>
  </WorksheetOptions>
 </Worksheet>
</Workbook>