<?xml version='1.0' encoding='UTF-8'?>
<?mso-application progid="Excel.Sheet"?><Workbook xmlns="urn:schemas-microsoft-com:office:spreadsheet" xmlns:o="urn:schemas-microsoft-com:office:office" xmlns:x="urn:schemas-microsoft-com:office:excel" xmlns:ss="urn:schemas-microsoft-com:office:spreadsheet" xmlns:html="http://www.w3.org/TR/REC-html40">
 <DocumentProperties xmlns="urn:schemas-microsoft-com:office:office">
  <LastAuthor>Luis Ferreira</LastAuthor>
  <LastSaved>2020-02-25T10:18:42Z</LastSaved>
  <Version>16.00</Version>
 </DocumentProperties>
 <OfficeDocumentSettings xmlns="urn:schemas-microsoft-com:office:office">
  <AllowPNG/>
 </OfficeDocumentSettings>
 <ExcelWorkbook xmlns="urn:schemas-microsoft-com:office:excel">
  <WindowHeight>14265</WindowHeight>
  <WindowWidth>28770</WindowWidth>
  <WindowTopX>32767</WindowTopX>
  <WindowTopY>32767</WindowTopY>
  <RefModeR1C1/>
  <ProtectStructure>False</ProtectStructure>
  <ProtectWindows>False</ProtectWindows>
 </ExcelWorkbook>
 <Styles>
  <Style ss:ID="Default" ss:Name="Normal">
   <Alignment ss:Vertical="Bottom"/>
   <Borders/>
   <Font ss:FontName="Calibri" x:Family="Swiss" ss:Size="11" ss:Color="#000000"/>
   <Interior/>
   <NumberFormat/>
   <Protection/>
  </Style>
  <Style ss:ID="s62">
   <Alignment ss:Vertical="Top" ss:WrapText="1"/>
  </Style>
  <Style ss:ID="s63">
   <Alignment ss:Vertical="Top" ss:WrapText="1"/>
   <NumberFormat ss:Format="0%"/>
  </Style>
  <Style ss:ID="s65">
   <Alignment ss:Vertical="Bottom" ss:WrapText="1"/>
  </Style>
 </Styles>
 <Worksheet ss:Name="Script">
  <Table ss:ExpandedColumnCount="7" ss:ExpandedRowCount="284" x:FullColumns="1" x:FullRows="1" ss:StyleID="s62" ss:DefaultColumnWidth="51.75" ss:DefaultRowHeight="15">
   <Column ss:StyleID="s62" ss:Width="171"/>
   <Column ss:StyleID="s62" ss:Width="114"/>
   <Column ss:StyleID="s62" ss:Width="327.75"/>
   <Column ss:StyleID="s62" ss:Width="147.75"/>
   <Column ss:StyleID="s62" ss:Width="305.25"/>
   <Column ss:StyleID="s62" ss:Width="226.5"/>
   <Column ss:StyleID="s62" ss:AutoFitWidth="0" ss:Width="254.25"/>
   <Row ss:AutoFitHeight="0" ss:Height="60">
    <Cell><Data ss:Type="String">UNIT_UPGRADES_CORE</Data></Cell>
    <Cell ss:Index="5"><Data ss:Type="String">The DEV TEAM / MISC NOTES column contains info on what text between { } signs means (if applicable). It usually stands for either a numeric value, or a numeric value with an icon. Text between [ ] signs stands for a certain type of icon. </Data></Cell>
   </Row>
   <Row ss:AutoFitHeight="0">
    <Cell><Data ss:Type="String">SCENE ID</Data></Cell>
    <Cell><Data ss:Type="String">TEXT ID</Data></Cell>
    <Cell><Data ss:Type="String">ENGLISH STRING</Data></Cell>
    <Cell><Data ss:Type="String">ALTERNATIVE ENGLISH STRING</Data></Cell>
    <Cell><Data ss:Type="String">LOCALIZATION NOTES</Data></Cell>
    <Cell><Data ss:Type="String">DEV TEAM / MISC NOTES</Data></Cell>
   </Row>
   <Row ss:AutoFitHeight="0" ss:Height="90">
    <Cell ss:Index="5"><Data ss:Type="String">In the text below, any inserted strings - anything of the form {text} - is replaced by an integer value for the thing described in the brackets. If the {text} is not followed by a unit - e.g. shields, hitpoints - the icon for the unit is inserted together with the integer. The same holds for symbols - e.g. '+', '%' - which are occasionally inserted together with the integer.</Data></Cell>
   </Row>
   <Row ss:AutoFitHeight="0" ss:Height="45">
    <Cell ss:Index="5"><Data ss:Type="String">For references to game terminology and in-world references, please check the glossary delivered as part of the documentation.</Data></Cell>
   </Row>
   <Row ss:AutoFitHeight="0">
    <Cell><Data ss:Type="String">MECHANICAL_REQUISITE</Data></Cell>
    <Cell><Data ss:Type="String">NAME</Data></Cell>
    <Cell><Data ss:Type="String">Mecânico</Data></Cell>
   </Row>
   <Row ss:AutoFitHeight="0" ss:Height="45">
    <Cell><Data ss:Type="String">MECHANICAL_REQUISITE</Data></Cell>
    <Cell><Data ss:Type="String">DESCRIPTION</Data></Cell>
    <Cell><Data ss:Type="String">Uma unidade composta principalmente de maquinário e eletrônicos. Unidades mecânicas são vulneráveis a dano de Arco e recebem dano reduzido de dano Psiónico.</Data></Cell>
   </Row>
   <Row ss:AutoFitHeight="0">
    <Cell><Data ss:Type="String">BIOLOGICAL_REQUISITE</Data></Cell>
    <Cell><Data ss:Type="String">NAME</Data></Cell>
    <Cell><Data ss:Type="String">Biológico</Data></Cell>
   </Row>
   <Row ss:AutoFitHeight="0">
    <Cell><Data ss:Type="String">BIOLOGICAL_REQUISITE</Data></Cell>
    <Cell><Data ss:Type="String">DESCRIPTION</Data></Cell>
    <Cell><Data ss:Type="String">Uma forma de vida baseada em carbono.</Data></Cell>
   </Row>
   <Row ss:AutoFitHeight="0">
    <Cell><Data ss:Type="String">CYBORG_REQUISITE</Data></Cell>
    <Cell><Data ss:Type="String">NAME</Data></Cell>
    <Cell><Data ss:Type="String">Ciborgue</Data></Cell>
   </Row>
   <Row ss:AutoFitHeight="0" ss:Height="45">
    <Cell><Data ss:Type="String">CYBORG_REQUISITE</Data></Cell>
    <Cell><Data ss:Type="String">DESCRIPTION</Data></Cell>
    <Cell><Data ss:Type="String">Um organismo cibernético composto de partes mecânicas e biológicas. Ciborgues têm resistência inerente {CyborgResistance} a todos os efeitos de status.</Data></Cell>
   </Row>
   <Row ss:AutoFitHeight="0">
    <Cell><Data ss:Type="String">CYBORG_REQUISITE</Data></Cell>
    <Cell><Data ss:Type="String">RESISTANCE</Data></Cell>
    <Cell><Data ss:Type="String">Resistência Ciborgue</Data></Cell>
   </Row>
   <Row ss:AutoFitHeight="0">
    <Cell><Data ss:Type="String">MINERAL_REQUISITE</Data></Cell>
    <Cell><Data ss:Type="String">NAME</Data></Cell>
    <Cell><Data ss:Type="String">Mineral</Data></Cell>
   </Row>
   <Row ss:AutoFitHeight="0" ss:Height="60">
    <Cell><Data ss:Type="String">MINERAL_REQUISITE</Data></Cell>
    <Cell><Data ss:Type="String">DESCRIPTION</Data></Cell>
    <Cell><Data ss:Type="String">Uma forma de vida baseada em silício. Unidades minerais são vulneráveis a dano Bioquímico e recebem dano reduzido de dano de Arco e Térmico. São imunes a todos os efeitos de status de Dano por Tempo.</Data></Cell>
   </Row>
   <Row ss:AutoFitHeight="0">
    <Cell><Data ss:Type="String">ETHEREAL_REQUISITE</Data></Cell>
    <Cell><Data ss:Type="String">NAME</Data></Cell>
    <Cell><Data ss:Type="String">Etéreo</Data></Cell>
   </Row>
   <Row ss:AutoFitHeight="0" ss:Height="45">
    <Cell><Data ss:Type="String">ETHEREAL_REQUISITE</Data></Cell>
    <Cell><Data ss:Type="String">DESCRIPTION</Data></Cell>
    <Cell><Data ss:Type="String">Uma forma de vida baseada em energia. Unidades etéreas conseguem atravessar paredes e têm resistência contra dano Cinético, Bioquímico e de Arco.</Data></Cell>
   </Row>
   <Row ss:AutoFitHeight="0">
    <Cell><Data ss:Type="String">LIGHT_REQUISITE</Data></Cell>
    <Cell><Data ss:Type="String">NAME</Data></Cell>
    <Cell><Data ss:Type="String">Unidade Leve</Data></Cell>
   </Row>
   <Row ss:AutoFitHeight="0">
    <Cell><Data ss:Type="String">LIGHT_REQUISITE</Data></Cell>
    <Cell><Data ss:Type="String">DESCRIPTION</Data></Cell>
    <Cell><Data ss:Type="String">Uma unidade pequena e padrão.</Data></Cell>
   </Row>
   <Row ss:AutoFitHeight="0">
    <Cell><Data ss:Type="String">HEAVY_REQUISITE</Data></Cell>
    <Cell><Data ss:Type="String">NAME</Data></Cell>
    <Cell><Data ss:Type="String">Unidade Pesada</Data></Cell>
   </Row>
   <Row ss:AutoFitHeight="0" ss:Height="30">
    <Cell><Data ss:Type="String">HEAVY_REQUISITE</Data></Cell>
    <Cell><Data ss:Type="String">DESCRIPTION</Data></Cell>
    <Cell><Data ss:Type="String">Uma unidade mais pesada e forte. Unidades pesadas não podem ser atordoadas por ataques de alto impacto e não viram para encarar o atacante quando flanqueadas.</Data></Cell>
   </Row>
   <Row ss:AutoFitHeight="0">
    <Cell><Data ss:Type="String">INFANTRY_REQUISITE</Data></Cell>
    <Cell><Data ss:Type="String">NAME</Data></Cell>
    <Cell><Data ss:Type="String">Infantaria</Data></Cell>
   </Row>
   <Row ss:AutoFitHeight="0" ss:Height="30">
    <Cell><Data ss:Type="String">INFANTRY_REQUISITE</Data></Cell>
    <Cell><Data ss:Type="String">DESCRIPTION</Data></Cell>
    <Cell><Data ss:Type="String">Uma unidade que geralmente é bípede ou pelo menos vagamente humanoide em forma.</Data></Cell>
   </Row>
   <Row ss:AutoFitHeight="0">
    <Cell><Data ss:Type="String">ANIMAL_REQUISITE</Data></Cell>
    <Cell><Data ss:Type="String">NAME</Data></Cell>
    <Cell><Data ss:Type="String">Animal</Data></Cell>
   </Row>
   <Row ss:AutoFitHeight="0">
    <Cell><Data ss:Type="String">ANIMAL_REQUISITE</Data></Cell>
    <Cell><Data ss:Type="String">DESCRIPTION</Data></Cell>
    <Cell><Data ss:Type="String">Uma unidade não-sapiente.</Data></Cell>
   </Row>
   <Row ss:AutoFitHeight="0">
    <Cell><Data ss:Type="String">ARBORIAN_REQUISITE</Data></Cell>
    <Cell><Data ss:Type="String">NAME</Data></Cell>
    <Cell><Data ss:Type="String">Arboriano</Data></Cell>
   </Row>
   <Row ss:AutoFitHeight="0">
    <Cell><Data ss:Type="String">ARBORIAN_REQUISITE</Data></Cell>
    <Cell><Data ss:Type="String">DESCRIPTION</Data></Cell>
    <Cell><Data ss:Type="String">Uma criatura baseada em arboriano.</Data></Cell>
   </Row>
   <Row ss:AutoFitHeight="0">
    <Cell><Data ss:Type="String">MOUNTED_REQUISITE</Data></Cell>
    <Cell><Data ss:Type="String">NAME</Data></Cell>
    <Cell><Data ss:Type="String">Montada</Data></Cell>
   </Row>
   <Row ss:AutoFitHeight="0">
    <Cell><Data ss:Type="String">MOUNTED_REQUISITE</Data></Cell>
    <Cell><Data ss:Type="String">DESCRIPTION</Data></Cell>
    <Cell><Data ss:Type="String">Esta unidade está montada em um animal.</Data></Cell>
   </Row>
   <Row ss:AutoFitHeight="0">
    <Cell><Data ss:Type="String">MINDLESS_REQUISITE</Data></Cell>
    <Cell><Data ss:Type="String">NAME</Data></Cell>
    <Cell><Data ss:Type="String">Irracional</Data></Cell>
   </Row>
   <Row ss:AutoFitHeight="0">
    <Cell><Data ss:Type="String">MINDLESS_REQUISITE</Data></Cell>
    <Cell><Data ss:Type="String">DESCRIPTION</Data></Cell>
    <Cell><Data ss:Type="String">Esta unidade é imune a efeitos de status Psiónicos e alterações de Moral.</Data></Cell>
   </Row>
   <Row ss:AutoFitHeight="0">
    <Cell><Data ss:Type="String">VANGUARD_REQUISITE</Data></Cell>
    <Cell><Data ss:Type="String">NAME</Data></Cell>
    <Cell><Data ss:Type="String">{XML_SPECIES_HUMANS@RACE@NAME_SINGULAR}</Data></Cell>
    <Cell ss:Index="5"><Data ss:Type="String">{text} inserts the vanguard singular name</Data></Cell>
    <Cell><Data ss:Type="String">Links to Species_Humans(_Split).xml</Data></Cell>
   </Row>
   <Row ss:AutoFitHeight="0" ss:Height="30">
    <Cell><Data ss:Type="String">VANGUARD_REQUISITE</Data></Cell>
    <Cell><Data ss:Type="String">DESCRIPTION</Data></Cell>
    <Cell><Data ss:Type="String">Uma unidade da Vanguard.[br/]{XML_SPECIES_HUMANS@RACE@DESCRIPTION_SHORT}</Data></Cell>
    <Cell ss:Index="5"><Data ss:Type="String">{text} inserts the short vanguard description.</Data></Cell>
    <Cell><Data ss:Type="String">Links to Species_Humans(_Split).xml</Data></Cell>
   </Row>
   <Row ss:AutoFitHeight="0">
    <Cell><Data ss:Type="String">ASSEMBLY_REQUISITE</Data></Cell>
    <Cell><Data ss:Type="String">NAME</Data></Cell>
    <Cell><Data ss:Type="String">{XML_SPECIES_ASSEMBLY@RACE@NAME_SINGULAR}</Data></Cell>
    <Cell ss:Index="5"><Data ss:Type="String">{text} inserts the assembly singular name</Data></Cell>
    <Cell><Data ss:Type="String">Links to Species_Assembly(_Split).xml</Data></Cell>
   </Row>
   <Row ss:AutoFitHeight="0" ss:Height="30">
    <Cell><Data ss:Type="String">ASSEMBLY_REQUISITE</Data></Cell>
    <Cell><Data ss:Type="String">DESCRIPTION</Data></Cell>
    <Cell><Data ss:Type="String">Uma unidade da Assembly.[br/]{XML_SPECIES_ASSEMBLY@RACE@DESCRIPTION_SHORT}</Data></Cell>
    <Cell ss:Index="5"><Data ss:Type="String">{text} inserts the short assembly description.</Data></Cell>
    <Cell><Data ss:Type="String">Links to Species_Assembly(_Split).xml</Data></Cell>
   </Row>
   <Row ss:AutoFitHeight="0">
    <Cell><Data ss:Type="String">KIRKO_REQUISITE</Data></Cell>
    <Cell><Data ss:Type="String">NAME</Data></Cell>
    <Cell><Data ss:Type="String">{XML_SPECIES_KIRKO@RACE@NAME_SINGULAR}</Data></Cell>
    <Cell ss:Index="5"><Data ss:Type="String">{text} inserts the kirko singular name</Data></Cell>
    <Cell><Data ss:Type="String">Links to Species_Kirko(_Split).xml</Data></Cell>
   </Row>
   <Row ss:AutoFitHeight="0" ss:Height="30">
    <Cell><Data ss:Type="String">KIRKO_REQUISITE</Data></Cell>
    <Cell><Data ss:Type="String">DESCRIPTION</Data></Cell>
    <Cell><Data ss:Type="String">Uma unidade Kir'Ko.[br/]{XML_SPECIES_KIRKO@RACE@DESCRIPTION_SHORT}</Data></Cell>
    <Cell ss:Index="5"><Data ss:Type="String">{text} inserts the short kirko description.</Data></Cell>
    <Cell><Data ss:Type="String">Links to Species_Kirko(_Split).xml</Data></Cell>
   </Row>
   <Row ss:AutoFitHeight="0">
    <Cell><Data ss:Type="String">DVAR_REQUISITE</Data></Cell>
    <Cell><Data ss:Type="String">NAME</Data></Cell>
    <Cell><Data ss:Type="String">{XML_SPECIES_DVAR@RACE@NAME_SINGULAR}</Data></Cell>
    <Cell ss:Index="5"><Data ss:Type="String">{text} inserts the dvar singular name</Data></Cell>
    <Cell><Data ss:Type="String">Links to Species_Dvar(_Split).xml</Data></Cell>
   </Row>
   <Row ss:AutoFitHeight="0" ss:Height="30">
    <Cell><Data ss:Type="String">DVAR_REQUISITE</Data></Cell>
    <Cell><Data ss:Type="String">DESCRIPTION</Data></Cell>
    <Cell><Data ss:Type="String">Uma unidade Dvar.[br/]{XML_SPECIES_DVAR@RACE@DESCRIPTION_SHORT}</Data></Cell>
    <Cell ss:Index="5"><Data ss:Type="String">{text} inserts the short dvar description.</Data></Cell>
    <Cell><Data ss:Type="String">Links to Species_Dvar(_Split).xml</Data></Cell>
   </Row>
   <Row ss:AutoFitHeight="0">
    <Cell><Data ss:Type="String">AMAZON_REQUISITE</Data></Cell>
    <Cell><Data ss:Type="String">NAME</Data></Cell>
    <Cell><Data ss:Type="String">{XML_SPECIES_AMAZONS@RACE@NAME_SINGULAR}</Data></Cell>
    <Cell ss:Index="5"><Data ss:Type="String">{text} inserts the amazon singular name</Data></Cell>
    <Cell><Data ss:Type="String">Links to Species_Amazon(_Split).xml</Data></Cell>
   </Row>
   <Row ss:AutoFitHeight="0" ss:Height="30">
    <Cell><Data ss:Type="String">AMAZON_REQUISITE</Data></Cell>
    <Cell><Data ss:Type="String">DESCRIPTION</Data></Cell>
    <Cell><Data ss:Type="String">Uma unidade Amazon.[br/]{XML_SPECIES_AMAZONS@RACE@DESCRIPTION_SHORT}</Data></Cell>
    <Cell ss:Index="5"><Data ss:Type="String">{text} inserts the short amazon description.</Data></Cell>
    <Cell><Data ss:Type="String">Links to Species_Amazon(_Split).xml</Data></Cell>
   </Row>
   <Row ss:AutoFitHeight="0">
    <Cell><Data ss:Type="String">SYNDICATE_REQUISITE</Data></Cell>
    <Cell><Data ss:Type="String">NAME</Data></Cell>
    <Cell><Data ss:Type="String">{XML_SPECIES_SYNDICATE@RACE@NAME_SINGULAR}</Data></Cell>
    <Cell ss:Index="5"><Data ss:Type="String">{text} inserts the syndicate singular name</Data></Cell>
    <Cell><Data ss:Type="String">Links to Species_Syndicate(_Split).xml</Data></Cell>
   </Row>
   <Row ss:AutoFitHeight="0" ss:Height="30">
    <Cell><Data ss:Type="String">SYNDICATE_REQUISITE</Data></Cell>
    <Cell><Data ss:Type="String">DESCRIPTION</Data></Cell>
    <Cell><Data ss:Type="String">Uma unidade do Syndicate.[br/]{XML_SPECIES_SYNDICATE@RACE@DESCRIPTION_SHORT}</Data></Cell>
    <Cell ss:Index="5"><Data ss:Type="String">{text} inserts the short syndicate description.</Data></Cell>
    <Cell><Data ss:Type="String">Links to Species_Syndicate(_Split).xml</Data></Cell>
   </Row>
   <Row ss:AutoFitHeight="0">
    <Cell><Data ss:Type="String">SCOUT_REQUISITE</Data></Cell>
    <Cell><Data ss:Type="String">NAME</Data></Cell>
    <Cell><Data ss:Type="String">Batedor</Data></Cell>
   </Row>
   <Row ss:AutoFitHeight="0">
    <Cell><Data ss:Type="String">SCOUT_REQUISITE</Data></Cell>
    <Cell><Data ss:Type="String">DESCRIPTION</Data></Cell>
    <Cell><Data ss:Type="String">Batedores são unidades de reconhecimento móveis.</Data></Cell>
   </Row>
   <Row ss:AutoFitHeight="0">
    <Cell><Data ss:Type="String">PLANT_REQUISITE</Data></Cell>
    <Cell><Data ss:Type="String">NAME</Data></Cell>
    <Cell><Data ss:Type="String">Planta</Data></Cell>
   </Row>
   <Row ss:AutoFitHeight="0" ss:Height="30">
    <Cell><Data ss:Type="String">PLANT_REQUISITE</Data></Cell>
    <Cell><Data ss:Type="String">DESCRIPTION</Data></Cell>
    <Cell><Data ss:Type="String">Uma forma de vida vegetal biológica. Plantas são vulneráveis a dano Térmico, mas resistentes a dano de Arco.</Data></Cell>
   </Row>
   <Row ss:AutoFitHeight="0" ss:Height="30">
    <Cell><Data ss:Type="String">MUTANT_REQUISITE</Data></Cell>
    <Cell><Data ss:Type="String">NAME</Data></Cell>
    <Cell><Data ss:Type="String">Mutante</Data></Cell>
   </Row>
   <Row ss:AutoFitHeight="0" ss:Height="30">
    <Cell><Data ss:Type="String">MUTANT_REQUISITE</Data></Cell>
    <Cell><Data ss:Type="String">DESCRIPTION</Data></Cell>
    <Cell><Data ss:Type="String">Uma unidade geneticamente mutada.</Data></Cell>
   </Row>
   <Row ss:AutoFitHeight="0">
    <Cell><Data ss:Type="String">COLONIZER_REQUISITE</Data></Cell>
    <Cell><Data ss:Type="String">NAME</Data></Cell>
    <Cell><Data ss:Type="String">Colonizador</Data></Cell>
   </Row>
   <Row ss:AutoFitHeight="0" ss:Height="60">
    <Cell><Data ss:Type="String">COLONIZER_REQUISITE</Data></Cell>
    <Cell><Data ss:Type="String">DESCRIPTION</Data></Cell>
    <Cell><Data ss:Type="String">Esta unidade pode criar novas colônias se o Colonizador ocupar o centro de um setor vazio. Colônias não podem ser criadas em setores adjacentes a colônias existentes.[br/]Construir uma nova colônia removerá a unidade Colonizador.[br/]Cada colonizador que você construir custará {energyCost} e {crystalCost} a mais que o anterior.</Data></Cell>
   </Row>
   <Row ss:Index="51" ss:AutoFitHeight="0">
    <Cell><Data ss:Type="String">KINETIC_IMMUNITY</Data></Cell>
    <Cell><Data ss:Type="String">NAME</Data></Cell>
    <Cell><Data ss:Type="String">Imunidade Cinética</Data></Cell>
   </Row>
   <Row ss:AutoFitHeight="0" ss:Height="30">
    <Cell><Data ss:Type="String">KINETIC_IMMUNITY</Data></Cell>
    <Cell><Data ss:Type="String">DESCRIPTION</Data></Cell>
    <Cell><Data ss:Type="String">Esta unidade não pode ser afetada por Dano ou Efeitos de [damagephysical/].</Data></Cell>
   </Row>
   <Row ss:AutoFitHeight="0">
    <Cell><Data ss:Type="String">KINETIC_IMMUNITY</Data></Cell>
    <Cell><Data ss:Type="String">STATUS_NAME</Data></Cell>
    <Cell><Data ss:Type="String">Imunidade a Efeitos de Status Cinéticos</Data></Cell>
   </Row>
   <Row ss:AutoFitHeight="0" ss:Height="30">
    <Cell><Data ss:Type="String">KINETIC_IMMUNITY</Data></Cell>
    <Cell><Data ss:Type="String">STATUS_DESCRIPTION</Data></Cell>
    <Cell><Data ss:Type="String">Esta unidade não pode ser afetada por Efeitos de Status ou Perigos de [damagephysical/].</Data></Cell>
   </Row>
   <Row ss:AutoFitHeight="0">
    <Cell><Data ss:Type="String">THERMAL_IMMUNITY</Data></Cell>
    <Cell><Data ss:Type="String">NAME</Data></Cell>
    <Cell><Data ss:Type="String">Imunidade Térmica</Data></Cell>
   </Row>
   <Row ss:AutoFitHeight="0" ss:Height="30">
    <Cell><Data ss:Type="String">THERMAL_IMMUNITY</Data></Cell>
    <Cell><Data ss:Type="String">DESCRIPTION</Data></Cell>
    <Cell><Data ss:Type="String">Esta unidade não pode ser afetada por Dano ou Efeitos de [damagethermal/].</Data></Cell>
   </Row>
   <Row ss:AutoFitHeight="0">
    <Cell><Data ss:Type="String">THERMAL_IMMUNITY</Data></Cell>
    <Cell><Data ss:Type="String">STATUS_NAME</Data></Cell>
    <Cell><Data ss:Type="String">Imunidade a Efeitos de Status Térmicos</Data></Cell>
   </Row>
   <Row ss:AutoFitHeight="0" ss:Height="30">
    <Cell><Data ss:Type="String">THERMAL_IMMUNITY</Data></Cell>
    <Cell><Data ss:Type="String">STATUS_DESCRIPTION</Data></Cell>
    <Cell><Data ss:Type="String">Esta unidade não pode ser afetada por Efeitos de Status ou Perigos de [damagethermal/].</Data></Cell>
   </Row>
   <Row ss:AutoFitHeight="0">
    <Cell><Data ss:Type="String">HAZARD_IMMUNITY</Data></Cell>
    <Cell><Data ss:Type="String">NAME</Data></Cell>
    <Cell><Data ss:Type="String">Imunidade a Perigos Táticos</Data></Cell>
   </Row>
   <Row ss:AutoFitHeight="0">
    <Cell><Data ss:Type="String">HAZARD_IMMUNITY</Data></Cell>
    <Cell><Data ss:Type="String">DESCRIPTION</Data></Cell>
    <Cell><Data ss:Type="String">Esta unidade não pode ser afetada por Efeitos de Perigos Táticos.</Data></Cell>
   </Row>
   <Row ss:AutoFitHeight="0">
    <Cell><Data ss:Type="String">THERMAL_RESISTANCE</Data></Cell>
    <Cell><Data ss:Type="String">NAME</Data></Cell>
    <Cell><Data ss:Type="String">Resistência Térmica</Data></Cell>
   </Row>
   <Row ss:AutoFitHeight="0">
    <Cell><Data ss:Type="String">THERMAL_RESISTANCE</Data></Cell>
    <Cell><Data ss:Type="String">DESCRIPTION</Data></Cell>
    <Cell><Data ss:Type="String">Esta unidade possui resistência de {ThermalResistance}.</Data></Cell>
   </Row>
   <Row ss:AutoFitHeight="0">
    <Cell><Data ss:Type="String">PSIONIC_IMMUNITY</Data></Cell>
    <Cell><Data ss:Type="String">NAME</Data></Cell>
    <Cell><Data ss:Type="String">Imunidade Psiónica</Data></Cell>
   </Row>
   <Row ss:AutoFitHeight="0">
    <Cell><Data ss:Type="String">PSIONIC_IMMUNITY</Data></Cell>
    <Cell><Data ss:Type="String">DESCRIPTION</Data></Cell>
    <Cell><Data ss:Type="String">Esta unidade não pode ser afetada por Dano ou Efeitos de [damagepsyche/]</Data></Cell>
   </Row>
   <Row ss:AutoFitHeight="0">
    <Cell><Data ss:Type="String">PSIONIC_IMMUNITY</Data></Cell>
    <Cell><Data ss:Type="String">STATUS_NAME</Data></Cell>
    <Cell><Data ss:Type="String">Imunidade a Efeitos de Status Psiónicos</Data></Cell>
   </Row>
   <Row ss:AutoFitHeight="0" ss:Height="30">
    <Cell><Data ss:Type="String">PSIONIC_IMMUNITY</Data></Cell>
    <Cell><Data ss:Type="String">STATUS_DESCRIPTION</Data></Cell>
    <Cell><Data ss:Type="String">Esta unidade não pode ser afetada por Efeitos de Status ou Perigos de [damagepsyche/].</Data></Cell>
   </Row>
   <Row ss:AutoFitHeight="0">
    <Cell><Data ss:Type="String">BIOCHEMICAL_IMMUNITY</Data></Cell>
    <Cell><Data ss:Type="String">NAME</Data></Cell>
    <Cell><Data ss:Type="String">Imunidade Bioquímica</Data></Cell>
   </Row>
   <Row ss:AutoFitHeight="0">
    <Cell><Data ss:Type="String">BIOCHEMICAL_IMMUNITY</Data></Cell>
    <Cell><Data ss:Type="String">DESCRIPTION</Data></Cell>
    <Cell><Data ss:Type="String">Esta unidade não pode ser afetada por Dano ou Efeitos de [damagebio/].</Data></Cell>
   </Row>
   <Row ss:AutoFitHeight="0">
    <Cell><Data ss:Type="String">BIOCHEMICAL_IMMUNITY</Data></Cell>
    <Cell><Data ss:Type="String">STATUS_NAME</Data></Cell>
    <Cell><Data ss:Type="String">Imunidade a Efeitos de Status Bioquímicos</Data></Cell>
   </Row>
   <Row ss:AutoFitHeight="0" ss:Height="30">
    <Cell><Data ss:Type="String">BIOCHEMICAL_IMMUNITY</Data></Cell>
    <Cell><Data ss:Type="String">STATUS_DESCRIPTION</Data></Cell>
    <Cell><Data ss:Type="String">Esta unidade não pode ser afetada por Efeitos de Status ou Perigos de [damagebio/].</Data></Cell>
   </Row>
   <Row ss:AutoFitHeight="0">
    <Cell><Data ss:Type="String">ARC_IMMUNITY</Data></Cell>
    <Cell><Data ss:Type="String">NAME</Data></Cell>
    <Cell><Data ss:Type="String">Imunidade a Arcos</Data></Cell>
   </Row>
   <Row ss:AutoFitHeight="0">
    <Cell><Data ss:Type="String">ARC_IMMUNITY</Data></Cell>
    <Cell><Data ss:Type="String">DESCRIPTION</Data></Cell>
    <Cell><Data ss:Type="String">Esta unidade não pode ser afetada por Dano ou Efeitos de [damagewave/].</Data></Cell>
   </Row>
   <Row ss:AutoFitHeight="0">
    <Cell><Data ss:Type="String">ARC_IMMUNITY</Data></Cell>
    <Cell><Data ss:Type="String">STATUS_NAME</Data></Cell>
    <Cell><Data ss:Type="String">Imunidade a Efeito de Status de Arco</Data></Cell>
   </Row>
   <Row ss:AutoFitHeight="0" ss:Height="30">
    <Cell><Data ss:Type="String">ARC_IMMUNITY</Data></Cell>
    <Cell><Data ss:Type="String">STATUS_DESCRIPTION</Data></Cell>
    <Cell><Data ss:Type="String">Esta unidade não pode ser afetada por Efeitos de Status ou Perigos de [damagewave/].</Data></Cell>
   </Row>
   <Row ss:AutoFitHeight="0">
    <Cell><Data ss:Type="String">ENTROPY_IMMUNITY</Data></Cell>
    <Cell><Data ss:Type="String">NAME</Data></Cell>
    <Cell><Data ss:Type="String">Imunidade à Entropia</Data></Cell>
   </Row>
   <Row ss:AutoFitHeight="0" ss:Height="30">
    <Cell><Data ss:Type="String">ENTROPY_IMMUNITY</Data></Cell>
    <Cell><Data ss:Type="String">DESCRIPTION</Data></Cell>
    <Cell><Data ss:Type="String">Esta unidade não pode ser afetada por Dano ou Efeitos de [damageentropy/].</Data></Cell>
   </Row>
   <Row ss:AutoFitHeight="0">
    <Cell><Data ss:Type="String">ENTROPY_IMMUNITY</Data></Cell>
    <Cell><Data ss:Type="String">STATUS_NAME</Data></Cell>
    <Cell><Data ss:Type="String">Imunidade a Efeito de Status de Entropia</Data></Cell>
   </Row>
   <Row ss:AutoFitHeight="0" ss:Height="30">
    <Cell><Data ss:Type="String">ENTROPY_IMMUNITY</Data></Cell>
    <Cell><Data ss:Type="String">STATUS_DESCRIPTION</Data></Cell>
    <Cell><Data ss:Type="String">Esta unidade não pode ser afetada por Efeitos de Status ou Perigos de [damageentropy/].</Data></Cell>
   </Row>
   <Row ss:AutoFitHeight="0">
    <Cell><Data ss:Type="String">COMPLETE_IMMUNITY</Data></Cell>
    <Cell><Data ss:Type="String">NAME</Data></Cell>
    <Cell><Data ss:Type="String">Imunidade Completa</Data></Cell>
   </Row>
   <Row ss:AutoFitHeight="0" ss:Height="30">
    <Cell><Data ss:Type="String">COMPLETE_IMMUNITY</Data></Cell>
    <Cell><Data ss:Type="String">DESCRIPTION</Data></Cell>
    <Cell><Data ss:Type="String">Esta unidade não pode ser afetada por qualquer Dano, Efeitos de Status ou Perigos.</Data></Cell>
   </Row>
   <Row ss:AutoFitHeight="0">
    <Cell><Data ss:Type="String">DAMAGE_IMMUNITY</Data></Cell>
    <Cell><Data ss:Type="String">NAME</Data></Cell>
    <Cell><Data ss:Type="String">Imunidade a Dano</Data></Cell>
   </Row>
   <Row ss:AutoFitHeight="0">
    <Cell><Data ss:Type="String">DAMAGE_IMMUNITY</Data></Cell>
    <Cell><Data ss:Type="String">DESCRIPTION</Data></Cell>
    <Cell><Data ss:Type="String">Esta unidade não pode sofrer dano.</Data></Cell>
   </Row>
   <Row ss:AutoFitHeight="0">
    <Cell><Data ss:Type="String">STATUS_EFFECT_IMMUNITY</Data></Cell>
    <Cell><Data ss:Type="String">NAME</Data></Cell>
    <Cell><Data ss:Type="String">Imunidade a Efeito de Status</Data></Cell>
   </Row>
   <Row ss:AutoFitHeight="0">
    <Cell><Data ss:Type="String">STATUS_EFFECT_IMMUNITY</Data></Cell>
    <Cell><Data ss:Type="String">DESCRIPTION</Data></Cell>
    <Cell><Data ss:Type="String">Esta unidade não pode ser afetada por Efeitos de Status.</Data></Cell>
   </Row>
   <Row ss:AutoFitHeight="0">
    <Cell><Data ss:Type="String">DAMAGE_OVER_TIME_IMMUNITY</Data></Cell>
    <Cell><Data ss:Type="String">NAME</Data></Cell>
    <Cell><Data ss:Type="String">Efeito de Status: Imunidade a Dano ao Longo do Tempo</Data></Cell>
   </Row>
   <Row ss:AutoFitHeight="0">
    <Cell><Data ss:Type="String">DAMAGE_OVER_TIME_IMMUNITY</Data></Cell>
    <Cell><Data ss:Type="String">DESCRIPTION</Data></Cell>
    <Cell><Data ss:Type="String">Esta unidade não pode ser afetada por Efeitos de Status de Dano ao Longo do Tempo.</Data></Cell>
   </Row>
   <Row ss:AutoFitHeight="0">
    <Cell><Data ss:Type="String">LAND_MOVEMENT</Data></Cell>
    <Cell><Data ss:Type="String">NAME</Data></Cell>
    <Cell><Data ss:Type="String">Movimento Terrestre</Data></Cell>
   </Row>
   <Row ss:AutoFitHeight="0">
    <Cell><Data ss:Type="String">LAND_MOVEMENT</Data></Cell>
    <Cell><Data ss:Type="String">DESCRIPTION</Data></Cell>
    <Cell><Data ss:Type="String">Esta unidade pode se mover por hexágonos terrestres.</Data></Cell>
   </Row>
   <Row ss:AutoFitHeight="0">
    <Cell><Data ss:Type="String">WATER_MOVEMENT</Data></Cell>
    <Cell><Data ss:Type="String">NAME</Data></Cell>
    <Cell><Data ss:Type="String">Movimento Aquático</Data></Cell>
   </Row>
   <Row ss:AutoFitHeight="0">
    <Cell><Data ss:Type="String">WATER_MOVEMENT</Data></Cell>
    <Cell><Data ss:Type="String">DESCRIPTION</Data></Cell>
    <Cell><Data ss:Type="String">Esta unidade só pode se mover em hexágonos aquáticos.</Data></Cell>
   </Row>
   <Row ss:AutoFitHeight="0">
    <Cell><Data ss:Type="String">EXPEDITED_MOVEMENT</Data></Cell>
    <Cell><Data ss:Type="String">NAME</Data></Cell>
    <Cell><Data ss:Type="String">Movimento Acelerado (Universal)</Data></Cell>
   </Row>
   <Row ss:AutoFitHeight="0">
    <Cell><Data ss:Type="String">EXPEDITED_MOVEMENT</Data></Cell>
    <Cell><Data ss:Type="String">DESCRIPTION</Data></Cell>
    <Cell><Data ss:Type="String">Esta unidade tem movimento aumentado em todos os tipos de terreno.</Data></Cell>
   </Row>
   <Row ss:AutoFitHeight="0" ss:Height="30">
    <Cell><Data ss:Type="String">EXPEDITED_MOVEMENT_FLATTERRAIN</Data></Cell>
    <Cell><Data ss:Type="String">NAME</Data></Cell>
    <Cell><Data ss:Type="String">Movimento Acelerado (Terreno Plano)</Data></Cell>
   </Row>
   <Row ss:AutoFitHeight="0" ss:Height="30">
    <Cell><Data ss:Type="String">EXPEDITED_MOVEMENT_FLATTERRAIN</Data></Cell>
    <Cell><Data ss:Type="String">DESCRIPTION</Data></Cell>
    <Cell><Data ss:Type="String">Esta unidade tem movimento aumentado em Estradas, Planícies e terreno Vulcânico.</Data></Cell>
   </Row>
   <Row ss:AutoFitHeight="0">
    <Cell><Data ss:Type="String">EXPEDITED_MOVEMENT_FOREST</Data></Cell>
    <Cell><Data ss:Type="String">NAME</Data></Cell>
    <Cell><Data ss:Type="String">Movimento Acelerado (Floresta)</Data></Cell>
   </Row>
   <Row ss:AutoFitHeight="0">
    <Cell><Data ss:Type="String">EXPEDITED_MOVEMENT_FOREST</Data></Cell>
    <Cell><Data ss:Type="String">DESCRIPTION</Data></Cell>
    <Cell><Data ss:Type="String">Esta unidade tem movimento aumentado em terreno de Floresta.</Data></Cell>
   </Row>
   <Row ss:AutoFitHeight="0">
    <Cell><Data ss:Type="String">EXPEDITED_MOVEMENT_HILL</Data></Cell>
    <Cell><Data ss:Type="String">NAME</Data></Cell>
    <Cell><Data ss:Type="String">Movimento Acelerado (Colina)</Data></Cell>
   </Row>
   <Row ss:AutoFitHeight="0">
    <Cell><Data ss:Type="String">EXPEDITED_MOVEMENT_HILL</Data></Cell>
    <Cell><Data ss:Type="String">DESCRIPTION</Data></Cell>
    <Cell><Data ss:Type="String">Esta unidade tem movimento aumentado em terreno de Colina.</Data></Cell>
   </Row>
   <Row ss:AutoFitHeight="0" ss:Height="30">
    <Cell><Data ss:Type="String">EXPEDITED_MOVEMENT_MOUNTAIN</Data></Cell>
    <Cell><Data ss:Type="String">NAME</Data></Cell>
    <Cell><Data ss:Type="String">Movimento Acelerado (Montanha)</Data></Cell>
   </Row>
   <Row ss:AutoFitHeight="0" ss:Height="30">
    <Cell><Data ss:Type="String">EXPEDITED_MOVEMENT_MOUNTAIN</Data></Cell>
    <Cell><Data ss:Type="String">DESCRIPTION</Data></Cell>
    <Cell><Data ss:Type="String">Esta unidade tem movimento aumentado em terreno de Montanha.</Data></Cell>
   </Row>
   <Row ss:AutoFitHeight="0">
    <Cell><Data ss:Type="String">EXPEDITED_MOVEMENT_PLAINS</Data></Cell>
    <Cell><Data ss:Type="String">NAME</Data></Cell>
    <Cell><Data ss:Type="String">Movimento Acelerado (Planícies Férteis)</Data></Cell>
   </Row>
   <Row ss:AutoFitHeight="0">
    <Cell><Data ss:Type="String">EXPEDITED_MOVEMENT_PLAINS</Data></Cell>
    <Cell><Data ss:Type="String">DESCRIPTION</Data></Cell>
    <Cell><Data ss:Type="String">Esta unidade tem movimento aumentado em terreno de Planícies Férteis.</Data></Cell>
   </Row>
   <Row ss:AutoFitHeight="0">
    <Cell><Data ss:Type="String">EXPEDITED_MOVEMENT_ROCKY</Data></Cell>
    <Cell><Data ss:Type="String">NAME</Data></Cell>
    <Cell><Data ss:Type="String">Movimento Acelerado (Rochoso)</Data></Cell>
   </Row>
   <Row ss:AutoFitHeight="0">
    <Cell><Data ss:Type="String">EXPEDITED_MOVEMENT_ROCKY</Data></Cell>
    <Cell><Data ss:Type="String">DESCRIPTION</Data></Cell>
    <Cell><Data ss:Type="String">Esta unidade tem movimento aumentado em terreno Rochoso.</Data></Cell>
   </Row>
   <Row ss:AutoFitHeight="0">
    <Cell><Data ss:Type="String">EXPEDITED_MOVEMENT_SWAMP</Data></Cell>
    <Cell><Data ss:Type="String">NAME</Data></Cell>
    <Cell><Data ss:Type="String">Movimento Acelerado (Pântanos)</Data></Cell>
   </Row>
   <Row ss:AutoFitHeight="0">
    <Cell><Data ss:Type="String">EXPEDITED_MOVEMENT_SWAMP</Data></Cell>
    <Cell><Data ss:Type="String">DESCRIPTION</Data></Cell>
    <Cell><Data ss:Type="String">Esta unidade tem movimento aumentado em terreno de Pântanos.</Data></Cell>
   </Row>
   <Row ss:AutoFitHeight="0">
    <Cell><Data ss:Type="String">EXPEDITED_MOVEMENT_RUINS</Data></Cell>
    <Cell><Data ss:Type="String">NAME</Data></Cell>
    <Cell><Data ss:Type="String">Movimento Acelerado (Ruínas)</Data></Cell>
   </Row>
   <Row ss:AutoFitHeight="0">
    <Cell><Data ss:Type="String">EXPEDITED_MOVEMENT_RUINS</Data></Cell>
    <Cell><Data ss:Type="String">DESCRIPTION</Data></Cell>
    <Cell><Data ss:Type="String">Esta unidade tem movimento aumentado em terreno de Ruínas.</Data></Cell>
   </Row>
   <Row ss:AutoFitHeight="0">
    <Cell><Data ss:Type="String">RIVER_CROSSING</Data></Cell>
    <Cell><Data ss:Type="String">NAME</Data></Cell>
    <Cell><Data ss:Type="String">Perícia em Travessia de Rios</Data></Cell>
   </Row>
   <Row ss:AutoFitHeight="0" ss:Height="30">
    <Cell><Data ss:Type="String">RIVER_CROSSING</Data></Cell>
    <Cell><Data ss:Type="String">DESCRIPTION</Data></Cell>
    <Cell><Data ss:Type="String">Esta unidade foi treinada para atravessar rios, fazendo isso com um custo de pontos de movimento muito reduzido.</Data></Cell>
   </Row>
   <Row ss:AutoFitHeight="0" ss:Height="30">
    <Cell><Data ss:Type="String">RIVER_CROSSING</Data></Cell>
    <Cell><Data ss:Type="String">SKILL_DESCRIPTION</Data></Cell>
    <Cell><Data ss:Type="String">Todas as suas unidades ganham [abilityblue]Perícia em Travessia de Rios[/abilityblue], permitindo que atravessem rios gastando menos pontos de movimento.</Data></Cell>
   </Row>
   <Row ss:AutoFitHeight="0">
    <Cell><Data ss:Type="String">GARRISON</Data></Cell>
    <Cell><Data ss:Type="String">NAME</Data></Cell>
    <Cell><Data ss:Type="String">Milícia da Colônia</Data></Cell>
   </Row>
   <Row ss:AutoFitHeight="0">
    <Cell><Data ss:Type="String">GARRISON</Data></Cell>
    <Cell><Data ss:Type="String">DESCRIPTION</Data></Cell>
    <Cell><Data ss:Type="String">Esta unidade faz parte de uma Milícia da Colônia.</Data></Cell>
   </Row>
   <Row ss:Index="115" ss:AutoFitHeight="0">
    <Cell><Data ss:Type="String">FLYING</Data></Cell>
    <Cell><Data ss:Type="String">NAME</Data></Cell>
    <Cell><Data ss:Type="String">Voando</Data></Cell>
   </Row>
   <Row ss:AutoFitHeight="0" ss:Height="30">
    <Cell><Data ss:Type="String">FLYING</Data></Cell>
    <Cell><Data ss:Type="String">DESCRIPTION</Data></Cell>
    <Cell><Data ss:Type="String">Esta unidade está Voando e é {flyingPenalty} mais difícil de acertar com a maioria das armas.</Data></Cell>
   </Row>
   <Row ss:AutoFitHeight="0">
    <Cell><Data ss:Type="String">ALLROUND_AWARENESS</Data></Cell>
    <Cell><Data ss:Type="String">NAME</Data></Cell>
    <Cell><Data ss:Type="String">Consciência Total</Data></Cell>
   </Row>
   <Row ss:AutoFitHeight="0">
    <Cell><Data ss:Type="String">ALLROUND_AWARENESS</Data></Cell>
    <Cell><Data ss:Type="String">DESCRIPTION</Data></Cell>
    <Cell><Data ss:Type="String">Esta unidade não pode ser Flanqueada.</Data></Cell>
   </Row>
   <Row ss:AutoFitHeight="0">
    <Cell><Data ss:Type="String">FARSIGHT</Data></Cell>
    <Cell><Data ss:Type="String">NAME</Data></Cell>
    <Cell><Data ss:Type="String">Visão Avançada</Data></Cell>
   </Row>
   <Row ss:AutoFitHeight="0">
    <Cell><Data ss:Type="String">FARSIGHT</Data></Cell>
    <Cell><Data ss:Type="String">DESCRIPTION</Data></Cell>
    <Cell><Data ss:Type="String">A unidade tem alcance de visão de {farsightVisionBonus}.</Data></Cell>
   </Row>
   <Row ss:Index="122" ss:AutoFitHeight="0">
    <Cell><Data ss:Type="String">DEFENSE_MODE</Data></Cell>
    <Cell><Data ss:Type="String">NAME</Data></Cell>
    <Cell><Data ss:Type="String">Modo Defensivo</Data></Cell>
   </Row>
   <Row ss:AutoFitHeight="0" ss:Height="60">
    <Cell><Data ss:Type="String">DEFENSE_MODE</Data></Cell>
    <Cell><Data ss:Type="String">DESCRIPTION</Data></Cell>
    <Cell><Data ss:Type="String">Esta unidade termina seu turno e entra em modo defensivo. Fica {DefensiveAccuracyTarget} mais difícil de acertar e não pode ser flanqueada.[br/]Se esta unidade for atordoada, o modo defensivo é cancelado.</Data></Cell>
   </Row>
   <Row ss:AutoFitHeight="0">
    <Cell><Data ss:Type="String">DEFENSE_MODE_EVASION</Data></Cell>
    <Cell><Data ss:Type="String">NAME</Data></Cell>
    <Cell><Data ss:Type="String">Modo Defensivo: Esquiva</Data></Cell>
   </Row>
   <Row ss:AutoFitHeight="0" ss:Height="60">
    <Cell><Data ss:Type="String">DEFENSE_MODE_EVASION</Data></Cell>
    <Cell><Data ss:Type="String">DESCRIPTION</Data></Cell>
    <Cell><Data ss:Type="String">Esta unidade termina seu turno e entra em modo defensivo. Fica {DefensiveAccuracyTarget} mais difícil de acertar e não pode ser flanqueada.[br/]Se esta unidade for atordoada, o modo defensivo é cancelado.</Data></Cell>
   </Row>
   <Row ss:AutoFitHeight="0" ss:Height="30">
    <Cell><Data ss:Type="String">DEFENSE_MODE_EVASION</Data></Cell>
    <Cell><Data ss:Type="String">MODIFIER_DESCRIPTION</Data></Cell>
    <Cell><Data ss:Type="String">Esta unidade esquiva ataques recebidos e fica {EvadeHitPenalty} mais difícil de acertar.</Data></Cell>
   </Row>
   <Row ss:AutoFitHeight="0">
    <Cell><Data ss:Type="String">DEFENSE_MODE_SHIELDS_UP</Data></Cell>
    <Cell><Data ss:Type="String">NAME</Data></Cell>
    <Cell><Data ss:Type="String">Modo Defensivo: Escudos Ativados</Data></Cell>
   </Row>
   <Row ss:AutoFitHeight="0" ss:Height="60">
    <Cell><Data ss:Type="String">DEFENSE_MODE_SHIELDS_UP</Data></Cell>
    <Cell><Data ss:Type="String">DESCRIPTION</Data></Cell>
    <Cell><Data ss:Type="String">Esta unidade termina seu turno e entra em modo defensivo. Ganha {DefensiveShields}, fica {DefensiveAccuracyTarget} mais difícil de acertar e não pode ser flanqueada.[br/]Se esta unidade for atordoada, o modo defensivo é cancelado.</Data></Cell>
   </Row>
   <Row ss:AutoFitHeight="0">
    <Cell><Data ss:Type="String">DEFENSE_MODE_HYPER_ARMOR</Data></Cell>
    <Cell><Data ss:Type="String">NAME</Data></Cell>
    <Cell><Data ss:Type="String">Modo Defensivo: Hiper Armadura</Data></Cell>
   </Row>
   <Row ss:AutoFitHeight="0" ss:Height="60">
    <Cell><Data ss:Type="String">DEFENSE_MODE_HYPER_ARMOR</Data></Cell>
    <Cell><Data ss:Type="String">DESCRIPTION</Data></Cell>
    <Cell><Data ss:Type="String">Esta unidade termina seu turno e entra em modo defensivo. Ganha {DefensiveArmor}, fica {DefensiveAccuracyTarget} mais difícil de acertar e não pode ser flanqueada.[br/]Se esta unidade for atordoada, o modo defensivo é cancelado.</Data></Cell>
   </Row>
   <Row ss:AutoFitHeight="0">
    <Cell><Data ss:Type="String">DEFENSE_MODE_REGENERATION</Data></Cell>
    <Cell><Data ss:Type="String">NAME</Data></Cell>
    <Cell><Data ss:Type="String">Modo Defensivo: Regeneração</Data></Cell>
   </Row>
   <Row ss:AutoFitHeight="0" ss:Height="75">
    <Cell><Data ss:Type="String">DEFENSE_MODE_REGENERATION</Data></Cell>
    <Cell><Data ss:Type="String">DESCRIPTION</Data></Cell>
    <Cell><Data ss:Type="String">Esta unidade termina seu turno e entra em modo defensivo. Regenera {DefensiveRegeneration}, fica {DefensiveAccuracyTarget} mais difícil de acertar e não pode ser flanqueada.[br/]Se esta unidade for atordoada, o modo defensivo é cancelado.</Data></Cell>
   </Row>
   <Row ss:AutoFitHeight="0">
    <Cell><Data ss:Type="String">DEFENSE_MODE_PSITEC_SHIELD</Data></Cell>
    <Cell><Data ss:Type="String">NAME</Data></Cell>
    <Cell><Data ss:Type="String">Modo Defensivo: Escudo PsiTec</Data></Cell>
   </Row>
   <Row ss:AutoFitHeight="0" ss:Height="75">
    <Cell><Data ss:Type="String">DEFENSE_MODE_PSITEC_SHIELD</Data></Cell>
    <Cell><Data ss:Type="String">DESCRIPTION</Data></Cell>
    <Cell><Data ss:Type="String">Esta unidade encerra seu turno e entra em modo defensivo. Concede a si mesma e a aliados adjacentes {DefenseModePsiTecShieldDefense}. Também se torna {DefensiveAccuracyTarget} mais difícil de acertar e não pode ser flanqueada.[br/]Se esta unidade for atordoada, o modo defensivo é cancelado.[br/][br/][titleBrown]Isso dispara um Buff Psiónico quando o turno da unidade termina[/titleBrown]</Data></Cell>
   </Row>
   <Row ss:AutoFitHeight="0">
    <Cell><Data ss:Type="String">DEFENSE_MODE_MIRAGE_FIELD</Data></Cell>
    <Cell><Data ss:Type="String">NAME</Data></Cell>
    <Cell><Data ss:Type="String">Modo Defensivo: Campo de Miragem</Data></Cell>
   </Row>
   <Row ss:AutoFitHeight="0" ss:Height="90">
    <Cell><Data ss:Type="String">DEFENSE_MODE_MIRAGE_FIELD</Data></Cell>
    <Cell><Data ss:Type="String">DESCRIPTION</Data></Cell>
    <Cell><Data ss:Type="String">Esta unidade encerra seu turno e entra em modo defensivo. Concede [abilityblue]Obscurecido[/abilityblue] a todas as unidades em um raio de 1 hexágono abaixo dela. Esta unidade também se torna {DefensiveAccuracyTarget} mais difícil de acertar, ganha [abilityBlue]Resistência a Atordoamento[/abilityBlue] e não pode ser flanqueada.[br/] Se esta unidade for atordoada, o modo defensivo é cancelado.[br/][br/][titleBrown]Isso dispara um Buff Psiónico quando o turno da unidade termina[/titleBrown]</Data></Cell>
   </Row>
   <Row ss:AutoFitHeight="0">
    <Cell><Data ss:Type="String">DEFENSE_MODE_SUBMERGE</Data></Cell>
    <Cell><Data ss:Type="String">NAME</Data></Cell>
    <Cell><Data ss:Type="String">Modo Defensivo: Submersão</Data></Cell>
   </Row>
   <Row ss:AutoFitHeight="0" ss:Height="60">
    <Cell><Data ss:Type="String">DEFENSE_MODE_SUBMERGE</Data></Cell>
    <Cell><Data ss:Type="String">DESCRIPTION</Data></Cell>
    <Cell><Data ss:Type="String">Esta unidade encerra seu turno e entra em modo defensivo. Torna-se {SubmergeHitChance} mais difícil de acertar, recupera {SubmergeRegen} e não pode ser flanqueada.[br/]Se esta unidade for atordoada, o modo defensivo é cancelado.</Data></Cell>
   </Row>
   <Row ss:AutoFitHeight="0">
    <Cell><Data ss:Type="String">SHIELDED</Data></Cell>
    <Cell><Data ss:Type="String">PROPERTY_NAME</Data></Cell>
    <Cell><Data ss:Type="String">Blindado</Data></Cell>
   </Row>
   <Row ss:AutoFitHeight="0" ss:Height="30">
    <Cell><Data ss:Type="String">SHIELDED</Data></Cell>
    <Cell><Data ss:Type="String">PROPERTY_DESCRIPTION</Data></Cell>
    <Cell><Data ss:Type="String">Esta unidade possui {ShieldedDefense}.</Data></Cell>
   </Row>
   <Row ss:Index="142" ss:AutoFitHeight="0">
    <Cell><Data ss:Type="String">MEDUSA_REQUISITE</Data></Cell>
    <Cell><Data ss:Type="String">NAME</Data></Cell>
    <Cell><Data ss:Type="String">Medusa</Data></Cell>
   </Row>
   <Row ss:Index="144" ss:AutoFitHeight="0">
    <Cell><Data ss:Type="String">LARGE_TARGET</Data></Cell>
    <Cell><Data ss:Type="String">NAME</Data></Cell>
    <Cell><Data ss:Type="String">Alvo Grande</Data></Cell>
   </Row>
   <Row ss:AutoFitHeight="0" ss:Height="45">
    <Cell><Data ss:Type="String">LARGE_TARGET</Data></Cell>
    <Cell><Data ss:Type="String">DESCRIPTION</Data></Cell>
    <Cell><Data ss:Type="String">Esta unidade é {largeTargetPenalty} mais fácil de acertar com ataques à distância e não pode usar cobertura. Pode ser usada como cobertura por outras unidades.</Data></Cell>
   </Row>
   <Row ss:AutoFitHeight="0">
    <Cell><Data ss:Type="String">SMALL_TARGET</Data></Cell>
    <Cell><Data ss:Type="String">NAME</Data></Cell>
    <Cell><Data ss:Type="String">Alvo Pequeno</Data></Cell>
   </Row>
   <Row ss:AutoFitHeight="0">
    <Cell><Data ss:Type="String">SMALL_TARGET</Data></Cell>
    <Cell><Data ss:Type="String">DESCRIPTION</Data></Cell>
    <Cell><Data ss:Type="String">Esta unidade é {SmallTargetAccuracy} mais difícil de acertar com ataques à distância.</Data></Cell>
   </Row>
   <Row ss:Index="149" ss:AutoFitHeight="0">
    <Cell><Data ss:Type="String">LIFE_DRAIN</Data></Cell>
    <Cell><Data ss:Type="String">NAME</Data></Cell>
    <Cell><Data ss:Type="String">Dreno de Vida</Data></Cell>
   </Row>
   <Row ss:AutoFitHeight="0" ss:Height="30">
    <Cell><Data ss:Type="String">LIFE_DRAIN</Data></Cell>
    <Cell><Data ss:Type="String">DESCRIPTION</Data></Cell>
    <Cell><Data ss:Type="String">Esta unidade se cura em {LifeAmount} sempre que causa dano com um ataque corpo a corpo. Funciona apenas em unidades Biológicas e Ciborgues.</Data></Cell>
   </Row>
   <Row ss:AutoFitHeight="0" ss:Height="30">
    <Cell><Data ss:Type="String">LIFE_DRAIN</Data></Cell>
    <Cell><Data ss:Type="String">MODIFIER_DESCRIPTION</Data></Cell>
    <Cell><Data ss:Type="String">Cura {LifeAmount} ao atacar unidades Biológicas ou Ciborgues.</Data></Cell>
   </Row>
   <Row ss:Index="154" ss:AutoFitHeight="0">
    <Cell><Data ss:Type="String">REINFORCEMENT</Data></Cell>
    <Cell><Data ss:Type="String">NAME</Data></Cell>
    <Cell><Data ss:Type="String">Reforço</Data></Cell>
   </Row>
   <Row ss:AutoFitHeight="0">
    <Cell><Data ss:Type="String">REINFORCEMENT</Data></Cell>
    <Cell><Data ss:Type="String">DESCRIPTION</Data></Cell>
    <Cell><Data ss:Type="String">Esta unidade desaparecerá ao final do combate.</Data></Cell>
   </Row>
   <Row ss:Index="157" ss:AutoFitHeight="0">
    <Cell><Data ss:Type="String">RAPID_EVOLUTION</Data></Cell>
    <Cell><Data ss:Type="String">NAME</Data></Cell>
    <Cell><Data ss:Type="String">Evolução Rápida</Data></Cell>
   </Row>
   <Row ss:AutoFitHeight="0" ss:Height="30">
    <Cell><Data ss:Type="String">RAPID_EVOLUTION</Data></Cell>
    <Cell><Data ss:Type="String">DESCRIPTION</Data></Cell>
    <Cell><Data ss:Type="String">Esta unidade ganha {ExpIncrease} mais experiência ao vencer em combate.</Data></Cell>
    <Cell ss:Index="5"><Data ss:Type="String">float as in hovering above any type of terrain (ground and water)</Data></Cell>
   </Row>
   <Row ss:AutoFitHeight="0" ss:Height="60">
    <Cell ss:Index="6"><Data ss:Type="String">{levitationMovementCost}: 4 [moveWalk/]; {roadAndWaterFloatingMovementCost}: 3 [moveWalk/]; French added, other languages need update.</Data></Cell>
   </Row>
   <Row ss:AutoFitHeight="0">
    <Cell><Data ss:Type="String">LEADER</Data></Cell>
    <Cell><Data ss:Type="String">NAME</Data></Cell>
    <Cell><Data ss:Type="String">Comandante</Data></Cell>
   </Row>
   <Row ss:AutoFitHeight="0">
    <Cell><Data ss:Type="String">LEADER</Data></Cell>
    <Cell><Data ss:Type="String">DESCRIPTION</Data></Cell>
    <Cell><Data ss:Type="String">Este personagem é o Comandante de sua facção.</Data></Cell>
   </Row>
   <Row ss:AutoFitHeight="0">
    <Cell><Data ss:Type="String">FLOATING</Data></Cell>
    <Cell><Data ss:Type="String">NAME</Data></Cell>
    <Cell><Data ss:Type="String">Flutuante</Data></Cell>
   </Row>
   <Row ss:AutoFitHeight="0" ss:Height="45">
    <Cell><Data ss:Type="String">FLOATING</Data></Cell>
    <Cell><Data ss:Type="String">DESCRIPTION</Data></Cell>
    <Cell><Data ss:Type="String">Esta unidade é Flutuante, permitindo que atravesse qualquer tipo de terreno com custo de movimento de {floatingMovementCost}, exceto Montanhas, que custam {flyingMountainMovementCost}.</Data></Cell>
    <Cell ss:Index="5"><Data ss:Type="String">gold medal is the highest level a unit can get in-game. Units can gain levels by fighting and for each level they gain they become stronger.</Data></Cell>
    <Cell><Data ss:Type="String">When this unit reaches elite rank it evolves (at the end of tactical combat).</Data></Cell>
   </Row>
   <Row ss:AutoFitHeight="0">
    <Cell><Data ss:Type="String">PSIONICS_REQUISITE</Data></Cell>
    <Cell><Data ss:Type="String">NAME</Data></Cell>
    <Cell><Data ss:Type="String">Psiônico</Data></Cell>
   </Row>
   <Row ss:AutoFitHeight="0">
    <Cell><Data ss:Type="String">PSIONICS_REQUISITE</Data></Cell>
    <Cell><Data ss:Type="String">DESCRIPTION</Data></Cell>
    <Cell><Data ss:Type="String">Uma unidade com poderes psiônicos.</Data></Cell>
   </Row>
   <Row ss:AutoFitHeight="0">
    <Cell><Data ss:Type="String">METAMORPHOSIS</Data></Cell>
    <Cell><Data ss:Type="String">NAME</Data></Cell>
    <Cell><Data ss:Type="String">Metamorfose</Data></Cell>
   </Row>
   <Row ss:AutoFitHeight="0">
    <Cell><Data ss:Type="String">METAMORPHOSIS</Data></Cell>
    <Cell><Data ss:Type="String">DESCRIPTION</Data></Cell>
    <Cell><Data ss:Type="String">Esta unidade evolui ao atingir a Patente Prime.</Data></Cell>
   </Row>
   <Row ss:AutoFitHeight="0">
    <Cell><Data ss:Type="String">BOAT_REQUISITE</Data></Cell>
    <Cell><Data ss:Type="String">NAME</Data></Cell>
    <Cell><Data ss:Type="String">Nave</Data></Cell>
   </Row>
   <Row ss:AutoFitHeight="0">
    <Cell><Data ss:Type="String">BOAT_REQUISITE</Data></Cell>
    <Cell><Data ss:Type="String">DESCRIPTION</Data></Cell>
    <Cell><Data ss:Type="String">Uma nave padrão para combate naval.</Data></Cell>
   </Row>
   <Row ss:AutoFitHeight="0">
    <Cell><Data ss:Type="String">AMPHIBIOUS_REQUISITE</Data></Cell>
    <Cell><Data ss:Type="String">NAME</Data></Cell>
    <Cell><Data ss:Type="String">Anfíbio</Data></Cell>
   </Row>
   <Row ss:AutoFitHeight="0" ss:Height="60">
    <Cell><Data ss:Type="String">AMPHIBIOUS_REQUISITE</Data></Cell>
    <Cell><Data ss:Type="String">DESCRIPTION</Data></Cell>
    <Cell><Data ss:Type="String">Esta unidade pode se mover sobre hexágonos de terra e água.[br/]Quando na água, a unidade é Imune a [abilityred]Queimação[/abilityred] e [abilityred]Imolação[/abilityred] devido à sua capacidade de submergir.</Data></Cell>
   </Row>
   <Row ss:AutoFitHeight="0">
    <Cell><Data ss:Type="String">PLANT_ROOTS</Data></Cell>
    <Cell><Data ss:Type="String">NAME</Data></Cell>
    <Cell><Data ss:Type="String">Modo Defensivo: Enraizar</Data></Cell>
   </Row>
   <Row ss:AutoFitHeight="0">
    <Cell><Data ss:Type="String">PLANT_ROOTS_IMPROVED</Data></Cell>
    <Cell><Data ss:Type="String">NAME</Data></Cell>
    <Cell><Data ss:Type="String">Modo Defensivo: Enraizar (Aprimorado)</Data></Cell>
   </Row>
   <Row ss:AutoFitHeight="0" ss:Height="79.5">
    <Cell><Data ss:Type="String">PLANT_ROOTS</Data></Cell>
    <Cell><Data ss:Type="String">DESCRIPTION</Data></Cell>
    <Cell><Data ss:Type="String">Esta unidade encerra seu turno e entra em modo defensivo. Ela finca raízes no solo, recuperando {healAmount}[hp/], ganhando +{ArmorAmount}[armor/] e se tornando [abilityblue]Imune a Atordoamento[/abilityblue] e {DefensiveAccuracyTarget} mais difícil de acertar até o próximo turno.</Data></Cell>
   </Row>
   <Row ss:AutoFitHeight="0">
    <Cell><Data ss:Type="String">DETECTION</Data></Cell>
    <Cell><Data ss:Type="String">NAME</Data></Cell>
    <Cell><Data ss:Type="String">Detecção</Data></Cell>
   </Row>
   <Row ss:AutoFitHeight="0">
    <Cell><Data ss:Type="String">DETECTION</Data></Cell>
    <Cell><Data ss:Type="String">DESCRIPTION</Data></Cell>
    <Cell><Data ss:Type="String">Esta unidade pode ver unidades ocultas dentro de seu alcance de visão.</Data></Cell>
   </Row>
   <Row ss:AutoFitHeight="0">
    <Cell><Data ss:Type="String">REGENERATION</Data></Cell>
    <Cell><Data ss:Type="String">NAME</Data></Cell>
    <Cell><Data ss:Type="String">Regeneração</Data></Cell>
   </Row>
   <Row ss:AutoFitHeight="0" ss:Height="45">
    <Cell><Data ss:Type="String">REGENERATION</Data></Cell>
    <Cell><Data ss:Type="String">DESCRIPTION</Data></Cell>
    <Cell><Data ss:Type="String">Esta unidade regenera {RegenAmount}[hp/] a cada turno tático. Esta unidade regenera todos os seus [hp/] a cada turno estratégico.</Data></Cell>
   </Row>
   <Row ss:AutoFitHeight="0">
    <Cell><Data ss:Type="String">RAGE</Data></Cell>
    <Cell><Data ss:Type="String">NAME</Data></Cell>
    <Cell><Data ss:Type="String">Fúria Sanguinária</Data></Cell>
   </Row>
   <Row ss:AutoFitHeight="0" ss:Height="45">
    <Cell><Data ss:Type="String">RAGE</Data></Cell>
    <Cell><Data ss:Type="String">DESCRIPTION</Data></Cell>
    <Cell><Data ss:Type="String">A unidade é tomada pela fúria, causando {RageDamageI} de Dano e regenerando {RageHP}[hp/] por turno para cada pilha de Fúria.</Data></Cell>
   </Row>
   <Row ss:Index="182" ss:AutoFitHeight="0">
    <Cell><Data ss:Type="String">RAGE_INDUCER</Data></Cell>
    <Cell><Data ss:Type="String">NAME</Data></Cell>
    <Cell><Data ss:Type="String">Indutores de Fúria Sangrenta</Data></Cell>
   </Row>
   <Row ss:AutoFitHeight="0" ss:Height="60">
    <Cell><Data ss:Type="String">RAGE_INDUCER</Data></Cell>
    <Cell><Data ss:Type="String">DESCRIPTION</Data></Cell>
    <Cell><Data ss:Type="String">Quando uma unidade Biológica, Ciborgue ou Arboriana morre em batalha, esta unidade recebe uma pilha de [abilityblue]Fúria Sangrenta[/abilityblue], aumentando o dano em {RageDamage} e regenerando {RageHP}[hp/] por pilha. Até {RageStacks} pilhas.</Data></Cell>
   </Row>
   <Row ss:Index="185" ss:AutoFitHeight="0">
    <Cell><Data ss:Type="String">LAVA_WALKING</Data></Cell>
    <Cell><Data ss:Type="String">NAME</Data></Cell>
    <Cell><Data ss:Type="String">Caminhar sobre Lava</Data></Cell>
   </Row>
   <Row ss:AutoFitHeight="0">
    <Cell><Data ss:Type="String">LAVA_WALKING</Data></Cell>
    <Cell><Data ss:Type="String">DESCRIPTION</Data></Cell>
    <Cell><Data ss:Type="String">A unidade é capaz de caminhar sobre lava.</Data></Cell>
   </Row>
   <Row ss:AutoFitHeight="0">
    <Cell><Data ss:Type="String">UNIT_CORE</Data></Cell>
    <Cell><Data ss:Type="String">NAME</Data></Cell>
    <Cell><Data ss:Type="String">Núcleo</Data></Cell>
   </Row>
   <Row ss:AutoFitHeight="0">
    <Cell><Data ss:Type="String">UNIT_CORE</Data></Cell>
    <Cell><Data ss:Type="String">DESCRIPTION</Data></Cell>
    <Cell><Data ss:Type="String">Uma unidade básica.</Data></Cell>
   </Row>
   <Row ss:AutoFitHeight="0">
    <Cell><Data ss:Type="String">UNIT_SKIRMISHER</Data></Cell>
    <Cell><Data ss:Type="String">NAME</Data></Cell>
    <Cell><Data ss:Type="String">Atirador</Data></Cell>
   </Row>
   <Row ss:AutoFitHeight="0">
    <Cell><Data ss:Type="String">UNIT_SKIRMISHER</Data></Cell>
    <Cell><Data ss:Type="String">DESCRIPTION</Data></Cell>
    <Cell><Data ss:Type="String">Unidade ofensiva.</Data></Cell>
   </Row>
   <Row ss:AutoFitHeight="0">
    <Cell><Data ss:Type="String">UNIT_SPECIALIST</Data></Cell>
    <Cell><Data ss:Type="String">NAME</Data></Cell>
    <Cell><Data ss:Type="String">Especialista</Data></Cell>
   </Row>
   <Row ss:AutoFitHeight="0">
    <Cell><Data ss:Type="String">UNIT_SPECIALIST</Data></Cell>
    <Cell><Data ss:Type="String">DESCRIPTION</Data></Cell>
    <Cell><Data ss:Type="String">Unidade especializada.</Data></Cell>
   </Row>
   <Row ss:AutoFitHeight="0">
    <Cell><Data ss:Type="String">UNIT_ELITE</Data></Cell>
    <Cell><Data ss:Type="String">NAME</Data></Cell>
    <Cell><Data ss:Type="String">Elite</Data></Cell>
   </Row>
   <Row ss:AutoFitHeight="0">
    <Cell><Data ss:Type="String">UNIT_ELITE</Data></Cell>
    <Cell><Data ss:Type="String">DESCRIPTION</Data></Cell>
    <Cell><Data ss:Type="String">Unidade de elite.</Data></Cell>
   </Row>
   <Row ss:Index="196" ss:AutoFitHeight="0">
    <Cell><Data ss:Type="String">FOREST_AFFINITY</Data></Cell>
    <Cell><Data ss:Type="String">NAME</Data></Cell>
    <Cell><Data ss:Type="String">Afinidade com Florestas</Data></Cell>
   </Row>
   <Row ss:AutoFitHeight="0" ss:Height="30">
    <Cell><Data ss:Type="String">FOREST_AFFINITY</Data></Cell>
    <Cell><Data ss:Type="String">DESCRIPTION</Data></Cell>
    <Cell><Data ss:Type="String">A unidade ganha +{MoraleBonus}[happiness/] de Moral ao lutar em Hexes de Floresta.</Data></Cell>
   </Row>
   <Row ss:Index="199" ss:AutoFitHeight="0">
    <Cell><Data ss:Type="String">FRIENDLY_TERRITORY</Data></Cell>
    <Cell><Data ss:Type="String">NAME</Data></Cell>
    <Cell><Data ss:Type="String">Território Aliado</Data></Cell>
   </Row>
   <Row ss:AutoFitHeight="0" ss:Height="30">
    <Cell><Data ss:Type="String">FRIENDLY_TERRITORY</Data></Cell>
    <Cell><Data ss:Type="String">DESCRIPTION</Data></Cell>
    <Cell><Data ss:Type="String">A regeneração da unidade é aumentada em {healing} por turno enquanto estiver em território aliado.</Data></Cell>
   </Row>
   <Row ss:AutoFitHeight="0">
    <Cell><Data ss:Type="String">HEALING_ASSEMBLY</Data></Cell>
    <Cell><Data ss:Type="String">NAME</Data></Cell>
    <Cell><Data ss:Type="String">Recuperar Peças Sobressalentes</Data></Cell>
   </Row>
   <Row ss:AutoFitHeight="0" ss:Height="30">
    <Cell><Data ss:Type="String">HEALING_ASSEMBLY</Data></Cell>
    <Cell><Data ss:Type="String">DESCRIPTION</Data></Cell>
    <Cell><Data ss:Type="String">A Assembly se restaura com peças retiradas de inimigos caídos, curando-os em {healing} após cada batalha.</Data></Cell>
   </Row>
   <Row ss:AutoFitHeight="0">
    <Cell><Data ss:Type="String">HEALING_KIRKO</Data></Cell>
    <Cell><Data ss:Type="String">NAME</Data></Cell>
    <Cell><Data ss:Type="String">Regeneração Estratégica</Data></Cell>
   </Row>
   <Row ss:AutoFitHeight="0" ss:Height="30">
    <Cell><Data ss:Type="String">HEALING_KIRKO</Data></Cell>
    <Cell><Data ss:Type="String">DESCRIPTION</Data></Cell>
    <Cell><Data ss:Type="String">Os Kir'Ko têm habilidade natural de cura, aumentando sua regeneração no Turno Estratégico em {healing}.</Data></Cell>
   </Row>
   <Row ss:Index="206" ss:AutoFitHeight="0">
    <Cell><Data ss:Type="String">TERRAIN_PREFERENCE_AMAZON</Data></Cell>
    <Cell><Data ss:Type="String">NAME</Data></Cell>
    <Cell><Data ss:Type="String">Terreno Favorecido - Arcadiano</Data></Cell>
   </Row>
   <Row ss:AutoFitHeight="0" ss:Height="45">
    <Cell><Data ss:Type="String">TERRAIN_PREFERENCE_AMAZON</Data></Cell>
    <Cell><Data ss:Type="String">DESCRIPTION</Data></Cell>
    <Cell><Data ss:Type="String">Devido à semelhança do clima arcadiano com o planeta natal das Amazons, todas as unidades das Amazons recebem {morale} ao lutar em terreno arcadiano.</Data></Cell>
   </Row>
   <Row ss:AutoFitHeight="0">
    <Cell><Data ss:Type="String">TERRAIN_PREFERENCE_VANGUARD</Data></Cell>
    <Cell><Data ss:Type="String">NAME</Data></Cell>
    <Cell><Data ss:Type="String">Terreno Favorecido - Arcadiano</Data></Cell>
   </Row>
   <Row ss:AutoFitHeight="0" ss:Height="45">
    <Cell><Data ss:Type="String">TERRAIN_PREFERENCE_VANGUARD</Data></Cell>
    <Cell><Data ss:Type="String">DESCRIPTION</Data></Cell>
    <Cell><Data ss:Type="String">Devido à semelhança do clima arcadiano com o planeta natal da Vanguard, todas as unidades da Vanguard recebem {morale} ao lutar em terreno arcadiano.</Data></Cell>
   </Row>
   <Row ss:AutoFitHeight="0">
    <Cell><Data ss:Type="String">TERRAIN_PREFERENCE_ASSEMBLY</Data></Cell>
    <Cell><Data ss:Type="String">NAME</Data></Cell>
    <Cell><Data ss:Type="String">Terreno Favorecido - Ártico</Data></Cell>
   </Row>
   <Row ss:AutoFitHeight="0" ss:Height="45">
    <Cell><Data ss:Type="String">TERRAIN_PREFERENCE_ASSEMBLY</Data></Cell>
    <Cell><Data ss:Type="String">DESCRIPTION</Data></Cell>
    <Cell><Data ss:Type="String">Devido à semelhança do clima ártico com o planeta natal da Assembly, todas as unidades da Assembly recebem {morale} ao lutar em terreno ártico.</Data></Cell>
   </Row>
   <Row ss:AutoFitHeight="0">
    <Cell><Data ss:Type="String">TERRAIN_PREFERENCE_DVAR</Data></Cell>
    <Cell><Data ss:Type="String">NAME</Data></Cell>
    <Cell><Data ss:Type="String">Terreno Favorecido - Árido</Data></Cell>
   </Row>
   <Row ss:AutoFitHeight="0" ss:Height="30">
    <Cell><Data ss:Type="String">TERRAIN_PREFERENCE_DVAR</Data></Cell>
    <Cell><Data ss:Type="String">DESCRIPTION</Data></Cell>
    <Cell><Data ss:Type="String">Devido à semelhança do clima árido com o planeta natal dos Dvar, todas as unidades Dvar recebem {morale} ao lutar em terreno árido.</Data></Cell>
   </Row>
   <Row ss:AutoFitHeight="0">
    <Cell><Data ss:Type="String">TERRAIN_PREFERENCE_SYNDICATE</Data></Cell>
    <Cell><Data ss:Type="String">NAME</Data></Cell>
    <Cell><Data ss:Type="String">Terreno Favorecido - Árido</Data></Cell>
   </Row>
   <Row ss:AutoFitHeight="0" ss:Height="45">
    <Cell><Data ss:Type="String">TERRAIN_PREFERENCE_SYNDICATE</Data></Cell>
    <Cell><Data ss:Type="String">DESCRIPTION</Data></Cell>
    <Cell><Data ss:Type="String">Devido à semelhança do clima árido com o planeta natal do Syndicate, todas as unidades do Syndicate recebem {morale} ao lutar em terreno árido.</Data></Cell>
   </Row>
   <Row ss:AutoFitHeight="0">
    <Cell><Data ss:Type="String">TERRAIN_PREFERENCE_KIRKO</Data></Cell>
    <Cell><Data ss:Type="String">NAME</Data></Cell>
    <Cell><Data ss:Type="String">Terreno Favorecido - Fúngico</Data></Cell>
   </Row>
   <Row ss:AutoFitHeight="0" ss:Height="30">
    <Cell><Data ss:Type="String">TERRAIN_PREFERENCE_KIRKO</Data></Cell>
    <Cell><Data ss:Type="String">DESCRIPTION</Data></Cell>
    <Cell><Data ss:Type="String">Devido à semelhança do clima fúngico com o planeta natal dos Kir'Ko, todas as unidades Kir'Ko recebem {morale} ao lutar em terreno fúngico.</Data></Cell>
   </Row>
   <Row ss:AutoFitHeight="0">
    <Cell><Data ss:Type="String">SHIELD_BYPASS</Data></Cell>
    <Cell><Data ss:Type="String">NAME</Data></Cell>
    <Cell><Data ss:Type="String">Ignorar Escudo</Data></Cell>
   </Row>
   <Row ss:AutoFitHeight="0">
    <Cell><Data ss:Type="String">SHIELD_BYPASS</Data></Cell>
    <Cell><Data ss:Type="String">DESCRIPTION_MOD</Data></Cell>
    <Cell><Data ss:Type="String">Ignora {ShieldBypass}</Data></Cell>
   </Row>
   <Row ss:AutoFitHeight="0">
    <Cell><Data ss:Type="String">DEFENSE_BYPASS</Data></Cell>
    <Cell><Data ss:Type="String">NAME</Data></Cell>
    <Cell><Data ss:Type="String">Ignorar Defesa</Data></Cell>
   </Row>
   <Row ss:AutoFitHeight="0">
    <Cell><Data ss:Type="String">DEFENSE_BYPASS</Data></Cell>
    <Cell><Data ss:Type="String">DESCRIPTION</Data></Cell>
    <Cell><Data ss:Type="String">Ignora {ArmorBypass} e {ShieldBypass}</Data></Cell>
   </Row>
   <Row ss:Index="223" ss:AutoFitHeight="0">
    <Cell><Data ss:Type="String">OFFENSIVE_MOD</Data></Cell>
    <Cell><Data ss:Type="String">NAME</Data></Cell>
    <Cell><Data ss:Type="String">Modificador Ofensivo</Data></Cell>
   </Row>
   <Row ss:AutoFitHeight="0" ss:Height="30">
    <Cell><Data ss:Type="String">OFFENSIVE_MOD</Data></Cell>
    <Cell><Data ss:Type="String">DESCRIPTION</Data></Cell>
    <Cell><Data ss:Type="String">Além disso, este modificador concede à unidade {OffensiveModDamage} dano aumentado em todas as habilidades.</Data></Cell>
   </Row>
   <Row ss:AutoFitHeight="0">
    <Cell><Data ss:Type="String">HEALTH_MOD</Data></Cell>
    <Cell><Data ss:Type="String">NAME</Data></Cell>
    <Cell><Data ss:Type="String">Modificador Defensivo - Pontos de Vida</Data></Cell>
   </Row>
   <Row ss:AutoFitHeight="0">
    <Cell><Data ss:Type="String">HEALTH_MOD</Data></Cell>
    <Cell><Data ss:Type="String">DESCRIPTION</Data></Cell>
    <Cell><Data ss:Type="String">Além disso, este modificador concede à unidade {HealthModDamage}.</Data></Cell>
   </Row>
   <Row ss:AutoFitHeight="0">
    <Cell><Data ss:Type="String">DEFENSE_MOD</Data></Cell>
    <Cell><Data ss:Type="String">NAME</Data></Cell>
    <Cell><Data ss:Type="String">Mod de Defesa - Armadura</Data></Cell>
   </Row>
   <Row ss:AutoFitHeight="0">
    <Cell><Data ss:Type="String">DEFENSE_MOD</Data></Cell>
    <Cell><Data ss:Type="String">DESCRIPTION</Data></Cell>
    <Cell><Data ss:Type="String">Além disso, este mod concede à unidade {ArmorModDamage}.</Data></Cell>
   </Row>
   <Row ss:AutoFitHeight="0">
    <Cell><Data ss:Type="String">SHIELD_MOD</Data></Cell>
    <Cell><Data ss:Type="String">NAME</Data></Cell>
    <Cell><Data ss:Type="String">Mod de Defesa - Escudos</Data></Cell>
   </Row>
   <Row ss:AutoFitHeight="0">
    <Cell><Data ss:Type="String">SHIELD_MOD</Data></Cell>
    <Cell><Data ss:Type="String">DESCRIPTION</Data></Cell>
    <Cell><Data ss:Type="String">Além disso, este mod concede à unidade {ShieldModDamage}.</Data></Cell>
   </Row>
   <Row ss:AutoFitHeight="0">
    <Cell><Data ss:Type="String">BLANK_DEFENSE_MOD</Data></Cell>
    <Cell><Data ss:Type="String">NAME</Data></Cell>
    <Cell><Data ss:Type="String">Mod de Defesa</Data></Cell>
   </Row>
   <Row ss:Index="233" ss:AutoFitHeight="0">
    <Cell><Data ss:Type="String">CRASH_DOWN</Data></Cell>
    <Cell><Data ss:Type="String">NAME</Data></Cell>
    <Cell><Data ss:Type="String">Queda Violenta</Data></Cell>
   </Row>
   <Row ss:AutoFitHeight="0" ss:Height="30">
    <Cell><Data ss:Type="String">CRASH_DOWN</Data></Cell>
    <Cell><Data ss:Type="String">DESCRIPTION</Data></Cell>
    <Cell><Data ss:Type="String">Ao ser destruída, esta unidade cairá sobre uma casa próxima, causando dano a tudo naquela casa.</Data></Cell>
   </Row>
   <Row ss:Index="236" ss:AutoFitHeight="0">
    <Cell><Data ss:Type="String">GOLD_RANK_OFFENSIVE_01</Data></Cell>
    <Cell><Data ss:Type="String">NAME</Data></Cell>
    <Cell><Data ss:Type="String">Patente Prime: Crítico</Data></Cell>
   </Row>
   <Row ss:AutoFitHeight="0" ss:Height="30">
    <Cell><Data ss:Type="String">GOLD_RANK_OFFENSIVE_01</Data></Cell>
    <Cell><Data ss:Type="String">DESCRIPTION</Data></Cell>
    <Cell><Data ss:Type="String">A experiência de combate desta unidade concede a ela {CritIncrease} de chance aumentada de acerto crítico.</Data></Cell>
   </Row>
   <Row ss:AutoFitHeight="0">
    <Cell><Data ss:Type="String">GOLD_RANK_OFFENSIVE_02</Data></Cell>
    <Cell><Data ss:Type="String">NAME</Data></Cell>
    <Cell><Data ss:Type="String">Patente Prime: Ignorar Cobertura</Data></Cell>
   </Row>
   <Row ss:AutoFitHeight="0" ss:Height="30">
    <Cell><Data ss:Type="String">GOLD_RANK_OFFENSIVE_02</Data></Cell>
    <Cell><Data ss:Type="String">DESCRIPTION</Data></Cell>
    <Cell><Data ss:Type="String">A experiência de combate desta unidade permite que ela ignore {LoSIgnore} da cobertura e penalidades de unidades no caminho com armas de longo alcance.</Data></Cell>
   </Row>
   <Row ss:AutoFitHeight="0">
    <Cell><Data ss:Type="String">GOLD_RANK_OFFENSIVE_03</Data></Cell>
    <Cell><Data ss:Type="String">NAME</Data></Cell>
    <Cell><Data ss:Type="String">Patente Prime: Alcance</Data></Cell>
   </Row>
   <Row ss:AutoFitHeight="0" ss:Height="30">
    <Cell><Data ss:Type="String">GOLD_RANK_OFFENSIVE_03</Data></Cell>
    <Cell><Data ss:Type="String">DESCRIPTION</Data></Cell>
    <Cell><Data ss:Type="String">A experiência de combate desta unidade aumenta o alcance de sua arma de longo alcance em {RangeIncrease}.</Data></Cell>
   </Row>
   <Row ss:AutoFitHeight="0">
    <Cell><Data ss:Type="String">GOLD_RANK_OFFENSIVE_04</Data></Cell>
    <Cell><Data ss:Type="String">NAME</Data></Cell>
    <Cell><Data ss:Type="String">Patente Prime: Vigilância Aprimorada</Data></Cell>
    <Cell ss:StyleID="s63"/>
   </Row>
   <Row ss:AutoFitHeight="0" ss:Height="30">
    <Cell><Data ss:Type="String">GOLD_RANK_OFFENSIVE_04</Data></Cell>
    <Cell><Data ss:Type="String">DESCRIPTION</Data></Cell>
    <Cell><Data ss:Type="String">A experiência de combate desta unidade concede a ela +{accuracyBonus}% de precisão ao usar vigilância.</Data></Cell>
   </Row>
   <Row ss:AutoFitHeight="0">
    <Cell><Data ss:Type="String">GOLD_RANK_DEFENSIVE_01</Data></Cell>
    <Cell><Data ss:Type="String">NAME</Data></Cell>
    <Cell><Data ss:Type="String">Patente Prime: Resistência</Data></Cell>
   </Row>
   <Row ss:AutoFitHeight="0" ss:Height="30">
    <Cell><Data ss:Type="String">GOLD_RANK_DEFENSIVE_01</Data></Cell>
    <Cell><Data ss:Type="String">DESCRIPTION</Data></Cell>
    <Cell><Data ss:Type="String">A experiência de combate desta unidade concede a ela {ShrugoffValue} de resistência contra todos os Efeitos de Status.</Data></Cell>
   </Row>
   <Row ss:AutoFitHeight="0">
    <Cell><Data ss:Type="String">GOLD_RANK_DEFENSIVE_02</Data></Cell>
    <Cell><Data ss:Type="String">NAME</Data></Cell>
    <Cell><Data ss:Type="String">Patente Prime: Evasiva</Data></Cell>
   </Row>
   <Row ss:AutoFitHeight="0" ss:Height="30">
    <Cell><Data ss:Type="String">GOLD_RANK_DEFENSIVE_02</Data></Cell>
    <Cell><Data ss:Type="String">DESCRIPTION</Data></Cell>
    <Cell><Data ss:Type="String">A experiência de combate desta unidade a torna {EvasionIncrease} mais difícil de acertar.</Data></Cell>
   </Row>
   <Row ss:AutoFitHeight="0">
    <Cell><Data ss:Type="String">GOLD_RANK_DEFENSIVE_03</Data></Cell>
    <Cell><Data ss:Type="String">NAME</Data></Cell>
    <Cell><Data ss:Type="String">Patente Prime: Firme</Data></Cell>
   </Row>
   <Row ss:AutoFitHeight="0" ss:Height="30">
    <Cell><Data ss:Type="String">GOLD_RANK_DEFENSIVE_03</Data></Cell>
    <Cell><Data ss:Type="String">DESCRIPTION</Data></Cell>
    <Cell><Data ss:Type="String">A experiência de combate desta unidade concede a ela um nível de Resistência a Atordoamento.</Data></Cell>
   </Row>
   <Row ss:Index="251" ss:AutoFitHeight="0">
    <Cell><Data ss:Type="String">GOLD_RANK_UTILITY_01</Data></Cell>
    <Cell><Data ss:Type="String">NAME</Data></Cell>
    <Cell><Data ss:Type="String">Patente Prime: Vigilância</Data></Cell>
   </Row>
   <Row ss:AutoFitHeight="0">
    <Cell><Data ss:Type="String">GOLD_RANK_UTILITY_01</Data></Cell>
    <Cell><Data ss:Type="String">DESCRIPTION</Data></Cell>
    <Cell><Data ss:Type="String">A experiência de combate desta unidade concede a ela Vigilância.</Data></Cell>
   </Row>
   <Row ss:AutoFitHeight="0">
    <Cell><Data ss:Type="String">GOLD_RANK_UTILITY_02</Data></Cell>
    <Cell><Data ss:Type="String">NAME</Data></Cell>
    <Cell><Data ss:Type="String">Patente Prime: Moral</Data></Cell>
   </Row>
   <Row ss:AutoFitHeight="0" ss:Height="30">
    <Cell><Data ss:Type="String">GOLD_RANK_UTILITY_02</Data></Cell>
    <Cell><Data ss:Type="String">DESCRIPTION</Data></Cell>
    <Cell><Data ss:Type="String">A experiência de combate desta unidade concede a ela {MoraleBoost} moral aumentada.</Data></Cell>
   </Row>
   <Row ss:AutoFitHeight="0">
    <Cell><Data ss:Type="String">GOLD_RANK_UTILITY_03</Data></Cell>
    <Cell><Data ss:Type="String">NAME</Data></Cell>
    <Cell><Data ss:Type="String">Patente Prime: Ignorar Vigilância</Data></Cell>
   </Row>
   <Row ss:AutoFitHeight="0">
    <Cell><Data ss:Type="String">GOLD_RANK_UTILITY_03</Data></Cell>
    <Cell><Data ss:Type="String">DESCRIPTION</Data></Cell>
    <Cell><Data ss:Type="String">A experiência de combate desta unidade permite que ela ignore a Vigilância inimiga.</Data></Cell>
   </Row>
   <Row ss:Index="258" ss:AutoFitHeight="0">
    <Cell><Data ss:Type="String">GLOBAL_UNIT_MOD_TEMPLATE_01</Data></Cell>
    <Cell><Data ss:Type="String">NAME</Data></Cell>
    <Cell><Data ss:Type="String">Avançado</Data></Cell>
   </Row>
   <Row ss:AutoFitHeight="0" ss:Height="30">
    <Cell><Data ss:Type="String">GLOBAL_UNIT_MOD_TEMPLATE_02</Data></Cell>
    <Cell><Data ss:Type="String">NAME</Data></Cell>
    <Cell><Data ss:Type="String">Elite</Data></Cell>
    <Cell ss:Index="5"><Data ss:Type="String">Used to say that an ability is an inherent part of a unit (e.g. Cats are inherently furry)</Data></Cell>
   </Row>
   <Row ss:Index="261" ss:AutoFitHeight="0">
    <Cell><Data ss:Type="String">SKITTER</Data></Cell>
    <Cell><Data ss:Type="String">ABILITY_NAME</Data></Cell>
    <Cell><Data ss:Type="String">Deslocamento Rápido</Data></Cell>
    <Cell ss:StyleID="Default"/>
    <Cell ss:StyleID="Default"/>
    <Cell ss:StyleID="s65"/>
   </Row>
   <Row ss:AutoFitHeight="0" ss:Height="30">
    <Cell><Data ss:Type="String">SKITTER</Data></Cell>
    <Cell><Data ss:Type="String">ABILITY_DESCRIPTION</Data></Cell>
    <Cell><Data ss:Type="String">Esta unidade fica {amountPercentage} mais difícil de acertar para cada hex que se moveu em seu último turno.</Data></Cell>
    <Cell ss:StyleID="Default"/>
    <Cell ss:StyleID="Default"/>
    <Cell ss:StyleID="s65"/>
   </Row>
   <Row ss:AutoFitHeight="0">
    <Cell><Data ss:Type="String">INHERENT</Data></Cell>
    <Cell><Data ss:Type="String">ABILITY_NAME</Data></Cell>
    <Cell><Data ss:Type="String">Inerente</Data></Cell>
   </Row>
   <Row ss:Index="265" ss:AutoFitHeight="0">
    <Cell><Data ss:Type="String">TEMPORARY_UNIT</Data></Cell>
    <Cell><Data ss:Type="String">NAME</Data></Cell>
    <Cell><Data ss:Type="String">Unidade Temporária</Data></Cell>
   </Row>
   <Row ss:AutoFitHeight="0">
    <Cell><Data ss:Type="String">TEMPORARY_UNIT</Data></Cell>
    <Cell><Data ss:Type="String">DESCRIPTION</Data></Cell>
    <Cell><Data ss:Type="String">Esta unidade desaparecerá após um certo número de turnos.</Data></Cell>
   </Row>
   <Row ss:Index="268" ss:AutoFitHeight="0">
    <Cell><Data ss:Type="String">EVASIVE_MANEUVERS</Data></Cell>
    <Cell><Data ss:Type="String">ABILITY_NAME</Data></Cell>
    <Cell><Data ss:Type="String">Manobras Evasivas</Data></Cell>
   </Row>
   <Row ss:AutoFitHeight="0" ss:Height="30">
    <Cell><Data ss:Type="String">EVASIVE_MANEUVERS</Data></Cell>
    <Cell><Data ss:Type="String">ABILITY_DESCRIPTION</Data></Cell>
    <Cell><Data ss:Type="String">Esta unidade fica {amountPercentage} mais difícil de acertar para cada hex que se moveu em seu último turno.</Data></Cell>
   </Row>
   <Row ss:Index="271" ss:AutoFitHeight="0">
    <Cell><Data ss:Type="String">SUBMERGE</Data></Cell>
    <Cell><Data ss:Type="String">NAME</Data></Cell>
    <Cell><Data ss:Type="String">Submersão</Data></Cell>
   </Row>
   <Row ss:AutoFitHeight="0" ss:Height="45">
    <Cell><Data ss:Type="String">SUBMERGE</Data></Cell>
    <Cell><Data ss:Type="String">DESCRIPTION</Data></Cell>
    <Cell><Data ss:Type="String">A unidade é imune a [abilityred]Queimadura[/abilityred] e [abilityred]Imolação[/abilityred] devido à sua capacidade de submergir na água.</Data></Cell>
   </Row>
   <Row ss:AutoFitHeight="0">
    <Cell><Data ss:Type="String">PRIMAL_CONTROLLER</Data></Cell>
    <Cell><Data ss:Type="String">NAME</Data></Cell>
    <Cell><Data ss:Type="String">Controlador Primal</Data></Cell>
   </Row>
   <Row ss:AutoFitHeight="0">
    <Cell><Data ss:Type="String">PRIMAL_CONTROLLER</Data></Cell>
    <Cell><Data ss:Type="String">DESCRIPTION</Data></Cell>
    <Cell><Data ss:Type="String">Esta criatura é equipada com tecnologia Amazon para subjugá-la e aprimorar suas capacidades de combate.[br/][br/]A unidade ganha {damageBonus} de dano, {accuracyBonus} de precisão e {defenseBonus}.</Data></Cell>
   </Row>
   <Row ss:AutoFitHeight="0">
    <Cell><Data ss:Type="String">RESOLUTE</Data></Cell>
    <Cell><Data ss:Type="String">NAME</Data></Cell>
    <Cell><Data ss:Type="String">Resoluto</Data></Cell>
   </Row>
   <Row ss:AutoFitHeight="0">
    <Cell><Data ss:Type="String">RESOLUTE</Data></Cell>
    <Cell><Data ss:Type="String">DESCRIPTION</Data></Cell>
    <Cell><Data ss:Type="String">Esta unidade não perderá a vigilância ao ser atordoada.</Data></Cell>
   </Row>
   <Row ss:AutoFitHeight="0">
    <Cell><Data ss:Type="String">BATTLESUIT</Data></Cell>
    <Cell><Data ss:Type="String">NAME</Data></Cell>
    <Cell><Data ss:Type="String">Traje de Batalha</Data></Cell>
   </Row>
   <Row ss:AutoFitHeight="0">
    <Cell><Data ss:Type="String">BATTLESUIT</Data></Cell>
    <Cell><Data ss:Type="String">DESCRIPTION</Data></Cell>
    <Cell><Data ss:Type="String">Esta unidade é um traje de batalha.</Data></Cell>
   </Row>
   <Row ss:AutoFitHeight="0">
    <Cell><Data ss:Type="String">TIRELESS</Data></Cell>
    <Cell><Data ss:Type="String">NAME</Data></Cell>
    <Cell><Data ss:Type="String">Incansável</Data></Cell>
   </Row>
   <Row ss:AutoFitHeight="0">
    <Cell><Data ss:Type="String">TIRELESS</Data></Cell>
    <Cell><Data ss:Type="String">DESCRIPTION</Data></Cell>
    <Cell><Data ss:Type="String">Esta unidade não sai da vigilância corpo a corpo após ativá-la, mas a vigilância corpo a corpo não pode ser ativada duas vezes contra o mesmo alvo.</Data></Cell>
   </Row>
   <Row ss:AutoFitHeight="0">
    <Cell><Data ss:Type="String">FIRST_STRIKE</Data></Cell>
    <Cell><Data ss:Type="String">NAME</Data></Cell>
    <Cell><Data ss:Type="String">Ataque Preventivo</Data></Cell>
   </Row>
   <Row ss:AutoFitHeight="0">
    <Cell><Data ss:Type="String">FIRST_STRIKE</Data></Cell>
    <Cell><Data ss:Type="String">DESCRIPTION</Data></Cell>
    <Cell><Data ss:Type="String">A vigilância corpo a corpo desta unidade é ativada antes que o alvo que a acionou aja, a menos que a unidade esteja Flanqueada.</Data></Cell>
   </Row>
   <Row ss:AutoFitHeight="0">
    <Cell><Data ss:Type="String">STATUS_EFFECT_RESISTANCE</Data></Cell>
    <Cell><Data ss:Type="String">NAME</Data></Cell>
    <Cell><Data ss:Type="String">Resistência a Efeitos de Status</Data></Cell>
   </Row>
   <Row ss:AutoFitHeight="0">
    <Cell><Data ss:Type="String">STATUS_EFFECT_RESISTANCE</Data></Cell>
    <Cell><Data ss:Type="String">DESCRIPTION</Data></Cell>
    <Cell><Data ss:Type="String">A resistência geral da unidade a ser afetada por efeitos de status, como [abilityred]Queimando[/abilityred] ou [abilityred]Atordoado[/abilityred].[br/][br/]Todas as unidades (exceto unidades de Nível I) possuem resistência a efeitos de status baseada em seu nível. Outras fontes incluem ser um [abilityblue]Ciborgue[/abilityblue] e certos Módulos e Habilidades de Herói.</Data></Cell>
   </Row>
  </Table>
  <WorksheetOptions xmlns="urn:schemas-microsoft-com:office:excel">
   <Unsynced/>
   <Print>
    <ValidPrinterInfo/>
    <HorizontalResolution>600</HorizontalResolution>
    <VerticalResolution>600</VerticalResolution>
   </Print>
   <Selected/>
   <TopRowVisible>40</TopRowVisible>
   <Panes>
    <Pane>
     <Number>3</Number>
     <ActiveRow>48</ActiveRow>
     <ActiveCol>4</ActiveCol>
    </Pane>
   </Panes>
   <ProtectObjects>False</ProtectObjects>
   <ProtectScenarios>False</ProtectScenarios>
  </WorksheetOptions>
 </Worksheet>
</Workbook>