<?xml version='1.0' encoding='UTF-8'?>
<?mso-application progid="Excel.Sheet"?><Workbook xmlns="urn:schemas-microsoft-com:office:spreadsheet" xmlns:o="urn:schemas-microsoft-com:office:office" xmlns:x="urn:schemas-microsoft-com:office:excel" xmlns:ss="urn:schemas-microsoft-com:office:spreadsheet" xmlns:html="http://www.w3.org/TR/REC-html40">
 <DocumentProperties xmlns="urn:schemas-microsoft-com:office:office">
  <LastAuthor>Benny Arents</LastAuthor>
  <LastSaved>2019-09-10T07:44:18Z</LastSaved>
  <Version>15.00</Version>
 </DocumentProperties>
 <OfficeDocumentSettings xmlns="urn:schemas-microsoft-com:office:office">
  <AllowPNG/>
 </OfficeDocumentSettings>
 <ExcelWorkbook xmlns="urn:schemas-microsoft-com:office:excel">
  <WindowHeight>8880</WindowHeight>
  <WindowWidth>23565</WindowWidth>
  <WindowTopX>0</WindowTopX>
  <WindowTopY>0</WindowTopY>
  <RefModeR1C1/>
  <ProtectStructure>False</ProtectStructure>
  <ProtectWindows>False</ProtectWindows>
 </ExcelWorkbook>
 <Styles>
  <Style ss:ID="Default" ss:Name="Normal">
   <Alignment ss:Vertical="Bottom"/>
   <Borders/>
   <Font ss:FontName="Calibri" x:Family="Swiss" ss:Size="11" ss:Color="#000000"/>
   <Interior/>
   <NumberFormat/>
   <Protection/>
  </Style>
  <Style ss:ID="s62">
   <Alignment ss:Vertical="Top" ss:WrapText="1"/>
  </Style>
  <Style ss:ID="s63">
   <Alignment ss:Vertical="Top" ss:WrapText="1"/>
   <Interior/>
  </Style>
 </Styles>
 <Worksheet ss:Name="Script">
  <Table ss:ExpandedColumnCount="7" ss:ExpandedRowCount="117" x:FullColumns="1" x:FullRows="1" ss:StyleID="s62" ss:DefaultColumnWidth="51.75" ss:DefaultRowHeight="15">
   <Column ss:StyleID="s62" ss:Width="143.25"/>
   <Column ss:StyleID="s62" ss:Width="120"/>
   <Column ss:StyleID="s62" ss:Width="309.75"/>
   <Column ss:StyleID="s62" ss:Width="147.75"/>
   <Column ss:StyleID="s62" ss:Width="297"/>
   <Column ss:StyleID="s62" ss:Width="120"/>
   <Column ss:StyleID="s62" ss:AutoFitWidth="0" ss:Width="300"/>
   <Row ss:AutoFitHeight="0" ss:Height="60">
    <Cell><Data ss:Type="String">UNIT_UPGRADES_BIO</Data></Cell>
    <Cell ss:Index="5"><Data ss:Type="String">The DEV TEAM / MISC NOTES column contains info on what text between { } signs means (if applicable). It usually stands for either a numeric value, or a numeric value with an icon. Text between [ ] signs stands for a certain type of icon. </Data></Cell>
   </Row>
   <Row ss:AutoFitHeight="0">
    <Cell><Data ss:Type="String">SCENE ID</Data></Cell>
    <Cell><Data ss:Type="String">TEXT ID</Data></Cell>
    <Cell><Data ss:Type="String">ENGLISH STRING</Data></Cell>
    <Cell><Data ss:Type="String">ALTERNATIVE ENGLISH STRING</Data></Cell>
    <Cell><Data ss:Type="String">LOCALIZATION NOTES</Data></Cell>
    <Cell><Data ss:Type="String">DEV TEAM / MISC NOTES</Data></Cell>
   </Row>
   <Row ss:AutoFitHeight="0" ss:Height="90">
    <Cell ss:Index="5"><Data ss:Type="String">In the text below, any inserted strings - anything of the form {text} - is replaced by an integer value for the thing described in the brackets. If the {text} is not followed by a unit - e.g. shields, hitpoints - the icon for the unit is inserted together with the integer. The same holds for symbols - e.g. '+', '%' - which are occasionally inserted together with the integer.</Data></Cell>
   </Row>
   <Row ss:AutoFitHeight="0" ss:Height="45">
    <Cell ss:Index="5"><Data ss:Type="String">For references to game terminology and in-world references, please check the glossary delivered as part of the documentation.</Data></Cell>
   </Row>
   <Row ss:AutoFitHeight="0">
    <Cell><Data ss:Type="String">GUNK_SHOT</Data></Cell>
    <Cell><Data ss:Type="String">ABILITY_NAME</Data></Cell>
    <Cell><Data ss:Type="String">Disparo de Gosma</Data></Cell>
   </Row>
   <Row ss:AutoFitHeight="0">
    <Cell><Data ss:Type="String">GUNK_SHOT</Data></Cell>
    <Cell><Data ss:Type="String">ABILITY_DESCRIPTION</Data></Cell>
    <Cell><Data ss:Type="String">Ataque bioquímico de médio alcance.</Data></Cell>
   </Row>
   <Row ss:AutoFitHeight="0">
    <Cell><Data ss:Type="String">BATTLE_VOMIT</Data></Cell>
    <Cell><Data ss:Type="String">ABILITY_NAME</Data></Cell>
    <Cell><Data ss:Type="String">Vômito de Batalha</Data></Cell>
   </Row>
   <Row ss:AutoFitHeight="0">
    <Cell><Data ss:Type="String">BATTLE_VOMIT</Data></Cell>
    <Cell><Data ss:Type="String">ABILITY_DESCRIPTION</Data></Cell>
    <Cell><Data ss:Type="String">Ataque bioquímico de área de efeito de curto alcance.</Data></Cell>
   </Row>
   <Row ss:AutoFitHeight="0">
    <Cell><Data ss:Type="String">GUNK_SPIT</Data></Cell>
    <Cell><Data ss:Type="String">ABILITY_NAME</Data></Cell>
    <Cell><Data ss:Type="String">Cuspe de Gosma</Data></Cell>
   </Row>
   <Row ss:AutoFitHeight="0">
    <Cell><Data ss:Type="String">GUNK_SPIT</Data></Cell>
    <Cell><Data ss:Type="String">ABILITY_DESCRIPTION</Data></Cell>
    <Cell><Data ss:Type="String">Ataque bioquímico de médio alcance.</Data></Cell>
   </Row>
   <Row ss:AutoFitHeight="0">
    <Cell><Data ss:Type="String">BIOCHEMICAL_DISCHARGE</Data></Cell>
    <Cell><Data ss:Type="String">ABILITY_NAME</Data></Cell>
    <Cell><Data ss:Type="String">Descarga Bioquímica</Data></Cell>
   </Row>
   <Row ss:AutoFitHeight="0" ss:Height="30">
    <Cell><Data ss:Type="String">BIOCHEMICAL_DISCHARGE</Data></Cell>
    <Cell><Data ss:Type="String">ABILITY_DESCRIPTION</Data></Cell>
    <Cell><Data ss:Type="String">Libera uma torrente de substâncias bioquímicas a curta distância, causando alto dano.</Data></Cell>
   </Row>
   <Row ss:AutoFitHeight="0">
    <Cell><Data ss:Type="String">BIOCHEMICAL_BARRAGE</Data></Cell>
    <Cell><Data ss:Type="String">ABILITY_NAME</Data></Cell>
    <Cell><Data ss:Type="String">Barragem Bioquímica</Data></Cell>
   </Row>
   <Row ss:AutoFitHeight="0">
    <Cell><Data ss:Type="String">BIOCHEMICAL_BARRAGE</Data></Cell>
    <Cell><Data ss:Type="String">ABILITY_DESCRIPTION</Data></Cell>
    <Cell><Data ss:Type="String">Dispara uma barragem repetida de substâncias bioquímicas no alvo.</Data></Cell>
   </Row>
   <Row ss:Index="16" ss:AutoFitHeight="0">
    <Cell><Data ss:Type="String">CAUSTIC_SMOKE</Data></Cell>
    <Cell><Data ss:Type="String">ABILITY_NAME</Data></Cell>
    <Cell><Data ss:Type="String">Fumaça Cáustica</Data></Cell>
   </Row>
   <Row ss:AutoFitHeight="0" ss:Height="30">
    <Cell><Data ss:Type="String">CAUSTIC_SMOKE</Data></Cell>
    <Cell><Data ss:Type="String">ABILITY_DESCRIPTION</Data></Cell>
    <Cell><Data ss:Type="String">Cobre uma área de raio de {hexradius} hexágonos com uma nuvem ácida que derrete armaduras e causa dano.</Data></Cell>
   </Row>
   <Row ss:AutoFitHeight="0">
    <Cell><Data ss:Type="String">ACIDIC_INFUSION</Data></Cell>
    <Cell><Data ss:Type="String">ABILITY_NAME</Data></Cell>
    <Cell><Data ss:Type="String">Composto Ácido</Data></Cell>
   </Row>
   <Row ss:AutoFitHeight="0" ss:Height="49.5">
    <Cell><Data ss:Type="String">ACIDIC_INFUSION</Data></Cell>
    <Cell><Data ss:Type="String">UPGRADE_DESCRIPTION</Data></Cell>
    <Cell><Data ss:Type="String">Ataques de armas bioquímicas são infundidos com ácido, concedendo [abilityred]Derreter Armadura[/abilityred], removendo {armorMelt}[armor/] a cada acerto.</Data></Cell>
   </Row>
   <Row ss:Index="21" ss:AutoFitHeight="0">
    <Cell><Data ss:Type="String">ION_CONDUCTIVE_INFUSION</Data></Cell>
    <Cell><Data ss:Type="String">ABILITY_NAME</Data></Cell>
    <Cell><Data ss:Type="String">Infusão: Iônica</Data></Cell>
   </Row>
   <Row ss:AutoFitHeight="0" ss:Height="76.5">
    <Cell><Data ss:Type="String">ION_CONDUCTIVE_INFUSION</Data></Cell>
    <Cell><Data ss:Type="String">UPGRADE_DESCRIPTION</Data></Cell>
    <Cell><Data ss:Type="String">Ataques de Armas Bioquímicas agora causam dano de Arco e têm uma chance de [strengthWave/] de força (8[strengthwave/] para ataques repetidos) de aplicar [abilityred]Eletrizado[/abilityred] em unidades não Etéreas por 3[turn/].[br/][br/]Apenas uma Infusão pode estar ativa por vez.</Data></Cell>
   </Row>
   <Row ss:AutoFitHeight="0">
    <Cell><Data ss:Type="String">CEREBRAL_STRAIN</Data></Cell>
    <Cell><Data ss:Type="String">ABILITY_NAME</Data></Cell>
    <Cell><Data ss:Type="String">Tensão Cerebral</Data></Cell>
   </Row>
   <Row ss:AutoFitHeight="0" ss:Height="84.75">
    <Cell><Data ss:Type="String">CEREBRAL_STRAIN</Data></Cell>
    <Cell><Data ss:Type="String">UPGRADE_DESCRIPTION</Data></Cell>
    <Cell><Data ss:Type="String">Ataques bioquímicos causam +{extradamage} de dano contra unidades não Insensíveis e têm uma chance de {CatatonicChance}[StrengthPsyche/] de força ({CatatonicChanceRepeating}[StrengthPsyche/] em ataques repetidos) de aplicar [abilityred]Catatônico[/abilityred] em unidades não Insensíveis com habilidades Psiónicas ou de Entropia por {CatatonicTurn}[turn/].</Data></Cell>
   </Row>
   <Row ss:AutoFitHeight="0" ss:Height="60">
    <Cell><Data ss:Type="String">CEREBRAL_STRAIN</Data></Cell>
    <Cell><Data ss:Type="String">MODIFIER_DESCRIPTION</Data></Cell>
    <Cell><Data ss:Type="String">{CerebralDamage} de dano extra contra unidades não Insensíveis e {CerebralChance}[strengthpsyche/] de chance de força para aplicar [abilityred]Catatônico[/abilityred] em unidades Psiónicas/Entrópicas não Insensíveis por {CerebralTurn}[turn/].</Data></Cell>
   </Row>
   <Row ss:AutoFitHeight="0">
    <Cell><Data ss:Type="String">VISCOUS_COMPOSITE</Data></Cell>
    <Cell><Data ss:Type="String">ABILITY_NAME</Data></Cell>
    <Cell><Data ss:Type="String">Tensão Viscosa</Data></Cell>
   </Row>
   <Row ss:AutoFitHeight="0" ss:Height="138">
    <Cell><Data ss:Type="String">VISCOUS_COMPOSITE</Data></Cell>
    <Cell><Data ss:Type="String">ABILITY_DESCRIPTION</Data></Cell>
    <Cell><Data ss:Type="String">Ataques bioquímicos têm uma chance de {SlowChanceSingle}[strengthBio/] de força ({SlowChanceRepeating}[StrengthBio/] em ataques repetidos) de aplicar [abilityred]Lentidão[/abilityred] em unidades não Etéreas por {ViscousTurn}[turn/].[br/][br/]Se uma unidade já estiver [abilityred]Lentificada[/abilityred], ela terá uma chance de {ImmobilizeChanceSingle}[StrengthBio/] de força ({ImmobilizeChanceRepeating}[StrengthBio/] em ataques repetidos) de ficar [abilityred]Imobilizada[/abilityred] por {ImmobilizeDuration}[turn/].</Data></Cell>
   </Row>
   <Row ss:AutoFitHeight="0">
    <Cell><Data ss:Type="String">BLIGHT_BRINGER</Data></Cell>
    <Cell><Data ss:Type="String">ABILITY_NAME</Data></Cell>
    <Cell><Data ss:Type="String">Portador da Praga</Data></Cell>
   </Row>
   <Row ss:AutoFitHeight="0" ss:Height="106.5">
    <Cell><Data ss:Type="String">BLIGHT_BRINGER</Data></Cell>
    <Cell><Data ss:Type="String">ABILITY_DESCRIPTION</Data></Cell>
    <Cell><Data ss:Type="String">A unidade ganha +{IncreasedResistanceBio}[damageBio/] de resistência e Imunidade a [abilityblue]Efeitos e Perigos de Status Bioquímicos[/abilityblue].[br/]No final do turno desta unidade, unidades inimigas não Etéreas em até {BlightRadiusHex} hexágonos têm uma chance de {BlightBringerChance} de força de ganhar [abilityred]Praguejada[/abilityred] por {BlightTurns}.</Data></Cell>
   </Row>
   <Row ss:AutoFitHeight="0">
    <Cell><Data ss:Type="String">BLIGHT_INFECTION</Data></Cell>
    <Cell><Data ss:Type="String">ABILITY_NAME</Data></Cell>
    <Cell><Data ss:Type="String">Injetor de Verme da Praga</Data></Cell>
   </Row>
   <Row ss:AutoFitHeight="0" ss:Height="45">
    <Cell><Data ss:Type="String">BLIGHT_INFECTION</Data></Cell>
    <Cell><Data ss:Type="String">MODIFIER_DESCRIPTION</Data></Cell>
    <Cell><Data ss:Type="String">Chance de {BlightParasitesChance}[strengthbio/] de força de aplicar [abilityred]Infestação de Verme da Praga[/abilityred] em unidades até o final do combate.</Data></Cell>
   </Row>
   <Row ss:AutoFitHeight="0" ss:Height="93">
    <Cell><Data ss:Type="String">BLIGHT_INFECTION</Data></Cell>
    <Cell><Data ss:Type="String">ABILITY_DESCRIPTION</Data></Cell>
    <Cell><Data ss:Type="String">Ataques bioquímicos têm uma chance de {BlightWormChance}[strengthbio/] de força ({BlightWormChanceRepeating}[strengthbio/] para ataques repetidos) de aplicar [abilityred]Infestação de Verme da Praga[/abilityred] em unidades até o final do combate. Uma unidade infectada explodirá em um raio de {HexRadius} hexágonos ao morrer, causando {BiochemicalDamage}[damagebio/] a todas as unidades na explosão, exceto aquelas que usam este mod.</Data></Cell>
   </Row>
   <Row ss:AutoFitHeight="0">
    <Cell><Data ss:Type="String">BLIGHT_INFECTION</Data></Cell>
    <Cell><Data ss:Type="String">DEBUFF_NAME</Data></Cell>
    <Cell><Data ss:Type="String">Infestação de Verme da Praga</Data></Cell>
   </Row>
   <Row ss:AutoFitHeight="0" ss:Height="45">
    <Cell><Data ss:Type="String">BLIGHT_INFECTION</Data></Cell>
    <Cell><Data ss:Type="String">DEBUFF_DESCRIPTION</Data></Cell>
    <Cell><Data ss:Type="String">Esta unidade está infectada por uma infestação de Verme da Praga até o final do combate. Se a unidade morrer, explodirá em um raio de {HexRadius} hexágonos, causando {BiochemicalDamage} a todas as unidades atingidas pela explosão, exceto aquelas com o mod de unidade Infestação de Verme da Praga.</Data></Cell>
   </Row>
   <Row ss:AutoFitHeight="0">
    <Cell><Data ss:Type="String">THRAX_RIFLE</Data></Cell>
    <Cell><Data ss:Type="String">ABILITY_NAME</Data></Cell>
    <Cell><Data ss:Type="String">Fuzil Thrax</Data></Cell>
   </Row>
   <Row ss:AutoFitHeight="0">
    <Cell><Data ss:Type="String">THRAX_RIFLE</Data></Cell>
    <Cell><Data ss:Type="String">UPGRADE_DESCRIPTION</Data></Cell>
    <Cell><Data ss:Type="String">Um ataque bioquímico de médio alcance.</Data></Cell>
   </Row>
   <Row ss:AutoFitHeight="0">
    <Cell><Data ss:Type="String">THRAX_BLASTER</Data></Cell>
    <Cell><Data ss:Type="String">ABILITY_NAME</Data></Cell>
    <Cell><Data ss:Type="String">Pistola Thrax</Data></Cell>
   </Row>
   <Row ss:AutoFitHeight="0">
    <Cell><Data ss:Type="String">THRAX_BLASTER</Data></Cell>
    <Cell><Data ss:Type="String">UPGRADE_DESCRIPTION</Data></Cell>
    <Cell><Data ss:Type="String">Um ataque bioquímico de curto alcance e baixo dano.</Data></Cell>
   </Row>
   <Row ss:AutoFitHeight="0">
    <Cell><Data ss:Type="String">GUNK_THROWER</Data></Cell>
    <Cell><Data ss:Type="String">ABILITY_NAME</Data></Cell>
    <Cell><Data ss:Type="String">Arremessador de Gosma</Data></Cell>
   </Row>
   <Row ss:AutoFitHeight="0">
    <Cell><Data ss:Type="String">GUNK_THROWER</Data></Cell>
    <Cell><Data ss:Type="String">UPGRADE_DESCRIPTION</Data></Cell>
    <Cell><Data ss:Type="String">Dispara uma bola de matéria bioquímica a média distância.</Data></Cell>
   </Row>
   <Row ss:AutoFitHeight="0">
    <Cell><Data ss:Type="String">CORROSIVE_BILE</Data></Cell>
    <Cell><Data ss:Type="String">ABILITY_NAME</Data></Cell>
    <Cell><Data ss:Type="String">Bílis Corrosiva</Data></Cell>
   </Row>
   <Row ss:AutoFitHeight="0">
    <Cell><Data ss:Type="String">CORROSIVE_BILE</Data></Cell>
    <Cell><Data ss:Type="String">ABILITY_DESCRIPTION</Data></Cell>
    <Cell><Data ss:Type="String">Cospe substâncias bioquímicas que derretem armaduras no alvo.</Data></Cell>
   </Row>
   <Row ss:AutoFitHeight="0">
    <Cell><Data ss:Type="String">WAX_CEMENT</Data></Cell>
    <Cell><Data ss:Type="String">ABILITY_NAME</Data></Cell>
    <Cell><Data ss:Type="String">Cimento de Cera</Data></Cell>
   </Row>
   <Row ss:AutoFitHeight="0">
    <Cell><Data ss:Type="String">WAX_CEMENT</Data></Cell>
    <Cell><Data ss:Type="String">ABILITY_DESCRIPTION</Data></Cell>
    <Cell><Data ss:Type="String">Vomita uma bílis de endurecimento rápido no alvo.</Data></Cell>
   </Row>
   <Row ss:AutoFitHeight="0">
    <Cell><Data ss:Type="String">TOXIN_SPIT</Data></Cell>
    <Cell><Data ss:Type="String">ABILITY_NAME</Data></Cell>
    <Cell><Data ss:Type="String">Cuspe Tóxico</Data></Cell>
   </Row>
   <Row ss:AutoFitHeight="0">
    <Cell><Data ss:Type="String">TOXIN_SPIT</Data></Cell>
    <Cell><Data ss:Type="String">ABILITY_DESCRIPTION</Data></Cell>
    <Cell><Data ss:Type="String">Cospe uma bolha altamente venenosa de vômito tóxico no alvo.</Data></Cell>
   </Row>
   <Row ss:AutoFitHeight="0">
    <Cell><Data ss:Type="String">CEMENTING_SPRAY</Data></Cell>
    <Cell><Data ss:Type="String">ABILITY_NAME</Data></Cell>
    <Cell><Data ss:Type="String">Spray de Cimentação</Data></Cell>
   </Row>
   <Row ss:AutoFitHeight="0">
    <Cell><Data ss:Type="String">CEMENTING_SPRAY</Data></Cell>
    <Cell><Data ss:Type="String">ABILITY_DESCRIPTION</Data></Cell>
    <Cell><Data ss:Type="String">Vomita uma mistura bioquímica endurecedora no alvo.</Data></Cell>
   </Row>
   <Row ss:AutoFitHeight="0">
    <Cell><Data ss:Type="String">BIO_ARROW</Data></Cell>
    <Cell><Data ss:Type="String">ABILITY_NAME</Data></Cell>
    <Cell><Data ss:Type="String">Flechas Bio</Data></Cell>
   </Row>
   <Row ss:AutoFitHeight="0">
    <Cell><Data ss:Type="String">BIO_ARROW</Data></Cell>
    <Cell><Data ss:Type="String">ABILITY_DESCRIPTION</Data></Cell>
    <Cell><Data ss:Type="String">Dispara flechas com pontas bioquímicas no alvo.</Data></Cell>
   </Row>
   <Row ss:AutoFitHeight="0">
    <Cell><Data ss:Type="String">BIO_BLASTER</Data></Cell>
    <Cell><Data ss:Type="String">ABILITY_NAME</Data></Cell>
    <Cell><Data ss:Type="String">Disparar Bio Blaster</Data></Cell>
   </Row>
   <Row ss:AutoFitHeight="0">
    <Cell><Data ss:Type="String">BIO_BLASTER</Data></Cell>
    <Cell><Data ss:Type="String">ABILITY_DESCRIPTION</Data></Cell>
    <Cell><Data ss:Type="String">Dispara uma munição bioquímica no alvo.</Data></Cell>
   </Row>
   <Row ss:AutoFitHeight="0">
    <Cell><Data ss:Type="String">BIO_SHELL</Data></Cell>
    <Cell><Data ss:Type="String">ABILITY_NAME</Data></Cell>
    <Cell><Data ss:Type="String">Bombardeio de Granadas Bio</Data></Cell>
   </Row>
   <Row ss:AutoFitHeight="0">
    <Cell><Data ss:Type="String">BIO_SHELL</Data></Cell>
    <Cell><Data ss:Type="String">ABILITY_DESCRIPTION</Data></Cell>
    <Cell><Data ss:Type="String">Lança uma série de granadas bioquímicas no alvo.</Data></Cell>
   </Row>
   <Row ss:AutoFitHeight="0">
    <Cell><Data ss:Type="String">BIO_CANNON</Data></Cell>
    <Cell><Data ss:Type="String">ABILITY_NAME</Data></Cell>
    <Cell><Data ss:Type="String">Bio Canhão</Data></Cell>
   </Row>
   <Row ss:AutoFitHeight="0" ss:Height="30">
    <Cell><Data ss:Type="String">BIO_CANNON</Data></Cell>
    <Cell><Data ss:Type="String">ABILITY_DESCRIPTION</Data></Cell>
    <Cell><Data ss:Type="String">Dispara um canhão montado carregado com massa bioquímica no alvo.</Data></Cell>
   </Row>
   <Row ss:AutoFitHeight="0">
    <Cell><Data ss:Type="String">BIO_BLASTER</Data></Cell>
    <Cell><Data ss:Type="String">EQUIPMENT_NAME</Data></Cell>
    <Cell><Data ss:Type="String">Bio Blaster</Data></Cell>
   </Row>
   <Row ss:AutoFitHeight="0">
    <Cell><Data ss:Type="String">HUNTING_BOW</Data></Cell>
    <Cell><Data ss:Type="String">EQUIPMENT_NAME</Data></Cell>
    <Cell><Data ss:Type="String">Arco de Caça</Data></Cell>
   </Row>
   <Row ss:AutoFitHeight="0">
    <Cell><Data ss:Type="String">POISON_ARROWS</Data></Cell>
    <Cell><Data ss:Type="String">NAME</Data></Cell>
    <Cell><Data ss:Type="String">Flechas Envenenadas</Data></Cell>
   </Row>
   <Row ss:AutoFitHeight="0">
    <Cell><Data ss:Type="String">POISON_ARROWS</Data></Cell>
    <Cell><Data ss:Type="String">DESCRIPTION</Data></Cell>
    <Cell><Data ss:Type="String">Dispara flechas com pontas envenenadas no alvo.</Data></Cell>
   </Row>
   <Row ss:AutoFitHeight="0">
    <Cell><Data ss:Type="String">BIO_VAPOR</Data></Cell>
    <Cell><Data ss:Type="String">NAME</Data></Cell>
    <Cell><Data ss:Type="String">Vaporizador Bioquímico</Data></Cell>
   </Row>
   <Row ss:AutoFitHeight="0" ss:Height="30">
    <Cell><Data ss:Type="String">BIO_VAPOR</Data></Cell>
    <Cell><Data ss:Type="String">DESCRIPTION</Data></Cell>
    <Cell><Data ss:Type="String">Dispara uma saraivada de produtos químicos vaporizados, danificando qualquer material com que entre em contato.</Data></Cell>
   </Row>
   <Row ss:AutoFitHeight="0">
    <Cell><Data ss:Type="String">GLAND_SECRETION</Data></Cell>
    <Cell><Data ss:Type="String">NAME</Data></Cell>
    <Cell><Data ss:Type="String">Secreção Glandular</Data></Cell>
   </Row>
   <Row ss:AutoFitHeight="0" ss:Height="30">
    <Cell><Data ss:Type="String">GLAND_SECRETION</Data></Cell>
    <Cell><Data ss:Type="String">DESCRIPTION</Data></Cell>
    <Cell><Data ss:Type="String">Lança uma massa de secreções bioquímicas no alvo, causando metade do dano às unidades adjacentes ao alvo.</Data></Cell>
   </Row>
   <Row ss:AutoFitHeight="0">
    <Cell><Data ss:Type="String">INK_EJECTOR</Data></Cell>
    <Cell><Data ss:Type="String">NAME</Data></Cell>
    <Cell><Data ss:Type="String">Lançador de Tinta Bio</Data></Cell>
   </Row>
   <Row ss:AutoFitHeight="0">
    <Cell><Data ss:Type="String">INK_EJECTOR</Data></Cell>
    <Cell><Data ss:Type="String">DESCRIPTION</Data></Cell>
    <Cell><Data ss:Type="String">Dispara tinta bioquímica ofuscante no alvo.</Data></Cell>
   </Row>
   <Row ss:AutoFitHeight="0">
    <Cell><Data ss:Type="String">BIO_INK</Data></Cell>
    <Cell><Data ss:Type="String">NAME</Data></Cell>
    <Cell><Data ss:Type="String">Glóbulo de Tinta</Data></Cell>
   </Row>
   <Row ss:AutoFitHeight="0">
    <Cell><Data ss:Type="String">BIO_INK</Data></Cell>
    <Cell><Data ss:Type="String">DESCRIPTION</Data></Cell>
    <Cell><Data ss:Type="String">Dispara um glóbulo de tinta que causa dano Bioquímico.</Data></Cell>
   </Row>
   <Row ss:AutoFitHeight="0">
    <Cell><Data ss:Type="String">VISCOUS_BIO_INK</Data></Cell>
    <Cell><Data ss:Type="String">NAME</Data></Cell>
    <Cell><Data ss:Type="String">Glóbulo de Tinta Viscosa</Data></Cell>
   </Row>
   <Row ss:AutoFitHeight="0">
    <Cell><Data ss:Type="String">BIO_GRENADE</Data></Cell>
    <Cell><Data ss:Type="String">NAME</Data></Cell>
    <Cell><Data ss:Type="String">Granada Bio</Data></Cell>
   </Row>
   <Row ss:AutoFitHeight="0">
    <Cell><Data ss:Type="String">BIO_GRENADE</Data></Cell>
    <Cell><Data ss:Type="String">DESCRIPTION</Data></Cell>
    <Cell><Data ss:Type="String">Arremessa uma granada com carga Bioquímica que causa dano em um raio de {hexrad} hex.</Data></Cell>
   </Row>
   <Row ss:AutoFitHeight="0">
    <Cell><Data ss:Type="String">INK_CLOUD</Data></Cell>
    <Cell><Data ss:Type="String">NAME</Data></Cell>
    <Cell><Data ss:Type="String">Nuvem de Tinta</Data></Cell>
   </Row>
   <Row ss:AutoFitHeight="0" ss:Height="30">
    <Cell><Data ss:Type="String">INK_CLOUD</Data></Cell>
    <Cell><Data ss:Type="String">DESCRIPTION</Data></Cell>
    <Cell><Data ss:Type="String">Expele uma nuvem de tinta ao redor desta unidade que danifica unidades adjacentes.</Data></Cell>
   </Row>
   <Row ss:AutoFitHeight="0">
    <Cell><Data ss:Type="String">VISCOUS_INK_CLOUD</Data></Cell>
    <Cell><Data ss:Type="String">NAME</Data></Cell>
    <Cell><Data ss:Type="String">Nuvem de Tinta Viscosa</Data></Cell>
   </Row>
   <Row ss:Index="76" ss:AutoFitHeight="0">
    <Cell><Data ss:Type="String">BIO_TURRET</Data></Cell>
    <Cell><Data ss:Type="String">NAME</Data></Cell>
    <Cell><Data ss:Type="String">Torreta Bio</Data></Cell>
   </Row>
   <Row ss:AutoFitHeight="0">
    <Cell><Data ss:Type="String">BIO_TURRET</Data></Cell>
    <Cell><Data ss:Type="String">DESCRIPTION</Data></Cell>
    <Cell><Data ss:Type="String">Dispara um ataque Bioquímico repetitivo em um único alvo.</Data></Cell>
   </Row>
   <Row ss:Index="79" ss:AutoFitHeight="0">
    <Cell><Data ss:Type="String">VISCOUS_COMPOSITE</Data></Cell>
    <Cell><Data ss:Type="String">TEMPLATE_NAME_1</Data></Cell>
    <Cell><Data ss:Type="String">Pegajoso</Data></Cell>
    <Cell ss:Index="6" ss:StyleID="s63"/>
   </Row>
   <Row ss:AutoFitHeight="0">
    <Cell><Data ss:Type="String">VISCOUS_COMPOSITE</Data></Cell>
    <Cell><Data ss:Type="String">TEMPLATE_NAME_2</Data></Cell>
    <Cell><Data ss:Type="String">Gosmento</Data></Cell>
    <Cell ss:Index="6" ss:StyleID="s63"/>
   </Row>
   <Row ss:AutoFitHeight="0">
    <Cell><Data ss:Type="String">VISCOUS_COMPOSITE</Data></Cell>
    <Cell><Data ss:Type="String">TEMPLATE_NAME_3</Data></Cell>
    <Cell><Data ss:Type="String">Visguento</Data></Cell>
    <Cell ss:Index="6" ss:StyleID="s63"/>
   </Row>
   <Row ss:AutoFitHeight="0">
    <Cell><Data ss:Type="String">VISCOUS_COMPOSITE</Data></Cell>
    <Cell><Data ss:Type="String">TEMPLATE_NAME_4</Data></Cell>
    <Cell><Data ss:Type="String">Adesivo</Data></Cell>
    <Cell ss:Index="6" ss:StyleID="s63"/>
   </Row>
   <Row ss:AutoFitHeight="0">
    <Cell><Data ss:Type="String">VISCOUS_COMPOSITE</Data></Cell>
    <Cell><Data ss:Type="String">TEMPLATE_NAME_5</Data></Cell>
    <Cell><Data ss:Type="String">Grudento</Data></Cell>
    <Cell ss:Index="6" ss:StyleID="s63"/>
   </Row>
   <Row ss:AutoFitHeight="0">
    <Cell><Data ss:Type="String">VISCOUS_COMPOSITE</Data></Cell>
    <Cell><Data ss:Type="String">TEMPLATE_NAME_6</Data></Cell>
    <Cell><Data ss:Type="String">Glutinoso</Data></Cell>
    <Cell ss:Index="6" ss:StyleID="s63"/>
   </Row>
   <Row ss:AutoFitHeight="0">
    <Cell><Data ss:Type="String">IONIC_INFUSION</Data></Cell>
    <Cell><Data ss:Type="String">TEMPLATE_NAME_1</Data></Cell>
    <Cell><Data ss:Type="String">Ioniano</Data></Cell>
    <Cell ss:Index="6" ss:StyleID="s63"/>
   </Row>
   <Row ss:AutoFitHeight="0">
    <Cell><Data ss:Type="String">IONIC_INFUSION</Data></Cell>
    <Cell><Data ss:Type="String">TEMPLATE_NAME_2</Data></Cell>
    <Cell><Data ss:Type="String">Eletrólito</Data></Cell>
    <Cell ss:Index="6" ss:StyleID="s63"/>
   </Row>
   <Row ss:AutoFitHeight="0">
    <Cell><Data ss:Type="String">IONIC_INFUSION</Data></Cell>
    <Cell><Data ss:Type="String">TEMPLATE_NAME_3</Data></Cell>
    <Cell><Data ss:Type="String">Condutor</Data></Cell>
    <Cell ss:Index="6" ss:StyleID="s63"/>
   </Row>
   <Row ss:AutoFitHeight="0">
    <Cell><Data ss:Type="String">IONIC_INFUSION</Data></Cell>
    <Cell><Data ss:Type="String">TEMPLATE_NAME_4</Data></Cell>
    <Cell><Data ss:Type="String">Eletroquímico</Data></Cell>
    <Cell ss:Index="6" ss:StyleID="s63"/>
   </Row>
   <Row ss:AutoFitHeight="0">
    <Cell><Data ss:Type="String">IONIC_INFUSION</Data></Cell>
    <Cell><Data ss:Type="String">TEMPLATE_NAME_5</Data></Cell>
    <Cell><Data ss:Type="String">Composto</Data></Cell>
    <Cell ss:Index="6" ss:StyleID="s63"/>
   </Row>
   <Row ss:AutoFitHeight="0">
    <Cell><Data ss:Type="String">IONIC_INFUSION</Data></Cell>
    <Cell><Data ss:Type="String">TEMPLATE_NAME_6</Data></Cell>
    <Cell><Data ss:Type="String">Ionizado</Data></Cell>
    <Cell ss:Index="6" ss:StyleID="s63"/>
   </Row>
   <Row ss:AutoFitHeight="0">
    <Cell><Data ss:Type="String">ACIDIC_STRAIN</Data></Cell>
    <Cell><Data ss:Type="String">TEMPLATE_NAME_1</Data></Cell>
    <Cell><Data ss:Type="String">Derretedor de Armadura</Data></Cell>
    <Cell ss:Index="6" ss:StyleID="s63"/>
   </Row>
   <Row ss:AutoFitHeight="0">
    <Cell><Data ss:Type="String">ACIDIC_STRAIN</Data></Cell>
    <Cell><Data ss:Type="String">TEMPLATE_NAME_2</Data></Cell>
    <Cell><Data ss:Type="String">Gravador</Data></Cell>
    <Cell ss:Index="6" ss:StyleID="s63"/>
   </Row>
   <Row ss:AutoFitHeight="0">
    <Cell><Data ss:Type="String">ACIDIC_STRAIN</Data></Cell>
    <Cell><Data ss:Type="String">TEMPLATE_NAME_3</Data></Cell>
    <Cell><Data ss:Type="String">Dissolvente</Data></Cell>
    <Cell ss:Index="6" ss:StyleID="s63"/>
   </Row>
   <Row ss:AutoFitHeight="0">
    <Cell><Data ss:Type="String">ACIDIC_STRAIN</Data></Cell>
    <Cell><Data ss:Type="String">TEMPLATE_NAME_4</Data></Cell>
    <Cell><Data ss:Type="String">Hidrofluórico</Data></Cell>
    <Cell ss:Index="6" ss:StyleID="s63"/>
   </Row>
   <Row ss:AutoFitHeight="0">
    <Cell><Data ss:Type="String">ACIDIC_STRAIN</Data></Cell>
    <Cell><Data ss:Type="String">TEMPLATE_NAME_5</Data></Cell>
    <Cell><Data ss:Type="String">Devorador de Aço</Data></Cell>
    <Cell ss:Index="6" ss:StyleID="s63"/>
   </Row>
   <Row ss:AutoFitHeight="0">
    <Cell><Data ss:Type="String">ACIDIC_STRAIN</Data></Cell>
    <Cell><Data ss:Type="String">TEMPLATE_NAME_6</Data></Cell>
    <Cell><Data ss:Type="String">Cuspidor de Ácido</Data></Cell>
    <Cell ss:Index="6" ss:StyleID="s63"/>
   </Row>
   <Row ss:AutoFitHeight="0">
    <Cell><Data ss:Type="String">CEREBRAL_STRAIN</Data></Cell>
    <Cell><Data ss:Type="String">TEMPLATE_NAME_1</Data></Cell>
    <Cell><Data ss:Type="String">Ácido Mental</Data></Cell>
    <Cell ss:Index="6" ss:StyleID="s63"/>
   </Row>
   <Row ss:AutoFitHeight="0">
    <Cell><Data ss:Type="String">CEREBRAL_STRAIN</Data></Cell>
    <Cell><Data ss:Type="String">TEMPLATE_NAME_2</Data></Cell>
    <Cell><Data ss:Type="String">Derretedor de Cérebros</Data></Cell>
    <Cell ss:Index="6" ss:StyleID="s63"/>
   </Row>
   <Row ss:AutoFitHeight="0">
    <Cell><Data ss:Type="String">CEREBRAL_STRAIN</Data></Cell>
    <Cell><Data ss:Type="String">TEMPLATE_NAME_3</Data></Cell>
    <Cell><Data ss:Type="String">Neurotóxico</Data></Cell>
    <Cell ss:Index="6" ss:StyleID="s63"/>
   </Row>
   <Row ss:AutoFitHeight="0">
    <Cell><Data ss:Type="String">CEREBRAL_STRAIN</Data></Cell>
    <Cell><Data ss:Type="String">TEMPLATE_NAME_4</Data></Cell>
    <Cell><Data ss:Type="String">Quebrador de Espírito</Data></Cell>
    <Cell ss:Index="6" ss:StyleID="s63"/>
   </Row>
   <Row ss:AutoFitHeight="0">
    <Cell><Data ss:Type="String">CEREBRAL_STRAIN</Data></Cell>
    <Cell><Data ss:Type="String">TEMPLATE_NAME_5</Data></Cell>
    <Cell><Data ss:Type="String">Anti-Psiónico</Data></Cell>
    <Cell ss:Index="6" ss:StyleID="s63"/>
   </Row>
   <Row ss:AutoFitHeight="0">
    <Cell><Data ss:Type="String">CEREBRAL_STRAIN</Data></Cell>
    <Cell><Data ss:Type="String">TEMPLATE_NAME_6</Data></Cell>
    <Cell><Data ss:Type="String">Apodrecedor de Crânios</Data></Cell>
    <Cell ss:Index="6" ss:StyleID="s63"/>
   </Row>
   <Row ss:AutoFitHeight="0">
    <Cell><Data ss:Type="String">CEREBRAL_STRAIN</Data></Cell>
    <Cell><Data ss:Type="String">TEMPLATE_NAME_7</Data></Cell>
    <Cell><Data ss:Type="String">Neurodegenerativo</Data></Cell>
    <Cell ss:Index="6" ss:StyleID="s63"/>
   </Row>
   <Row ss:AutoFitHeight="0">
    <Cell><Data ss:Type="String">BLIGHT_INFECTION</Data></Cell>
    <Cell><Data ss:Type="String">TEMPLATE_NAME_1</Data></Cell>
    <Cell><Data ss:Type="String">Disseminador de Praga</Data></Cell>
    <Cell ss:Index="6" ss:StyleID="s63"/>
   </Row>
   <Row ss:AutoFitHeight="0">
    <Cell><Data ss:Type="String">BLIGHT_INFECTION</Data></Cell>
    <Cell><Data ss:Type="String">TEMPLATE_NAME_2</Data></Cell>
    <Cell><Data ss:Type="String">Infectador</Data></Cell>
    <Cell ss:Index="6" ss:StyleID="s63"/>
   </Row>
   <Row ss:AutoFitHeight="0">
    <Cell><Data ss:Type="String">BLIGHT_INFECTION</Data></Cell>
    <Cell><Data ss:Type="String">TEMPLATE_NAME_3</Data></Cell>
    <Cell><Data ss:Type="String">Bubônico</Data></Cell>
    <Cell ss:Index="6" ss:StyleID="s63"/>
   </Row>
   <Row ss:AutoFitHeight="0">
    <Cell><Data ss:Type="String">BLIGHT_INFECTION</Data></Cell>
    <Cell><Data ss:Type="String">TEMPLATE_NAME_4</Data></Cell>
    <Cell><Data ss:Type="String">Dedos de Mofo</Data></Cell>
    <Cell ss:Index="6" ss:StyleID="s63"/>
   </Row>
   <Row ss:AutoFitHeight="0">
    <Cell><Data ss:Type="String">BLIGHT_INFECTION</Data></Cell>
    <Cell><Data ss:Type="String">TEMPLATE_NAME_5</Data></Cell>
    <Cell><Data ss:Type="String">Séptico</Data></Cell>
    <Cell ss:Index="6" ss:StyleID="s63"/>
   </Row>
   <Row ss:AutoFitHeight="0">
    <Cell><Data ss:Type="String">BLIGHT_INFECTION</Data></Cell>
    <Cell><Data ss:Type="String">TEMPLATE_NAME_6</Data></Cell>
    <Cell><Data ss:Type="String">Pneumônico</Data></Cell>
    <Cell ss:Index="6" ss:StyleID="s63"/>
   </Row>
   <Row ss:AutoFitHeight="0">
    <Cell><Data ss:Type="String">BLIGHT_INFECTION</Data></Cell>
    <Cell><Data ss:Type="String">TEMPLATE_NAME_7</Data></Cell>
    <Cell><Data ss:Type="String">Deteriorante</Data></Cell>
    <Cell ss:Index="6" ss:StyleID="s63"/>
   </Row>
   <Row ss:AutoFitHeight="0">
    <Cell><Data ss:Type="String">BLIGHT_BRINGER</Data></Cell>
    <Cell><Data ss:Type="String">TEMPLATE_NAME_1</Data></Cell>
    <Cell><Data ss:Type="String">Portador da Praga</Data></Cell>
    <Cell ss:Index="6" ss:StyleID="s63"/>
   </Row>
   <Row ss:AutoFitHeight="0">
    <Cell><Data ss:Type="String">BLIGHT_BRINGER</Data></Cell>
    <Cell><Data ss:Type="String">TEMPLATE_NAME_2</Data></Cell>
    <Cell><Data ss:Type="String">Divindade da Decomposição</Data></Cell>
    <Cell ss:Index="6" ss:StyleID="s63"/>
   </Row>
   <Row ss:AutoFitHeight="0">
    <Cell><Data ss:Type="String">BLIGHT_BRINGER</Data></Cell>
    <Cell><Data ss:Type="String">TEMPLATE_NAME_3</Data></Cell>
    <Cell><Data ss:Type="String">Vórtice Podre</Data></Cell>
    <Cell ss:Index="6" ss:StyleID="s63"/>
   </Row>
   <Row ss:AutoFitHeight="0">
    <Cell><Data ss:Type="String">BLIGHT_BRINGER</Data></Cell>
    <Cell><Data ss:Type="String">TEMPLATE_NAME_4</Data></Cell>
    <Cell><Data ss:Type="String">Névoa da Praga</Data></Cell>
    <Cell ss:Index="6" ss:StyleID="s63"/>
   </Row>
   <Row ss:AutoFitHeight="0">
    <Cell><Data ss:Type="String">BLIGHT_BRINGER</Data></Cell>
    <Cell><Data ss:Type="String">TEMPLATE_NAME_5</Data></Cell>
    <Cell><Data ss:Type="String">Apodrecedor de Túmulos</Data></Cell>
    <Cell ss:Index="6" ss:StyleID="s63"/>
   </Row>
   <Row ss:AutoFitHeight="0">
    <Cell><Data ss:Type="String">BLIGHT_BRINGER</Data></Cell>
    <Cell><Data ss:Type="String">TEMPLATE_NAME_6</Data></Cell>
    <Cell><Data ss:Type="String">Manto da Praga</Data></Cell>
    <Cell ss:Index="6" ss:StyleID="s63"/>
   </Row>
   <Row ss:AutoFitHeight="0">
    <Cell><Data ss:Type="String">BLIGHT_BRINGER</Data></Cell>
    <Cell><Data ss:Type="String">TEMPLATE_NAME_7</Data></Cell>
    <Cell><Data ss:Type="String">Morte Rastejante</Data></Cell>
    <Cell ss:Index="6" ss:StyleID="s63"/>
   </Row>
  </Table>
  <WorksheetOptions xmlns="urn:schemas-microsoft-com:office:excel">
   <Unsynced/>
   <Selected/>
   <TopRowVisible>16</TopRowVisible>
   <Panes>
    <Pane>
     <Number>3</Number>
     <ActiveRow>24</ActiveRow>
     <ActiveCol>3</ActiveCol>
    </Pane>
   </Panes>
   <ProtectObjects>False</ProtectObjects>
   <ProtectScenarios>False</ProtectScenarios>
  </WorksheetOptions>
 </Worksheet>
</Workbook>