<?xml version='1.0' encoding='UTF-8'?>
<?mso-application progid="Excel.Sheet"?><Workbook xmlns="urn:schemas-microsoft-com:office:spreadsheet" xmlns:o="urn:schemas-microsoft-com:office:office" xmlns:x="urn:schemas-microsoft-com:office:excel" xmlns:ss="urn:schemas-microsoft-com:office:spreadsheet" xmlns:html="http://www.w3.org/TR/REC-html40">
 <DocumentProperties xmlns="urn:schemas-microsoft-com:office:office">
  <LastAuthor>Glenn Smits</LastAuthor>
  <LastSaved>2019-02-25T08:56:52Z</LastSaved>
  <Version>15.00</Version>
 </DocumentProperties>
 <OfficeDocumentSettings xmlns="urn:schemas-microsoft-com:office:office">
  <AllowPNG/>
 </OfficeDocumentSettings>
 <ExcelWorkbook xmlns="urn:schemas-microsoft-com:office:excel">
  <WindowHeight>9000</WindowHeight>
  <WindowWidth>18405</WindowWidth>
  <WindowTopX>0</WindowTopX>
  <WindowTopY>0</WindowTopY>
  <ProtectStructure>False</ProtectStructure>
  <ProtectWindows>False</ProtectWindows>
 </ExcelWorkbook>
 <Styles>
  <Style ss:ID="Default" ss:Name="Normal">
   <Alignment ss:Vertical="Bottom"/>
   <Borders/>
   <Font ss:FontName="Calibri" x:Family="Swiss" ss:Size="11" ss:Color="#000000"/>
   <Interior/>
   <NumberFormat/>
   <Protection/>
  </Style>
  <Style ss:ID="s62">
   <Alignment ss:Vertical="Bottom" ss:WrapText="1"/>
  </Style>
 </Styles>
 <Worksheet ss:Name="Script">
  <Table ss:ExpandedColumnCount="6" ss:ExpandedRowCount="121" x:FullColumns="1" x:FullRows="1" ss:StyleID="s62" ss:DefaultRowHeight="15">
   <Column ss:StyleID="s62" ss:Width="129.75"/>
   <Column ss:StyleID="s62" ss:Width="39"/>
   <Column ss:StyleID="s62" ss:Width="81"/>
   <Column ss:StyleID="s62" ss:Width="147.75"/>
   <Column ss:StyleID="s62" ss:Width="237"/>
   <Column ss:StyleID="s62" ss:Width="120"/>
   <Row ss:AutoFitHeight="0" ss:Height="90">
    <Cell><Data ss:Type="String">VANGUARD_HEROES</Data></Cell>
    <Cell ss:Index="5"><Data ss:Type="String">The DEV TEAM / MISC NOTES column contains info on what text between { } signs means (if applicable). It usually stands for either a numeric value, or a numeric value with an icon. Text between [ ] signs stands for a certain type of icon. </Data></Cell>
   </Row>
   <Row ss:AutoFitHeight="0">
    <Cell><Data ss:Type="String">SCENE ID</Data></Cell>
    <Cell><Data ss:Type="String">TEXT ID</Data></Cell>
    <Cell><Data ss:Type="String">ENGLISH STRING</Data></Cell>
    <Cell><Data ss:Type="String">ALTERNATIVE ENGLISH STRING</Data></Cell>
    <Cell><Data ss:Type="String">LOCALIZATION NOTES</Data></Cell>
    <Cell><Data ss:Type="String">DEV TEAM / MISC NOTES</Data></Cell>
   </Row>
   <Row ss:AutoFitHeight="0" ss:Height="45">
    <Cell><Data ss:Type="String">LEADER_FIRSTNAME_01</Data></Cell>
    <Cell><Data ss:Type="String">NAME</Data></Cell>
    <Cell><Data ss:Type="String">Jack</Data></Cell>
    <Cell ss:Index="5"><Data ss:Type="String">Male
Transcribe - to non latin fonts - but do not localize</Data></Cell>
   </Row>
   <Row ss:AutoFitHeight="0" ss:Height="45">
    <Cell><Data ss:Type="String">LEADER_SECONDNAME_01</Data></Cell>
    <Cell><Data ss:Type="String">NAME</Data></Cell>
    <Cell><Data ss:Type="String">Gelder</Data></Cell>
    <Cell ss:Index="5"><Data ss:Type="String">Surname/Title
Transcribe - to non latin fonts - but do not localize</Data></Cell>
   </Row>
   <Row ss:AutoFitHeight="0" ss:Height="45">
    <Cell><Data ss:Type="String">LEADER_FIRSTNAME_02</Data></Cell>
    <Cell><Data ss:Type="String">NAME</Data></Cell>
    <Cell><Data ss:Type="String">Frank</Data></Cell>
    <Cell ss:Index="5"><Data ss:Type="String">Male
Transcribe - to non latin fonts - but do not localize</Data></Cell>
   </Row>
   <Row ss:AutoFitHeight="0" ss:Height="45">
    <Cell><Data ss:Type="String">LEADER_SECONDNAME_02</Data></Cell>
    <Cell><Data ss:Type="String">NAME</Data></Cell>
    <Cell><Data ss:Type="String">Vance</Data></Cell>
    <Cell ss:Index="5"><Data ss:Type="String">Surname/Title
Transcribe - to non latin fonts - but do not localize</Data></Cell>
   </Row>
   <Row ss:AutoFitHeight="0" ss:Height="45">
    <Cell><Data ss:Type="String">LEADER_FIRSTNAME_03</Data></Cell>
    <Cell><Data ss:Type="String">NAME</Data></Cell>
    <Cell><Data ss:Type="String">Aya</Data></Cell>
    <Cell ss:Index="5"><Data ss:Type="String">Female
Transcribe - to non latin fonts - but do not localize</Data></Cell>
   </Row>
   <Row ss:AutoFitHeight="0" ss:Height="45">
    <Cell><Data ss:Type="String">LEADER_SECONDNAME_03</Data></Cell>
    <Cell><Data ss:Type="String">NAME</Data></Cell>
    <Cell><Data ss:Type="String">Sashimoto</Data></Cell>
    <Cell ss:Index="5"><Data ss:Type="String">Surname/Title
Transcribe - to non latin fonts - but do not localize</Data></Cell>
   </Row>
   <Row ss:AutoFitHeight="0" ss:Height="45">
    <Cell><Data ss:Type="String">LEADER_FIRSTNAME_04</Data></Cell>
    <Cell><Data ss:Type="String">NAME</Data></Cell>
    <Cell><Data ss:Type="String">Michael</Data></Cell>
    <Cell ss:Index="5"><Data ss:Type="String">Male
Transcribe - to non latin fonts - but do not localize</Data></Cell>
   </Row>
   <Row ss:AutoFitHeight="0" ss:Height="45">
    <Cell><Data ss:Type="String">LEADER_SECONDNAME_04</Data></Cell>
    <Cell><Data ss:Type="String">NAME</Data></Cell>
    <Cell><Data ss:Type="String">Valentine</Data></Cell>
    <Cell ss:Index="5"><Data ss:Type="String">Surname/Title
Transcribe - to non latin fonts - but do not localize</Data></Cell>
   </Row>
   <Row ss:AutoFitHeight="0" ss:Height="45">
    <Cell><Data ss:Type="String">LEADER_FIRSTNAME_05</Data></Cell>
    <Cell><Data ss:Type="String">NAME</Data></Cell>
    <Cell><Data ss:Type="String">Huy</Data></Cell>
    <Cell ss:Index="5"><Data ss:Type="String">Male
Transcribe - to non latin fonts - but do not localize</Data></Cell>
   </Row>
   <Row ss:AutoFitHeight="0" ss:Height="45">
    <Cell><Data ss:Type="String">LEADER_SECONDNAME_05</Data></Cell>
    <Cell><Data ss:Type="String">NAME</Data></Cell>
    <Cell><Data ss:Type="String">Jiang</Data></Cell>
    <Cell ss:Index="5"><Data ss:Type="String">Surname/Title
Transcribe - to non latin fonts - but do not localize</Data></Cell>
   </Row>
   <Row ss:AutoFitHeight="0" ss:Height="45">
    <Cell><Data ss:Type="String">LEADER_FIRSTNAME_06</Data></Cell>
    <Cell><Data ss:Type="String">NAME</Data></Cell>
    <Cell><Data ss:Type="String">Eva</Data></Cell>
    <Cell ss:Index="5"><Data ss:Type="String">Female
Transcribe - to non latin fonts - but do not localize</Data></Cell>
   </Row>
   <Row ss:AutoFitHeight="0" ss:Height="45">
    <Cell><Data ss:Type="String">LEADER_SECONDNAME_06</Data></Cell>
    <Cell><Data ss:Type="String">NAME</Data></Cell>
    <Cell><Data ss:Type="String">Montinga</Data></Cell>
    <Cell ss:Index="5"><Data ss:Type="String">Surname/Title
Transcribe - to non latin fonts - but do not localize</Data></Cell>
   </Row>
   <Row ss:AutoFitHeight="0" ss:Height="45">
    <Cell><Data ss:Type="String">LEADER_FIRSTNAME_07</Data></Cell>
    <Cell><Data ss:Type="String">NAME</Data></Cell>
    <Cell><Data ss:Type="String">Nicole</Data></Cell>
    <Cell ss:Index="5"><Data ss:Type="String">Female
Transcribe - to non latin fonts - but do not localize</Data></Cell>
   </Row>
   <Row ss:AutoFitHeight="0" ss:Height="45">
    <Cell><Data ss:Type="String">LEADER_SECONDNAME_07</Data></Cell>
    <Cell><Data ss:Type="String">NAME</Data></Cell>
    <Cell><Data ss:Type="String">Crustus</Data></Cell>
    <Cell ss:Index="5"><Data ss:Type="String">Surname/Title
Transcribe - to non latin fonts - but do not localize</Data></Cell>
   </Row>
   <Row ss:AutoFitHeight="0" ss:Height="45">
    <Cell><Data ss:Type="String">LEADER_FIRSTNAME_08</Data></Cell>
    <Cell><Data ss:Type="String">NAME</Data></Cell>
    <Cell><Data ss:Type="String">Adam</Data></Cell>
    <Cell ss:Index="5"><Data ss:Type="String">Male
Transcribe - to non latin fonts - but do not localize</Data></Cell>
   </Row>
   <Row ss:AutoFitHeight="0" ss:Height="45">
    <Cell><Data ss:Type="String">LEADER_SECONDNAME_08</Data></Cell>
    <Cell><Data ss:Type="String">NAME</Data></Cell>
    <Cell><Data ss:Type="String">McKinley</Data></Cell>
    <Cell ss:Index="5"><Data ss:Type="String">Surname/Title
Transcribe - to non latin fonts - but do not localize</Data></Cell>
   </Row>
   <Row ss:AutoFitHeight="0" ss:Height="45">
    <Cell><Data ss:Type="String">LEADER_FIRSTNAME_09</Data></Cell>
    <Cell><Data ss:Type="String">NAME</Data></Cell>
    <Cell><Data ss:Type="String">Daiyu</Data></Cell>
    <Cell ss:Index="5"><Data ss:Type="String">Female
Transcribe - to non latin fonts - but do not localize</Data></Cell>
   </Row>
   <Row ss:AutoFitHeight="0" ss:Height="45">
    <Cell><Data ss:Type="String">LEADER_SECONDNAME_09</Data></Cell>
    <Cell><Data ss:Type="String">NAME</Data></Cell>
    <Cell><Data ss:Type="String">Jiang</Data></Cell>
    <Cell ss:Index="5"><Data ss:Type="String">Surname/Title
Transcribe - to non latin fonts - but do not localize</Data></Cell>
   </Row>
   <Row ss:Index="23" ss:AutoFitHeight="0" ss:Height="45">
    <Cell><Data ss:Type="String">HERO_FIRSTNAME_01</Data></Cell>
    <Cell><Data ss:Type="String">NAME</Data></Cell>
    <Cell><Data ss:Type="String">Ace</Data></Cell>
    <Cell ss:Index="5"><Data ss:Type="String">Male
Transcribe - to non latin fonts - but do not localize</Data></Cell>
   </Row>
   <Row ss:AutoFitHeight="0" ss:Height="45">
    <Cell><Data ss:Type="String">HERO_SECONDNAME_01</Data></Cell>
    <Cell><Data ss:Type="String">NAME</Data></Cell>
    <Cell><Data ss:Type="String">Balan</Data></Cell>
    <Cell ss:Index="5"><Data ss:Type="String">Surname/Title
Transcribe - to non latin fonts - but do not localize</Data></Cell>
   </Row>
   <Row ss:AutoFitHeight="0" ss:Height="45">
    <Cell><Data ss:Type="String">HERO_FIRSTNAME_02</Data></Cell>
    <Cell><Data ss:Type="String">NAME</Data></Cell>
    <Cell><Data ss:Type="String">Talia</Data></Cell>
    <Cell ss:Index="5"><Data ss:Type="String">Female
Transcribe - to non latin fonts - but do not localize</Data></Cell>
   </Row>
   <Row ss:AutoFitHeight="0" ss:Height="45">
    <Cell><Data ss:Type="String">HERO_SECONDNAME_02</Data></Cell>
    <Cell><Data ss:Type="String">NAME</Data></Cell>
    <Cell><Data ss:Type="String">Harker</Data></Cell>
    <Cell ss:Index="5"><Data ss:Type="String">Surname/Title
Transcribe - to non latin fonts - but do not localize</Data></Cell>
   </Row>
   <Row ss:AutoFitHeight="0" ss:Height="45">
    <Cell><Data ss:Type="String">HERO_FIRSTNAME_03</Data></Cell>
    <Cell><Data ss:Type="String">NAME</Data></Cell>
    <Cell><Data ss:Type="String">Wenceslao</Data></Cell>
    <Cell ss:Index="5"><Data ss:Type="String">Male
Transcribe - to non latin fonts - but do not localize</Data></Cell>
    <Cell><Data ss:Type="String">Randomizer only</Data></Cell>
   </Row>
   <Row ss:AutoFitHeight="0" ss:Height="45">
    <Cell><Data ss:Type="String">HERO_SECONDNAME_03</Data></Cell>
    <Cell><Data ss:Type="String">NAME</Data></Cell>
    <Cell><Data ss:Type="String">Mogello</Data></Cell>
    <Cell ss:Index="5"><Data ss:Type="String">Surname/Title
Transcribe - to non latin fonts - but do not localize</Data></Cell>
    <Cell><Data ss:Type="String">Randomizer only</Data></Cell>
   </Row>
   <Row ss:AutoFitHeight="0" ss:Height="45">
    <Cell><Data ss:Type="String">HERO_FIRSTNAME_04</Data></Cell>
    <Cell><Data ss:Type="String">NAME</Data></Cell>
    <Cell><Data ss:Type="String">Fayden</Data></Cell>
    <Cell ss:Index="5"><Data ss:Type="String">Female
Transcribe - to non latin fonts - but do not localize</Data></Cell>
   </Row>
   <Row ss:AutoFitHeight="0" ss:Height="45">
    <Cell><Data ss:Type="String">HERO_SECONDNAME_04</Data></Cell>
    <Cell><Data ss:Type="String">NAME</Data></Cell>
    <Cell><Data ss:Type="String">Donovan</Data></Cell>
    <Cell ss:Index="5"><Data ss:Type="String">Surname/Title
Transcribe - to non latin fonts - but do not localize</Data></Cell>
   </Row>
   <Row ss:AutoFitHeight="0" ss:Height="45">
    <Cell><Data ss:Type="String">HERO_FIRSTNAME_05</Data></Cell>
    <Cell><Data ss:Type="String">NAME</Data></Cell>
    <Cell><Data ss:Type="String">Hashim</Data></Cell>
    <Cell ss:Index="5"><Data ss:Type="String">Male
Transcribe - to non latin fonts - but do not localize</Data></Cell>
    <Cell><Data ss:Type="String">Randomizer only</Data></Cell>
   </Row>
   <Row ss:AutoFitHeight="0" ss:Height="45">
    <Cell><Data ss:Type="String">HERO_SECONDNAME_05</Data></Cell>
    <Cell><Data ss:Type="String">NAME</Data></Cell>
    <Cell><Data ss:Type="String">Gladstone</Data></Cell>
    <Cell ss:Index="5"><Data ss:Type="String">Surname/Title
Transcribe - to non latin fonts - but do not localize</Data></Cell>
    <Cell><Data ss:Type="String">Randomizer only</Data></Cell>
   </Row>
   <Row ss:AutoFitHeight="0" ss:Height="45">
    <Cell><Data ss:Type="String">HERO_FIRSTNAME_06</Data></Cell>
    <Cell><Data ss:Type="String">NAME</Data></Cell>
    <Cell><Data ss:Type="String">Mara</Data></Cell>
    <Cell ss:Index="5"><Data ss:Type="String">Female
Transcribe - to non latin fonts - but do not localize</Data></Cell>
   </Row>
   <Row ss:AutoFitHeight="0" ss:Height="45">
    <Cell><Data ss:Type="String">HERO_SECONDNAME_06</Data></Cell>
    <Cell><Data ss:Type="String">NAME</Data></Cell>
    <Cell><Data ss:Type="String">Jacen</Data></Cell>
    <Cell ss:Index="5"><Data ss:Type="String">Surname/Title
Transcribe - to non latin fonts - but do not localize</Data></Cell>
   </Row>
   <Row ss:AutoFitHeight="0" ss:Height="45">
    <Cell><Data ss:Type="String">HERO_FIRSTNAME_07</Data></Cell>
    <Cell><Data ss:Type="String">NAME</Data></Cell>
    <Cell><Data ss:Type="String">James</Data></Cell>
    <Cell ss:Index="5"><Data ss:Type="String">Male
Transcribe - to non latin fonts - but do not localize</Data></Cell>
    <Cell><Data ss:Type="String">Randomizer only</Data></Cell>
   </Row>
   <Row ss:AutoFitHeight="0" ss:Height="45">
    <Cell><Data ss:Type="String">HERO_SECONDNAME_07</Data></Cell>
    <Cell><Data ss:Type="String">NAME</Data></Cell>
    <Cell><Data ss:Type="String">Green</Data></Cell>
    <Cell ss:Index="5"><Data ss:Type="String">Surname/Title
Transcribe - to non latin fonts - but do not localize</Data></Cell>
    <Cell><Data ss:Type="String">Randomizer only</Data></Cell>
   </Row>
   <Row ss:AutoFitHeight="0" ss:Height="45">
    <Cell><Data ss:Type="String">HERO_FIRSTNAME_08</Data></Cell>
    <Cell><Data ss:Type="String">NAME</Data></Cell>
    <Cell><Data ss:Type="String">Romana</Data></Cell>
    <Cell ss:Index="5"><Data ss:Type="String">Female
Transcribe - to non latin fonts - but do not localize</Data></Cell>
   </Row>
   <Row ss:AutoFitHeight="0" ss:Height="45">
    <Cell><Data ss:Type="String">HERO_SECONDNAME_08</Data></Cell>
    <Cell><Data ss:Type="String">NAME</Data></Cell>
    <Cell><Data ss:Type="String">Regnant</Data></Cell>
    <Cell ss:Index="5"><Data ss:Type="String">Surname/Title
Transcribe - to non latin fonts - but do not localize</Data></Cell>
   </Row>
   <Row ss:AutoFitHeight="0" ss:Height="45">
    <Cell><Data ss:Type="String">HERO_FIRSTNAME_09</Data></Cell>
    <Cell><Data ss:Type="String">NAME</Data></Cell>
    <Cell><Data ss:Type="String">Hyun</Data></Cell>
    <Cell ss:Index="5"><Data ss:Type="String">Male
Transcribe - to non latin fonts - but do not localize</Data></Cell>
    <Cell><Data ss:Type="String">Randomizer only</Data></Cell>
   </Row>
   <Row ss:AutoFitHeight="0" ss:Height="45">
    <Cell><Data ss:Type="String">HERO_SECONDNAME_09</Data></Cell>
    <Cell><Data ss:Type="String">NAME</Data></Cell>
    <Cell><Data ss:Type="String">Kang</Data></Cell>
    <Cell ss:Index="5"><Data ss:Type="String">Surname/Title
Transcribe - to non latin fonts - but do not localize</Data></Cell>
    <Cell><Data ss:Type="String">Randomizer only</Data></Cell>
   </Row>
   <Row ss:AutoFitHeight="0" ss:Height="45">
    <Cell><Data ss:Type="String">HERO_FIRSTNAME_10</Data></Cell>
    <Cell><Data ss:Type="String">NAME</Data></Cell>
    <Cell><Data ss:Type="String">Amanda</Data></Cell>
    <Cell ss:Index="5"><Data ss:Type="String">Female
Transcribe - to non latin fonts - but do not localize</Data></Cell>
    <Cell><Data ss:Type="String">Randomizer only</Data></Cell>
   </Row>
   <Row ss:AutoFitHeight="0" ss:Height="45">
    <Cell><Data ss:Type="String">HERO_SECONDNAME_10</Data></Cell>
    <Cell><Data ss:Type="String">NAME</Data></Cell>
    <Cell><Data ss:Type="String">Grove</Data></Cell>
    <Cell ss:Index="5"><Data ss:Type="String">Surname/Title
Transcribe - to non latin fonts - but do not localize</Data></Cell>
    <Cell><Data ss:Type="String">Randomizer only</Data></Cell>
   </Row>
   <Row ss:AutoFitHeight="0" ss:Height="45">
    <Cell><Data ss:Type="String">HERO_FIRSTNAME_11</Data></Cell>
    <Cell><Data ss:Type="String">NAME</Data></Cell>
    <Cell><Data ss:Type="String">Vincent</Data></Cell>
    <Cell ss:Index="5"><Data ss:Type="String">Male
Transcribe - to non latin fonts - but do not localize</Data></Cell>
    <Cell><Data ss:Type="String">Randomizer only</Data></Cell>
   </Row>
   <Row ss:AutoFitHeight="0" ss:Height="45">
    <Cell><Data ss:Type="String">HERO_SECONDNAME_11</Data></Cell>
    <Cell><Data ss:Type="String">NAME</Data></Cell>
    <Cell><Data ss:Type="String">Rodriguez</Data></Cell>
    <Cell ss:Index="5"><Data ss:Type="String">Surname/Title
Transcribe - to non latin fonts - but do not localize</Data></Cell>
    <Cell><Data ss:Type="String">Randomizer only</Data></Cell>
   </Row>
   <Row ss:AutoFitHeight="0" ss:Height="45">
    <Cell><Data ss:Type="String">HERO_FIRSTNAME_12</Data></Cell>
    <Cell><Data ss:Type="String">NAME</Data></Cell>
    <Cell><Data ss:Type="String">Reina</Data></Cell>
    <Cell ss:Index="5"><Data ss:Type="String">Female
Transcribe - to non latin fonts - but do not localize</Data></Cell>
    <Cell><Data ss:Type="String">Randomizer only</Data></Cell>
   </Row>
   <Row ss:AutoFitHeight="0" ss:Height="45">
    <Cell><Data ss:Type="String">HERO_SECONDNAME_12</Data></Cell>
    <Cell><Data ss:Type="String">NAME</Data></Cell>
    <Cell><Data ss:Type="String">Martinez</Data></Cell>
    <Cell ss:Index="5"><Data ss:Type="String">Surname/Title
Transcribe - to non latin fonts - but do not localize</Data></Cell>
    <Cell><Data ss:Type="String">Randomizer only</Data></Cell>
   </Row>
   <Row ss:AutoFitHeight="0" ss:Height="45">
    <Cell><Data ss:Type="String">HERO_FIRSTNAME_13</Data></Cell>
    <Cell><Data ss:Type="String">NAME</Data></Cell>
    <Cell><Data ss:Type="String">Jean</Data></Cell>
    <Cell ss:Index="5"><Data ss:Type="String">Male
Transcribe - to non latin fonts - but do not localize</Data></Cell>
    <Cell><Data ss:Type="String">Randomizer only</Data></Cell>
   </Row>
   <Row ss:AutoFitHeight="0" ss:Height="45">
    <Cell><Data ss:Type="String">HERO_SECONDNAME_13</Data></Cell>
    <Cell><Data ss:Type="String">NAME</Data></Cell>
    <Cell><Data ss:Type="String">Chung</Data></Cell>
    <Cell ss:Index="5"><Data ss:Type="String">Surname/Title
Transcribe - to non latin fonts - but do not localize</Data></Cell>
    <Cell><Data ss:Type="String">Randomizer only</Data></Cell>
   </Row>
   <Row ss:AutoFitHeight="0" ss:Height="45">
    <Cell><Data ss:Type="String">HERO_FIRSTNAME_14</Data></Cell>
    <Cell><Data ss:Type="String">NAME</Data></Cell>
    <Cell><Data ss:Type="String">Miranda</Data></Cell>
    <Cell ss:Index="5"><Data ss:Type="String">Female
Transcribe - to non latin fonts - but do not localize</Data></Cell>
    <Cell><Data ss:Type="String">Randomizer only</Data></Cell>
   </Row>
   <Row ss:AutoFitHeight="0" ss:Height="45">
    <Cell><Data ss:Type="String">HERO_SECONDNAME_14</Data></Cell>
    <Cell><Data ss:Type="String">NAME</Data></Cell>
    <Cell><Data ss:Type="String">Ripley</Data></Cell>
    <Cell ss:Index="5"><Data ss:Type="String">Surname/Title
Transcribe - to non latin fonts - but do not localize</Data></Cell>
    <Cell><Data ss:Type="String">Randomizer only</Data></Cell>
   </Row>
   <Row ss:AutoFitHeight="0" ss:Height="45">
    <Cell><Data ss:Type="String">HERO_FIRSTNAME_15</Data></Cell>
    <Cell><Data ss:Type="String">NAME</Data></Cell>
    <Cell><Data ss:Type="String">Min-jun</Data></Cell>
    <Cell ss:Index="5"><Data ss:Type="String">Male
Transcribe - to non latin fonts - but do not localize</Data></Cell>
    <Cell><Data ss:Type="String">Randomizer only</Data></Cell>
   </Row>
   <Row ss:AutoFitHeight="0" ss:Height="45">
    <Cell><Data ss:Type="String">HERO_SECONDNAME_15</Data></Cell>
    <Cell><Data ss:Type="String">NAME</Data></Cell>
    <Cell><Data ss:Type="String">Kim</Data></Cell>
    <Cell ss:Index="5"><Data ss:Type="String">Surname/Title
Transcribe - to non latin fonts - but do not localize</Data></Cell>
    <Cell><Data ss:Type="String">Randomizer only</Data></Cell>
   </Row>
   <Row ss:AutoFitHeight="0" ss:Height="45">
    <Cell><Data ss:Type="String">HERO_FIRSTNAME_16</Data></Cell>
    <Cell><Data ss:Type="String">NAME</Data></Cell>
    <Cell><Data ss:Type="String">Seo-yeon</Data></Cell>
    <Cell ss:Index="5"><Data ss:Type="String">Female
Transcribe - to non latin fonts - but do not localize</Data></Cell>
    <Cell><Data ss:Type="String">Randomizer only</Data></Cell>
   </Row>
   <Row ss:AutoFitHeight="0" ss:Height="45">
    <Cell><Data ss:Type="String">HERO_SECONDNAME_16</Data></Cell>
    <Cell><Data ss:Type="String">NAME</Data></Cell>
    <Cell><Data ss:Type="String">Lee</Data></Cell>
    <Cell ss:Index="5"><Data ss:Type="String">Surname/Title
Transcribe - to non latin fonts - but do not localize</Data></Cell>
    <Cell><Data ss:Type="String">Randomizer only</Data></Cell>
   </Row>
   <Row ss:AutoFitHeight="0" ss:Height="45">
    <Cell><Data ss:Type="String">HERO_FIRSTNAME_17</Data></Cell>
    <Cell><Data ss:Type="String">NAME</Data></Cell>
    <Cell><Data ss:Type="String">Donnie</Data></Cell>
    <Cell ss:Index="5"><Data ss:Type="String">Male
Transcribe - to non latin fonts - but do not localize</Data></Cell>
    <Cell><Data ss:Type="String">Randomizer only</Data></Cell>
   </Row>
   <Row ss:AutoFitHeight="0" ss:Height="45">
    <Cell><Data ss:Type="String">HERO_SECONDNAME_17</Data></Cell>
    <Cell><Data ss:Type="String">NAME</Data></Cell>
    <Cell><Data ss:Type="String">Lee</Data></Cell>
    <Cell ss:Index="5"><Data ss:Type="String">Surname/Title
Transcribe - to non latin fonts - but do not localize</Data></Cell>
    <Cell><Data ss:Type="String">Randomizer only</Data></Cell>
   </Row>
   <Row ss:AutoFitHeight="0" ss:Height="45">
    <Cell><Data ss:Type="String">HERO_FIRSTNAME_18</Data></Cell>
    <Cell><Data ss:Type="String">NAME</Data></Cell>
    <Cell><Data ss:Type="String">Emily</Data></Cell>
    <Cell ss:Index="5"><Data ss:Type="String">Female
Transcribe - to non latin fonts - but do not localize</Data></Cell>
    <Cell><Data ss:Type="String">Randomizer only</Data></Cell>
   </Row>
   <Row ss:AutoFitHeight="0" ss:Height="45">
    <Cell><Data ss:Type="String">HERO_SECONDNAME_18</Data></Cell>
    <Cell><Data ss:Type="String">NAME</Data></Cell>
    <Cell><Data ss:Type="String">Yu</Data></Cell>
    <Cell ss:Index="5"><Data ss:Type="String">Surname/Title
Transcribe - to non latin fonts - but do not localize</Data></Cell>
    <Cell><Data ss:Type="String">Randomizer only</Data></Cell>
   </Row>
   <Row ss:AutoFitHeight="0" ss:Height="45">
    <Cell><Data ss:Type="String">HERO_FIRSTNAME_19</Data></Cell>
    <Cell><Data ss:Type="String">NAME</Data></Cell>
    <Cell><Data ss:Type="String">Burgen</Data></Cell>
    <Cell ss:Index="5"><Data ss:Type="String">Male
Transcribe - to non latin fonts - but do not localize</Data></Cell>
    <Cell><Data ss:Type="String">Randomizer only</Data></Cell>
   </Row>
   <Row ss:AutoFitHeight="0" ss:Height="45">
    <Cell><Data ss:Type="String">HERO_SECONDNAME_19</Data></Cell>
    <Cell><Data ss:Type="String">NAME</Data></Cell>
    <Cell><Data ss:Type="String">Shale</Data></Cell>
    <Cell ss:Index="5"><Data ss:Type="String">Surname/Title
Transcribe - to non latin fonts - but do not localize</Data></Cell>
    <Cell><Data ss:Type="String">Randomizer only</Data></Cell>
   </Row>
   <Row ss:AutoFitHeight="0" ss:Height="45">
    <Cell><Data ss:Type="String">HERO_FIRSTNAME_20</Data></Cell>
    <Cell><Data ss:Type="String">NAME</Data></Cell>
    <Cell><Data ss:Type="String">Kana</Data></Cell>
    <Cell ss:Index="5"><Data ss:Type="String">Female
Transcribe - to non latin fonts - but do not localize</Data></Cell>
    <Cell><Data ss:Type="String">Randomizer only</Data></Cell>
   </Row>
   <Row ss:AutoFitHeight="0" ss:Height="45">
    <Cell><Data ss:Type="String">HERO_SECONDNAME_20</Data></Cell>
    <Cell><Data ss:Type="String">NAME</Data></Cell>
    <Cell><Data ss:Type="String">Yamada</Data></Cell>
    <Cell ss:Index="5"><Data ss:Type="String">Surname/Title
Transcribe - to non latin fonts - but do not localize</Data></Cell>
    <Cell><Data ss:Type="String">Randomizer only</Data></Cell>
   </Row>
   <Row ss:AutoFitHeight="0" ss:Height="45">
    <Cell><Data ss:Type="String">HERO_FIRSTNAME_21</Data></Cell>
    <Cell><Data ss:Type="String">NAME</Data></Cell>
    <Cell><Data ss:Type="String">Bale</Data></Cell>
    <Cell ss:Index="5"><Data ss:Type="String">Male
Transcribe - to non latin fonts - but do not localize</Data></Cell>
    <Cell><Data ss:Type="String">Randomizer only</Data></Cell>
   </Row>
   <Row ss:AutoFitHeight="0" ss:Height="45">
    <Cell><Data ss:Type="String">HERO_SECONDNAME_21</Data></Cell>
    <Cell><Data ss:Type="String">NAME</Data></Cell>
    <Cell><Data ss:Type="String">Coleman</Data></Cell>
    <Cell ss:Index="5"><Data ss:Type="String">Surname/Title
Transcribe - to non latin fonts - but do not localize</Data></Cell>
    <Cell><Data ss:Type="String">Randomizer only</Data></Cell>
   </Row>
   <Row ss:AutoFitHeight="0" ss:Height="45">
    <Cell><Data ss:Type="String">HERO_FIRSTNAME_22</Data></Cell>
    <Cell><Data ss:Type="String">NAME</Data></Cell>
    <Cell><Data ss:Type="String">Leyla</Data></Cell>
    <Cell ss:Index="5"><Data ss:Type="String">Female
Transcribe - to non latin fonts - but do not localize</Data></Cell>
    <Cell><Data ss:Type="String">Randomizer only</Data></Cell>
   </Row>
   <Row ss:AutoFitHeight="0" ss:Height="45">
    <Cell><Data ss:Type="String">HERO_SECONDNAME_22</Data></Cell>
    <Cell><Data ss:Type="String">NAME</Data></Cell>
    <Cell><Data ss:Type="String">Ismail</Data></Cell>
    <Cell ss:Index="5"><Data ss:Type="String">Surname/Title
Transcribe - to non latin fonts - but do not localize</Data></Cell>
    <Cell><Data ss:Type="String">Randomizer only</Data></Cell>
   </Row>
   <Row ss:AutoFitHeight="0" ss:Height="45">
    <Cell><Data ss:Type="String">HERO_FIRSTNAME_23</Data></Cell>
    <Cell><Data ss:Type="String">NAME</Data></Cell>
    <Cell><Data ss:Type="String">John</Data></Cell>
    <Cell ss:Index="5"><Data ss:Type="String">Male
Transcribe - to non latin fonts - but do not localize</Data></Cell>
    <Cell><Data ss:Type="String">Randomizer only</Data></Cell>
   </Row>
   <Row ss:AutoFitHeight="0" ss:Height="45">
    <Cell><Data ss:Type="String">HERO_SECONDNAME_23</Data></Cell>
    <Cell><Data ss:Type="String">NAME</Data></Cell>
    <Cell><Data ss:Type="String">Lister</Data></Cell>
    <Cell ss:Index="5"><Data ss:Type="String">Surname/Title
Transcribe - to non latin fonts - but do not localize</Data></Cell>
    <Cell><Data ss:Type="String">Randomizer only</Data></Cell>
   </Row>
   <Row ss:AutoFitHeight="0" ss:Height="45">
    <Cell><Data ss:Type="String">HERO_FIRSTNAME_24</Data></Cell>
    <Cell><Data ss:Type="String">NAME</Data></Cell>
    <Cell><Data ss:Type="String">Jill</Data></Cell>
    <Cell ss:Index="5"><Data ss:Type="String">Female
Transcribe - to non latin fonts - but do not localize</Data></Cell>
    <Cell><Data ss:Type="String">Randomizer only</Data></Cell>
   </Row>
   <Row ss:AutoFitHeight="0" ss:Height="45">
    <Cell><Data ss:Type="String">HERO_SECONDNAME_24</Data></Cell>
    <Cell><Data ss:Type="String">NAME</Data></Cell>
    <Cell><Data ss:Type="String">O'Connor</Data></Cell>
    <Cell ss:Index="5"><Data ss:Type="String">Surname/Title
Transcribe - to non latin fonts - but do not localize</Data></Cell>
    <Cell><Data ss:Type="String">Randomizer only</Data></Cell>
   </Row>
   <Row ss:AutoFitHeight="0" ss:Height="45">
    <Cell><Data ss:Type="String">HERO_FIRSTNAME_25</Data></Cell>
    <Cell><Data ss:Type="String">NAME</Data></Cell>
    <Cell><Data ss:Type="String">Robert</Data></Cell>
    <Cell ss:Index="5"><Data ss:Type="String">Male
Transcribe - to non latin fonts - but do not localize</Data></Cell>
    <Cell><Data ss:Type="String">Randomizer only</Data></Cell>
   </Row>
   <Row ss:AutoFitHeight="0" ss:Height="45">
    <Cell><Data ss:Type="String">HERO_SECONDNAME_25</Data></Cell>
    <Cell><Data ss:Type="String">NAME</Data></Cell>
    <Cell><Data ss:Type="String">Strong</Data></Cell>
    <Cell ss:Index="5"><Data ss:Type="String">Surname/Title
Transcribe - to non latin fonts - but do not localize</Data></Cell>
    <Cell><Data ss:Type="String">Randomizer only</Data></Cell>
   </Row>
   <Row ss:AutoFitHeight="0" ss:Height="45">
    <Cell><Data ss:Type="String">HERO_FIRSTNAME_26</Data></Cell>
    <Cell><Data ss:Type="String">NAME</Data></Cell>
    <Cell><Data ss:Type="String">Chiye</Data></Cell>
    <Cell ss:Index="5"><Data ss:Type="String">Female
Transcribe - to non latin fonts - but do not localize</Data></Cell>
    <Cell><Data ss:Type="String">Randomizer only</Data></Cell>
   </Row>
   <Row ss:AutoFitHeight="0" ss:Height="45">
    <Cell><Data ss:Type="String">HERO_SECONDNAME_26</Data></Cell>
    <Cell><Data ss:Type="String">NAME</Data></Cell>
    <Cell><Data ss:Type="String">Park</Data></Cell>
    <Cell ss:Index="5"><Data ss:Type="String">Surname/Title
Transcribe - to non latin fonts - but do not localize</Data></Cell>
    <Cell><Data ss:Type="String">Randomizer only</Data></Cell>
   </Row>
   <Row ss:AutoFitHeight="0" ss:Height="45">
    <Cell><Data ss:Type="String">HERO_FIRSTNAME_27</Data></Cell>
    <Cell><Data ss:Type="String">NAME</Data></Cell>
    <Cell><Data ss:Type="String">Tony</Data></Cell>
    <Cell ss:Index="5"><Data ss:Type="String">Male
Transcribe - to non latin fonts - but do not localize</Data></Cell>
    <Cell><Data ss:Type="String">Randomizer only</Data></Cell>
   </Row>
   <Row ss:AutoFitHeight="0" ss:Height="45">
    <Cell><Data ss:Type="String">HERO_FIRSTNAME_28</Data></Cell>
    <Cell><Data ss:Type="String">NAME</Data></Cell>
    <Cell><Data ss:Type="String">Jane</Data></Cell>
    <Cell ss:Index="5"><Data ss:Type="String">Female
Transcribe - to non latin fonts - but do not localize</Data></Cell>
    <Cell><Data ss:Type="String">Randomizer only</Data></Cell>
   </Row>
   <Row ss:AutoFitHeight="0" ss:Height="45">
    <Cell><Data ss:Type="String">HERO_SECONDNAME_28</Data></Cell>
    <Cell><Data ss:Type="String">NAME</Data></Cell>
    <Cell><Data ss:Type="String">Choi</Data></Cell>
    <Cell ss:Index="5"><Data ss:Type="String">Surname/Title
Transcribe - to non latin fonts - but do not localize</Data></Cell>
    <Cell><Data ss:Type="String">Randomizer only</Data></Cell>
   </Row>
   <Row ss:AutoFitHeight="0" ss:Height="45">
    <Cell><Data ss:Type="String">HERO_FIRSTNAME_29</Data></Cell>
    <Cell><Data ss:Type="String">NAME</Data></Cell>
    <Cell><Data ss:Type="String">Harvard</Data></Cell>
    <Cell ss:Index="5"><Data ss:Type="String">Male
Transcribe - to non latin fonts - but do not localize</Data></Cell>
    <Cell><Data ss:Type="String">Randomizer only</Data></Cell>
   </Row>
   <Row ss:AutoFitHeight="0" ss:Height="45">
    <Cell><Data ss:Type="String">HERO_SECONDNAME_29</Data></Cell>
    <Cell><Data ss:Type="String">NAME</Data></Cell>
    <Cell><Data ss:Type="String">Smythe</Data></Cell>
    <Cell ss:Index="5"><Data ss:Type="String">Surname/Title
Transcribe - to non latin fonts - but do not localize</Data></Cell>
    <Cell><Data ss:Type="String">Randomizer only</Data></Cell>
   </Row>
   <Row ss:AutoFitHeight="0" ss:Height="45">
    <Cell><Data ss:Type="String">HERO_FIRSTNAME_30</Data></Cell>
    <Cell><Data ss:Type="String">NAME</Data></Cell>
    <Cell><Data ss:Type="String">Alexis</Data></Cell>
    <Cell ss:Index="5"><Data ss:Type="String">Female
Transcribe - to non latin fonts - but do not localize</Data></Cell>
    <Cell><Data ss:Type="String">Randomizer only</Data></Cell>
   </Row>
   <Row ss:AutoFitHeight="0" ss:Height="45">
    <Cell><Data ss:Type="String">HERO_SECONDNAME_30</Data></Cell>
    <Cell><Data ss:Type="String">NAME</Data></Cell>
    <Cell><Data ss:Type="String">Peters</Data></Cell>
    <Cell ss:Index="5"><Data ss:Type="String">Surname/Title
Transcribe - to non latin fonts - but do not localize</Data></Cell>
    <Cell><Data ss:Type="String">Randomizer only</Data></Cell>
   </Row>
   <Row ss:Index="84" ss:AutoFitHeight="0" ss:Height="45">
    <Cell><Data ss:Type="String">HERO_FIRSTNAME_31</Data></Cell>
    <Cell><Data ss:Type="String">NAME</Data></Cell>
    <Cell><Data ss:Type="String">Daiyu</Data></Cell>
    <Cell ss:Index="5"><Data ss:Type="String">Female
Transcribe - to non latin fonts - but do not localize</Data></Cell>
   </Row>
   <Row ss:AutoFitHeight="0" ss:Height="45">
    <Cell><Data ss:Type="String">HERO_SECONDNAME_31</Data></Cell>
    <Cell><Data ss:Type="String">NAME</Data></Cell>
    <Cell><Data ss:Type="String">Jiang</Data></Cell>
    <Cell ss:Index="5"><Data ss:Type="String">Surname/Title
Transcribe - to non latin fonts - but do not localize</Data></Cell>
   </Row>
   <Row ss:AutoFitHeight="0" ss:Height="45">
    <Cell><Data ss:Type="String">HERO_FIRSTNAME_32</Data></Cell>
    <Cell><Data ss:Type="String">NAME</Data></Cell>
    <Cell><Data ss:Type="String">Anna</Data></Cell>
    <Cell ss:Index="5"><Data ss:Type="String">Female
Transcribe - to non latin fonts - but do not localize</Data></Cell>
   </Row>
   <Row ss:AutoFitHeight="0" ss:Height="45">
    <Cell><Data ss:Type="String">HERO_SECONDNAME_32</Data></Cell>
    <Cell><Data ss:Type="String">NAME</Data></Cell>
    <Cell><Data ss:Type="String">Smithson</Data></Cell>
    <Cell ss:Index="5"><Data ss:Type="String">Surname/Title
Transcribe - to non latin fonts - but do not localize</Data></Cell>
   </Row>
   <Row ss:AutoFitHeight="0" ss:Height="45">
    <Cell><Data ss:Type="String">HERO_FIRSTNAME_33</Data></Cell>
    <Cell><Data ss:Type="String">NAME</Data></Cell>
    <Cell><Data ss:Type="String">Erich</Data></Cell>
    <Cell ss:Index="5"><Data ss:Type="String">Male
Transcribe - to non latin fonts - but do not localize</Data></Cell>
   </Row>
   <Row ss:AutoFitHeight="0" ss:Height="45">
    <Cell><Data ss:Type="String">HERO_SECONDNAME_33</Data></Cell>
    <Cell><Data ss:Type="String">NAME</Data></Cell>
    <Cell><Data ss:Type="String">Wolf</Data></Cell>
    <Cell ss:Index="5"><Data ss:Type="String">Surname/Title
Transcribe - to non latin fonts - but do not localize</Data></Cell>
   </Row>
   <Row ss:Index="94" ss:AutoFitHeight="0" ss:Height="45">
    <Cell><Data ss:Type="String">HERO_FIRSTNAME_35</Data></Cell>
    <Cell><Data ss:Type="String">NAME</Data></Cell>
    <Cell><Data ss:Type="String">Olivia</Data></Cell>
    <Cell ss:Index="5"><Data ss:Type="String">Female
Transcribe - to non latin fonts - but do not localize</Data></Cell>
   </Row>
   <Row ss:AutoFitHeight="0" ss:Height="45">
    <Cell><Data ss:Type="String">HERO_SECONDNAME_35</Data></Cell>
    <Cell><Data ss:Type="String">NAME</Data></Cell>
    <Cell><Data ss:Type="String">Donovan</Data></Cell>
    <Cell ss:Index="5"><Data ss:Type="String">Surname/Title
Transcribe - to non latin fonts - but do not localize</Data></Cell>
   </Row>
   <Row ss:AutoFitHeight="0" ss:Height="45">
    <Cell><Data ss:Type="String">HERO_FIRSTNAME_36</Data></Cell>
    <Cell><Data ss:Type="String">NAME</Data></Cell>
    <Cell><Data ss:Type="String">William</Data></Cell>
    <Cell ss:Index="5"><Data ss:Type="String">Male
Transcribe - to non latin fonts - but do not localize</Data></Cell>
   </Row>
   <Row ss:AutoFitHeight="0" ss:Height="45">
    <Cell><Data ss:Type="String">HERO_SECONDNAME_36</Data></Cell>
    <Cell><Data ss:Type="String">NAME</Data></Cell>
    <Cell><Data ss:Type="String">Sivits</Data></Cell>
    <Cell ss:Index="5"><Data ss:Type="String">Surname/Title
Transcribe - to non latin fonts - but do not localize</Data></Cell>
   </Row>
   <Row ss:AutoFitHeight="0" ss:Height="45">
    <Cell><Data ss:Type="String">HERO_FIRSTNAME_37</Data></Cell>
    <Cell><Data ss:Type="String">NAME</Data></Cell>
    <Cell><Data ss:Type="String">Samuel</Data></Cell>
    <Cell ss:Index="5"><Data ss:Type="String">Male
Transcribe - to non latin fonts - but do not localize</Data></Cell>
   </Row>
   <Row ss:AutoFitHeight="0" ss:Height="45">
    <Cell><Data ss:Type="String">HERO_SECONDNAME_37</Data></Cell>
    <Cell><Data ss:Type="String">NAME</Data></Cell>
    <Cell><Data ss:Type="String">Mendez</Data></Cell>
    <Cell ss:Index="5"><Data ss:Type="String">Surname/Title
Transcribe - to non latin fonts - but do not localize</Data></Cell>
   </Row>
   <Row ss:AutoFitHeight="0" ss:Height="45">
    <Cell><Data ss:Type="String">HERO_FIRSTNAME_38</Data></Cell>
    <Cell><Data ss:Type="String">NAME</Data></Cell>
    <Cell><Data ss:Type="String">Lisa</Data></Cell>
    <Cell ss:Index="5"><Data ss:Type="String">Female
Transcribe - to non latin fonts - but do not localize</Data></Cell>
   </Row>
   <Row ss:AutoFitHeight="0" ss:Height="45">
    <Cell><Data ss:Type="String">HERO_SECONDNAME_38</Data></Cell>
    <Cell><Data ss:Type="String">NAME</Data></Cell>
    <Cell><Data ss:Type="String">Walker</Data></Cell>
    <Cell ss:Index="5"><Data ss:Type="String">Surname/Title
Transcribe - to non latin fonts - but do not localize</Data></Cell>
   </Row>
   <Row ss:AutoFitHeight="0" ss:Height="45">
    <Cell><Data ss:Type="String">HERO_FIRSTNAME_39</Data></Cell>
    <Cell><Data ss:Type="String">NAME</Data></Cell>
    <Cell><Data ss:Type="String">Elija</Data></Cell>
    <Cell ss:Index="5"><Data ss:Type="String">Male
Transcribe - to non latin fonts - but do not localize</Data></Cell>
   </Row>
   <Row ss:AutoFitHeight="0" ss:Height="45">
    <Cell><Data ss:Type="String">HERO_SECONDNAME_39</Data></Cell>
    <Cell><Data ss:Type="String">NAME</Data></Cell>
    <Cell><Data ss:Type="String">"Duggles" Douglas</Data></Cell>
    <Cell ss:Index="5"><Data ss:Type="String">Surname/Title
Transcribe - to non latin fonts - but do not localize</Data></Cell>
   </Row>
   <Row ss:AutoFitHeight="0" ss:Height="45">
    <Cell><Data ss:Type="String">HERO_FIRSTNAME_40</Data></Cell>
    <Cell><Data ss:Type="String">NAME</Data></Cell>
    <Cell><Data ss:Type="String">Jennifer</Data></Cell>
    <Cell ss:Index="5"><Data ss:Type="String">Female
Transcribe - to non latin fonts - but do not localize</Data></Cell>
   </Row>
   <Row ss:AutoFitHeight="0" ss:Height="45">
    <Cell><Data ss:Type="String">HERO_SECONDNAME_40</Data></Cell>
    <Cell><Data ss:Type="String">NAME</Data></Cell>
    <Cell><Data ss:Type="String">Zhu</Data></Cell>
    <Cell ss:Index="5"><Data ss:Type="String">Surname/Title
Transcribe - to non latin fonts - but do not localize</Data></Cell>
   </Row>
   <Row ss:AutoFitHeight="0" ss:Height="45">
    <Cell><Data ss:Type="String">HERO_FIRSTNAME_41</Data></Cell>
    <Cell><Data ss:Type="String">NAME</Data></Cell>
    <Cell><Data ss:Type="String">Jonathan</Data></Cell>
    <Cell ss:Index="5"><Data ss:Type="String">Male
Transcribe - to non latin fonts - but do not localize</Data></Cell>
   </Row>
   <Row ss:AutoFitHeight="0" ss:Height="45">
    <Cell><Data ss:Type="String">HERO_SECONDNAME_41</Data></Cell>
    <Cell><Data ss:Type="String">NAME</Data></Cell>
    <Cell><Data ss:Type="String">Vegas</Data></Cell>
    <Cell ss:Index="5"><Data ss:Type="String">Surname/Title
Transcribe - to non latin fonts - but do not localize</Data></Cell>
   </Row>
   <Row ss:AutoFitHeight="0" ss:Height="45">
    <Cell><Data ss:Type="String">HERO_FIRSTNAME_42</Data></Cell>
    <Cell><Data ss:Type="String">NAME</Data></Cell>
    <Cell><Data ss:Type="String">Cecilia</Data></Cell>
    <Cell ss:Index="5"><Data ss:Type="String">Female
Transcribe - to non latin fonts - but do not localize</Data></Cell>
   </Row>
   <Row ss:AutoFitHeight="0" ss:Height="45">
    <Cell><Data ss:Type="String">HERO_SECONDNAME_42</Data></Cell>
    <Cell><Data ss:Type="String">NAME</Data></Cell>
    <Cell><Data ss:Type="String">Starbound</Data></Cell>
    <Cell ss:Index="5"><Data ss:Type="String">Surname/Title
Transcribe - to non latin fonts - but do not localize</Data></Cell>
   </Row>
   <Row ss:AutoFitHeight="0" ss:Height="45">
    <Cell><Data ss:Type="String">HERO_FIRSTNAME_43</Data></Cell>
    <Cell><Data ss:Type="String">NAME</Data></Cell>
    <Cell><Data ss:Type="String">Daniel</Data></Cell>
    <Cell ss:Index="5"><Data ss:Type="String">Male
Transcribe - to non latin fonts - but do not localize</Data></Cell>
   </Row>
   <Row ss:AutoFitHeight="0" ss:Height="45">
    <Cell><Data ss:Type="String">HERO_SECONDNAME_43</Data></Cell>
    <Cell><Data ss:Type="String">NAME</Data></Cell>
    <Cell><Data ss:Type="String">Lai</Data></Cell>
    <Cell ss:Index="5"><Data ss:Type="String">Surname/Title
Transcribe - to non latin fonts - but do not localize</Data></Cell>
   </Row>
   <Row ss:AutoFitHeight="0" ss:Height="45">
    <Cell><Data ss:Type="String">HERO_FIRSTNAME_44</Data></Cell>
    <Cell><Data ss:Type="String">NAME</Data></Cell>
    <Cell><Data ss:Type="String">Lucia</Data></Cell>
    <Cell ss:Index="5"><Data ss:Type="String">Female
Transcribe - to non latin fonts - but do not localize</Data></Cell>
   </Row>
   <Row ss:AutoFitHeight="0" ss:Height="45">
    <Cell><Data ss:Type="String">HERO_SECONDNAME_44</Data></Cell>
    <Cell><Data ss:Type="String">NAME</Data></Cell>
    <Cell><Data ss:Type="String">Rivera</Data></Cell>
    <Cell ss:Index="5"><Data ss:Type="String">Surname/Title
Transcribe - to non latin fonts - but do not localize</Data></Cell>
   </Row>
   <Row ss:AutoFitHeight="0" ss:Height="45">
    <Cell><Data ss:Type="String">HERO_FIRSTNAME_45</Data></Cell>
    <Cell><Data ss:Type="String">NAME</Data></Cell>
    <Cell><Data ss:Type="String">Robin</Data></Cell>
    <Cell ss:Index="5"><Data ss:Type="String">Female
Transcribe - to non latin fonts - but do not localize</Data></Cell>
   </Row>
   <Row ss:AutoFitHeight="0" ss:Height="45">
    <Cell><Data ss:Type="String">HERO_SECONDNAME_45</Data></Cell>
    <Cell><Data ss:Type="String">NAME</Data></Cell>
    <Cell><Data ss:Type="String">Booker</Data></Cell>
    <Cell ss:Index="5"><Data ss:Type="String">Surname/Title
Transcribe - to non latin fonts - but do not localize</Data></Cell>
   </Row>
   <Row ss:AutoFitHeight="0" ss:Height="45">
    <Cell><Data ss:Type="String">HERO_FIRSTNAME_46</Data></Cell>
    <Cell><Data ss:Type="String">NAME</Data></Cell>
    <Cell><Data ss:Type="String">Petra</Data></Cell>
    <Cell ss:Index="5"><Data ss:Type="String">Female
Transcribe - to non latin fonts - but do not localize</Data></Cell>
    <Cell><Data ss:Type="String">Randomizer only</Data></Cell>
   </Row>
   <Row ss:AutoFitHeight="0" ss:Height="45">
    <Cell><Data ss:Type="String">HERO_SECONDNAME_46</Data></Cell>
    <Cell><Data ss:Type="String">NAME</Data></Cell>
    <Cell><Data ss:Type="String">Black</Data></Cell>
    <Cell ss:Index="5"><Data ss:Type="String">Surname/Title
Transcribe - to non latin fonts - but do not localize</Data></Cell>
    <Cell><Data ss:Type="String">Randomizer only</Data></Cell>
   </Row>
   <Row ss:AutoFitHeight="0" ss:Height="45">
    <Cell><Data ss:Type="String">HERO_FIRSTNAME_47</Data></Cell>
    <Cell><Data ss:Type="String">NAME</Data></Cell>
    <Cell><Data ss:Type="String">Nikki</Data></Cell>
    <Cell ss:Index="5"><Data ss:Type="String">Female
Transcribe - to non latin fonts - but do not localize</Data></Cell>
    <Cell><Data ss:Type="String">Randomizer only</Data></Cell>
   </Row>
   <Row ss:AutoFitHeight="0" ss:Height="45">
    <Cell><Data ss:Type="String">HERO_SECONDNAME_47</Data></Cell>
    <Cell><Data ss:Type="String">NAME</Data></Cell>
    <Cell><Data ss:Type="String">Armadis</Data></Cell>
    <Cell ss:Index="5"><Data ss:Type="String">Surname/Title
Transcribe - to non latin fonts - but do not localize</Data></Cell>
    <Cell><Data ss:Type="String">Randomizer only</Data></Cell>
   </Row>
   <Row ss:AutoFitHeight="0" ss:Height="45">
    <Cell><Data ss:Type="String">HERO_FIRSTNAME_48</Data></Cell>
    <Cell><Data ss:Type="String">NAME</Data></Cell>
    <Cell><Data ss:Type="String">Claire</Data></Cell>
    <Cell ss:Index="5"><Data ss:Type="String">Female
Transcribe - to non latin fonts - but do not localize</Data></Cell>
    <Cell><Data ss:Type="String">Randomizer only</Data></Cell>
   </Row>
   <Row ss:AutoFitHeight="0" ss:Height="45">
    <Cell><Data ss:Type="String">HERO_SECONDNAME_48</Data></Cell>
    <Cell><Data ss:Type="String">NAME</Data></Cell>
    <Cell><Data ss:Type="String">Bonville</Data></Cell>
    <Cell ss:Index="5"><Data ss:Type="String">Surname/Title
Transcribe - to non latin fonts - but do not localize</Data></Cell>
    <Cell><Data ss:Type="String">Randomizer only</Data></Cell>
   </Row>
  </Table>
  <WorksheetOptions xmlns="urn:schemas-microsoft-com:office:excel">
   <Unsynced/>
   <Selected/>
   <TopRowVisible>117</TopRowVisible>
   <Panes>
    <Pane>
     <Number>3</Number>
     <ActiveRow>65</ActiveRow>
     <ActiveCol>5</ActiveCol>
    </Pane>
   </Panes>
   <ProtectObjects>False</ProtectObjects>
   <ProtectScenarios>False</ProtectScenarios>
  </WorksheetOptions>
 </Worksheet>
</Workbook>