<?xml version='1.0' encoding='UTF-8'?>
<?mso-application progid="Excel.Sheet"?><Workbook xmlns="urn:schemas-microsoft-com:office:spreadsheet" xmlns:o="urn:schemas-microsoft-com:office:office" xmlns:x="urn:schemas-microsoft-com:office:excel" xmlns:ss="urn:schemas-microsoft-com:office:spreadsheet" xmlns:html="http://www.w3.org/TR/REC-html40">
 <DocumentProperties xmlns="urn:schemas-microsoft-com:office:office">
  <LastAuthor>Joshua Crowder</LastAuthor>
  <LastSaved>2019-09-04T09:26:01Z</LastSaved>
  <Version>16.00</Version>
 </DocumentProperties>
 <OfficeDocumentSettings xmlns="urn:schemas-microsoft-com:office:office">
  <AllowPNG/>
 </OfficeDocumentSettings>
 <ExcelWorkbook xmlns="urn:schemas-microsoft-com:office:excel">
  <WindowHeight>12197</WindowHeight>
  <WindowWidth>32767</WindowWidth>
  <WindowTopX>32767</WindowTopX>
  <WindowTopY>32767</WindowTopY>
  <ProtectStructure>False</ProtectStructure>
  <ProtectWindows>False</ProtectWindows>
 </ExcelWorkbook>
 <Styles>
  <Style ss:ID="Default" ss:Name="Normal">
   <Alignment ss:Vertical="Bottom"/>
   <Borders/>
   <Font ss:FontName="Calibri" x:Family="Swiss" ss:Size="11" ss:Color="#000000"/>
   <Interior/>
   <NumberFormat/>
   <Protection/>
  </Style>
  <Style ss:ID="s62">
   <Alignment ss:Vertical="Bottom" ss:WrapText="1"/>
  </Style>
  <Style ss:ID="s63">
   <Alignment ss:Vertical="Top" ss:WrapText="1"/>
  </Style>
  <Style ss:ID="s64">
   <Alignment ss:Vertical="Top"/>
  </Style>
 </Styles>
 <Worksheet ss:Name="Script">
  <Table ss:ExpandedColumnCount="7" ss:ExpandedRowCount="43" x:FullColumns="1" x:FullRows="1" ss:StyleID="s62" ss:DefaultColumnWidth="51.857142857142854" ss:DefaultRowHeight="15">
   <Column ss:StyleID="s62" ss:Width="121.71428571428571"/>
   <Column ss:StyleID="s62" ss:Width="198"/>
   <Column ss:StyleID="s62" ss:AutoFitWidth="0" ss:Width="252.85714285714286"/>
   <Column ss:StyleID="s62" ss:Width="147.85714285714283"/>
   <Column ss:StyleID="s62" ss:AutoFitWidth="0" ss:Width="252.85714285714286"/>
   <Column ss:StyleID="s62" ss:Width="120"/>
   <Column ss:StyleID="s62" ss:AutoFitWidth="0" ss:Width="252.85714285714286"/>
   <Row ss:AutoFitHeight="0" ss:Height="120">
    <Cell ss:StyleID="s63"><Data ss:Type="String">VOIDTECH_TECHGROUPS</Data></Cell>
    <Cell ss:StyleID="s63"/>
    <Cell ss:StyleID="s63"/>
    <Cell ss:StyleID="s63"/>
    <Cell ss:StyleID="s63"><Data ss:Type="String">Anything between straight brackets - i.e. [ ] - is a formatting tag. Do not change these tags and keep them in the same relative position in the text. Anything between curly brackets - i.e. { } - is a place where text or numbers will be inserted by the game. Do not change the tag, but feel free to change its position in the text to suit the localized text.</Data></Cell>
    <Cell ss:StyleID="s63"/>
    <Cell ss:StyleID="s63"/>
   </Row>
   <Row ss:AutoFitHeight="0">
    <Cell ss:StyleID="s63"><Data ss:Type="String">SCENE ID</Data></Cell>
    <Cell ss:StyleID="s63"><Data ss:Type="String">TEXT ID</Data></Cell>
    <Cell ss:StyleID="s63"><Data ss:Type="String">ENGLISH STRING</Data></Cell>
    <Cell ss:StyleID="s63"><Data ss:Type="String">ALTERNATIVE ENGLISH STRING</Data></Cell>
    <Cell ss:StyleID="s63"><Data ss:Type="String">LOCALIZATION NOTES</Data></Cell>
    <Cell ss:StyleID="s63"><Data ss:Type="String">DEV TEAM / MISC NOTES</Data></Cell>
    <Cell ss:StyleID="s63"/>
   </Row>
   <Row ss:AutoFitHeight="0">
    <Cell ss:StyleID="s63"><Data ss:Type="String">VOIDTECH</Data></Cell>
    <Cell ss:StyleID="s63"><Data ss:Type="String">NAME</Data></Cell>
    <Cell ss:StyleID="s63"><Data ss:Type="String">Tecnologia do Vazio</Data></Cell>
    <Cell ss:StyleID="s63"/>
    <Cell ss:StyleID="s63"/>
    <Cell ss:StyleID="s63"/>
    <Cell ss:StyleID="s63"/>
   </Row>
   <Row ss:AutoFitHeight="0" ss:Height="60">
    <Cell ss:StyleID="s63"><Data ss:Type="String">VOIDTECH</Data></Cell>
    <Cell ss:StyleID="s63"><Data ss:Type="String">DESCRIPTION</Data></Cell>
    <Cell><Data ss:Type="String">{XML_VOIDTECH_TECHGROUPS@VOIDTECH@DESC}[br/][br/]{XML_VOIDTECH_TECHGROUPS@VOIDTECH@FEATURES}</Data></Cell>
    <Cell ss:StyleID="s63"/>
    <Cell ss:StyleID="s63"><Data ss:Type="String">No need to translate. This inserts the VOIDTECH_TECHGROUPS@VOIDTECH@DESC and VOIDTECH_TECHGROUPS@VOIDTECH@FEATURES texts with some white space.</Data></Cell>
    <Cell ss:StyleID="s63"/>
   </Row>
   <Row ss:AutoFitHeight="0" ss:Height="60">
    <Cell ss:StyleID="s63"><Data ss:Type="String">VOIDTECH</Data></Cell>
    <Cell ss:StyleID="s63"><Data ss:Type="String">DESC</Data></Cell>
    <Cell ss:StyleID="s63"><Data ss:Type="String">[hyperlink,000003AC0000032C]Voidtech[/hyperlink] distorce as leis da física, permitindo a manipulação e teletransporte de matéria e energia.</Data></Cell>
    <Cell ss:StyleID="s63"/>
    <Cell ss:StyleID="s63"/>
    <Cell ss:StyleID="s64"/>
    <Cell ss:StyleID="s63"/>
   </Row>
   <Row ss:AutoFitHeight="0" ss:Height="90">
    <Cell ss:StyleID="s63"><Data ss:Type="String">VOIDTECH</Data></Cell>
    <Cell ss:StyleID="s63"><Data ss:Type="String">FEATURES</Data></Cell>
    <Cell ss:StyleID="s63"><Data ss:Type="String">[bulletlist][bullet][sand]Unidade Inicial:[/sand] [hyperlink,unitlookup0000039A0000096E]Andarilho do Eco[/hyperlink][/bullet][bullet]Comande unidades altamente móveis que podem se teletransportar e atravessar obstáculos[/bullet][bullet]Crie clones temporais de unidades[/bullet][bullet]Desestabilize e desacelere inimigos[/bullet][bullet]Usa os canais de dano Arco e Cinético[/bullet][/bulletlist]</Data></Cell>
    <Cell ss:StyleID="s63"/>
    <Cell ss:StyleID="s63"/>
    <Cell ss:StyleID="s64"/>
    <Cell ss:StyleID="s63"/>
   </Row>
   <Row ss:AutoFitHeight="0">
    <Cell ss:StyleID="s63"><Data ss:Type="String">TECH_TREE</Data></Cell>
    <Cell ss:StyleID="s63"><Data ss:Type="String">SKILLGROUP_1_STRATEGIC_NAME</Data></Cell>
    <Cell ss:StyleID="s63"><Data ss:Type="String">Tecnologia do Vazio</Data></Cell>
    <Cell ss:StyleID="s63"/>
    <Cell ss:StyleID="s63"/>
    <Cell ss:StyleID="s64"/>
    <Cell ss:StyleID="s63"/>
   </Row>
   <Row ss:AutoFitHeight="0" ss:Height="90">
    <Cell ss:StyleID="s63"><Data ss:Type="String">TECH_TREE</Data></Cell>
    <Cell ss:StyleID="s63"><Data ss:Type="String">SKILLGROUP_1_STRATEGIC_DESCRIPTION</Data></Cell>
    <Cell ss:StyleID="s63"><Data ss:Type="String">“O Vazio é a fronteira definitiva. Teoricamente, um vazio infinito tem muitos usos, sendo o menor deles o depósito perfeito para guardar coisas que você nunca mais quer ver… como os membros do seu inimigo.”[br/]– Professora Willow Fisk, Dimensionalista</Data></Cell>
    <Cell ss:StyleID="s63"/>
    <Cell ss:StyleID="s63"><Data ss:Type="String">Male</Data></Cell>
    <Cell ss:StyleID="s63"><Data ss:Type="String">V.O.: Vanguard Male</Data></Cell>
    <Cell ss:StyleID="s63"/>
   </Row>
   <Row ss:AutoFitHeight="0">
    <Cell ss:StyleID="s63"><Data ss:Type="String">TECH_TREE</Data></Cell>
    <Cell ss:StyleID="s63"><Data ss:Type="String">SKILLGROUP_2_FORCES_NAME</Data></Cell>
    <Cell ss:StyleID="s63"><Data ss:Type="String">Programa Manipulador de Fase</Data></Cell>
    <Cell ss:StyleID="s63"/>
    <Cell ss:StyleID="s63"/>
    <Cell ss:StyleID="s64"/>
    <Cell ss:StyleID="s63"/>
   </Row>
   <Row ss:AutoFitHeight="0" ss:Height="105">
    <Cell ss:StyleID="s63"><Data ss:Type="String">TECH_TREE</Data></Cell>
    <Cell ss:StyleID="s63"><Data ss:Type="String">SKILLGROUP_2_FORCES_DESCRIPTION</Data></Cell>
    <Cell ss:StyleID="s63"><Data ss:Type="String">“A habilidade de se mover por este mundo material como um fantasma levanta questões sobre a veracidade de tais fábulas. Existem dimensões mais sutis? Espíritos? Um céu e um inferno? Definitivamente, devemos fazer mais pesquisas. Talvez nossas novas tropas possam nos fornecer cobaias.”[br/]– Alexa Romanov, CEO da Voidtech</Data></Cell>
    <Cell ss:StyleID="s63"/>
    <Cell ss:StyleID="s63"><Data ss:Type="String">Female</Data></Cell>
    <Cell ss:StyleID="s63"><Data ss:Type="String">V.O.: Dvar Female</Data></Cell>
    <Cell ss:StyleID="s63"/>
   </Row>
   <Row ss:AutoFitHeight="0">
    <Cell ss:StyleID="s63"><Data ss:Type="String">TECH_TREE</Data></Cell>
    <Cell ss:StyleID="s63"><Data ss:Type="String">SKILLGROUP_2_FORCES_SUBSKILL_1</Data></Cell>
    <Cell ss:StyleID="s63"><Data ss:Type="String">Unidade: Manipulador de Fase</Data></Cell>
    <Cell ss:StyleID="s63"/>
    <Cell ss:StyleID="s63"/>
    <Cell ss:StyleID="s64"/>
    <Cell ss:StyleID="s63"/>
   </Row>
   <Row ss:AutoFitHeight="0">
    <Cell ss:StyleID="s63"><Data ss:Type="String">TECH_TREE</Data></Cell>
    <Cell ss:StyleID="s63"><Data ss:Type="String">SKILLGROUP_2_FORCES_SUBSKILL_2</Data></Cell>
    <Cell ss:StyleID="s63"><Data ss:Type="String">Equipamento: Blaster de Energia</Data></Cell>
    <Cell ss:StyleID="s63"/>
    <Cell ss:StyleID="s63"/>
    <Cell ss:StyleID="s64"/>
    <Cell ss:StyleID="s63"/>
   </Row>
   <Row ss:AutoFitHeight="0">
    <Cell ss:StyleID="s63"><Data ss:Type="String">TECH_TREE</Data></Cell>
    <Cell ss:StyleID="s63"><Data ss:Type="String">SKILLGROUP_2_TACTICAL_NAME</Data></Cell>
    <Cell ss:StyleID="s63"><Data ss:Type="String">Manipulação de Fase</Data></Cell>
    <Cell ss:StyleID="s63"/>
    <Cell ss:StyleID="s63"/>
    <Cell ss:StyleID="s64"/>
    <Cell ss:StyleID="s63"/>
   </Row>
   <Row ss:AutoFitHeight="0" ss:Height="75">
    <Cell ss:StyleID="s63"><Data ss:Type="String">TECH_TREE</Data></Cell>
    <Cell ss:StyleID="s63"><Data ss:Type="String">SKILLGROUP_2_TACTICAL_DESCRIPTION</Data></Cell>
    <Cell ss:StyleID="s63"><Data ss:Type="String">“Não há obstáculo que eu não possa atravessar com meu modulador de fase harmônico. Matéria não importa. Quem imaginaria que a substância é apenas duas formas de onda alinhadas?”[br/]– Tek Oylar, Patrulha Leão da Voidtech</Data></Cell>
    <Cell ss:StyleID="s63"/>
    <Cell ss:StyleID="s63"><Data ss:Type="String">Male</Data></Cell>
    <Cell ss:StyleID="s63"><Data ss:Type="String">V.O.: Vanguard Male</Data></Cell>
    <Cell ss:StyleID="s63"/>
   </Row>
   <Row ss:AutoFitHeight="0">
    <Cell ss:StyleID="s63"><Data ss:Type="String">TECH_TREE</Data></Cell>
    <Cell ss:StyleID="s63"><Data ss:Type="String">SKILLGROUP_2_STRATEGIC_NAME</Data></Cell>
    <Cell ss:StyleID="s63"><Data ss:Type="String">Ganho Quântico</Data></Cell>
    <Cell ss:StyleID="s63"/>
    <Cell ss:StyleID="s63"/>
    <Cell ss:StyleID="s64"/>
    <Cell ss:StyleID="s63"/>
   </Row>
   <Row ss:AutoFitHeight="0" ss:Height="60">
    <Cell ss:StyleID="s63"><Data ss:Type="String">TECH_TREE</Data></Cell>
    <Cell ss:StyleID="s63"><Data ss:Type="String">SKILLGROUP_2_STRATEGIC_DESCRIPTION</Data></Cell>
    <Cell ss:StyleID="s63"><Data ss:Type="String">“Você não acredita no quão paranoico se torna depois de finalmente vislumbrar o futuro e todas as possibilidades que dependem de escolhas individuais.”[br/]– Imperador Tholian</Data></Cell>
    <Cell ss:StyleID="s63"/>
    <Cell ss:StyleID="s63"><Data ss:Type="String">Male</Data></Cell>
    <Cell ss:StyleID="s63"><Data ss:Type="String">V.O.: Vanguard Male</Data></Cell>
    <Cell ss:StyleID="s63"/>
   </Row>
   <Row ss:AutoFitHeight="0">
    <Cell ss:StyleID="s63"><Data ss:Type="String">TECH_TREE</Data></Cell>
    <Cell ss:StyleID="s63"><Data ss:Type="String">SKILLGROUP_3_TACTICAL_NAME</Data></Cell>
    <Cell ss:StyleID="s63"><Data ss:Type="String">Instabilidade de Vórtice</Data></Cell>
    <Cell ss:StyleID="s63"/>
    <Cell ss:StyleID="s63"/>
    <Cell ss:StyleID="s64"/>
    <Cell ss:StyleID="s63"/>
   </Row>
   <Row ss:AutoFitHeight="0" ss:Height="60">
    <Cell ss:StyleID="s63"><Data ss:Type="String">TECH_TREE</Data></Cell>
    <Cell ss:StyleID="s63"><Data ss:Type="String">SKILLGROUP_3_TACTICAL_DESCRIPTION</Data></Cell>
    <Cell ss:StyleID="s63"><Data ss:Type="String">“Já não nos encontramos antes? Não é cantada. Meus instrumentos indicam que você é uma anomalia temporal. Ou sou eu o eco da realidade?”[br/]– Rutger Norris II, Andarilho do Eco</Data></Cell>
    <Cell ss:StyleID="s63"/>
    <Cell ss:StyleID="s63"><Data ss:Type="String">Male</Data></Cell>
    <Cell ss:StyleID="s63"><Data ss:Type="String">V.O.: Vanguard Male</Data></Cell>
    <Cell ss:StyleID="s63"/>
   </Row>
   <Row ss:AutoFitHeight="0">
    <Cell ss:StyleID="s63"><Data ss:Type="String">TECH_TREE</Data></Cell>
    <Cell ss:StyleID="s63"><Data ss:Type="String">SKILLGROUP_4_FORCES_NAME</Data></Cell>
    <Cell ss:StyleID="s63"><Data ss:Type="String">Programa Andarilho do Eco</Data></Cell>
    <Cell ss:StyleID="s63"/>
    <Cell ss:StyleID="s63"/>
    <Cell ss:StyleID="s64"/>
    <Cell ss:StyleID="s63"/>
   </Row>
   <Row ss:AutoFitHeight="0" ss:Height="45">
    <Cell ss:StyleID="s63"><Data ss:Type="String">TECH_TREE</Data></Cell>
    <Cell ss:StyleID="s63"><Data ss:Type="String">SKILLGROUP_4_FORCES_DESCRIPTION</Data></Cell>
    <Cell ss:StyleID="s63"><Data ss:Type="String">“Você nunca precisa viver com arrependimento quando pode rebobinar o tempo, mas sua idade acabará alcançando você.”[br/]– Rutger Norris, Andarilho do Eco</Data></Cell>
    <Cell ss:StyleID="s63"/>
    <Cell ss:StyleID="s63"><Data ss:Type="String">Male</Data></Cell>
    <Cell ss:StyleID="s63"><Data ss:Type="String">V.O.: Vanguard Male</Data></Cell>
    <Cell ss:StyleID="s63"/>
   </Row>
   <Row ss:AutoFitHeight="0">
    <Cell ss:StyleID="s63"><Data ss:Type="String">TECH_TREE</Data></Cell>
    <Cell ss:StyleID="s63"><Data ss:Type="String">SKILLGROUP_4_FORCES_SUBSKILL_1</Data></Cell>
    <Cell ss:StyleID="s63"><Data ss:Type="String">Unidade: Andarilho do Eco</Data></Cell>
    <Cell ss:StyleID="s63"/>
    <Cell ss:StyleID="s63"/>
    <Cell ss:StyleID="s64"/>
    <Cell ss:StyleID="s63"/>
   </Row>
   <Row ss:AutoFitHeight="0">
    <Cell ss:StyleID="s63"><Data ss:Type="String">TECH_TREE</Data></Cell>
    <Cell ss:StyleID="s63"><Data ss:Type="String">SKILLGROUP_4_FORCES_SUBSKILL_2</Data></Cell>
    <Cell ss:StyleID="s63"><Data ss:Type="String">Equipamento: Lâminas do Vazio</Data></Cell>
    <Cell ss:StyleID="s63"/>
    <Cell ss:StyleID="s63"/>
    <Cell ss:StyleID="s64"/>
    <Cell ss:StyleID="s63"/>
   </Row>
   <Row ss:AutoFitHeight="0">
    <Cell ss:StyleID="s63"><Data ss:Type="String">TECH_TREE</Data></Cell>
    <Cell ss:StyleID="s63"><Data ss:Type="String">SKILLGROUP_4_TACTICAL_NAME</Data></Cell>
    <Cell ss:StyleID="s63"><Data ss:Type="String">Geração de Eco de Fase</Data></Cell>
    <Cell ss:StyleID="s63"/>
    <Cell ss:StyleID="s63"/>
    <Cell ss:StyleID="s64"/>
    <Cell ss:StyleID="s63"/>
   </Row>
   <Row ss:AutoFitHeight="0" ss:Height="75">
    <Cell ss:StyleID="s63"><Data ss:Type="String">TECH_TREE</Data></Cell>
    <Cell ss:StyleID="s63"><Data ss:Type="String">SKILLGROUP_4_TACTICAL_DESCRIPTION</Data></Cell>
    <Cell ss:StyleID="s63"><Data ss:Type="String">“Esse poder de manipular a gravidade, distorcer o tempo e se transportar instantaneamente de um lugar para outro poderia ser usado para criar maravilhas inacreditáveis, mas parece que, por enquanto, vamos usá-lo para destruir o próximo inimigo.”[br/]– Raylynn Preem, Ética Tecnológica</Data></Cell>
    <Cell ss:StyleID="s63"/>
    <Cell ss:StyleID="s63"><Data ss:Type="String">Female</Data></Cell>
    <Cell ss:StyleID="s63"><Data ss:Type="String">V.O.: Amazon</Data></Cell>
    <Cell ss:StyleID="s63"/>
   </Row>
   <Row ss:AutoFitHeight="0">
    <Cell ss:StyleID="s63"><Data ss:Type="String">TECH_TREE</Data></Cell>
    <Cell ss:StyleID="s63"><Data ss:Type="String">SKILLGROUP_4_STRATEGIC_NAME</Data></Cell>
    <Cell ss:StyleID="s63"><Data ss:Type="String">Controle Dimensional</Data></Cell>
    <Cell ss:StyleID="s63"/>
    <Cell ss:StyleID="s63"/>
    <Cell ss:StyleID="s64"/>
    <Cell ss:StyleID="s63"/>
   </Row>
   <Row ss:AutoFitHeight="0" ss:Height="105">
    <Cell ss:StyleID="s63"><Data ss:Type="String">TECH_TREE</Data></Cell>
    <Cell ss:StyleID="s63"><Data ss:Type="String">SKILLGROUP_4_STRATEGIC_DESCRIPTION</Data></Cell>
    <Cell ss:StyleID="s63"><Data ss:Type="String">“O tempo é uma sequência infinita de consequências. Se o presente é N, a próxima consequência é N+1, com N tendendo ao infinito. Correlacione N a N+1, N+2 e assim por diante. Matematicamente, isso é um Eco de Fase. Claro, não se esqueça de N-1 e de todas as consequências infinitas anteriores.”[br/]– Dr. Rex Purllox, Matemático de Voidtech</Data></Cell>
    <Cell ss:StyleID="s63"/>
    <Cell ss:StyleID="s63"><Data ss:Type="String">Male</Data></Cell>
    <Cell ss:StyleID="s63"><Data ss:Type="String">V.O.: Vanguard Male

Edit: removed extra space before "Correlate"</Data></Cell>
    <Cell ss:StyleID="s63"/>
   </Row>
   <Row ss:AutoFitHeight="0">
    <Cell ss:StyleID="s63"><Data ss:Type="String">TECH_TREE</Data></Cell>
    <Cell ss:StyleID="s63"><Data ss:Type="String">SKILLGROUP_5_TACTICAL_NAME</Data></Cell>
    <Cell ss:StyleID="s63"><Data ss:Type="String">Dislocação Temporal</Data></Cell>
    <Cell ss:StyleID="s63"/>
    <Cell ss:StyleID="s63"/>
    <Cell ss:StyleID="s64"/>
    <Cell ss:StyleID="s63"/>
   </Row>
   <Row ss:AutoFitHeight="0" ss:Height="105">
    <Cell ss:StyleID="s63"><Data ss:Type="String">TECH_TREE</Data></Cell>
    <Cell ss:StyleID="s63"><Data ss:Type="String">SKILLGROUP_5_TACTICAL_DESCRIPTION</Data></Cell>
    <Cell ss:StyleID="s63"><Data ss:Type="String">“Quem aceitaria o fracasso de bom grado quando pode transformar todo resultado em sucesso? Ao mudar a interação fundamental entre tempo, matéria e realidade de um modelo mecânico para um probabilístico, lançamos os dados novamente, essencialmente reiniciando quaisquer consequências desfavoráveis.”[br/]– Trina Mars, Agente de Controle Temporal</Data></Cell>
    <Cell ss:StyleID="s63"/>
    <Cell ss:StyleID="s63"><Data ss:Type="String">Female</Data></Cell>
    <Cell ss:StyleID="s63"><Data ss:Type="String">V.O.: Vanguard Female</Data></Cell>
    <Cell ss:StyleID="s63"/>
   </Row>
   <Row ss:AutoFitHeight="0">
    <Cell ss:StyleID="s63"><Data ss:Type="String">TECH_TREE</Data></Cell>
    <Cell ss:StyleID="s63"><Data ss:Type="String">SKILLGROUP_5_STRATEGIC_NAME</Data></Cell>
    <Cell ss:StyleID="s63"><Data ss:Type="String">Táticas do Vazio</Data></Cell>
    <Cell ss:StyleID="s63"/>
    <Cell ss:StyleID="s63"/>
    <Cell ss:StyleID="s64"/>
    <Cell ss:StyleID="s63"/>
   </Row>
   <Row ss:AutoFitHeight="0" ss:Height="105">
    <Cell ss:StyleID="s63"><Data ss:Type="String">TECH_TREE</Data></Cell>
    <Cell ss:StyleID="s63"><Data ss:Type="String">SKILLGROUP_5_STRATEGIC_DESCRIPTION</Data></Cell>
    <Cell ss:StyleID="s63"><Data ss:Type="String">“Esqueça relacionamentos significativos à sombra daquele gerador de Eco de Fase. Metade das pessoas aqui não é nativa deste plano de existência. Elas simplesmente entram e saem da nossa realidade. Devo confessar que meus relacionamentos nunca duram, independentemente de o gerador estar ativo ou não.”[br/]– Teddy Slade, Soldado da Vanguard</Data></Cell>
    <Cell ss:StyleID="s63"/>
    <Cell ss:StyleID="s63"><Data ss:Type="String">Male</Data></Cell>
    <Cell ss:StyleID="s63"><Data ss:Type="String">V.O.: Vanguard Male</Data></Cell>
    <Cell ss:StyleID="s63"/>
   </Row>
   <Row ss:AutoFitHeight="0">
    <Cell ss:StyleID="s63"><Data ss:Type="String">TECH_TREE</Data></Cell>
    <Cell ss:StyleID="s63"><Data ss:Type="String">SKILLGROUP_6_FORCES_NAME</Data></Cell>
    <Cell ss:StyleID="s63"><Data ss:Type="String">Geração de Fenda</Data></Cell>
    <Cell ss:StyleID="s63"/>
    <Cell ss:StyleID="s63"/>
    <Cell ss:StyleID="s64"/>
    <Cell ss:StyleID="s63"/>
   </Row>
   <Row ss:AutoFitHeight="0" ss:Height="105">
    <Cell ss:StyleID="s63"><Data ss:Type="String">TECH_TREE</Data></Cell>
    <Cell ss:StyleID="s63"><Data ss:Type="String">SKILLGROUP_6_FORCES_DESCRIPTION</Data></Cell>
    <Cell ss:StyleID="s63"><Data ss:Type="String">“As regras que governam nossa realidade são bastante necessárias para sustentar a integridade estrutural da matéria. Considerando que todos somos feitos de matéria, nossos novos navios Geradores de Fenda garantem que distorceremos a realidade do conflito a nosso favor.”[br/]– Capitão Warren Fullmer, Divisão de Pesquisa Militar de Voidtech</Data></Cell>
    <Cell ss:StyleID="s63"/>
    <Cell ss:StyleID="s63"><Data ss:Type="String">Male</Data></Cell>
    <Cell ss:StyleID="s63"><Data ss:Type="String">V.O.: Vanguard Male</Data></Cell>
    <Cell ss:StyleID="s63"/>
   </Row>
   <Row ss:AutoFitHeight="0">
    <Cell ss:StyleID="s63"><Data ss:Type="String">TECH_TREE</Data></Cell>
    <Cell ss:StyleID="s63"><Data ss:Type="String">SKILLGROUP_6_FORCES_SUBSKILL_1</Data></Cell>
    <Cell ss:StyleID="s63"><Data ss:Type="String">Unidade: Gerador de Fenda</Data></Cell>
    <Cell ss:StyleID="s63"/>
    <Cell ss:StyleID="s63"/>
    <Cell ss:StyleID="s64"/>
    <Cell ss:StyleID="s63"/>
   </Row>
   <Row ss:AutoFitHeight="0">
    <Cell ss:StyleID="s63"><Data ss:Type="String">TECH_TREE</Data></Cell>
    <Cell ss:StyleID="s63"><Data ss:Type="String">SKILLGROUP_6_FORCES_SUBSKILL_2</Data></Cell>
    <Cell ss:StyleID="s63"><Data ss:Type="String">Veículo: Gerador de Fenda</Data></Cell>
    <Cell ss:StyleID="s63"/>
    <Cell ss:StyleID="s63"/>
    <Cell ss:StyleID="s64"/>
    <Cell ss:StyleID="s63"/>
   </Row>
   <Row ss:AutoFitHeight="0">
    <Cell ss:StyleID="s63"><Data ss:Type="String">TECH_TREE</Data></Cell>
    <Cell ss:StyleID="s63"><Data ss:Type="String">SKILLGROUP_6_TACTICAL_NAME</Data></Cell>
    <Cell ss:StyleID="s63"><Data ss:Type="String">Arma Dimensional</Data></Cell>
    <Cell ss:StyleID="s63"/>
    <Cell ss:StyleID="s63"/>
    <Cell ss:StyleID="s64"/>
    <Cell ss:StyleID="s63"/>
   </Row>
   <Row ss:AutoFitHeight="0" ss:Height="90">
    <Cell ss:StyleID="s63"><Data ss:Type="String">TECH_TREE</Data></Cell>
    <Cell ss:StyleID="s63"><Data ss:Type="String">SKILLGROUP_6_TACTICAL_DESCRIPTION</Data></Cell>
    <Cell ss:StyleID="s63"><Data ss:Type="String">“Nós rejeitamos os limites de nossos deuses. Eles declararam o universo preso a regras básicas e interações entre matéria e energia. Felizmente para nós, parece que eles não estão prestando atenção. Agora podemos fazer coisas proibidas.”[br/]– Imperador Tholian</Data></Cell>
    <Cell ss:StyleID="s63"/>
    <Cell ss:StyleID="s63"><Data ss:Type="String">Male</Data></Cell>
    <Cell ss:StyleID="s63"><Data ss:Type="String">V.O.: Vanguard Male

Changed "God's" to "gods'"
"He" to "They"
"Appears" to "Appear"</Data></Cell>
    <Cell ss:StyleID="s63"/>
   </Row>
   <Row ss:AutoFitHeight="0">
    <Cell ss:StyleID="s63"><Data ss:Type="String">TECH_TREE</Data></Cell>
    <Cell ss:StyleID="s63"><Data ss:Type="String">SKILLGROUP_7_STRATEGIC_NAME</Data></Cell>
    <Cell ss:StyleID="s63"><Data ss:Type="String">Salto Quântico</Data></Cell>
    <Cell ss:StyleID="s63"/>
    <Cell ss:StyleID="s63"/>
    <Cell ss:StyleID="s64"/>
    <Cell ss:StyleID="s63"/>
   </Row>
   <Row ss:AutoFitHeight="0" ss:Height="90">
    <Cell ss:StyleID="s63"><Data ss:Type="String">TECH_TREE</Data></Cell>
    <Cell ss:StyleID="s63"><Data ss:Type="String">SKILLGROUP_7_STRATEGIC_DESCRIPTION</Data></Cell>
    <Cell ss:StyleID="s63"><Data ss:Type="String">“A verdadeira rede quântica permite todas as transferências de dados possíveis em uma única troca. O truque para a descoberta agora está — não em pesquisa e design cuidadosos — mas em selecionar entre milhões de designs especulativos e determinar se é realmente o que queremos.”[br/]– Dr. Thurgood Onahan, Divisão de Pesquisa Quântica</Data></Cell>
    <Cell ss:StyleID="s63"/>
    <Cell ss:StyleID="s63"><Data ss:Type="String">Male</Data></Cell>
    <Cell ss:StyleID="s63"><Data ss:Type="String">V.O.: Vanguard Male</Data></Cell>
    <Cell ss:StyleID="s63"/>
   </Row>
   <Row ss:AutoFitHeight="0">
    <Cell ss:StyleID="s63"><Data ss:Type="String">TECH_TREE</Data></Cell>
    <Cell ss:StyleID="s63"><Data ss:Type="String">SKILLGROUP_8_STRATEGIC_NAME</Data></Cell>
    <Cell ss:StyleID="s63"><Data ss:Type="String">Alterar Realidade</Data></Cell>
    <Cell ss:StyleID="s63"/>
    <Cell ss:StyleID="s63"/>
    <Cell ss:StyleID="s64"/>
    <Cell ss:StyleID="s63"/>
   </Row>
   <Row ss:AutoFitHeight="0" ss:Height="75">
    <Cell ss:StyleID="s63"><Data ss:Type="String">TECH_TREE</Data></Cell>
    <Cell ss:StyleID="s63"><Data ss:Type="String">SKILLGROUP_8_STRATEGIC__DESCRIPTION</Data></Cell>
    <Cell ss:StyleID="s63"><Data ss:Type="String">“Não, não há nenhuma evidência real desse boato. Eles são perfeitamente seguros. Apenas teóricos da conspiração acreditam que foi uma Bomba do Vazio que destruiu a Star Union e desestabilizou o hiperespaço.”[br/]– Dr. Quinlinn T. Ortivexis, Historiador da Star Union</Data></Cell>
    <Cell ss:StyleID="s63"/>
    <Cell ss:StyleID="s63"><Data ss:Type="String">Male</Data></Cell>
    <Cell ss:StyleID="s63"><Data ss:Type="String">V.O.: Syndicate Male</Data></Cell>
    <Cell ss:StyleID="s63"/>
   </Row>
   <Row ss:AutoFitHeight="0">
    <Cell ss:StyleID="s63"><Data ss:Type="String">TECH_TREE</Data></Cell>
    <Cell ss:StyleID="s63"><Data ss:Type="String">SKILLGROUP_10_STRATEGIC_NAME</Data></Cell>
    <Cell ss:StyleID="s63"><Data ss:Type="String">Domínio Dimensional</Data></Cell>
    <Cell ss:StyleID="s63"/>
    <Cell ss:StyleID="s63"/>
    <Cell ss:StyleID="s64"/>
    <Cell ss:StyleID="s63"/>
   </Row>
   <Row ss:AutoFitHeight="0" ss:Height="90">
    <Cell ss:StyleID="s63"><Data ss:Type="String">TECH_TREE</Data></Cell>
    <Cell ss:StyleID="s63"><Data ss:Type="String">SKILLGROUP_10_STRATEGIC_DESCRIPTION</Data></Cell>
    <Cell ss:StyleID="s63"><Data ss:Type="String">“Está pronto para energia infinita? Imagine um universo paralelo colapsado sendo drenado através de uma fenda controlada! O que você alimentará quando a energia não tiver custo e como isso transformará este mundo? Uma nova realidade começa hoje.”[br/]– Alexa Romanov, CEO da Voidtech</Data></Cell>
    <Cell ss:StyleID="s63"/>
    <Cell ss:StyleID="s63"><Data ss:Type="String">Female</Data></Cell>
    <Cell ss:StyleID="s63"><Data ss:Type="String">V.O.: Dvar Female</Data></Cell>
    <Cell ss:StyleID="s63"/>
   </Row>
   <Row ss:AutoFitHeight="0">
    <Cell ss:Index="6" ss:StyleID="Default"/>
   </Row>
  </Table>
  <WorksheetOptions xmlns="urn:schemas-microsoft-com:office:excel">
   <Unsynced/>
   <Print>
    <ValidPrinterInfo/>
    <HorizontalResolution>600</HorizontalResolution>
    <VerticalResolution>600</VerticalResolution>
   </Print>
   <Zoom>130</Zoom>
   <Selected/>
   <Panes>
    <Pane>
     <Number>3</Number>
     <ActiveRow>5</ActiveRow>
     <ActiveCol>2</ActiveCol>
    </Pane>
   </Panes>
   <ProtectObjects>False</ProtectObjects>
   <ProtectScenarios>False</ProtectScenarios>
  </WorksheetOptions>
 </Worksheet>
</Workbook>