<?xml version='1.0' encoding='UTF-8'?>
<?mso-application progid="Excel.Sheet"?><Workbook xmlns="urn:schemas-microsoft-com:office:spreadsheet" xmlns:o="urn:schemas-microsoft-com:office:office" xmlns:x="urn:schemas-microsoft-com:office:excel" xmlns:ss="urn:schemas-microsoft-com:office:spreadsheet" xmlns:html="http://www.w3.org/TR/REC-html40">
 <DocumentProperties xmlns="urn:schemas-microsoft-com:office:office">
  <LastAuthor>Thomas Schuiten</LastAuthor>
  <LastSaved>2020-02-21T13:47:07Z</LastSaved>
  <Version>15.00</Version>
 </DocumentProperties>
 <OfficeDocumentSettings xmlns="urn:schemas-microsoft-com:office:office">
  <AllowPNG/>
 </OfficeDocumentSettings>
 <ExcelWorkbook xmlns="urn:schemas-microsoft-com:office:excel">
  <WindowHeight>12960</WindowHeight>
  <WindowWidth>19515</WindowWidth>
  <WindowTopX>0</WindowTopX>
  <WindowTopY>0</WindowTopY>
  <RefModeR1C1/>
  <ProtectStructure>False</ProtectStructure>
  <ProtectWindows>False</ProtectWindows>
 </ExcelWorkbook>
 <Styles>
  <Style ss:ID="Default" ss:Name="Normal">
   <Alignment ss:Vertical="Bottom"/>
   <Borders/>
   <Font ss:FontName="Calibri" x:Family="Swiss" ss:Size="11" ss:Color="#000000"/>
   <Interior/>
   <NumberFormat/>
   <Protection/>
  </Style>
  <Style ss:ID="s62">
   <Alignment ss:Vertical="Top" ss:WrapText="1"/>
  </Style>
 </Styles>
 <Worksheet ss:Name="Script">
  <Table ss:ExpandedColumnCount="7" ss:ExpandedRowCount="48" x:FullColumns="1" x:FullRows="1" ss:StyleID="s62" ss:DefaultColumnWidth="51.75" ss:DefaultRowHeight="15">
   <Column ss:StyleID="s62" ss:Width="141"/>
   <Column ss:StyleID="s62" ss:Width="121.5"/>
   <Column ss:StyleID="s62" ss:AutoFitWidth="0" ss:Width="405.75"/>
   <Column ss:StyleID="s62" ss:Width="147.75"/>
   <Column ss:StyleID="s62" ss:AutoFitWidth="0" ss:Width="375.75"/>
   <Column ss:StyleID="s62" ss:Width="120"/>
   <Column ss:StyleID="s62" ss:Width="367.5"/>
   <Row ss:AutoFitHeight="0" ss:Height="60">
    <Cell><Data ss:Type="String">DARKVOID_UNITPROPERTIES</Data></Cell>
    <Cell ss:Index="5"><Data ss:Type="String">The DEV TEAM / MISC NOTES column contains info on what text between { } signs means (if applicable). It usually stands for either a numeric value, or a numeric value with an icon. Text between [ ] signs stands for a certain type of icon. </Data></Cell>
   </Row>
   <Row ss:AutoFitHeight="0">
    <Cell><Data ss:Type="String">SCENE ID</Data></Cell>
    <Cell><Data ss:Type="String">TEXT ID</Data></Cell>
    <Cell><Data ss:Type="String">ENGLISH STRING</Data></Cell>
    <Cell><Data ss:Type="String">ALTERNATIVE ENGLISH STRING</Data></Cell>
    <Cell><Data ss:Type="String">LOCALIZATION NOTES</Data></Cell>
    <Cell><Data ss:Type="String">DEV TEAM / MISC NOTES</Data></Cell>
   </Row>
   <Row ss:AutoFitHeight="0" ss:Height="45">
    <Cell ss:Index="5"><Data ss:Type="String">In the text below, text refers to a person that can either be male or female. If relevant for translation, please use the ‘localized string’ column for the male text and the ‘alternative localized string’ column for the female text.</Data></Cell>
   </Row>
   <Row ss:AutoFitHeight="0" ss:Height="75">
    <Cell ss:Index="5"><Data ss:Type="String">In the text below, any inserted strings - anything of the form {text} - is replaced by an integer value for the thing described in the brackets. If the {text} is not followed by a unit - e.g. shields, hitpoints - the icon for the unit is inserted together with the integer. The same holds for symbols - e.g. '+', '%' - which are occasionally inserted together with the integer.</Data></Cell>
   </Row>
   <Row ss:AutoFitHeight="0" ss:Height="30">
    <Cell ss:Index="5"><Data ss:Type="String">For references to game terminology and in-world references, please check the glossary delivered as part of the documentation.</Data></Cell>
   </Row>
   <Row ss:AutoFitHeight="0">
    <Cell><Data ss:Type="String">DARK_BLAST</Data></Cell>
    <Cell><Data ss:Type="String">NAME</Data></Cell>
    <Cell><Data ss:Type="String">Explosão Sombria</Data></Cell>
    <Cell ss:Index="5"><Data ss:Type="String">Ability name</Data></Cell>
   </Row>
   <Row ss:AutoFitHeight="0">
    <Cell><Data ss:Type="String">DARK_BLAST</Data></Cell>
    <Cell><Data ss:Type="String">DESCRIPTION</Data></Cell>
    <Cell><Data ss:Type="String">Explode um inimigo com escuridão.</Data></Cell>
    <Cell ss:Index="5"><Data ss:Type="String">Ability description</Data></Cell>
   </Row>
   <Row ss:AutoFitHeight="0">
    <Cell><Data ss:Type="String">DARKVOID_SPIKE</Data></Cell>
    <Cell><Data ss:Type="String">NAME</Data></Cell>
    <Cell><Data ss:Type="String">Espinho Devora-Vazio</Data></Cell>
    <Cell ss:Index="5"><Data ss:Type="String">Ability name</Data></Cell>
   </Row>
   <Row ss:AutoFitHeight="0">
    <Cell><Data ss:Type="String">DARKVOID_SPIKE</Data></Cell>
    <Cell><Data ss:Type="String">DESCRIPTION</Data></Cell>
    <Cell><Data ss:Type="String">Dispara um espinho de escuridão concentrada.</Data></Cell>
    <Cell ss:Index="5"><Data ss:Type="String">Ability description</Data></Cell>
   </Row>
   <Row ss:AutoFitHeight="0">
    <Cell><Data ss:Type="String">DARK_FLAY</Data></Cell>
    <Cell><Data ss:Type="String">NAME</Data></Cell>
    <Cell><Data ss:Type="String">Flagelo Sombrio</Data></Cell>
    <Cell ss:Index="5"><Data ss:Type="String">Ability name</Data></Cell>
   </Row>
   <Row ss:AutoFitHeight="0">
    <Cell><Data ss:Type="String">DARK_FLAY</Data></Cell>
    <Cell><Data ss:Type="String">DESCRIPTION</Data></Cell>
    <Cell><Data ss:Type="String">Açoita um inimigo com escuridão.</Data></Cell>
    <Cell ss:Index="5"><Data ss:Type="String">Ability description</Data></Cell>
   </Row>
   <Row ss:AutoFitHeight="0">
    <Cell><Data ss:Type="String">WARP_DARKNESS</Data></Cell>
    <Cell><Data ss:Type="String">NAME</Data></Cell>
    <Cell><Data ss:Type="String">Distorção Sombria</Data></Cell>
    <Cell ss:Index="5"><Data ss:Type="String">Ability name</Data></Cell>
   </Row>
   <Row ss:AutoFitHeight="0">
    <Cell><Data ss:Type="String">WARP_DARKNESS</Data></Cell>
    <Cell><Data ss:Type="String">DESCRIPTION</Data></Cell>
    <Cell><Data ss:Type="String">Dano a um inimigo distorcendo sua forma com energia sombria.</Data></Cell>
    <Cell ss:Index="5"><Data ss:Type="String">Ability description</Data></Cell>
   </Row>
   <Row ss:AutoFitHeight="0">
    <Cell><Data ss:Type="String">THRALLING_MARK</Data></Cell>
    <Cell><Data ss:Type="String">NAME</Data></Cell>
    <Cell><Data ss:Type="String">Marca da Subjugação</Data></Cell>
    <Cell ss:Index="5"><Data ss:Type="String">Mod name. Thralling or Enthralled means "to be controlled by Voidbringers"</Data></Cell>
   </Row>
   <Row ss:AutoFitHeight="0" ss:Height="30">
    <Cell><Data ss:Type="String">THRALLING_MARK</Data></Cell>
    <Cell><Data ss:Type="String">DESCRIPTION</Data></Cell>
    <Cell><Data ss:Type="String">A marca de ser subjugado pelos Devora-Vazios. Esta unidade morrerá quando não houver mais Devora-Vazios vivos em seu exército.</Data></Cell>
    <Cell ss:Index="5"><Data ss:Type="String">Mod description. Thralling or Enthralled means "to be controlled by Voidbringers"</Data></Cell>
   </Row>
   <Row ss:AutoFitHeight="0">
    <Cell><Data ss:Type="String">THRALLING_MARK</Data></Cell>
    <Cell><Data ss:Type="String">PROPERTY</Data></Cell>
    <Cell><Data ss:Type="String">Subjugado</Data></Cell>
    <Cell ss:Index="5"><Data ss:Type="String">Debuff, it means to be controlled by Voidbringers</Data></Cell>
   </Row>
   <Row ss:AutoFitHeight="0">
    <Cell><Data ss:Type="String">THRALLING_MARK</Data></Cell>
    <Cell><Data ss:Type="String">PROPERTY_DESCRIPTION</Data></Cell>
    <Cell><Data ss:Type="String">Esta unidade morrerá quando não houver mais Devora-Vazios vivos em seu exército.</Data></Cell>
    <Cell ss:Index="5"><Data ss:Type="String">Debuff description, it means to be controlled by Voidbringers</Data></Cell>
   </Row>
   <Row ss:AutoFitHeight="0">
    <Cell><Data ss:Type="String">THRALLBOMB</Data></Cell>
    <Cell><Data ss:Type="String">PROPERTY</Data></Cell>
    <Cell><Data ss:Type="String">Bomba-Subjugada</Data></Cell>
    <Cell ss:Index="5"><Data ss:Type="String">Ability name</Data></Cell>
   </Row>
   <Row ss:AutoFitHeight="0" ss:Height="30">
    <Cell><Data ss:Type="String">THRALLBOMB</Data></Cell>
    <Cell><Data ss:Type="String">PROPERTY_DESCRIPTION</Data></Cell>
    <Cell><Data ss:Type="String">Unidade Subjugada de Nível I alvo explode, causando dano em um raio de {hexrad} hexágonos ao redor e morrendo.</Data></Cell>
    <Cell ss:Index="5"><Data ss:Type="String">Ability description</Data></Cell>
   </Row>
   <Row ss:AutoFitHeight="0">
    <Cell><Data ss:Type="String">CLEANSING_DARKNESS</Data></Cell>
    <Cell><Data ss:Type="String">NAME</Data></Cell>
    <Cell><Data ss:Type="String">Escuridão Purificadora</Data></Cell>
    <Cell ss:Index="5"><Data ss:Type="String">Ability name</Data></Cell>
   </Row>
   <Row ss:AutoFitHeight="0" ss:Height="30">
    <Cell><Data ss:Type="String">CLEANSING_DARKNESS</Data></Cell>
    <Cell><Data ss:Type="String">DESCRIPTION</Data></Cell>
    <Cell><Data ss:Type="String">Unidade [abilityred]Subjugada[/abilityred] alvo é curada em {healAmount} e tem todos os efeitos de status negativos dissipados.</Data></Cell>
    <Cell ss:Index="5"><Data ss:Type="String">Ability description</Data></Cell>
   </Row>
   <Row ss:AutoFitHeight="0">
    <Cell><Data ss:Type="String">ENTHRALL</Data></Cell>
    <Cell><Data ss:Type="String">NAME</Data></Cell>
    <Cell><Data ss:Type="String">Subjugar</Data></Cell>
    <Cell ss:Index="5"><Data ss:Type="String">Ability name</Data></Cell>
   </Row>
   <Row ss:AutoFitHeight="0" ss:Height="45">
    <Cell><Data ss:Type="String">ENTHRALL</Data></Cell>
    <Cell><Data ss:Type="String">DESCRIPTION</Data></Cell>
    <Cell><Data ss:Type="String">Unidade biológica ou ciborgue alvo não-Herói e não-Inconsciente entra em [abilityred]Pânico[/abilityred] por {panicDuration}. Então, a unidade se tornará [abilityred]Subjugada[/abilityred]</Data></Cell>
    <Cell ss:Index="5"><Data ss:Type="String">Ability description</Data></Cell>
   </Row>
   <Row ss:AutoFitHeight="0">
    <Cell><Data ss:Type="String">THRALLED_TENDRILS</Data></Cell>
    <Cell><Data ss:Type="String">NAME</Data></Cell>
    <Cell><Data ss:Type="String">Gavinhas Subjugadas</Data></Cell>
    <Cell ss:Index="5"><Data ss:Type="String">Ability name</Data></Cell>
   </Row>
   <Row ss:AutoFitHeight="0">
    <Cell><Data ss:Type="String">THRALLED_TENDRILS</Data></Cell>
    <Cell><Data ss:Type="String">DESCRIPTION</Data></Cell>
    <Cell><Data ss:Type="String">Unidade Subjugada alvo causa dano a unidades inimigas adjacentes.</Data></Cell>
    <Cell ss:Index="5"><Data ss:Type="String">Ability description</Data></Cell>
   </Row>
   <Row ss:AutoFitHeight="0">
    <Cell><Data ss:Type="String">DARK_STRENGTH</Data></Cell>
    <Cell><Data ss:Type="String">NAME</Data></Cell>
    <Cell><Data ss:Type="String">Força Sombria</Data></Cell>
    <Cell ss:Index="5"><Data ss:Type="String">Ability name</Data></Cell>
   </Row>
   <Row ss:AutoFitHeight="0" ss:Height="30">
    <Cell><Data ss:Type="String">DARK_STRENGTH</Data></Cell>
    <Cell><Data ss:Type="String">DESCRIPTION</Data></Cell>
    <Cell><Data ss:Type="String">A unidade [abilityred]Dominada[/ablityred] alvo recebe {damageIncrease} de dano bônus em todas as habilidades por {turns}.</Data></Cell>
    <Cell ss:Index="5"><Data ss:Type="String">Ability description</Data></Cell>
   </Row>
   <Row ss:AutoFitHeight="0">
    <Cell><Data ss:Type="String">DARK_STRENGTH</Data></Cell>
    <Cell><Data ss:Type="String">UNIT_DESCRIPTION</Data></Cell>
    <Cell><Data ss:Type="String">Esta unidade tem {damageIncrease} de dano bônus em todas as habilidades.</Data></Cell>
    <Cell ss:Index="5"><Data ss:Type="String">Unit buff</Data></Cell>
   </Row>
   <Row ss:AutoFitHeight="0">
    <Cell><Data ss:Type="String">SIPHON_THRALL</Data></Cell>
    <Cell><Data ss:Type="String">NAME</Data></Cell>
    <Cell><Data ss:Type="String">Sifão de Escravo</Data></Cell>
    <Cell ss:Index="5"><Data ss:Type="String">Ability name</Data></Cell>
   </Row>
   <Row ss:AutoFitHeight="0" ss:Height="30">
    <Cell><Data ss:Type="String">SIPHON_THRALL</Data></Cell>
    <Cell><Data ss:Type="String">DESCRIPTION</Data></Cell>
    <Cell><Data ss:Type="String">O alvo [abilityred]Dominado[/abilityred] recebe {psiDamage} de dano. O conjurador é curado em {healAmount} e ganha {defenseBonus} por {turns}.</Data></Cell>
    <Cell ss:Index="5"><Data ss:Type="String">Ability description</Data></Cell>
   </Row>
   <Row ss:AutoFitHeight="0">
    <Cell><Data ss:Type="String">SIPHON_THRALL</Data></Cell>
    <Cell><Data ss:Type="String">BUFF_NAME</Data></Cell>
    <Cell><Data ss:Type="String">Escravo Sifonado</Data></Cell>
    <Cell ss:Index="5"><Data ss:Type="String">Unit buff</Data></Cell>
   </Row>
   <Row ss:AutoFitHeight="0">
    <Cell><Data ss:Type="String">SIPHON_THRALL</Data></Cell>
    <Cell><Data ss:Type="String">BUFF_DESCRIPTION</Data></Cell>
    <Cell><Data ss:Type="String">Esta unidade tem {defenseBonus}.</Data></Cell>
    <Cell ss:Index="5"><Data ss:Type="String">Unit buff description</Data></Cell>
   </Row>
   <Row ss:AutoFitHeight="0">
    <Cell><Data ss:Type="String">RESUSCITATE_THRALL</Data></Cell>
    <Cell><Data ss:Type="String">NAME</Data></Cell>
    <Cell><Data ss:Type="String">Ressuscitar Escravo</Data></Cell>
    <Cell ss:Index="5"><Data ss:Type="String">Ability name</Data></Cell>
   </Row>
   <Row ss:AutoFitHeight="0">
    <Cell><Data ss:Type="String">RESUSCITATE_THRALL</Data></Cell>
    <Cell><Data ss:Type="String">DESCRIPTION</Data></Cell>
    <Cell><Data ss:Type="String">Revive uma unidade [abilityred]Dominada[/abilityred] morta alvo com {healthPercentage}.</Data></Cell>
    <Cell ss:Index="5"><Data ss:Type="String">Ability description</Data></Cell>
   </Row>
   <Row ss:AutoFitHeight="0">
    <Cell><Data ss:Type="String">CALL_OF_TERROR</Data></Cell>
    <Cell><Data ss:Type="String">NAME</Data></Cell>
    <Cell><Data ss:Type="String">Chamado do Terror</Data></Cell>
    <Cell ss:Index="5"><Data ss:Type="String">Ability name</Data></Cell>
   </Row>
   <Row ss:AutoFitHeight="0" ss:Height="45">
    <Cell><Data ss:Type="String">CALL_OF_TERROR</Data></Cell>
    <Cell><Data ss:Type="String">DESCRIPTION</Data></Cell>
    <Cell><Data ss:Type="String">Convoca um bombardeio de terror na unidade alvo. Essa unidade e unidades em um raio de {hexRad} hexágonos ao redor dela têm {strengthchance}% de chance de ficarem [abilityred]Apavoradas[/abilityred] por 2 turnos. Começa em recarga.</Data></Cell>
    <Cell ss:Index="5"><Data ss:Type="String">Ability description</Data></Cell>
   </Row>
   <Row ss:Index="38" ss:AutoFitHeight="0">
    <Cell><Data ss:Type="String">DARKVOID_PORTAL</Data></Cell>
    <Cell><Data ss:Type="String">NAME</Data></Cell>
    <Cell><Data ss:Type="String">Portal dos Arautos do Vazio</Data></Cell>
   </Row>
   <Row ss:AutoFitHeight="0" ss:Height="30">
    <Cell><Data ss:Type="String">DARKVOID_PORTAL</Data></Cell>
    <Cell><Data ss:Type="String">DESCRIPTION</Data></Cell>
    <Cell><Data ss:Type="String">A cada turno, o Portal pulsa e invoca uma unidade [abilityred]Dominada[/abilityred] de Nível I ou II adjacente a si.</Data></Cell>
   </Row>
   <Row ss:AutoFitHeight="0" ss:Height="30">
    <Cell><Data ss:Type="String">DARKVOID_PORTAL_SPECIAL</Data></Cell>
    <Cell><Data ss:Type="String">DESCRIPTION</Data></Cell>
    <Cell><Data ss:Type="String">A cada turno, o Portal pulsa e invoca uma unidade Arauto do Vazio [abilityred]Enfurecida[/abilityred] adjacente a si.</Data></Cell>
   </Row>
   <Row ss:AutoFitHeight="0">
    <Cell><Data ss:Type="String">PSIONIC_DEFENSE</Data></Cell>
    <Cell><Data ss:Type="String">NAME</Data></Cell>
    <Cell><Data ss:Type="String">Forma Psiónica</Data></Cell>
   </Row>
   <Row ss:AutoFitHeight="0" ss:Height="33.75">
    <Cell><Data ss:Type="String">PSIONIC_DEFENSE</Data></Cell>
    <Cell><Data ss:Type="String">DESCRIPTION</Data></Cell>
    <Cell><Data ss:Type="String">Esta forma de Arauto do Vazio altera sua forma Etérea para ser resistente a todos os tipos de dano, exceto Bioquímico.</Data></Cell>
   </Row>
   <Row ss:AutoFitHeight="0">
    <Cell><Data ss:Type="String">THERMAL_DEFENSE</Data></Cell>
    <Cell><Data ss:Type="String">NAME</Data></Cell>
    <Cell><Data ss:Type="String">Forma Térmica</Data></Cell>
   </Row>
   <Row ss:AutoFitHeight="0" ss:Height="31.5">
    <Cell><Data ss:Type="String">THERMAL_DEFENSE</Data></Cell>
    <Cell><Data ss:Type="String">DESCRIPTION</Data></Cell>
    <Cell><Data ss:Type="String">Esta forma de Arauto do Vazio altera sua forma Etérea para ser resistente a todos os tipos de dano, exceto Arco.</Data></Cell>
   </Row>
   <Row ss:AutoFitHeight="0">
    <Cell><Data ss:Type="String">ARC_DEFENSE</Data></Cell>
    <Cell><Data ss:Type="String">NAME</Data></Cell>
    <Cell><Data ss:Type="String">Forma de Arco</Data></Cell>
   </Row>
   <Row ss:AutoFitHeight="0" ss:Height="32.25">
    <Cell><Data ss:Type="String">ARC_DEFENSE</Data></Cell>
    <Cell><Data ss:Type="String">DESCRIPTION</Data></Cell>
    <Cell><Data ss:Type="String">Esta forma de Arauto do Vazio altera sua forma Etérea para ser resistente a todos os tipos de dano, exceto Psiónico.</Data></Cell>
   </Row>
   <Row ss:AutoFitHeight="0">
    <Cell><Data ss:Type="String">BIOCHEMICAL_DEFENSE</Data></Cell>
    <Cell><Data ss:Type="String">NAME</Data></Cell>
    <Cell><Data ss:Type="String">Forma Bioquímica</Data></Cell>
   </Row>
   <Row ss:AutoFitHeight="0" ss:Height="33.75">
    <Cell><Data ss:Type="String">BIOCHEMICAL_DEFENSE</Data></Cell>
    <Cell><Data ss:Type="String">DESCRIPTION</Data></Cell>
    <Cell><Data ss:Type="String">Esta forma de Voidbringer altera sua forma Etérea para ser resistente a todos os tipos de dano, exceto Térmico.</Data></Cell>
   </Row>
  </Table>
  <WorksheetOptions xmlns="urn:schemas-microsoft-com:office:excel">
   <Unsynced/>
   <Print>
    <ValidPrinterInfo/>
    <HorizontalResolution>600</HorizontalResolution>
    <VerticalResolution>600</VerticalResolution>
   </Print>
   <Selected/>
   <TopRowVisible>23</TopRowVisible>
   <Panes>
    <Pane>
     <Number>3</Number>
     <ActiveRow>48</ActiveRow>
     <ActiveCol>2</ActiveCol>
    </Pane>
   </Panes>
   <ProtectObjects>False</ProtectObjects>
   <ProtectScenarios>False</ProtectScenarios>
  </WorksheetOptions>
 </Worksheet>
</Workbook>