<?xml version='1.0' encoding='UTF-8'?>
<?mso-application progid="Excel.Sheet"?><Workbook xmlns="urn:schemas-microsoft-com:office:spreadsheet" xmlns:o="urn:schemas-microsoft-com:office:office" xmlns:x="urn:schemas-microsoft-com:office:excel" xmlns:ss="urn:schemas-microsoft-com:office:spreadsheet" xmlns:html="http://www.w3.org/TR/REC-html40">
 <DocumentProperties xmlns="urn:schemas-microsoft-com:office:office">
  <LastAuthor>Joshua Crowder</LastAuthor>
  <Created>2018-05-01T08:34:18Z</Created>
  <LastSaved>2020-02-25T13:35:53Z</LastSaved>
  <Version>15.00</Version>
 </DocumentProperties>
 <OfficeDocumentSettings xmlns="urn:schemas-microsoft-com:office:office">
  <AllowPNG/>
 </OfficeDocumentSettings>
 <ExcelWorkbook xmlns="urn:schemas-microsoft-com:office:excel">
  <WindowHeight>11550</WindowHeight>
  <WindowWidth>25410</WindowWidth>
  <WindowTopX>0</WindowTopX>
  <WindowTopY>0</WindowTopY>
  <RefModeR1C1/>
  <ProtectStructure>False</ProtectStructure>
  <ProtectWindows>False</ProtectWindows>
 </ExcelWorkbook>
 <Styles>
  <Style ss:ID="Default" ss:Name="Normal">
   <Alignment ss:Vertical="Bottom"/>
   <Borders/>
   <Font ss:FontName="Calibri" x:Family="Swiss" ss:Size="11" ss:Color="#000000"/>
   <Interior/>
   <NumberFormat/>
   <Protection/>
  </Style>
  <Style ss:ID="s62">
   <Alignment ss:Vertical="Top" ss:WrapText="1"/>
  </Style>
 </Styles>
 <Worksheet ss:Name="Script">
  <Table ss:ExpandedColumnCount="6" ss:ExpandedRowCount="14" x:FullColumns="1" x:FullRows="1" ss:StyleID="s62" ss:DefaultColumnWidth="217.5" ss:DefaultRowHeight="15">
   <Column ss:StyleID="s62" ss:Width="179.25"/>
   <Column ss:StyleID="s62" ss:Width="174.75"/>
   <Column ss:Index="4" ss:StyleID="s62" ss:Width="147.75"/>
   <Column ss:StyleID="s62" ss:Width="215.25"/>
   <Column ss:StyleID="s62" ss:Width="120"/>
   <Row ss:AutoFitHeight="0" ss:Height="90">
    <Cell><Data ss:Type="String">DIPLOMACY_SPECIESSPACERS_DLC04</Data></Cell>
    <Cell ss:Index="5"><Data ss:Type="String">The DEV TEAM / MISC NOTES column contains info on what text between { } signs means (if applicable). It usually stands for either a numeric value, or a numeric value with an icon. Text between [ ] signs stands for a certain type of icon. </Data></Cell>
   </Row>
   <Row ss:AutoFitHeight="0">
    <Cell><Data ss:Type="String">SCENE ID</Data></Cell>
    <Cell><Data ss:Type="String">TEXT ID</Data></Cell>
    <Cell><Data ss:Type="String">ENGLISH STRING</Data></Cell>
    <Cell><Data ss:Type="String">ALTERNATIVE ENGLISH STRING</Data></Cell>
    <Cell><Data ss:Type="String">LOCALIZATION NOTES</Data></Cell>
    <Cell><Data ss:Type="String">DEV TEAM / MISC NOTES</Data></Cell>
   </Row>
   <Row ss:AutoFitHeight="0" ss:Height="45">
    <Cell ss:Index="5"><Data ss:Type="String">For this faction's narrative style and in world references, please check the glossary delivered as part of the documentation.</Data></Cell>
   </Row>
   <Row ss:AutoFitHeight="0" ss:Height="30">
    <Cell ss:Index="5"><Data ss:Type="String">In the lines below, {STR_LeaderName} is replaced by the name of the player's avatar.</Data></Cell>
   </Row>
   <Row ss:AutoFitHeight="0" ss:Height="90">
    <Cell ss:Index="5"><Data ss:Type="String">In the lines below, text refers to a person that can either be male or female. If relevant for translation, please use the ‘localized string’ column for the male text and the ‘alternative localized string’ column for the female text.</Data></Cell>
   </Row>
   <Row ss:AutoFitHeight="0" ss:Height="60">
    <Cell><Data ss:Type="String">SPACERS_MESSAGE</Data></Cell>
    <Cell><Data ss:Type="String">PEACEKEEPER_INV_ALLY_FAC_WAR</Data></Cell>
    <Cell><Data ss:Type="String">Nos traiu trocando de guilda, é? Tudo bem, beleza, vamos te emboscar junto com seus mestres Voidbringers. Os Spacers cuidam dos seus, {STR_LeaderName}! Você vai se arrepender disso.</Data></Cell>
    <Cell ss:Index="5"><Data ss:Type="String">Guild switch as in to change sides of allegiance</Data></Cell>
   </Row>
   <Row ss:AutoFitHeight="0" ss:Height="75">
    <Cell><Data ss:Type="String">SPACERS_MESSAGE</Data></Cell>
    <Cell><Data ss:Type="String">PEACEKEEPER_INV_WAR_FAC_ALLY</Data></Cell>
    <Cell><Data ss:Type="String">Você manteve esses fracassados na linha sozinho... até agora parece legítimo. Desembucha logo {STR_LeaderName}, não temos o dia todo. Vamos sair em um ataque aos Voidbringers em breve.</Data></Cell>
    <Cell ss:Index="5"><Data ss:Type="String">Scrub meaning to be useless and a waste of space. A raid as in to coordinate an attack</Data></Cell>
   </Row>
   <Row ss:AutoFitHeight="0" ss:Height="75">
    <Cell><Data ss:Type="String">SPACERS_MESSAGE</Data></Cell>
    <Cell><Data ss:Type="String">PEACEKEEPER_INV_WAR_FAC_WAR</Data></Cell>
    <Cell><Data ss:Type="String">Você tem uma reputação sólida nesse sistema. Tem um novo chefe pronto pra lutar e queremos um aliado que não seja lixo. Deixa essa treta pra lá, {STR_LeaderName}, e vamos acabar com esses Voidbringers, beleza?</Data></Cell>
    <Cell ss:Index="5"><Data ss:Type="String">"Solid rep" meaning to have a reputation of good deeds. "Drop the beef with us" as in to forget previous conflicts and problems between parties</Data></Cell>
   </Row>
   <Row ss:AutoFitHeight="0" ss:Height="75">
    <Cell><Data ss:Type="String">SPACERS_MESSAGE</Data></Cell>
    <Cell><Data ss:Type="String">NEUTRAL_INV_ALLY_FAC_WAR</Data></Cell>
    <Cell><Data ss:Type="String">Tá bom, fracassado, se juntar àqueles malucos dos Voidbringers foi um grande erro. Quer encarar dois de nós? Nosso Pregador vai esmagar seus crânios, {STR_LeaderName}! Não nos divertíamos tanto desde os tempos do Dreamscape.</Data></Cell>
    <Cell ss:Index="5"><Data ss:Type="String">Scrub meaning to be useless and a waste of space. Preacher being the leader of the Spacer faction. Dreamscape is the virtual reality game that the Spacers previously used</Data></Cell>
   </Row>
   <Row ss:AutoFitHeight="0" ss:Height="75">
    <Cell><Data ss:Type="String">SPACERS_MESSAGE</Data></Cell>
    <Cell><Data ss:Type="String">NEUTRAL_INV_WAR_FAC_ALLY</Data></Cell>
    <Cell><Data ss:Type="String">Você precisa provar seu valor antes de ser um dos nossos, {STR_LeaderName}. Mas vamos te acompanhar por enquanto, já que temos problemas maiores com escória de outra dimensão.</Data></Cell>
    <Cell ss:Index="5"><Data ss:Type="String">Roll with as in to join forces and work together</Data></Cell>
   </Row>
   <Row ss:AutoFitHeight="0" ss:Height="75">
    <Cell><Data ss:Type="String">SPACERS_MESSAGE</Data></Cell>
    <Cell><Data ss:Type="String">NEUTRAL_INV_WAR_FAC_WAR</Data></Cell>
    <Cell><Data ss:Type="String">Escuta aqui, fracassado, tem esses malucos de outro plano de existência, os Voidbringers, entendeu? Para de choramingar com a gente e depois a gente resolve essa treta num 1V1, se ainda tiver rixa.</Data></Cell>
    <Cell ss:Index="5"><Data ss:Type="String">"After all this mess is done if you still got beef with us" as in both parties can fight after the current problem if the player still has negative feelings towards the Spacers</Data></Cell>
   </Row>
   <Row ss:AutoFitHeight="0" ss:Height="75">
    <Cell><Data ss:Type="String">SPACERS_MESSAGE</Data></Cell>
    <Cell><Data ss:Type="String">WARMONGER_INV_ALLY_FAC_WAR</Data></Cell>
    <Cell><Data ss:Type="String">O Pregador disse que você estava pedindo pra ser emboscado, e dessa vez provou direitinho que é lixo. Ligar os motores, pessoal, vamos atacar {STR_LeaderName} e seus parceiros Voidbringers.</Data></Cell>
    <Cell ss:Index="5"><Data ss:Type="String">"Asking for a ganking" as in to be behaving in such a bad way as to expect them to be attacked in retaliation. "Proper proved yourself as trash" as in shown themselves to be worthless</Data></Cell>
   </Row>
   <Row ss:AutoFitHeight="0" ss:Height="60">
    <Cell><Data ss:Type="String">SPACERS_MESSAGE</Data></Cell>
    <Cell><Data ss:Type="String">WARMONGER_INV_WAR_FAC_ALLY</Data></Cell>
    <Cell><Data ss:Type="String">Você tem fama de derramar sangue e esmagar crânios. Isso é legítimo, né? Precisamos dos seus músculos nessa luta, então desembucha logo e fala o que tem pra falar {STR_LeaderName}.</Data></Cell>
    <Cell ss:Index="5"><Data ss:Type="String">"A rep for blood spillin'" as in to have a reputation for fighting</Data></Cell>
   </Row>
   <Row ss:AutoFitHeight="0" ss:Height="60">
    <Cell><Data ss:Type="String">SPACERS_MESSAGE</Data></Cell>
    <Cell><Data ss:Type="String">WARMONGER_INV_WAR_FAC_WAR</Data></Cell>
    <Cell><Data ss:Type="String">Esses desgraçados flutuantes estão nos detonando, e vão te emboscar também, {STR_LeaderName}. Para de nos prejudicar, entra pro nosso grupo e vamos acabar com eles de vez.</Data></Cell>
    <Cell ss:Index="5"><Data ss:Type="String">Gits being a negative term for annoying person. Gank as in harm or kill</Data></Cell>
   </Row>
  </Table>
  <WorksheetOptions xmlns="urn:schemas-microsoft-com:office:excel">
   <Unsynced/>
   <Print>
    <ValidPrinterInfo/>
    <HorizontalResolution>600</HorizontalResolution>
    <VerticalResolution>600</VerticalResolution>
   </Print>
   <Selected/>
   <TopRowVisible>8</TopRowVisible>
   <Panes>
    <Pane>
     <Number>3</Number>
     <ActiveRow>14</ActiveRow>
     <ActiveCol>4</ActiveCol>
    </Pane>
   </Panes>
   <ProtectObjects>False</ProtectObjects>
   <ProtectScenarios>False</ProtectScenarios>
  </WorksheetOptions>
 </Worksheet>
</Workbook>