<?xml version='1.0' encoding='UTF-8'?>
<?mso-application progid="Excel.Sheet"?><Workbook xmlns="urn:schemas-microsoft-com:office:spreadsheet" xmlns:o="urn:schemas-microsoft-com:office:office" xmlns:x="urn:schemas-microsoft-com:office:excel" xmlns:ss="urn:schemas-microsoft-com:office:spreadsheet" xmlns:html="http://www.w3.org/TR/REC-html40">
 <DocumentProperties xmlns="urn:schemas-microsoft-com:office:office">
  <LastAuthor>Luis Ferreira</LastAuthor>
  <LastSaved>2019-09-16T12:40:31Z</LastSaved>
  <Version>15.00</Version>
 </DocumentProperties>
 <OfficeDocumentSettings xmlns="urn:schemas-microsoft-com:office:office">
  <AllowPNG/>
 </OfficeDocumentSettings>
 <ExcelWorkbook xmlns="urn:schemas-microsoft-com:office:excel">
  <WindowHeight>11550</WindowHeight>
  <WindowWidth>25410</WindowWidth>
  <WindowTopX>0</WindowTopX>
  <WindowTopY>0</WindowTopY>
  <RefModeR1C1/>
  <ProtectStructure>False</ProtectStructure>
  <ProtectWindows>False</ProtectWindows>
 </ExcelWorkbook>
 <Styles>
  <Style ss:ID="Default" ss:Name="Normal">
   <Alignment ss:Vertical="Bottom"/>
   <Borders/>
   <Font ss:FontName="Calibri" x:Family="Swiss" ss:Size="11" ss:Color="#000000"/>
   <Interior/>
   <NumberFormat/>
   <Protection/>
  </Style>
  <Style ss:ID="s62">
   <Alignment ss:Vertical="Top" ss:WrapText="1"/>
  </Style>
 </Styles>
 <Worksheet ss:Name="Script">
  <Table ss:ExpandedColumnCount="6" ss:ExpandedRowCount="11" x:FullColumns="1" x:FullRows="1" ss:StyleID="s62" ss:DefaultRowHeight="15">
   <Column ss:StyleID="s62" ss:Width="142.5"/>
   <Column ss:StyleID="s62" ss:Width="174.75"/>
   <Column ss:StyleID="s62" ss:Width="336.75"/>
   <Column ss:StyleID="s62" ss:Width="147.75"/>
   <Column ss:StyleID="s62" ss:Width="204.75"/>
   <Column ss:StyleID="s62" ss:Width="120"/>
   <Row ss:AutoFitHeight="0" ss:Height="90">
    <Cell><Data ss:Type="String">DIPLOMACY_SPECIESFORGOTTEN_DLC04</Data></Cell>
    <Cell ss:Index="5"><Data ss:Type="String">The DEV TEAM / MISC NOTES column contains info on what text between { } signs means (if applicable). It usually stands for either a numeric value, or a numeric value with an icon. Text between [ ] signs stands for a certain type of icon. </Data></Cell>
   </Row>
   <Row ss:AutoFitHeight="0">
    <Cell><Data ss:Type="String">SCENE ID</Data></Cell>
    <Cell><Data ss:Type="String">TEXT ID</Data></Cell>
    <Cell><Data ss:Type="String">ENGLISH STRING</Data></Cell>
    <Cell><Data ss:Type="String">ALTERNATIVE ENGLISH STRING</Data></Cell>
    <Cell><Data ss:Type="String">LOCALIZATION NOTES</Data></Cell>
    <Cell><Data ss:Type="String">DEV TEAM / MISC NOTES</Data></Cell>
   </Row>
   <Row ss:AutoFitHeight="0" ss:Height="60">
    <Cell><Data ss:Type="String">FORGOTTEN_MESSAGE</Data></Cell>
    <Cell><Data ss:Type="String">PEACEKEEPER_INV_ALLY_FAC_WAR</Data></Cell>
    <Cell><Data ss:Type="String">O Criador lhe concedeu a vida; nós lhe oferecemos o caminho da devoção. Em vez disso, a corrupção da Entropia consumiu seu próprio ser. Por que outro motivo um Guardião da Essência se juntaria a esses hereges?[br/][br/]Os Esquecidos durarão mais que você, {STR_LeaderName}.</Data></Cell>
    <Cell ss:Index="5"><Data ss:Type="String">For this faction's narrative style and in world references, please check the glossay delivered as part of the documentation.</Data></Cell>
   </Row>
   <Row ss:AutoFitHeight="0" ss:Height="60">
    <Cell><Data ss:Type="String">FORGOTTEN_MESSAGE</Data></Cell>
    <Cell><Data ss:Type="String">PEACEKEEPER_INV_WAR_FAC_ALLY</Data></Cell>
    <Cell><Data ss:Type="String">A escuridão se aproxima cada vez mais, ameaçando tudo o que o grande Criador protege. Os parasitas do Vazio atacam todos os portadores de Essência, mas nossa fé permanece enquanto o Amigo da Vida {STR_LeaderName} estiver presente. O que temos a discutir?</Data></Cell>
    <Cell ss:Index="5"><Data ss:Type="String">In the lines below, {STR_LeaderName} is replaced by the name of the player's avatar.</Data></Cell>
   </Row>
   <Row ss:AutoFitHeight="0" ss:Height="90">
    <Cell><Data ss:Type="String">FORGOTTEN_MESSAGE</Data></Cell>
    <Cell><Data ss:Type="String">PEACEKEEPER_INV_WAR_FAC_WAR</Data></Cell>
    <Cell><Data ss:Type="String">Há planos postos em movimento pelo Criador que nem nós, em toda a nossa fé, conseguimos enxergar. Apesar do nosso conflito, permanecemos intactos com nossa Essência. Junte-se a nós, {STR_LeaderName}, e repila essa maré de parasitas entrópicos.</Data></Cell>
    <Cell ss:Index="5"><Data ss:Type="String">In the lines below, text refers to a person that can either be male or female. If relevant for translation, please use the ‘localized string’ column for the male text and the ‘alternative localized string’ column for the female text.</Data></Cell>
   </Row>
   <Row ss:AutoFitHeight="0" ss:Height="75">
    <Cell><Data ss:Type="String">FORGOTTEN_MESSAGE</Data></Cell>
    <Cell><Data ss:Type="String">NEUTRAL_INV_ALLY_FAC_WAR</Data></Cell>
    <Cell><Data ss:Type="String">De todos os caminhos que poderia ter seguido, você escolheu a corrupção. Sua própria existência, herética e em desafio ao Criador, será purificada deste mundo.[br/][br/]Entregue sua Essência, {STR_LeaderName}, e o Criador poderá ser mais misericordioso que seus mestres Portadores do Vazio.</Data></Cell>
    <Cell ss:Index="5"><Data ss:Type="String">The Creator being the god-like deity of the Forgotten</Data></Cell>
   </Row>
   <Row ss:AutoFitHeight="0" ss:Height="30">
    <Cell><Data ss:Type="String">FORGOTTEN_MESSAGE</Data></Cell>
    <Cell><Data ss:Type="String">NEUTRAL_INV_WAR_FAC_ALLY</Data></Cell>
    <Cell><Data ss:Type="String">Fale depressa, Guardião da Essência {STR_LeaderName}. A corrupção dos Portadores do Vazio está se espalhando.</Data></Cell>
    <Cell ss:Index="5"><Data ss:Type="String">Corruption meaning the damage and influence of the Voidbringers</Data></Cell>
   </Row>
   <Row ss:AutoFitHeight="0" ss:Height="60">
    <Cell><Data ss:Type="String">FORGOTTEN_MESSAGE</Data></Cell>
    <Cell><Data ss:Type="String">NEUTRAL_INV_WAR_FAC_WAR</Data></Cell>
    <Cell><Data ss:Type="String">Oferecemos perdão e um caminho para a redenção, se você abandonar seu estado de guerra com os Esquecidos. Inimigos maiores se revelaram, uma ameaça a toda a Essência e à própria vida. Lutará contra a maré que se aproxima conosco?</Data></Cell>
    <Cell ss:Index="5"><Data ss:Type="String">The coming tide meaning the threat of the Voidbringers</Data></Cell>
   </Row>
   <Row ss:AutoFitHeight="0" ss:Height="45">
    <Cell><Data ss:Type="String">FORGOTTEN_MESSAGE</Data></Cell>
    <Cell><Data ss:Type="String">WARMONGER_INV_ALLY_FAC_WAR</Data></Cell>
    <Cell><Data ss:Type="String">Então o Tomador de Essência abandonou sua espécie em favor da servidão e do cativeiro. Considere isto uma guerra, {STR_LeaderName}. Você não profanará mais a Essência concedida pelo Criador.</Data></Cell>
    <Cell ss:Index="5"><Data ss:Type="String">Enthrallment refering to being under the control of the Voidbringers</Data></Cell>
   </Row>
   <Row ss:AutoFitHeight="0" ss:Height="45">
    <Cell><Data ss:Type="String">FORGOTTEN_MESSAGE</Data></Cell>
    <Cell><Data ss:Type="String">WARMONGER_INV_WAR_FAC_ALLY</Data></Cell>
    <Cell><Data ss:Type="String">O outrora promissor Guardião da Essência traiu tudo o que é puro aos olhos do Criador. A guerra se aproxima de todos nós, {STR_LeaderName}. Agora devemos discutir a luta contra nosso inimigo comum.</Data></Cell>
   </Row>
   <Row ss:AutoFitHeight="0" ss:Height="45">
    <Cell><Data ss:Type="String">FORGOTTEN_MESSAGE</Data></Cell>
    <Cell><Data ss:Type="String">WARMONGER_INV_WAR_FAC_WAR</Data></Cell>
    <Cell><Data ss:Type="String">Ainda há esperança para você, Guardião da Essência {STR_LeaderName}. Oferecemos um caminho de redenção se se juntar à nossa luta justa contra os parasitas Portadores do Vazio.</Data></Cell>
   </Row>
  </Table>
  <WorksheetOptions xmlns="urn:schemas-microsoft-com:office:excel">
   <Unsynced/>
   <Print>
    <ValidPrinterInfo/>
    <HorizontalResolution>600</HorizontalResolution>
    <VerticalResolution>600</VerticalResolution>
   </Print>
   <Selected/>
   <TopRowVisible>1</TopRowVisible>
   <LeftColumnVisible>1</LeftColumnVisible>
   <Panes>
    <Pane>
     <Number>3</Number>
     <ActiveRow>10</ActiveRow>
     <ActiveCol>4</ActiveCol>
    </Pane>
   </Panes>
   <ProtectObjects>False</ProtectObjects>
   <ProtectScenarios>False</ProtectScenarios>
  </WorksheetOptions>
 </Worksheet>
</Workbook>