<?xml version='1.0' encoding='UTF-8'?>
<?mso-application progid="Excel.Sheet"?><Workbook xmlns="urn:schemas-microsoft-com:office:spreadsheet" xmlns:o="urn:schemas-microsoft-com:office:office" xmlns:x="urn:schemas-microsoft-com:office:excel" xmlns:ss="urn:schemas-microsoft-com:office:spreadsheet" xmlns:html="http://www.w3.org/TR/REC-html40">
 <DocumentProperties xmlns="urn:schemas-microsoft-com:office:office">
  <LastAuthor>Joshua Crowder</LastAuthor>
  <LastSaved>2020-02-17T09:25:11Z</LastSaved>
  <Version>15.00</Version>
 </DocumentProperties>
 <OfficeDocumentSettings xmlns="urn:schemas-microsoft-com:office:office">
  <AllowPNG/>
 </OfficeDocumentSettings>
 <ExcelWorkbook xmlns="urn:schemas-microsoft-com:office:excel">
  <WindowHeight>11550</WindowHeight>
  <WindowWidth>25410</WindowWidth>
  <WindowTopX>0</WindowTopX>
  <WindowTopY>0</WindowTopY>
  <RefModeR1C1/>
  <ProtectStructure>False</ProtectStructure>
  <ProtectWindows>False</ProtectWindows>
 </ExcelWorkbook>
 <Styles>
  <Style ss:ID="Default" ss:Name="Normal">
   <Alignment ss:Vertical="Bottom"/>
   <Borders/>
   <Font ss:FontName="Calibri" x:CharSet="1" x:Family="Swiss" ss:Size="11" ss:Color="#000000"/>
   <Interior/>
   <NumberFormat/>
   <Protection/>
  </Style>
  <Style ss:ID="s62">
   <Alignment ss:Vertical="Top" ss:WrapText="1"/>
  </Style>
 </Styles>
 <Worksheet ss:Name="Script">
  <Table ss:ExpandedColumnCount="6" ss:ExpandedRowCount="14" x:FullColumns="1" x:FullRows="1" ss:StyleID="s62" ss:DefaultColumnWidth="51.75" ss:DefaultRowHeight="15">
   <Column ss:StyleID="s62" ss:Width="172.5"/>
   <Column ss:StyleID="s62" ss:Width="174.75"/>
   <Column ss:StyleID="s62" ss:Width="333.75"/>
   <Column ss:StyleID="s62" ss:Width="147.75"/>
   <Column ss:StyleID="s62" ss:Width="270.75"/>
   <Column ss:StyleID="s62" ss:Width="120"/>
   <Row ss:AutoFitHeight="0" ss:Height="75">
    <Cell><Data ss:Type="String">DIPLOMACY_SPECIESEMPIRE_DLC04</Data></Cell>
    <Cell ss:Index="5"><Data ss:Type="String">The DEV TEAM / MISC NOTES column contains info on what text between { } signs means (if applicable). It usually stands for either a numeric value, or a numeric value with an icon. Text between [ ] signs stands for a certain type of icon. </Data></Cell>
   </Row>
   <Row ss:AutoFitHeight="0">
    <Cell><Data ss:Type="String">SCENE ID</Data></Cell>
    <Cell><Data ss:Type="String">TEXT ID</Data></Cell>
    <Cell><Data ss:Type="String">ENGLISH STRING</Data></Cell>
    <Cell><Data ss:Type="String">ALTERNATIVE ENGLISH STRING</Data></Cell>
    <Cell><Data ss:Type="String">LOCALIZATION NOTES</Data></Cell>
    <Cell><Data ss:Type="String">DEV TEAM / MISC NOTES</Data></Cell>
   </Row>
   <Row ss:AutoFitHeight="0" ss:Height="45">
    <Cell ss:Index="5"><Data ss:Type="String">For this faction's narrative style and in world references, please check the glossay delivered as part of the documentation.</Data></Cell>
   </Row>
   <Row ss:AutoFitHeight="0" ss:Height="30">
    <Cell ss:Index="5"><Data ss:Type="String">In the lines below, {STR_LeaderName} is replaced by the name of the player's avatar.</Data></Cell>
   </Row>
   <Row ss:AutoFitHeight="0" ss:Height="75">
    <Cell ss:Index="5"><Data ss:Type="String">In the lines below, text refers to a person that can either be male or female. If relevant for translation, please use the ‘localized string’ column for the male text and the ‘alternative localized string’ column for the female text.</Data></Cell>
   </Row>
   <Row ss:AutoFitHeight="0" ss:Height="60">
    <Cell><Data ss:Type="String">EMPIRE_MESSAGE</Data></Cell>
    <Cell><Data ss:Type="String">PEACEKEEPER_INV_ALLY_FAC_WAR</Data></Cell>
    <Cell><Data ss:Type="String">Tínhamos grandes esperanças em você, {STR_LeaderName}, mas você desafia tudo o que os nobres Paragon representam.[br/][br/]Que assim seja. Nossas legiões justas e aprimoradas irão purificar este planeta tanto da sua espécie quanto desses Portadores do Vazio.</Data></Cell>
   </Row>
   <Row ss:AutoFitHeight="0" ss:Height="45">
    <Cell><Data ss:Type="String">EMPIRE_MESSAGE</Data></Cell>
    <Cell><Data ss:Type="String">PEACEKEEPER_INV_WAR_FAC_ALLY</Data></Cell>
    <Cell><Data ss:Type="String">Sua conduta militar honrosa é aprovada pelo Prefeito, nobre {STR_LeaderName}. Vamos conduzir nossos negócios rapidamente; a escuridão avança cada vez mais perto.</Data></Cell>
    <Cell ss:Index="5"><Data ss:Type="String">The Prefect is the Paragon leader</Data></Cell>
   </Row>
   <Row ss:AutoFitHeight="0" ss:Height="60">
    <Cell><Data ss:Type="String">EMPIRE_MESSAGE</Data></Cell>
    <Cell><Data ss:Type="String">PEACEKEEPER_INV_WAR_FAC_WAR</Data></Cell>
    <Cell><Data ss:Type="String">{STR_LeaderName}, abra os olhos e veja a razão. Grandes imperadores sabem quando é hora de encerrar conflitos desnecessários diante de uma ameaça maior.[br/][br/]Desvie suas armas dos herdeiros da Star Union e junte-se a nós em nossa luta contra esses seres do Vazio.</Data></Cell>
   </Row>
   <Row ss:AutoFitHeight="0" ss:Height="60">
    <Cell><Data ss:Type="String">EMPIRE_MESSAGE</Data></Cell>
    <Cell><Data ss:Type="String">NEUTRAL_INV_ALLY_FAC_WAR</Data></Cell>
    <Cell><Data ss:Type="String">Sua falta de lealdade aos Paragon ficou clara. Você teve a chance de se juntar à civilização, mas se rendeu aos Portadores do Vazio.[br/][br/]Em nome do Prefeito, nós o renegamos. Nossas forças se encontrarão no campo de batalha, {STR_LeaderName}.</Data></Cell>
   </Row>
   <Row ss:AutoFitHeight="0" ss:Height="45">
    <Cell><Data ss:Type="String">EMPIRE_MESSAGE</Data></Cell>
    <Cell><Data ss:Type="String">NEUTRAL_INV_WAR_FAC_ALLY</Data></Cell>
    <Cell><Data ss:Type="String">Não há tempo para formalidades, cidadão {STR_LeaderName}. Seu serviço aos Paragon será reconhecido se continuar esta nobre luta contra os Portadores do Vazio.</Data></Cell>
   </Row>
   <Row ss:AutoFitHeight="0" ss:Height="60">
    <Cell><Data ss:Type="String">EMPIRE_MESSAGE</Data></Cell>
    <Cell><Data ss:Type="String">NEUTRAL_INV_WAR_FAC_WAR</Data></Cell>
    <Cell><Data ss:Type="String">Seus erros passados ainda podem ser perdoados, {STR_LeaderName}.[br/][br/]Prove que é digno de se tornar um aliado dos Paragon. Nestes tempos sombrios, você se juntará a nós e lutará contra as hordas incivilizadas do Vazio?</Data></Cell>
   </Row>
   <Row ss:AutoFitHeight="0" ss:Height="60">
    <Cell><Data ss:Type="String">EMPIRE_MESSAGE</Data></Cell>
    <Cell><Data ss:Type="String">WARMONGER_INV_ALLY_FAC_WAR</Data></Cell>
    <Cell><Data ss:Type="String">O abutre com delírios de grandeza mostra sua verdadeira natureza.[br/[br/]Você realmente acha que sua aliança com esses demônios terminará bem para você? Os Paragon lavam as mãos de seus modos bárbaros.</Data></Cell>
    <Cell ss:Index="5"><Data ss:Type="String">"Vulture with delusions of grandeur" means that the player is a scavenger, but sees themselves as more important and powerful than they are</Data></Cell>
   </Row>
   <Row ss:AutoFitHeight="0" ss:Height="45">
    <Cell><Data ss:Type="String">EMPIRE_MESSAGE</Data></Cell>
    <Cell><Data ss:Type="String">WARMONGER_INV_WAR_FAC_ALLY</Data></Cell>
    <Cell><Data ss:Type="String">Que fique registrado, não estaríamos lidando com seus modos agressivos se não fosse necessário. Mas nestes tempos conturbados, os Paragon oferecem sua cooperação até mesmo a {STR_LeaderName}, o Belicista.</Data></Cell>
   </Row>
   <Row ss:AutoFitHeight="0" ss:Height="45">
    <Cell><Data ss:Type="String">EMPIRE_MESSAGE</Data></Cell>
    <Cell><Data ss:Type="String">WARMONGER_INV_WAR_FAC_WAR</Data></Cell>
    <Cell><Data ss:Type="String">Pela lei do Prefeito, oferecemos redenção diante dos abomináveis Portadores do Vazio que se espalham por este sistema. Perdoaremos seus atos de guerra contra os Paragon se você se juntar a nós.</Data></Cell>
   </Row>
  </Table>
  <WorksheetOptions xmlns="urn:schemas-microsoft-com:office:excel">
   <Unsynced/>
   <Print>
    <ValidPrinterInfo/>
    <HorizontalResolution>600</HorizontalResolution>
    <VerticalResolution>600</VerticalResolution>
   </Print>
   <Selected/>
   <TopRowVisible>5</TopRowVisible>
   <LeftColumnVisible>1</LeftColumnVisible>
   <Panes>
    <Pane>
     <Number>3</Number>
     <ActiveRow>13</ActiveRow>
     <ActiveCol>4</ActiveCol>
    </Pane>
   </Panes>
   <ProtectObjects>False</ProtectObjects>
   <ProtectScenarios>False</ProtectScenarios>
  </WorksheetOptions>
 </Worksheet>
</Workbook>