<?xml version='1.0' encoding='UTF-8'?>
<?mso-application progid="Excel.Sheet"?><Workbook xmlns="urn:schemas-microsoft-com:office:spreadsheet" xmlns:o="urn:schemas-microsoft-com:office:office" xmlns:x="urn:schemas-microsoft-com:office:excel" xmlns:ss="urn:schemas-microsoft-com:office:spreadsheet" xmlns:html="http://www.w3.org/TR/REC-html40">
 <DocumentProperties xmlns="urn:schemas-microsoft-com:office:office">
  <LastAuthor>Joshua Crowder</LastAuthor>
  <Created>2018-05-01T08:33:50Z</Created>
  <LastSaved>2020-02-17T10:10:49Z</LastSaved>
  <Version>15.00</Version>
 </DocumentProperties>
 <OfficeDocumentSettings xmlns="urn:schemas-microsoft-com:office:office">
  <AllowPNG/>
 </OfficeDocumentSettings>
 <ExcelWorkbook xmlns="urn:schemas-microsoft-com:office:excel">
  <WindowHeight>11550</WindowHeight>
  <WindowWidth>25410</WindowWidth>
  <WindowTopX>0</WindowTopX>
  <WindowTopY>0</WindowTopY>
  <RefModeR1C1/>
  <ProtectStructure>False</ProtectStructure>
  <ProtectWindows>False</ProtectWindows>
 </ExcelWorkbook>
 <Styles>
  <Style ss:ID="Default" ss:Name="Normal">
   <Alignment ss:Vertical="Bottom"/>
   <Borders/>
   <Font ss:FontName="Calibri" x:Family="Swiss" ss:Size="11" ss:Color="#000000"/>
   <Interior/>
   <NumberFormat/>
   <Protection/>
  </Style>
  <Style ss:ID="s62">
   <Alignment ss:Vertical="Top" ss:WrapText="1"/>
  </Style>
 </Styles>
 <Worksheet ss:Name="Script">
  <Table ss:ExpandedColumnCount="6" ss:ExpandedRowCount="14" x:FullColumns="1" x:FullRows="1" ss:StyleID="s62" ss:DefaultRowHeight="15">
   <Column ss:StyleID="s62" ss:Width="172.5"/>
   <Column ss:StyleID="s62" ss:Width="174.75"/>
   <Column ss:StyleID="s62" ss:Width="331.5"/>
   <Column ss:StyleID="s62" ss:Width="147.75"/>
   <Column ss:StyleID="s62" ss:AutoFitWidth="0" ss:Width="253.5"/>
   <Column ss:StyleID="s62" ss:Width="120"/>
   <Row ss:AutoFitHeight="0" ss:Height="75">
    <Cell><Data ss:Type="String">DIPLOMACY_SPECIESPSIFISH_DLC04</Data></Cell>
    <Cell ss:Index="5"><Data ss:Type="String">The DEV TEAM / MISC NOTES column contains info on what text between { } signs means (if applicable). It usually stands for either a numeric value, or a numeric value with an icon. Text between [ ] signs stands for a certain type of icon. </Data></Cell>
   </Row>
   <Row ss:AutoFitHeight="0">
    <Cell><Data ss:Type="String">SCENE ID</Data></Cell>
    <Cell><Data ss:Type="String">TEXT ID</Data></Cell>
    <Cell><Data ss:Type="String">ENGLISH STRING</Data></Cell>
    <Cell><Data ss:Type="String">ALTERNATIVE ENGLISH STRING</Data></Cell>
    <Cell><Data ss:Type="String">LOCALIZATION NOTES</Data></Cell>
    <Cell><Data ss:Type="String">DEV TEAM / MISC NOTES</Data></Cell>
   </Row>
   <Row ss:AutoFitHeight="0" ss:Height="45">
    <Cell ss:Index="5"><Data ss:Type="String">For this faction's narrative style and in world references, please check the glossay delivered as part of the documentation.</Data></Cell>
   </Row>
   <Row ss:AutoFitHeight="0" ss:Height="30">
    <Cell ss:Index="5"><Data ss:Type="String">In the lines below, {STR_LeaderName} is replaced by the name of the player's avatar.</Data></Cell>
   </Row>
   <Row ss:AutoFitHeight="0" ss:Height="75">
    <Cell ss:Index="5"><Data ss:Type="String">In the lines below, text refers to a person that can either be male or female. If relevant for translation, please use the ‘localized string’ column for the male text and the ‘alternative localized string’ column for the female text.</Data></Cell>
   </Row>
   <Row ss:AutoFitHeight="0" ss:Height="45">
    <Cell><Data ss:Type="String">PSIFISH_MESSAGE</Data></Cell>
    <Cell><Data ss:Type="String">PEACEKEEPER_INV_ALLY_FAC_WAR</Data></Cell>
    <Cell><Data ss:Type="String">Confuso… sentimentos. Ácido… paladares, antes eram… verdes. Por que {STR_LeaderName} começa k’chru? Decisões caóticas… nós estamos… para consumir você.</Data></Cell>
    <Cell ss:Index="5"><Data ss:Type="String">K'chru is Psi-Fish word for war</Data></Cell>
   </Row>
   <Row ss:AutoFitHeight="0" ss:Height="30">
    <Cell><Data ss:Type="String">PSIFISH_MESSAGE</Data></Cell>
    <Cell><Data ss:Type="String">PEACEKEEPER_INV_WAR_FAC_ALLY</Data></Cell>
    <Cell><Data ss:Type="String">Distorções no… Vazio. Nossa espécie… corrompida. Continuaremos… proteção compartilhada. Z’ctang nos cerca, fale seus desejos.</Data></Cell>
    <Cell ss:Index="5"><Data ss:Type="String">Z'ctang is a Psi-Fish word for danger</Data></Cell>
   </Row>
   <Row ss:AutoFitHeight="0" ss:Height="30">
    <Cell><Data ss:Type="String">PSIFISH_MESSAGE</Data></Cell>
    <Cell><Data ss:Type="String">PEACEKEEPER_INV_WAR_FAC_WAR</Data></Cell>
    <Cell><Data ss:Type="String">Psi-Peixes podem… perdoar. Ignore seu gosto azedo, {STR_LeaderName}, nova ameaça surge… os parentes corrompidos… Arautos do Vazio.</Data></Cell>
    <Cell ss:Index="5"><Data ss:Type="String">Corrupted kin showing a relation to the Voidbringers, but that they have gone bad</Data></Cell>
   </Row>
   <Row ss:AutoFitHeight="0" ss:Height="45">
    <Cell><Data ss:Type="String">PSIFISH_MESSAGE</Data></Cell>
    <Cell><Data ss:Type="String">NEUTRAL_INV_ALLY_FAC_WAR</Data></Cell>
    <Cell><Data ss:Type="String">Entidade desconhecida {STR_LeaderName}, você exala… paladares desagradáveis. Filha do Cosmos agora serve… parentes corrompidos. Nossa Medusa irá… drenar sua vida, suas ações… tolas.</Data></Cell>
    <Cell ss:Index="5"><Data ss:Type="String">Medusa being Psi-Fish unit</Data></Cell>
   </Row>
   <Row ss:AutoFitHeight="0" ss:Height="30">
    <Cell><Data ss:Type="String">PSIFISH_MESSAGE</Data></Cell>
    <Cell><Data ss:Type="String">NEUTRAL_INV_WAR_FAC_ALLY</Data></Cell>
    <Cell><Data ss:Type="String">Relações esperançosas, orgânicos lutam contra os corrompidos Arautos do Vazio… com Psi-Peixes? Vamos… nos comunicar.</Data></Cell>
   </Row>
   <Row ss:AutoFitHeight="0" ss:Height="45">
    <Cell><Data ss:Type="String">PSIFISH_MESSAGE</Data></Cell>
    <Cell><Data ss:Type="String">NEUTRAL_INV_WAR_FAC_WAR</Data></Cell>
    <Cell><Data ss:Type="String">{STR_LeaderName} possui intenções equivocadas.[br/][br/]Distorções podem ser… curadas… libere vibrações hostis. Ameaça à existência… surge… nos ajude?</Data></Cell>
    <Cell ss:Index="5"><Data ss:Type="String">Release hostile vibrations refering to ending hostilities between Psi-Fish and player</Data></Cell>
   </Row>
   <Row ss:AutoFitHeight="0" ss:Height="45">
    <Cell><Data ss:Type="String">PSIFISH_MESSAGE</Data></Cell>
    <Cell><Data ss:Type="String">WARMONGER_INV_ALLY_FAC_WAR</Data></Cell>
    <Cell><Data ss:Type="String">Z’ctang consome {STR_LeaderName}… obedece nossos parentes corrompidos. Formas se moldam… Filha do Cosmos abandonou… seu próprio povo.[br/][br/]Psi-Peixes purificarão a realidade… de você.</Data></Cell>
    <Cell ss:Index="5"><Data ss:Type="String">Z'ctang is a Psi-Fish word for danger, consumes meaning to surround them</Data></Cell>
   </Row>
   <Row ss:AutoFitHeight="0" ss:Height="30">
    <Cell><Data ss:Type="String">PSIFISH_MESSAGE</Data></Cell>
    <Cell><Data ss:Type="String">WARMONGER_INV_WAR_FAC_ALLY</Data></Cell>
    <Cell><Data ss:Type="String">Aceitação continua, intenções irrelevantes, parentes corrompidos… Arautos do Vazio… ameaçam a todos. Exponha seu pedido… o tempo está acabando.</Data></Cell>
   </Row>
   <Row ss:AutoFitHeight="0" ss:Height="45">
    <Cell><Data ss:Type="String">PSIFISH_MESSAGE</Data></Cell>
    <Cell><Data ss:Type="String">WARMONGER_INV_WAR_FAC_WAR</Data></Cell>
    <Cell><Data ss:Type="String">O tecido da realidade… grita. Toda vida será consumida, até mesmo {STR_LeaderName}. Desesperados… nós… esqueça as vibrações agressivas… nos ajude?</Data></Cell>
   </Row>
  </Table>
  <WorksheetOptions xmlns="urn:schemas-microsoft-com:office:excel">
   <Unsynced/>
   <Print>
    <ValidPrinterInfo/>
    <HorizontalResolution>600</HorizontalResolution>
    <VerticalResolution>600</VerticalResolution>
   </Print>
   <Selected/>
   <TopRowVisible>12</TopRowVisible>
   <LeftColumnVisible>1</LeftColumnVisible>
   <Panes>
    <Pane>
     <Number>3</Number>
     <ActiveRow>12</ActiveRow>
     <ActiveCol>4</ActiveCol>
    </Pane>
   </Panes>
   <ProtectObjects>False</ProtectObjects>
   <ProtectScenarios>False</ProtectScenarios>
  </WorksheetOptions>
 </Worksheet>
</Workbook>