<?xml version='1.0' encoding='UTF-8'?>
<?mso-application progid="Excel.Sheet"?><Workbook xmlns="urn:schemas-microsoft-com:office:spreadsheet" xmlns:o="urn:schemas-microsoft-com:office:office" xmlns:x="urn:schemas-microsoft-com:office:excel" xmlns:ss="urn:schemas-microsoft-com:office:spreadsheet" xmlns:html="http://www.w3.org/TR/REC-html40">
 <DocumentProperties xmlns="urn:schemas-microsoft-com:office:office">
  <LastAuthor>Luis Ferreira</LastAuthor>
  <LastSaved>2020-07-22T15:29:19Z</LastSaved>
  <Version>16.00</Version>
 </DocumentProperties>
 <OfficeDocumentSettings xmlns="urn:schemas-microsoft-com:office:office">
  <AllowPNG/>
 </OfficeDocumentSettings>
 <ExcelWorkbook xmlns="urn:schemas-microsoft-com:office:excel">
  <WindowHeight>19965</WindowHeight>
  <WindowWidth>32767</WindowWidth>
  <WindowTopX>32767</WindowTopX>
  <WindowTopY>32767</WindowTopY>
  <RefModeR1C1/>
  <ProtectStructure>False</ProtectStructure>
  <ProtectWindows>False</ProtectWindows>
 </ExcelWorkbook>
 <Styles>
  <Style ss:ID="Default" ss:Name="Normal">
   <Alignment ss:Vertical="Bottom"/>
   <Borders/>
   <Font ss:FontName="Calibri" x:Family="Swiss" ss:Size="11" ss:Color="#000000"/>
   <Interior/>
   <NumberFormat/>
   <Protection/>
  </Style>
  <Style ss:ID="s62">
   <Alignment ss:Vertical="Top" ss:WrapText="1"/>
  </Style>
 </Styles>
 <Worksheet ss:Name="Script">
  <Table ss:ExpandedColumnCount="6" ss:ExpandedRowCount="17" x:FullColumns="1" x:FullRows="1" ss:StyleID="s62" ss:DefaultRowHeight="15">
   <Column ss:StyleID="s62" ss:Width="147.75"/>
   <Column ss:StyleID="s62" ss:Width="126"/>
   <Column ss:StyleID="s62" ss:Width="501.75"/>
   <Column ss:StyleID="s62" ss:Width="147.75"/>
   <Column ss:StyleID="s62" ss:Width="262.5"/>
   <Column ss:StyleID="s62" ss:Width="120"/>
   <Row ss:Height="75">
    <Cell><Data ss:Type="String">ENDLESS_TECHGROUPS_DLC04</Data></Cell>
    <Cell ss:Index="5"><Data ss:Type="String">The DEV TEAM / MISC NOTES column contains info on what text between { } signs means (if applicable). It usually stands for either a numeric value, or a numeric value with an icon. Text between [ ] signs stands for a certain type of icon. </Data></Cell>
   </Row>
   <Row>
    <Cell><Data ss:Type="String">SCENE ID</Data></Cell>
    <Cell><Data ss:Type="String">TEXT ID</Data></Cell>
    <Cell><Data ss:Type="String">ENGLISH STRING</Data></Cell>
    <Cell><Data ss:Type="String">ALTERNATIVE ENGLISH STRING</Data></Cell>
    <Cell><Data ss:Type="String">LOCALIZATION NOTES</Data></Cell>
    <Cell><Data ss:Type="String">DEV TEAM / MISC NOTES</Data></Cell>
   </Row>
   <Row ss:Height="105">
    <Cell><Data ss:Type="String">SONIC_WEAPONS_DAMAGE</Data></Cell>
    <Cell><Data ss:Type="String">NAME</Data></Cell>
    <Cell><Data ss:Type="String">Avanço em Armamento Sônico</Data></Cell>
    <Cell ss:Index="5"><Data ss:Type="String">In the text below, any inserted strings - anything of the form {text} - is replaced by an integer value for the thing described in the brackets. If the {text} is not followed by a unit - e.g. shields, hitpoints - the icon for the unit is inserted together with the integer. The same holds for symbols - e.g. '+', '%' - which are occasionally inserted together with the integer.</Data></Cell>
   </Row>
   <Row>
    <Cell><Data ss:Type="String">SONIC_WEAPONS_DAMAGE</Data></Cell>
    <Cell><Data ss:Type="String">SUBSKILL_NAME</Data></Cell>
    <Cell><Data ss:Type="String">Dano de Arma Sônica</Data></Cell>
    <Cell ss:Index="5"><Data ss:Type="String">Sonic is a weapon damage introduced in this DLC</Data></Cell>
   </Row>
   <Row>
    <Cell><Data ss:Type="String">SONIC_WEAPONS_DAMAGE</Data></Cell>
    <Cell><Data ss:Type="String">DESCRIPTION</Data></Cell>
    <Cell><Data ss:Type="String">Um grande avanço em nossa divisão de armas resultou em um aumento no poder de todas as armas sônicas de nossos exércitos!</Data></Cell>
   </Row>
   <Row>
    <Cell><Data ss:Type="String">SONIC_WEAPONS_DAMAGE</Data></Cell>
    <Cell><Data ss:Type="String">SUBSKILL_DESCRIPTION</Data></Cell>
    <Cell><Data ss:Type="String">{damageBonus}% de dano extra em todos os ataques de armas sônicas.</Data></Cell>
   </Row>
   <Row>
    <Cell><Data ss:Type="String">XENO_PANACEA</Data></Cell>
    <Cell><Data ss:Type="String">NAME</Data></Cell>
    <Cell><Data ss:Type="String">Panaceia Xeno</Data></Cell>
   </Row>
   <Row ss:Height="30">
    <Cell><Data ss:Type="String">XENO_PANACEA</Data></Cell>
    <Cell><Data ss:Type="String">DESCRIPTION</Data></Cell>
    <Cell><Data ss:Type="String">Avanço Acidental! Enquanto experimentávamos com a fauna local, conseguimos encontrar uma cura para os patógenos estrangeiros que debilitam o sistema imunológico dos Shakarn.</Data></Cell>
    <Cell ss:Index="5"><Data ss:Type="String">Shakarn are a player Race in this DLC</Data></Cell>
   </Row>
   <Row>
    <Cell><Data ss:Type="String">XENO_PANACEA</Data></Cell>
    <Cell><Data ss:Type="String">SUBSKILL_NAME</Data></Cell>
    <Cell><Data ss:Type="String">Cura Shakarn</Data></Cell>
   </Row>
   <Row ss:Height="30">
    <Cell><Data ss:Type="String">XENO_PANACEA</Data></Cell>
    <Cell><Data ss:Type="String">SUBSKILL_DESCRIPTION</Data></Cell>
    <Cell><Data ss:Type="String">Unidades sob seu controle com Debilitação Xeno ganham +{StatusEffectResist} de resistência a efeitos de status e +{Hp}[hp/].</Data></Cell>
   </Row>
   <Row>
    <Cell><Data ss:Type="String">CAPTIVE_THUNDER</Data></Cell>
    <Cell><Data ss:Type="String">NAME</Data></Cell>
    <Cell><Data ss:Type="String">Trovão Cativo</Data></Cell>
   </Row>
   <Row ss:Height="30">
    <Cell><Data ss:Type="String">CAPTIVE_THUNDER</Data></Cell>
    <Cell><Data ss:Type="String">DESCRIPTION</Data></Cell>
    <Cell><Data ss:Type="String">Avanço Acidental! Conseguimos construir recipientes fortes o suficiente para conter Thundermaws, os saurianos nativos do mundo natal dos Shakarn. Agora podemos criá-los e treiná-los!</Data></Cell>
   </Row>
   <Row>
    <Cell><Data ss:Type="String">CAPTIVE_THUNDER</Data></Cell>
    <Cell><Data ss:Type="String">SUBSKILL_NAME_1</Data></Cell>
    <Cell><Data ss:Type="String">Parque Thundermaw</Data></Cell>
   </Row>
   <Row>
    <Cell><Data ss:Type="String">CAPTIVE_THUNDER</Data></Cell>
    <Cell><Data ss:Type="String">SUBSKILL_DESCRIPTION_1</Data></Cell>
    <Cell><Data ss:Type="String">Permite a produção de Thundermaws em nossas colônias.</Data></Cell>
    <Cell ss:Index="5"><Data ss:Type="String">Thundermaw is a Wildlife unit in this DLC</Data></Cell>
   </Row>
   <Row>
    <Cell><Data ss:Type="String">CAPTIVE_THUNDER</Data></Cell>
    <Cell><Data ss:Type="String">SUBSKILL_NAME_2</Data></Cell>
    <Cell><Data ss:Type="String">Recipientes Zoológicos Aprimorados</Data></Cell>
   </Row>
   <Row>
    <Cell><Data ss:Type="String">CAPTIVE_THUNDER</Data></Cell>
    <Cell><Data ss:Type="String">SUBSKILL_DESCRIPTION_2</Data></Cell>
    <Cell><Data ss:Type="String">Todas as unidades Animal, Etérea, Mineral e Vegetal produzidas em suas colônias ganham +{Amount}[medaliron/]</Data></Cell>
   </Row>
   <Row>
    <Cell><Data ss:Type="String">CAPTIVE_THUNDER</Data></Cell>
    <Cell><Data ss:Type="String">SUBSKILL_PROP</Data></Cell>
    <Cell><Data ss:Type="String">Todas as colônias produzem unidades Animal, Etérea, Mineral e Vegetal com +{Amount}[medaliron/]</Data></Cell>
   </Row>
  </Table>
  <WorksheetOptions xmlns="urn:schemas-microsoft-com:office:excel">
   <Print>
    <ValidPrinterInfo/>
    <HorizontalResolution>600</HorizontalResolution>
    <VerticalResolution>600</VerticalResolution>
   </Print>
   <Selected/>
   <Panes>
    <Pane>
     <Number>3</Number>
     <ActiveRow>19</ActiveRow>
     <ActiveCol>6</ActiveCol>
    </Pane>
   </Panes>
   <ProtectObjects>False</ProtectObjects>
   <ProtectScenarios>False</ProtectScenarios>
  </WorksheetOptions>
 </Worksheet>
</Workbook>