<?xml version='1.0' encoding='UTF-8'?>
<?mso-application progid="Excel.Sheet"?><Workbook xmlns="urn:schemas-microsoft-com:office:spreadsheet" xmlns:o="urn:schemas-microsoft-com:office:office" xmlns:x="urn:schemas-microsoft-com:office:excel" xmlns:ss="urn:schemas-microsoft-com:office:spreadsheet" xmlns:html="http://www.w3.org/TR/REC-html40">
 <DocumentProperties xmlns="urn:schemas-microsoft-com:office:office">
  <Author>Ajay Ramautar</Author>
  <LastAuthor>Glenn Smits</LastAuthor>
  <Created>2019-04-23T14:53:13Z</Created>
  <LastSaved>2020-04-29T07:38:54Z</LastSaved>
  <Version>15.00</Version>
 </DocumentProperties>
 <OfficeDocumentSettings xmlns="urn:schemas-microsoft-com:office:office">
  <AllowPNG/>
 </OfficeDocumentSettings>
 <ExcelWorkbook xmlns="urn:schemas-microsoft-com:office:excel">
  <WindowHeight>12135</WindowHeight>
  <WindowWidth>28800</WindowWidth>
  <WindowTopX>0</WindowTopX>
  <WindowTopY>0</WindowTopY>
  <RefModeR1C1/>
  <ProtectStructure>False</ProtectStructure>
  <ProtectWindows>False</ProtectWindows>
 </ExcelWorkbook>
 <Styles>
  <Style ss:ID="Default" ss:Name="Normal">
   <Alignment ss:Vertical="Bottom"/>
   <Borders/>
   <Font ss:FontName="Calibri" x:CharSet="1" x:Family="Swiss" ss:Size="11" ss:Color="#000000"/>
   <Interior/>
   <NumberFormat/>
   <Protection/>
  </Style>
  <Style ss:ID="s62">
   <Alignment ss:Vertical="Top" ss:WrapText="1"/>
  </Style>
 </Styles>
 <Worksheet ss:Name="Script">
  <Table ss:ExpandedColumnCount="6" ss:ExpandedRowCount="29" x:FullColumns="1" x:FullRows="1" ss:StyleID="s62" ss:DefaultColumnWidth="292.5" ss:DefaultRowHeight="15">
   <Column ss:StyleID="s62" ss:Width="100.5"/>
   <Column ss:StyleID="s62" ss:AutoFitWidth="0" ss:Width="144.75"/>
   <Column ss:StyleID="s62" ss:AutoFitWidth="0" ss:Width="502.5"/>
   <Column ss:StyleID="s62" ss:Width="147.75"/>
   <Column ss:StyleID="s62" ss:Width="283.5"/>
   <Column ss:StyleID="s62" ss:Width="120.75"/>
   <Row ss:AutoFitHeight="0" ss:Height="75">
    <Cell><Data ss:Type="String">FACTIONWARQUEST</Data></Cell>
    <Cell ss:Index="5"><Data ss:Type="String">The DEV TEAM / MISC NOTES column contains info on what text between { } signs means (if applicable). It usually stands for either a numeric value, or a numeric value with an icon. Text between [ ] signs stands for a certain type of icon. </Data></Cell>
   </Row>
   <Row ss:AutoFitHeight="0">
    <Cell><Data ss:Type="String">SCENE ID</Data></Cell>
    <Cell><Data ss:Type="String">TEXT ID</Data></Cell>
    <Cell><Data ss:Type="String">ENGLISH STRING</Data></Cell>
    <Cell><Data ss:Type="String">ALTERNATIVE ENGLISH STRING</Data></Cell>
    <Cell><Data ss:Type="String">LOCALIZATION NOTES</Data></Cell>
    <Cell><Data ss:Type="String">DEV TEAM / MISC NOTES</Data></Cell>
   </Row>
   <Row ss:AutoFitHeight="0" ss:Height="105">
    <Cell ss:Index="5"><Data ss:Type="String">In the text below, any inserted strings - anything of the form {text} - is replaced by an integer value for the thing described in the brackets. If the {text} is not followed by a unit - e.g. shields, hitpoints - the icon for the unit is inserted together with the integer. The same holds for symbols - e.g. '+', '%' - which are occasionally inserted together with the integer.</Data></Cell>
   </Row>
   <Row ss:AutoFitHeight="0">
    <Cell><Data ss:Type="String">THERIANS</Data></Cell>
    <Cell><Data ss:Type="String">NAME</Data></Cell>
    <Cell><Data ss:Type="String">Guerra da Facção Therian</Data></Cell>
    <Cell ss:Index="5"><Data ss:Type="String">All 'you's can be male or female</Data></Cell>
   </Row>
   <Row ss:AutoFitHeight="0" ss:Height="30">
    <Cell><Data ss:Type="String">THERIANS</Data></Cell>
    <Cell><Data ss:Type="String">DESCRIPTION</Data></Cell>
    <Cell><Data ss:Type="String">Uma guerra estourou contra os Therians. Eles têm muitos inimigos neste planeta que nos recompensariam por sua aniquilação, ou talvez possamos encontrar algo de valor entre seus mortos.</Data></Cell>
   </Row>
   <Row ss:AutoFitHeight="0">
    <Cell><Data ss:Type="String">THERIANS</Data></Cell>
    <Cell><Data ss:Type="String">RESEARCH</Data></Cell>
    <Cell><Data ss:Type="String">Entregamos amostras dos Therians derrotados ao nosso departamento de pesquisa.</Data></Cell>
   </Row>
   <Row ss:AutoFitHeight="0">
    <Cell><Data ss:Type="String">THERIANS</Data></Cell>
    <Cell><Data ss:Type="String">BLACK_MARKET</Data></Cell>
    <Cell><Data ss:Type="String">Peles de Therian foram vendidas a colecionadores e estilistas no Mercado Negro.</Data></Cell>
   </Row>
   <Row ss:AutoFitHeight="0" ss:Height="30">
    <Cell><Data ss:Type="String">THERIANS</Data></Cell>
    <Cell><Data ss:Type="String">SPACERS_DEFEATED</Data></Cell>
    <Cell><Data ss:Type="String">Bom débarras! Esses Spacers loucos nos assediaram e caçaram por esporte desde que chegaram. Um brinde à paz para todos nós!</Data></Cell>
   </Row>
   <Row ss:AutoFitHeight="0">
    <Cell><Data ss:Type="String">THERIANS</Data></Cell>
    <Cell><Data ss:Type="String">GROWTH_DEFEATED</Data></Cell>
    <Cell><Data ss:Type="String">Nossos seguranças gostariam de ficar com alguns dos brotos da Growth como lanche. Podemos? Por favor?</Data></Cell>
   </Row>
   <Row ss:AutoFitHeight="0" ss:Height="30">
    <Cell><Data ss:Type="String">THERIANS</Data></Cell>
    <Cell><Data ss:Type="String">PARAGON_DEFEATED</Data></Cell>
    <Cell><Data ss:Type="String">Os Paragon sempre foram tão arrogantes. Não somos inferiores a eles. Bom, agora somos até superiores a eles, ha!</Data></Cell>
   </Row>
   <Row ss:AutoFitHeight="0" ss:Height="30">
    <Cell><Data ss:Type="String">THERIANS</Data></Cell>
    <Cell><Data ss:Type="String">AUTONOM_DEFEATED</Data></Cell>
    <Cell><Data ss:Type="String">Nunca nos demos bem com aqueles robôs. Eles não tinham cheiro e eram tão frios. Este planeta pertence a seres vivos.</Data></Cell>
   </Row>
   <Row ss:AutoFitHeight="0" ss:Height="30">
    <Cell><Data ss:Type="String">THERIANS</Data></Cell>
    <Cell><Data ss:Type="String">PSI-FISH_DEFEATED</Data></Cell>
    <Cell><Data ss:Type="String">Esses alienígenas psiónicos sempre pareceram antinaturais, confundindo nossos sentidos. Tomara que tenham voltado para onde vieram.</Data></Cell>
   </Row>
   <Row ss:AutoFitHeight="0">
    <Cell><Data ss:Type="String">AUTONOM</Data></Cell>
    <Cell><Data ss:Type="String">THERIAN_DEFEATED</Data></Cell>
    <Cell><Data ss:Type="String">Entidade conhecida como: Therians, mutados e selvagens. Status: Erradicados. Autonom: feliz.</Data></Cell>
   </Row>
   <Row ss:AutoFitHeight="0" ss:Height="34.5">
    <Cell><Data ss:Type="String">PARAGON</Data></Cell>
    <Cell><Data ss:Type="String">THERIAN_DEFEATED</Data></Cell>
    <Cell><Data ss:Type="String">Esses animais mutados sobreviveram por mais tempo do que esperávamos. Este mundo está melhor sem eles.</Data></Cell>
   </Row>
   <Row ss:AutoFitHeight="0">
    <Cell><Data ss:Type="String">GROWTH</Data></Cell>
    <Cell><Data ss:Type="String">THERIAN_DEFEATED</Data></Cell>
    <Cell><Data ss:Type="String">Criaturas criadas, que não pertencem nem aqui nem lá. Que seu fim signifique que pararão de comer de nossas raízes para sempre.</Data></Cell>
   </Row>
   <Row ss:AutoFitHeight="0">
    <Cell><Data ss:Type="String">SPACERS</Data></Cell>
    <Cell><Data ss:Type="String">THERIAN_DEFEATED</Data></Cell>
    <Cell><Data ss:Type="String">Booyah! GG EZ para esses malucos peludos.</Data></Cell>
    <Cell ss:Index="5"><Data ss:Type="String">GG EZ is used by gamers to mean Good Game Easy</Data></Cell>
   </Row>
   <Row ss:AutoFitHeight="0">
    <Cell><Data ss:Type="String">PSI_FISH</Data></Cell>
    <Cell><Data ss:Type="String">THERIAN_DEFEATED</Data></Cell>
    <Cell><Data ss:Type="String">Engenhocas... estranhas. Que encontrem... refúgio... em outro lugar.</Data></Cell>
   </Row>
   <Row ss:AutoFitHeight="0" ss:Height="30">
    <Cell><Data ss:Type="String">FORGOTTEN</Data></Cell>
    <Cell><Data ss:Type="String">THERIAN_DEFEATED</Data></Cell>
    <Cell><Data ss:Type="String">Excelente. Vamos consumir os cadáveres desses animais que renunciaram à humanidade que o Criador lhes deu, mesmo que isso signifique ter pelos entre os dentes.</Data></Cell>
   </Row>
   <Row ss:AutoFitHeight="0">
    <Cell><Data ss:Type="String">VOIDBRINGERS</Data></Cell>
    <Cell><Data ss:Type="String">NAME</Data></Cell>
    <Cell><Data ss:Type="String">Guerra da Facção Voidbringers</Data></Cell>
   </Row>
   <Row ss:AutoFitHeight="0" ss:Height="30">
    <Cell><Data ss:Type="String">VOIDBRINGERS</Data></Cell>
    <Cell><Data ss:Type="String">DESCRIPTION</Data></Cell>
    <Cell><Data ss:Type="String">Devemos repelir os invasores Voidbringers. Derrotar seus exércitos será recompensado pelos habitantes deste planeta, ou talvez possamos encontrar algo de valor entre seus mortos.</Data></Cell>
   </Row>
   <Row ss:AutoFitHeight="0">
    <Cell><Data ss:Type="String">VOIDBRINGERS</Data></Cell>
    <Cell><Data ss:Type="String">RESEARCH</Data></Cell>
    <Cell><Data ss:Type="String">Entregamos amostras dos Voidbringers derrotados ao nosso departamento de pesquisa.</Data></Cell>
   </Row>
   <Row ss:AutoFitHeight="0">
    <Cell><Data ss:Type="String">VOIDBRINGERS</Data></Cell>
    <Cell><Data ss:Type="String">BLACK_MARKET</Data></Cell>
    <Cell><Data ss:Type="String">Restos de Voidbringer foram vendidos a colecionadores e experimentadores biológicos no Mercado Negro.</Data></Cell>
   </Row>
   <Row ss:AutoFitHeight="0" ss:Height="29.25">
    <Cell><Data ss:Type="String">AUTONOM</Data></Cell>
    <Cell><Data ss:Type="String">VOIDBRINGERS_DEFEATED</Data></Cell>
    <Cell><Data ss:Type="String">Entidade conhecida como: Voidbringers, extradimensionais, vorazes. Status: Erradicados. Autonom: feliz.</Data></Cell>
   </Row>
   <Row ss:AutoFitHeight="0" ss:Height="35.25">
    <Cell><Data ss:Type="String">PARAGON</Data></Cell>
    <Cell><Data ss:Type="String">VOIDBRINGERS_DEFEATED</Data></Cell>
    <Cell><Data ss:Type="String">Esses monstros extradimensionais estão devastando há mais tempo do que esperávamos. Este mundo precisa ser libertado de suas garras devastadoras.</Data></Cell>
   </Row>
   <Row ss:AutoFitHeight="0">
    <Cell><Data ss:Type="String">GROWTH</Data></Cell>
    <Cell><Data ss:Type="String">VOIDBRINGERS_DEFEATED</Data></Cell>
    <Cell><Data ss:Type="String">Criaturas artificiais, que não pertencem nem aqui nem lá. Que sua destruição signifique que parem de se alimentar de nossas raízes para sempre.</Data></Cell>
   </Row>
   <Row ss:AutoFitHeight="0">
    <Cell><Data ss:Type="String">SPACERS</Data></Cell>
    <Cell><Data ss:Type="String">VOIDBRINGERS_DEFEATED</Data></Cell>
    <Cell><Data ss:Type="String">Boom! GG EZ para esses *griefers* cheios de bugs!</Data></Cell>
   </Row>
   <Row ss:AutoFitHeight="0">
    <Cell><Data ss:Type="String">PSI_FISH</Data></Cell>
    <Cell><Data ss:Type="String">VOIDBRINGERS_DEFEATED</Data></Cell>
    <Cell><Data ss:Type="String">Energia cataclísmica… criações… conectadas? Que nunca… se reconstruam… aqui.</Data></Cell>
   </Row>
   <Row ss:AutoFitHeight="0" ss:Height="27.75">
    <Cell><Data ss:Type="String">FORGOTTEN</Data></Cell>
    <Cell><Data ss:Type="String">VOIDBRINGERS_DEFEATED</Data></Cell>
    <Cell><Data ss:Type="String">Excelente. Você está fazendo o trabalho do Criador ao libertar este mundo das garras dos devoradores Voidbringers.</Data></Cell>
   </Row>
   <Row ss:AutoFitHeight="0" ss:Height="34.5">
    <Cell><Data ss:Type="String">THERIANS</Data></Cell>
    <Cell><Data ss:Type="String">VOIDBRINGERS_DEFEATED</Data></Cell>
    <Cell><Data ss:Type="String">Essas criaturas nojentas são ainda piores para nossos sentidos do que aqueles Psi-Peixes! Teremos que salvar este mundo derrotando-as!</Data></Cell>
   </Row>
  </Table>
  <WorksheetOptions xmlns="urn:schemas-microsoft-com:office:excel">
   <Unsynced/>
   <Print>
    <ValidPrinterInfo/>
    <HorizontalResolution>600</HorizontalResolution>
    <VerticalResolution>600</VerticalResolution>
   </Print>
   <Zoom>115</Zoom>
   <Selected/>
   <TopRowVisible>12</TopRowVisible>
   <Panes>
    <Pane>
     <Number>3</Number>
     <ActiveRow>29</ActiveRow>
     <ActiveCol>3</ActiveCol>
    </Pane>
   </Panes>
   <ProtectObjects>False</ProtectObjects>
   <ProtectScenarios>False</ProtectScenarios>
  </WorksheetOptions>
 </Worksheet>
</Workbook>