<?xml version='1.0' encoding='UTF-8'?>
<?mso-application progid="Excel.Sheet"?><Workbook xmlns="urn:schemas-microsoft-com:office:spreadsheet" xmlns:o="urn:schemas-microsoft-com:office:office" xmlns:x="urn:schemas-microsoft-com:office:excel" xmlns:ss="urn:schemas-microsoft-com:office:spreadsheet" xmlns:html="http://www.w3.org/TR/REC-html40">
 <DocumentProperties xmlns="urn:schemas-microsoft-com:office:office">
  <LastAuthor>Glenn Smits</LastAuthor>
  <LastSaved>2020-02-25T13:42:30Z</LastSaved>
  <Version>12.00</Version>
 </DocumentProperties>
 <OfficeDocumentSettings xmlns="urn:schemas-microsoft-com:office:office">
  <AllowPNG/>
 </OfficeDocumentSettings>
 <ExcelWorkbook xmlns="urn:schemas-microsoft-com:office:excel">
  <WindowHeight>3015</WindowHeight>
  <WindowWidth>13620</WindowWidth>
  <WindowTopX>0</WindowTopX>
  <WindowTopY>0</WindowTopY>
  <RefModeR1C1/>
  <ProtectStructure>False</ProtectStructure>
  <ProtectWindows>False</ProtectWindows>
 </ExcelWorkbook>
 <Styles>
  <Style ss:ID="Default" ss:Name="Normal">
   <Alignment ss:Vertical="Bottom"/>
   <Borders/>
   <Font ss:FontName="Calibri" x:Family="Swiss" ss:Size="11" ss:Color="#000000"/>
   <Interior/>
   <NumberFormat/>
   <Protection/>
  </Style>
  <Style ss:ID="s62">
   <Alignment ss:Vertical="Top" ss:WrapText="1"/>
  </Style>
  <Style ss:ID="s63">
   <Alignment ss:Vertical="Top"/>
  </Style>
 </Styles>
 <Worksheet ss:Name="Script">
  <Table ss:ExpandedColumnCount="6" ss:ExpandedRowCount="2188" x:FullColumns="1" x:FullRows="1" ss:StyleID="s62" ss:DefaultColumnWidth="156" ss:DefaultRowHeight="15">
   <Column ss:StyleID="s62" ss:Width="147"/>
   <Column ss:StyleID="s62" ss:Width="143.25"/>
   <Column ss:StyleID="s62" ss:Width="121.5"/>
   <Column ss:StyleID="s62" ss:Width="150"/>
   <Column ss:StyleID="s62" ss:AutoFitWidth="0" ss:Width="344.25"/>
   <Column ss:StyleID="s62" ss:Width="120.75"/>
   <Row ss:AutoFitHeight="0" ss:Height="90">
    <Cell><Data ss:Type="String">INTERFACE_DLC04</Data></Cell>
    <Cell ss:Index="5"><Data ss:Type="String">text serounded by {} or [] are special tags for code. These tag will be replaced with other text eg: the name of a player. The tags should NOT be localized. They represent the place in the sentens for their replacing string. Some {} tags start with STR or INT. STR means it will be replaced with text, INT means it will be replaced with a numerical value</Data></Cell>
   </Row>
   <Row ss:AutoFitHeight="0">
    <Cell><Data ss:Type="String">SCENE ID</Data></Cell>
    <Cell><Data ss:Type="String">TEXT ID</Data></Cell>
    <Cell><Data ss:Type="String">ENGLISH STRING</Data></Cell>
    <Cell><Data ss:Type="String">ALTERNATIVE ENGLISH STRING</Data></Cell>
    <Cell><Data ss:Type="String">LOCALIZATION NOTES</Data></Cell>
    <Cell><Data ss:Type="String">DEV TEAM / MISC NOTES</Data></Cell>
   </Row>
   <Row ss:AutoFitHeight="0">
    <Cell><Data ss:Type="String">TOME_OF_WONDERS_FILTERS</Data></Cell>
    <Cell><Data ss:Type="String">RESEARCH_SHAKARN</Data></Cell>
    <Cell><Data ss:Type="String">Shakarn</Data></Cell>
    <Cell ss:Index="5"><Data ss:Type="String">Name of the secret tech </Data></Cell>
   </Row>
   <Row ss:AutoFitHeight="0">
    <Cell><Data ss:Type="String">TOME_OF_WONDERS_FILTERS</Data></Cell>
    <Cell><Data ss:Type="String">OPERATIONS_SHAKARN</Data></Cell>
    <Cell><Data ss:Type="String">Shakarn</Data></Cell>
    <Cell ss:Index="5"><Data ss:Type="String">Name of the secret tech </Data></Cell>
   </Row>
   <Row ss:AutoFitHeight="0">
    <Cell><Data ss:Type="String">TOME_OF_WONDERS_FILTERS</Data></Cell>
    <Cell><Data ss:Type="String">UNITS_SHAKARN</Data></Cell>
    <Cell><Data ss:Type="String">Shakarn</Data></Cell>
    <Cell ss:Index="5"><Data ss:Type="String">Name of the NPC faction</Data></Cell>
   </Row>
   <Row ss:AutoFitHeight="0">
    <Cell><Data ss:Type="String">TOME_OF_WONDERS_FILTERS</Data></Cell>
    <Cell><Data ss:Type="String">UNITS_THERIANS</Data></Cell>
    <Cell><Data ss:Type="String">Terianos</Data></Cell>
    <Cell ss:Index="5"><Data ss:Type="String">Name of the secret tech </Data></Cell>
   </Row>
   <Row ss:AutoFitHeight="0">
    <Cell><Data ss:Type="String">TOME_OF_WONDERS_FILTERS</Data></Cell>
    <Cell><Data ss:Type="String">UNIT_UPGRADES_SHAKARN</Data></Cell>
    <Cell><Data ss:Type="String">Shakarn</Data></Cell>
   </Row>
   <Row ss:AutoFitHeight="0">
    <Cell><Data ss:Type="String">TOME_OF_WONDERS_FILTERS</Data></Cell>
    <Cell><Data ss:Type="String">HERO_SKILLS_SHAKARN</Data></Cell>
    <Cell><Data ss:Type="String">Shakarn</Data></Cell>
    <Cell ss:Index="5"><Data ss:Type="String">Name of the secret tech </Data></Cell>
   </Row>
   <Row ss:AutoFitHeight="0">
    <Cell><Data ss:Type="String">TOME_OF_WONDERS_FILTERS</Data></Cell>
    <Cell><Data ss:Type="String">UNIT_UPGRADES_SOUND</Data></Cell>
    <Cell><Data ss:Type="String">Som</Data></Cell>
   </Row>
   <Row ss:AutoFitHeight="0">
    <Cell><Data ss:Type="String">TOME_OF_WONDERS_FILTERS</Data></Cell>
    <Cell><Data ss:Type="String">RESEARCH_SOUND</Data></Cell>
    <Cell><Data ss:Type="String">Som</Data></Cell>
   </Row>
   <Row ss:AutoFitHeight="0">
    <Cell><Data ss:Type="String">MAP_SETUP</Data></Cell>
    <Cell><Data ss:Type="String">INVASIONS_NAME</Data></Cell>
    <Cell><Data ss:Type="String">Invasões</Data></Cell>
   </Row>
   <Row ss:AutoFitHeight="0">
    <Cell><Data ss:Type="String">MAP_SETUP</Data></Cell>
    <Cell><Data ss:Type="String">INVASIONS_CHANCE_NAME</Data></Cell>
    <Cell><Data ss:Type="String">Chance de Invasões</Data></Cell>
   </Row>
   <Row ss:AutoFitHeight="0">
    <Cell><Data ss:Type="String">TOME_OF_WONDERS_FILTERS</Data></Cell>
    <Cell><Data ss:Type="String">UNITS_DARKVOID</Data></Cell>
    <Cell><Data ss:Type="String">Portadores do Vazio</Data></Cell>
    <Cell ss:Index="5"><Data ss:Type="String">Name of the NPC faction</Data></Cell>
   </Row>
   <Row ss:AutoFitHeight="0">
    <Cell><Data ss:Type="String">TOME_OF_WONDERS_FILTERS</Data></Cell>
    <Cell><Data ss:Type="String">UNIT_UPGRADES_DARKVOID</Data></Cell>
    <Cell><Data ss:Type="String">Portadores do Vazio</Data></Cell>
    <Cell ss:Index="5"><Data ss:Type="String">Name of the NPC faction</Data></Cell>
   </Row>
   <Row ss:AutoFitHeight="0">
    <Cell><Data ss:Type="String">MAP_SETUP</Data></Cell>
    <Cell><Data ss:Type="String">INVASION_CHANCE</Data></Cell>
    <Cell><Data ss:Type="String">Chance de invasão</Data></Cell>
    <Cell ss:Index="5"><Data ss:Type="String">Interface option name</Data></Cell>
   </Row>
   <Row ss:AutoFitHeight="0">
    <Cell><Data ss:Type="String">MAP_SETUP</Data></Cell>
    <Cell><Data ss:Type="String">INVASION</Data></Cell>
    <Cell><Data ss:Type="String">Início da invasão</Data></Cell>
    <Cell ss:Index="5"><Data ss:Type="String">Interface option name</Data></Cell>
   </Row>
   <Row ss:AutoFitHeight="0" ss:Height="48.75">
    <Cell><Data ss:Type="String">MAP_SETUP</Data></Cell>
    <Cell><Data ss:Type="String">INVASION_TOOLTIP</Data></Cell>
    <Cell><Data ss:Type="String">Define o momento em que a invasão deve começar.</Data></Cell>
    <Cell ss:Index="5"><Data ss:Type="String">Interface option tooltip</Data></Cell>
   </Row>
   <Row ss:AutoFitHeight="0" ss:Height="54">
    <Cell><Data ss:Type="String">MAP_SETUP</Data></Cell>
    <Cell><Data ss:Type="String">INVASION_CHANCE_TOOLTIP</Data></Cell>
    <Cell><Data ss:Type="String">Define a chance de a invasão surgir, em porcentagem.</Data></Cell>
    <Cell ss:Index="5"><Data ss:Type="String">Interface option tooltip</Data></Cell>
   </Row>
   <Row ss:AutoFitHeight="0">
    <Cell><Data ss:Type="String">TOME_OF_WONDERS_FILTERS</Data></Cell>
    <Cell><Data ss:Type="String">OPERATIONS_SOUND</Data></Cell>
    <Cell><Data ss:Type="String">Som</Data></Cell>
    <Cell ss:Index="5"><Data ss:Type="String">Name of a tech group</Data></Cell>
   </Row>
   <Row ss:AutoFitHeight="0" ss:StyleID="s63">
    <Cell ss:StyleID="s62"><Data ss:Type="String">MAP_SETUP</Data></Cell>
    <Cell ss:StyleID="s62"><Data ss:Type="String">INVASIONS_DIFFICULTY_NAME</Data></Cell>
    <Cell ss:StyleID="s62"><Data ss:Type="String">Dificuldade das Invasões</Data></Cell>
   </Row>
   <Row ss:AutoFitHeight="0" ss:StyleID="s63" ss:Span="2167"/>
  </Table>
  <WorksheetOptions xmlns="urn:schemas-microsoft-com:office:excel">
   <Unsynced/>
   <Print>
    <ValidPrinterInfo/>
    <HorizontalResolution>600</HorizontalResolution>
    <VerticalResolution>600</VerticalResolution>
   </Print>
   <Zoom>85</Zoom>
   <Selected/>
   <Panes>
    <Pane>
     <Number>3</Number>
     <ActiveRow>17</ActiveRow>
     <ActiveCol>5</ActiveCol>
    </Pane>
   </Panes>
   <ProtectObjects>False</ProtectObjects>
   <ProtectScenarios>False</ProtectScenarios>
  </WorksheetOptions>
 </Worksheet>
</Workbook>