<?xml version='1.0' encoding='UTF-8'?>
<?mso-application progid="Excel.Sheet"?><Workbook xmlns="urn:schemas-microsoft-com:office:spreadsheet" xmlns:o="urn:schemas-microsoft-com:office:office" xmlns:x="urn:schemas-microsoft-com:office:excel" xmlns:ss="urn:schemas-microsoft-com:office:spreadsheet" xmlns:html="http://www.w3.org/TR/REC-html40">
 <DocumentProperties xmlns="urn:schemas-microsoft-com:office:office">
  <LastAuthor>Luis Ferreira</LastAuthor>
  <LastSaved>2019-05-06T08:55:03Z</LastSaved>
  <Version>15.00</Version>
 </DocumentProperties>
 <OfficeDocumentSettings xmlns="urn:schemas-microsoft-com:office:office">
  <AllowPNG/>
 </OfficeDocumentSettings>
 <ExcelWorkbook xmlns="urn:schemas-microsoft-com:office:excel">
  <WindowHeight>0</WindowHeight>
  <WindowWidth>2370</WindowWidth>
  <WindowTopX>0</WindowTopX>
  <WindowTopY>0</WindowTopY>
  <RefModeR1C1/>
  <ProtectStructure>False</ProtectStructure>
  <ProtectWindows>False</ProtectWindows>
 </ExcelWorkbook>
 <Styles>
  <Style ss:ID="Default" ss:Name="Normal">
   <Alignment ss:Vertical="Bottom"/>
   <Borders/>
   <Font ss:FontName="Calibri" x:Family="Swiss" ss:Size="11" ss:Color="#000000"/>
   <Interior/>
   <NumberFormat/>
   <Protection/>
  </Style>
  <Style ss:ID="s62">
   <Alignment ss:Vertical="Top" ss:WrapText="1"/>
  </Style>
 </Styles>
 <Worksheet ss:Name="Script">
  <Table ss:ExpandedColumnCount="6" ss:ExpandedRowCount="9" x:FullColumns="1" x:FullRows="1" ss:StyleID="s62" ss:DefaultColumnWidth="292.5" ss:DefaultRowHeight="15">
   <Column ss:StyleID="s62" ss:Width="222.75"/>
   <Column ss:StyleID="s62" ss:Width="171.75"/>
   <Column ss:StyleID="s62" ss:Width="345"/>
   <Column ss:StyleID="s62" ss:Width="147.75"/>
   <Column ss:StyleID="s62" ss:Width="288.75"/>
   <Column ss:StyleID="s62" ss:Width="120"/>
   <Row ss:AutoFitHeight="0" ss:Height="90">
    <Cell><Data ss:Type="String">MODREQUIREMENTS_UNITPROPERTIES_DLC04</Data></Cell>
    <Cell ss:Index="5"><Data ss:Type="String">Anything between straight brackets - i.e. [ ] - is a formatting tag. Do not change these tags and keep them in the same relative position in the text. Anything between curly brackets - i.e. { } - is a place where text or numbers will be inserted by the game. Do not change the tag, but feel free to change its position in the text to suit the localized text.</Data></Cell>
   </Row>
   <Row ss:AutoFitHeight="0">
    <Cell><Data ss:Type="String">SCENE ID</Data></Cell>
    <Cell><Data ss:Type="String">TEXT ID</Data></Cell>
    <Cell><Data ss:Type="String">ENGLISH STRING</Data></Cell>
    <Cell><Data ss:Type="String">ALTERNATIVE ENGLISH STRING</Data></Cell>
    <Cell><Data ss:Type="String">LOCALIZATION NOTES</Data></Cell>
    <Cell><Data ss:Type="String">DEV TEAM / MISC NOTES</Data></Cell>
   </Row>
   <Row ss:AutoFitHeight="0">
    <Cell><Data ss:Type="String">REQUIREMENT_UNIT</Data></Cell>
    <Cell><Data ss:Type="String">LIGHT_NON_MINDLESS_UNIT</Data></Cell>
    <Cell><Data ss:Type="String">Este Mod pode ser aplicado a unidades não-A Luz Sem Mente.</Data></Cell>
   </Row>
   <Row ss:AutoFitHeight="0">
    <Cell><Data ss:Type="String">REQUIREMENT_ABILITY</Data></Cell>
    <Cell><Data ss:Type="String">SOUND_DECRIPTION</Data></Cell>
    <Cell><Data ss:Type="String">Este Mod só pode ser aplicado a unidades que possuem uma habilidade Sônica.</Data></Cell>
    <Cell ss:Index="5"><Data ss:Type="String">Sound is a damage channel in game</Data></Cell>
   </Row>
   <Row ss:AutoFitHeight="0">
    <Cell><Data ss:Type="String">REQUIREMENT_UNIT</Data></Cell>
    <Cell><Data ss:Type="String">LAND_INFANTRY</Data></Cell>
    <Cell><Data ss:Type="String">Este Mod só pode ser aplicado a infantaria com Movimento Terrestre.</Data></Cell>
   </Row>
   <Row ss:AutoFitHeight="0">
    <Cell><Data ss:Type="String">REQUIREMENT_UNIT</Data></Cell>
    <Cell><Data ss:Type="String">NON_MECHANICAL_NON_THERIAN</Data></Cell>
    <Cell><Data ss:Type="String">Este Mod só pode ser aplicado a unidades não-Mecânicas e não-Terianas.</Data></Cell>
    <Cell ss:Index="5"><Data ss:Type="String">Therians is an NPC Faction</Data></Cell>
   </Row>
   <Row ss:AutoFitHeight="0">
    <Cell><Data ss:Type="String">REQUIREMENT_UNIT</Data></Cell>
    <Cell><Data ss:Type="String">THERIAN_UNIT</Data></Cell>
    <Cell><Data ss:Type="String">Este Mod só pode ser aplicado a unidades Terianas.</Data></Cell>
   </Row>
   <Row ss:AutoFitHeight="0" ss:Height="30">
    <Cell><Data ss:Type="String">REQUIREMENT_UNIT</Data></Cell>
    <Cell><Data ss:Type="String">LAND_INFANTRY_NO_BOUNCER</Data></Cell>
    <Cell><Data ss:Type="String">Este Mod só pode ser aplicado a infantaria com Movimento Terrestre, exceto o Bouncer Teriano.</Data></Cell>
   </Row>
   <Row ss:AutoFitHeight="0">
    <Cell><Data ss:Type="String">REQUIREMENT_UNIT</Data></Cell>
    <Cell><Data ss:Type="String">VOIDBRINGER_UNIT</Data></Cell>
    <Cell><Data ss:Type="String">Este Mod só pode ser aplicado a unidades Voidbringer.</Data></Cell>
   </Row>
  </Table>
  <WorksheetOptions xmlns="urn:schemas-microsoft-com:office:excel">
   <Unsynced/>
   <Selected/>
   <Panes>
    <Pane>
     <Number>3</Number>
     <ActiveRow>11</ActiveRow>
     <ActiveCol>2</ActiveCol>
    </Pane>
   </Panes>
   <ProtectObjects>False</ProtectObjects>
   <ProtectScenarios>False</ProtectScenarios>
  </WorksheetOptions>
 </Worksheet>
</Workbook>