<?xml version='1.0' encoding='UTF-8'?>
<?mso-application progid="Excel.Sheet"?><Workbook xmlns="urn:schemas-microsoft-com:office:spreadsheet" xmlns:o="urn:schemas-microsoft-com:office:office" xmlns:x="urn:schemas-microsoft-com:office:excel" xmlns:ss="urn:schemas-microsoft-com:office:spreadsheet" xmlns:html="http://www.w3.org/TR/REC-html40">
 <DocumentProperties xmlns="urn:schemas-microsoft-com:office:office">
  <LastAuthor>Frederick Milders</LastAuthor>
  <LastSaved>2020-02-10T11:57:59Z</LastSaved>
  <Version>16.00</Version>
 </DocumentProperties>
 <OfficeDocumentSettings xmlns="urn:schemas-microsoft-com:office:office">
  <AllowPNG/>
 </OfficeDocumentSettings>
 <ExcelWorkbook xmlns="urn:schemas-microsoft-com:office:excel">
  <WindowHeight>17625</WindowHeight>
  <WindowWidth>32767</WindowWidth>
  <WindowTopX>32767</WindowTopX>
  <WindowTopY>32767</WindowTopY>
  <RefModeR1C1/>
  <ProtectStructure>False</ProtectStructure>
  <ProtectWindows>False</ProtectWindows>
 </ExcelWorkbook>
 <Styles>
  <Style ss:ID="Default" ss:Name="Normal">
   <Alignment ss:Vertical="Bottom"/>
   <Borders/>
   <Font ss:FontName="Calibri" x:Family="Swiss" ss:Size="11" ss:Color="#000000"/>
   <Interior/>
   <NumberFormat/>
   <Protection/>
  </Style>
  <Style ss:ID="s62">
   <Alignment ss:Vertical="Top" ss:WrapText="1"/>
  </Style>
 </Styles>
 <Worksheet ss:Name="Script">
  <Table ss:ExpandedColumnCount="6" ss:ExpandedRowCount="31" x:FullColumns="1" x:FullRows="1" ss:StyleID="s62" ss:DefaultRowHeight="15">
   <Column ss:StyleID="s62" ss:Width="212.25"/>
   <Column ss:StyleID="s62" ss:Width="66.75"/>
   <Column ss:StyleID="s62" ss:Width="546"/>
   <Column ss:StyleID="s62" ss:Width="147.75"/>
   <Column ss:StyleID="s62" ss:Width="374.25"/>
   <Column ss:StyleID="s62" ss:Width="120"/>
   <Row ss:AutoFitHeight="0" ss:Height="60">
    <Cell><Data ss:Type="String">SCENARIODEFINITIONS_DLC04CAMPAIGN</Data></Cell>
    <Cell ss:Index="5"><Data ss:Type="String">The DEV TEAM / MISC NOTES column contains info on what text between { } signs means (if applicable). It usually stands for either a numeric value, or a numeric value with an icon. Text between [ ] signs stands for a certain type of icon. </Data></Cell>
   </Row>
   <Row ss:AutoFitHeight="0">
    <Cell><Data ss:Type="String">SCENE ID</Data></Cell>
    <Cell><Data ss:Type="String">TEXT ID</Data></Cell>
    <Cell><Data ss:Type="String">ENGLISH STRING</Data></Cell>
    <Cell><Data ss:Type="String">ALTERNATIVE ENGLISH STRING</Data></Cell>
    <Cell><Data ss:Type="String">LOCALIZATION NOTES</Data></Cell>
    <Cell><Data ss:Type="String">DEV TEAM / MISC NOTES</Data></Cell>
   </Row>
   <Row ss:Index="4" ss:AutoFitHeight="0" ss:Height="135">
    <Cell ss:Index="5"><Data ss:Type="String">General Loca Notes for this XML: For references to game terminology and in-world references, please check the glossary delivered as part of the documentation.

In the text below, text is spoken by a character who can be either male or female (except for Amazon, which is always female). If relevant for translation, please use the ‘localized string’ column for the male text and the ‘alternative localized string’ column for the female text.</Data></Cell>
   </Row>
   <Row ss:AutoFitHeight="0">
    <Cell><Data ss:Type="String">MISSION_SHAKARN01</Data></Cell>
    <Cell><Data ss:Type="String">DESCRIPTION</Data></Cell>
    <Cell><Data ss:Type="String">Em uma lua fortificada, um novo poder revela suas verdadeiras intenções.</Data></Cell>
   </Row>
   <Row ss:AutoFitHeight="0">
    <Cell><Data ss:Type="String">SHAKARN01_BRIEFING_DEFAULT_PAGE01</Data></Cell>
    <Cell><Data ss:Type="String">NAME</Data></Cell>
    <Cell><Data ss:Type="String">Crônicas da invasão - "As Guerras da União", capítulo III, seção IV.</Data></Cell>
    <Cell ss:Index="5"><Data ss:Type="String">"Union" refers to the Star Union.</Data></Cell>
   </Row>
   <Row ss:AutoFitHeight="0" ss:Height="90">
    <Cell><Data ss:Type="String">SHAKARN01_BRIEFING_DEFAULT_PAGE01</Data></Cell>
    <Cell><Data ss:Type="String">BRIEFING</Data></Cell>
    <Cell><Data ss:Type="String">Glória ao Chanceler Kor e glória ao Cetro Escarlate! O caminho da lenda Shakarn é pavimentado com as façanhas de nossos lutadores Domok e suas máquinas de guerra. Mas nem tudo que é alienígena precisa ser esmagado sem razão. Quando nossos agentes Zardas se infiltram em culturas estrangeiras, podem encontrar refinamento até mesmo entre as raças mais primitivas. Porque esse é o legado dos Shakarn: Nós aprendemos. Nós superamos. E nós conquistamos!</Data></Cell>
    <Cell ss:Index="5"><Data ss:Type="String">"Chancellor" is a military and political title of the Shakarn.
"Scarlet Scepter" is the name of the ruling Shakarn government (see glossary).
"Shakarn" is the name of the new race included in this DLC.
"Domok" is the name of a caste in Shakarn society (see glossary).
"Zardas" is the name of a caste in Shakarn society (see glossary).</Data></Cell>
    <Cell><Data ss:Type="String">VO: Male Shakarn or Female Shakarn</Data></Cell>
   </Row>
   <Row ss:AutoFitHeight="0">
    <Cell><Data ss:Type="String">SHAKARN01_BRIEFING_DEFAULT_PAGE02</Data></Cell>
    <Cell><Data ss:Type="String">NAME</Data></Cell>
    <Cell><Data ss:Type="String">Crônicas da invasão - "As Guerras da União", capítulo VIII, seção II.</Data></Cell>
   </Row>
   <Row ss:AutoFitHeight="0" ss:Height="75">
    <Cell><Data ss:Type="String">SHAKARN01_BRIEFING_DEFAULT_PAGE02</Data></Cell>
    <Cell><Data ss:Type="String">BRIEFING</Data></Cell>
    <Cell><Data ss:Type="String">Minhas escamas anseiam por retornar ao solo de Shakarn, mas devo permanecer forte. Quando parti para minha missão no espaço da Star Union, não sabia o que significava usar a mesma máscara holográfica por anos, passar cada dia e hora imitando esses chamados humanos e seus hábitos repugnantes. Infiltração profunda é como uma guerra interminável de desgaste. Até que alguém solte uma bomba sônica.</Data></Cell>
    <Cell ss:Index="5"><Data ss:Type="String">The Shakarn use advanced holo technology to alter their appearance and infiltrate other cultures.
"Sonic bomb" is a reference to a historic Shakarn superweapon (compare to nuclear bomb).</Data></Cell>
    <Cell><Data ss:Type="String">VO: Male Shakarn or Female Shakarn</Data></Cell>
   </Row>
   <Row ss:AutoFitHeight="0">
    <Cell><Data ss:Type="String">SHAKARN01_BRIEFING_DEFAULT_PAGE03</Data></Cell>
    <Cell><Data ss:Type="String">NAME</Data></Cell>
    <Cell><Data ss:Type="String">Crônicas da invasão - "As Guerras da União", capítulo IX, seção XXVII.</Data></Cell>
   </Row>
   <Row ss:AutoFitHeight="0" ss:Height="60">
    <Cell><Data ss:Type="String">SHAKARN01_BRIEFING_DEFAULT_PAGE03</Data></Cell>
    <Cell><Data ss:Type="String">BRIEFING</Data></Cell>
    <Cell><Data ss:Type="String">A sorte está lançada. As forças Shakarn foram mobilizadas, todos os agentes secretos chamados de volta à lua Celaudius-2. Lá, os humanos montaram uma parte crítica de sua rede defensiva: uma instalação experimental, onde induzem Tempestades do Vazio artificiais para paralisar sua região do espaço. É o último obstáculo entre nossa frota de invasão e o território da Star Union.</Data></Cell>
    <Cell ss:Index="5"><Data ss:Type="String">"Celaudius-2" is the name of a moon.</Data></Cell>
    <Cell><Data ss:Type="String">VO: Male Shakarn or Female Shakarn</Data></Cell>
   </Row>
   <Row ss:AutoFitHeight="0">
    <Cell><Data ss:Type="String">SHAKARN01_PLANETFALL_DEFAULT</Data></Cell>
    <Cell><Data ss:Type="String">NAME</Data></Cell>
    <Cell><Data ss:Type="String">Crônicas da invasão - "As Guerras da União", capítulo IX, seção CXI.</Data></Cell>
   </Row>
   <Row ss:AutoFitHeight="0" ss:Height="45">
    <Cell><Data ss:Type="String">SHAKARN01_PLANETFALL_DEFAULT</Data></Cell>
    <Cell><Data ss:Type="String">BRIEFING</Data></Cell>
    <Cell><Data ss:Type="String">Nossa missão de sabotagem está em curso e Celaudius-2 à vista. Um pouso silencioso no lado escuro da lua nos colocará perto o suficiente de nossos alvos sem disparar alarmes precoces.[br/][br/]E das suas sombras glaciais nós atacaremos!</Data></Cell>
    <Cell ss:Index="6"><Data ss:Type="String">VO: Male Shakarn or Female Shakarn</Data></Cell>
   </Row>
   <Row ss:AutoFitHeight="0">
    <Cell><Data ss:Type="String">SHAKARN01_PLANETFALL_DEFAULT</Data></Cell>
    <Cell><Data ss:Type="String">PLANET</Data></Cell>
    <Cell><Data ss:Type="String">Celaudius-2</Data></Cell>
   </Row>
   <Row ss:AutoFitHeight="0" ss:Height="30">
    <Cell><Data ss:Type="String">SHAKARN01_PLANETFALL_OBJECTIVE_01</Data></Cell>
    <Cell><Data ss:Type="String">OBJECTIVES</Data></Cell>
    <Cell><Data ss:Type="String">Sabotar a Instalação do Vazio ELOP</Data></Cell>
    <Cell ss:Index="5"><Data ss:Type="String">"ELOP" is the short form for Egalitarian League of Planets, which is the name of a galactic empire.</Data></Cell>
   </Row>
   <Row ss:AutoFitHeight="0">
    <Cell><Data ss:Type="String">SHAKARN01_PLANETFALL_OBJECTIVE_02</Data></Cell>
    <Cell><Data ss:Type="String">OBJECTIVES</Data></Cell>
    <Cell><Data ss:Type="String">Mantenha sua cobertura intacta</Data></Cell>
   </Row>
   <Row ss:AutoFitHeight="0">
    <Cell><Data ss:Type="String">SHAKARN01_DEBRIEFING_DEFAULT_PAGE01</Data></Cell>
    <Cell><Data ss:Type="String">NAME</Data></Cell>
    <Cell><Data ss:Type="String">Crônicas da invasão - "As Guerras da União", capítulo IX, seção CCXXVI.</Data></Cell>
   </Row>
   <Row ss:AutoFitHeight="0" ss:Height="75">
    <Cell><Data ss:Type="String">SHAKARN01_DEBRIEFING_DEFAULT_PAGE01</Data></Cell>
    <Cell><Data ss:Type="String">BRIEFING</Data></Cell>
    <Cell><Data ss:Type="String">Esmagadas por uma poderosa força gravitacional, as turbinas do reator de fenda guincharam como uma bocarra de trovão acuada, até que o coração do motor se partiu em dois e se estilhaçou violentamente. O que se seguiu foi o silêncio, e olhamos para o céu diante da implosão da tempestade artificial do vazio. Afundando no esquecimento, ela anunciou a queda de seus criadores e o início de uma nova era – a era da supremacia Shakarn!</Data></Cell>
    <Cell ss:Index="5"><Data ss:Type="String">"Thundermaw" is the name of a beast native to the Shakarn home worlds.</Data></Cell>
    <Cell><Data ss:Type="String">VO: Male Shakarn or Female Shakarn</Data></Cell>
   </Row>
   <Row ss:AutoFitHeight="0" ss:Height="30">
    <Cell><Data ss:Type="String">MISSION_SHAKARN02</Data></Cell>
    <Cell><Data ss:Type="String">DESCRIPTION</Data></Cell>
    <Cell><Data ss:Type="String">No coração da Confederação ELOP, uma invasão dupla engolfa a galáxia.</Data></Cell>
    <Cell ss:Index="5"><Data ss:Type="String">"ELOP Confederation" is another short form for Egalitarian League of Planets.</Data></Cell>
   </Row>
   <Row ss:AutoFitHeight="0">
    <Cell><Data ss:Type="String">SHAKARN02_BRIEFING_DEFAULT_PAGE01</Data></Cell>
    <Cell><Data ss:Type="String">NAME</Data></Cell>
    <Cell><Data ss:Type="String">Crônicas da invasão - "As Guerras da União", capítulo X, seção I.</Data></Cell>
   </Row>
   <Row ss:AutoFitHeight="0" ss:Height="75">
    <Cell><Data ss:Type="String">SHAKARN02_BRIEFING_DEFAULT_PAGE01</Data></Cell>
    <Cell><Data ss:Type="String">BRIEFING</Data></Cell>
    <Cell><Data ss:Type="String">Não há tempo como a guerra, nem emoção que se compare ao frenesi da batalha! Quando nossa frota de invasão emergiu do Vazio, ela varreu as defesas de nossos inimigos como uma onda gigante varrendo uma aldeia. Em horas, Mora Secundis caiu, e com ela dezenas de outros mundos que a Confederação ELOP deixou tão descuidadamente perto da super-fenda. Agora, devemos pressionar a vantagem, antes que nosso adversário possa começar a se recuperar.</Data></Cell>
    <Cell ss:Index="5"><Data ss:Type="String">"Mora Secundis" is the name of a planet.
"Super rift" is a reference to the spatial rift mentioned in the briefing and debriefing of the base game final campaign mission.</Data></Cell>
    <Cell><Data ss:Type="String">VO: Male Shakarn or Female Shakarn</Data></Cell>
   </Row>
   <Row ss:AutoFitHeight="0">
    <Cell><Data ss:Type="String">SHAKARN02_BRIEFING_DEFAULT_PAGE02</Data></Cell>
    <Cell><Data ss:Type="String">NAME</Data></Cell>
    <Cell><Data ss:Type="String">Crônicas da invasão - "As Guerras da União", capítulo X, seção VIII.</Data></Cell>
   </Row>
   <Row ss:AutoFitHeight="0" ss:Height="60">
    <Cell><Data ss:Type="String">SHAKARN02_BRIEFING_DEFAULT_PAGE02</Data></Cell>
    <Cell><Data ss:Type="String">BRIEFING</Data></Cell>
    <Cell><Data ss:Type="String">Fui convocado para as linhas de frente pelo próprio Chanceler Kor para apoiar seu ataque a Parlamon Alpha, sede do governo de nosso inimigo. É uma honra lutar ao lado do Chanceler e testemunhar ele executar o golpe de decapitação que já poderia decidir esta guerra.</Data></Cell>
    <Cell ss:Index="5"><Data ss:Type="String">"Parlamon Alpha" is the name of a planet.</Data></Cell>
    <Cell><Data ss:Type="String">VO: Male Shakarn or Female Shakarn</Data></Cell>
   </Row>
   <Row ss:AutoFitHeight="0">
    <Cell><Data ss:Type="String">SHAKARN02_PLANETFALL_DEFAULT</Data></Cell>
    <Cell><Data ss:Type="String">NAME</Data></Cell>
    <Cell><Data ss:Type="String">Crônicas da invasão - "As Guerras da União", capítulo X, seção XXII.</Data></Cell>
   </Row>
   <Row ss:AutoFitHeight="0" ss:Height="60">
    <Cell><Data ss:Type="String">SHAKARN02_PLANETFALL_DEFAULT</Data></Cell>
    <Cell><Data ss:Type="String">BRIEFING</Data></Cell>
    <Cell><Data ss:Type="String">Nosso alvo está ao alcance visual. Temos uma visão clara das zonas defensivas que a aliança ELOP montou para conter nossas forças. Entre os holofotes e os canhões orbitais, Parlamon Alpha está preparada como palco para uma batalha que será lembrada por muito tempo.[br/][br/]Glória ao Chanceler Kor e glória aos Shakarn!</Data></Cell>
    <Cell ss:Index="6"><Data ss:Type="String">VO: Male Shakarn or Female Shakarn</Data></Cell>
   </Row>
   <Row ss:AutoFitHeight="0">
    <Cell><Data ss:Type="String">SHAKARN02_PLANETFALL_DEFAULT</Data></Cell>
    <Cell><Data ss:Type="String">PLANET</Data></Cell>
    <Cell><Data ss:Type="String">Parlamon Alpha</Data></Cell>
   </Row>
   <Row ss:AutoFitHeight="0">
    <Cell><Data ss:Type="String">SHAKARN02_PLANETFALL_OBJECTIVE_01</Data></Cell>
    <Cell><Data ss:Type="String">OBJECTIVES</Data></Cell>
    <Cell><Data ss:Type="String">Conquistar o Senado Interplanetário ELOP</Data></Cell>
   </Row>
   <Row ss:AutoFitHeight="0">
    <Cell><Data ss:Type="String">SHAKARN02_DEBRIEFING_DEFAULT_PAGE01</Data></Cell>
    <Cell><Data ss:Type="String">NAME</Data></Cell>
    <Cell><Data ss:Type="String">Crônicas da invasão - "As Guerras da União", capítulo XI, seção XLIV.</Data></Cell>
   </Row>
   <Row ss:AutoFitHeight="0" ss:Height="60">
    <Cell><Data ss:Type="String">SHAKARN02_DEBRIEFING_DEFAULT_PAGE01</Data></Cell>
    <Cell><Data ss:Type="String">BRIEFING</Data></Cell>
    <Cell><Data ss:Type="String">Vitória! Vitória, finalmente! Apesar das probabilidades sempre cambiantes, nós, Shakarn, provamos mais uma vez nossa superioridade. Ainda assim, nosso triunfo teve um alto custo. O Chanceler está morto e Kadalos caiu nas garras dos Devoradores do Vazio. Portanto, é meu sombrio dever convocar cada nave restante, cada soldado restante, e liderá-los de volta aos nossos mundos natais, onde lutaremos pela liberdade de nosso povo. Se morrermos, partiremos como heróis.</Data></Cell>
    <Cell ss:Index="5"><Data ss:Type="String">"Kadalos" is the name of the Shakarn home planet.
"Voidbringers" is the name of an in game marauder faction.</Data></Cell>
    <Cell><Data ss:Type="String">VO: Male Shakarn or Female Shakarn</Data></Cell>
   </Row>
   <Row ss:AutoFitHeight="0" ss:Height="75">
    <Cell><Data ss:Type="String">SHAKARN02_DEBRIEFING_ELOP_PAGE01</Data></Cell>
    <Cell><Data ss:Type="String">BRIEFING</Data></Cell>
    <Cell><Data ss:Type="String">A batalha por Parlamon Alpha acabou, e nada é como antes. Nossos inimigos já não são nossos inimigos, e nós, invasores, nos tornamos os invadidos. Apesar do ocorrido, os comandantes da ELOP ofereceram sua ajuda para estudar e combater a ameaça dos Devoradores do Vazio, para libertar Kadalos das garras do esquecimento. Se tivermos sucesso, nós, Shakarn, seremos forçados a repensar algumas de nossas políticas para lidar com outras espécies. Gostemos ou não, não estamos mais sozinhos.</Data></Cell>
    <Cell ss:Index="6"><Data ss:Type="String">VO: Male Shakarn or Female Shakarn</Data></Cell>
   </Row>
   <Row ss:AutoFitHeight="0" ss:Height="75">
    <Cell><Data ss:Type="String">SHAKARN02_DEBRIEFING_DARKVOID_PAGE01</Data></Cell>
    <Cell><Data ss:Type="String">BRIEFING</Data></Cell>
    <Cell><Data ss:Type="String">Doce vazio escuro. Consumindo pensamento, ódio e malícia. Seus tentáculos não deixam espaço para pesadelos ou razão, apenas o vazio infinito do esquecimento. Belo esquecimento. Kadalos afundou sob as ondas da realidade. Parlamon Alpha enfeitiçada pelo canto interminável do oceano abissal que torna toda vida sem sentido. Ele avança. Ele cativa. Você consegue ouvir? Em breve.</Data></Cell>
    <Cell ss:Index="6"><Data ss:Type="String">VO: Male Shakarn or Female Shakarn</Data></Cell>
   </Row>
  </Table>
  <WorksheetOptions xmlns="urn:schemas-microsoft-com:office:excel">
   <Unsynced/>
   <Print>
    <ValidPrinterInfo/>
    <HorizontalResolution>600</HorizontalResolution>
    <VerticalResolution>600</VerticalResolution>
   </Print>
   <Zoom>124</Zoom>
   <Selected/>
   <TopRowVisible>18</TopRowVisible>
   <Panes>
    <Pane>
     <Number>3</Number>
     <ActiveRow>29</ActiveRow>
     <ActiveCol>2</ActiveCol>
    </Pane>
   </Panes>
   <ProtectObjects>False</ProtectObjects>
   <ProtectScenarios>False</ProtectScenarios>
  </WorksheetOptions>
 </Worksheet>
</Workbook>