<?xml version='1.0' encoding='UTF-8'?>
<?mso-application progid="Excel.Sheet"?><Workbook xmlns="urn:schemas-microsoft-com:office:spreadsheet" xmlns:o="urn:schemas-microsoft-com:office:office" xmlns:x="urn:schemas-microsoft-com:office:excel" xmlns:ss="urn:schemas-microsoft-com:office:spreadsheet" xmlns:html="http://www.w3.org/TR/REC-html40">
 <DocumentProperties xmlns="urn:schemas-microsoft-com:office:office">
  <LastAuthor>Luis Ferreira</LastAuthor>
  <LastSaved>2019-12-11T11:51:10Z</LastSaved>
  <Version>16.00</Version>
 </DocumentProperties>
 <OfficeDocumentSettings xmlns="urn:schemas-microsoft-com:office:office">
  <AllowPNG/>
 </OfficeDocumentSettings>
 <ExcelWorkbook xmlns="urn:schemas-microsoft-com:office:excel">
  <WindowHeight>10215</WindowHeight>
  <WindowWidth>21570</WindowWidth>
  <WindowTopX>32767</WindowTopX>
  <WindowTopY>32767</WindowTopY>
  <RefModeR1C1/>
  <ProtectStructure>False</ProtectStructure>
  <ProtectWindows>False</ProtectWindows>
 </ExcelWorkbook>
 <Styles>
  <Style ss:ID="Default" ss:Name="Normal">
   <Alignment ss:Vertical="Bottom"/>
   <Borders/>
   <Font ss:FontName="Calibri" x:Family="Swiss" ss:Size="11" ss:Color="#000000"/>
   <Interior/>
   <NumberFormat/>
   <Protection/>
  </Style>
  <Style ss:ID="s62">
   <Alignment ss:Vertical="Top" ss:WrapText="1"/>
  </Style>
 </Styles>
 <Worksheet ss:Name="Script">
  <Table ss:ExpandedColumnCount="6" ss:ExpandedRowCount="13" x:FullColumns="1" x:FullRows="1" ss:StyleID="s62" ss:DefaultColumnWidth="239.25" ss:DefaultRowHeight="15">
   <Column ss:StyleID="s62" ss:Width="119.25"/>
   <Column ss:StyleID="s62" ss:Width="72.75"/>
   <Column ss:StyleID="s62" ss:Width="237.75"/>
   <Column ss:StyleID="s62" ss:Width="147.75"/>
   <Column ss:Index="6" ss:StyleID="s62" ss:Width="120"/>
   <Row ss:Height="120">
    <Cell><Data ss:Type="String">SOUND_TECHGROUPS</Data></Cell>
    <Cell ss:Index="5"><Data ss:Type="String">Anything between straight brackets - i.e. [ ] - is a formatting tag. Do not change these tags and keep them in the same relative position in the text. Anything between curly brackets - i.e. { } - is a place where text or numbers will be inserted by the game. Do not change the tag, but feel free to change its position in the text to suit the localized text.</Data></Cell>
   </Row>
   <Row>
    <Cell><Data ss:Type="String">SCENE ID</Data></Cell>
    <Cell><Data ss:Type="String">TEXT ID</Data></Cell>
    <Cell><Data ss:Type="String">ENGLISH STRING</Data></Cell>
    <Cell><Data ss:Type="String">ALTERNATIVE ENGLISH STRING</Data></Cell>
    <Cell><Data ss:Type="String">LOCALIZATION NOTES</Data></Cell>
    <Cell><Data ss:Type="String">DEV TEAM / MISC NOTES</Data></Cell>
   </Row>
   <Row ss:Height="120">
    <Cell ss:Index="5"><Data ss:Type="String">In the text below, any inserted strings - anything of the form {text} - is replaced by an integer value for the thing described in the brackets. If the {text} is not followed by a unit - e.g. shields, hitpoints - the icon for the unit is inserted together with the integer. The same holds for symbols - e.g. '+', '%' - which are occasionally inserted together with the integer.</Data></Cell>
   </Row>
   <Row ss:Height="45">
    <Cell ss:Index="5"><Data ss:Type="String">For references to game terminology and in-world references, please check the glossary delivered as part of the documentation.</Data></Cell>
   </Row>
   <Row>
    <Cell><Data ss:Type="String">SOUND_SKILL</Data></Cell>
    <Cell><Data ss:Type="String">GROUP_NAME</Data></Cell>
    <Cell><Data ss:Type="String">Sônico</Data></Cell>
   </Row>
   <Row>
    <Cell><Data ss:Type="String">SOUND_TACTICAL_OP_1</Data></Cell>
    <Cell><Data ss:Type="String">NAME</Data></Cell>
    <Cell><Data ss:Type="String">Projeção de Alta Frequência</Data></Cell>
   </Row>
   <Row ss:Height="135">
    <Cell><Data ss:Type="String">SOUND_TACTICAL_OP_1</Data></Cell>
    <Cell><Data ss:Type="String">DESCRIPTION</Data></Cell>
    <Cell><Data ss:Type="String">Projeta um som em um raio de {hexrad} hex que causa {SoundDamage}[damagePhysical/] de dano com [abilityred]Alto Impacto[/abilityred] às unidades na área.[br/] Unidades não-etéreas têm {DisorientedChance}[strengthPhysical/] de chance de força de ficarem [abilityred]Desorientadas[/abilityred], dando à unidade {FumbleChance}% de chance de falha em seus ataques por {Duration}[turn/].</Data></Cell>
    <Cell ss:Index="5"><Data ss:Type="String">Disoriented is a status effect whose description can be found in StatusEffects_UnitProperties_DLC04</Data></Cell>
   </Row>
   <Row>
    <Cell><Data ss:Type="String">SOUND_TACTICAL_OP_2</Data></Cell>
    <Cell><Data ss:Type="String">NAME</Data></Cell>
    <Cell><Data ss:Type="String">Frequência de Destruição de Escudos</Data></Cell>
   </Row>
   <Row ss:Height="90">
    <Cell><Data ss:Type="String">SOUND_TACTICAL_OP_2</Data></Cell>
    <Cell><Data ss:Type="String">DESCRIPTION</Data></Cell>
    <Cell><Data ss:Type="String">Uma frequência sônica especial atinge alvos em um raio de {hexrad} hex, causando {SoundDamage}[damagePhysical/] de dano e destruindo {ShieldAmount}[shield/] até o fim do combate.</Data></Cell>
    <Cell ss:Index="6"><ss:Data xmlns="http://www.w3.org/TR/REC-html40" ss:Type="String"><Font html:Color="#000000">This needs clarification: does it deal damage and destroy shields </Font><B><I><Font html:Color="#000000">every turn</Font></I></B><Font html:Color="#000000"> until the end of combat? As it's written now, it makes no sense.</Font></ss:Data></Cell>
   </Row>
   <Row>
    <Cell><Data ss:Type="String">SOUND_TACTICAL_OP_3</Data></Cell>
    <Cell><Data ss:Type="String">NAME</Data></Cell>
    <Cell><Data ss:Type="String">Cavitação Rápida</Data></Cell>
   </Row>
   <Row ss:Height="135">
    <Cell><Data ss:Type="String">SOUND_TACTICAL_OP_3</Data></Cell>
    <Cell><Data ss:Type="String">DESCRIPTION</Data></Cell>
    <Cell><Data ss:Type="String">Tenta aplicar [abilityred]Reverberação[/abilityred] {ReverbAmount} vezes a todas as unidades em um raio de {HexRadius} hex. Cada tentativa tem {ReverbChance}[strengthphysical/] de chance de força de ser bem-sucedida, aplicando [abilityred]Ressonância[/abilityred] em caso de falha. Se uma unidade tiver {StackAmount} pilhas de reverberação, ela explode causando dano a si mesma e a unidades adjacentes por {ReverbDamage}[damagePhysical/].</Data></Cell>
    <Cell ss:Index="5"><Data ss:Type="String">Reverb is a status effect whose description can be found in StatusEffects_UnitProperties_DLC04</Data></Cell>
   </Row>
   <Row>
    <Cell><Data ss:Type="String">SOUND_TACTICAL_OP_4</Data></Cell>
    <Cell><Data ss:Type="String">NAME</Data></Cell>
    <Cell><Data ss:Type="String">Frequências Ressonantes em Campo Amplo</Data></Cell>
   </Row>
   <Row ss:Height="90">
    <Cell><Data ss:Type="String">SOUND_TACTICAL_OP_4</Data></Cell>
    <Cell><Data ss:Type="String">DESCRIPTION</Data></Cell>
    <Cell><Data ss:Type="String">Ao final de cada turno inimigo, por {Duration}[turn/], todas as unidades inimigas sofrem {SoundDamage}[damagePhysical/] e ganham [abilityred]Ressonância[/abilityred], reduzindo sua [damagePhysical/] resistência por {ResonanceDuration}[turn/].</Data></Cell>
    <Cell ss:Index="5"><Data ss:Type="String">Resonance is a status effect whose description can be found in StatusEffects_UnitProperties_DLC04</Data></Cell>
   </Row>
  </Table>
  <WorksheetOptions xmlns="urn:schemas-microsoft-com:office:excel">
   <Print>
    <ValidPrinterInfo/>
    <PaperSizeIndex>9</PaperSizeIndex>
    <HorizontalResolution>600</HorizontalResolution>
    <VerticalResolution>600</VerticalResolution>
   </Print>
   <Selected/>
   <TopRowVisible>6</TopRowVisible>
   <Panes>
    <Pane>
     <Number>3</Number>
     <ActiveRow>10</ActiveRow>
     <ActiveCol>6</ActiveCol>
    </Pane>
   </Panes>
   <ProtectObjects>False</ProtectObjects>
   <ProtectScenarios>False</ProtectScenarios>
  </WorksheetOptions>
 </Worksheet>
</Workbook>