<?xml version='1.0' encoding='UTF-8'?>
<?mso-application progid="Excel.Sheet"?><Workbook xmlns="urn:schemas-microsoft-com:office:spreadsheet" xmlns:o="urn:schemas-microsoft-com:office:office" xmlns:x="urn:schemas-microsoft-com:office:excel" xmlns:ss="urn:schemas-microsoft-com:office:spreadsheet" xmlns:html="http://www.w3.org/TR/REC-html40">
 <DocumentProperties xmlns="urn:schemas-microsoft-com:office:office">
  <LastAuthor>Glenn Smits</LastAuthor>
  <LastSaved>2020-02-26T15:40:11Z</LastSaved>
  <Version>15.00</Version>
 </DocumentProperties>
 <OfficeDocumentSettings xmlns="urn:schemas-microsoft-com:office:office">
  <AllowPNG/>
 </OfficeDocumentSettings>
 <ExcelWorkbook xmlns="urn:schemas-microsoft-com:office:excel">
  <WindowHeight>9345</WindowHeight>
  <WindowWidth>15675</WindowWidth>
  <WindowTopX>0</WindowTopX>
  <WindowTopY>0</WindowTopY>
  <RefModeR1C1/>
  <ProtectStructure>False</ProtectStructure>
  <ProtectWindows>False</ProtectWindows>
 </ExcelWorkbook>
 <Styles>
  <Style ss:ID="Default" ss:Name="Normal">
   <Alignment ss:Vertical="Bottom"/>
   <Borders/>
   <Font ss:FontName="Calibri" x:Family="Swiss" ss:Size="11" ss:Color="#000000"/>
   <Interior/>
   <NumberFormat/>
   <Protection/>
  </Style>
  <Style ss:ID="s62">
   <Alignment ss:Vertical="Top" ss:WrapText="1"/>
  </Style>
 </Styles>
 <Worksheet ss:Name="Script">
  <Table ss:ExpandedColumnCount="6" ss:ExpandedRowCount="16" x:FullColumns="1" x:FullRows="1" ss:StyleID="s62" ss:DefaultRowHeight="15">
   <Column ss:StyleID="s62" ss:Width="97.5"/>
   <Column ss:StyleID="s62" ss:Width="86.25"/>
   <Column ss:StyleID="s62" ss:AutoFitWidth="0" ss:Width="339"/>
   <Column ss:StyleID="s62" ss:Width="147.75"/>
   <Column ss:StyleID="s62" ss:Width="186.75"/>
   <Column ss:StyleID="s62" ss:Width="120"/>
   <Row ss:AutoFitHeight="0" ss:Height="105">
    <Cell><Data ss:Type="String">SPECIES_DARKVOID</Data></Cell>
    <Cell ss:Index="5"><Data ss:Type="String">The DEV TEAM / MISC NOTES column contains info on what text between { } signs means (if applicable). It usually stands for either a numeric value, or a numeric value with an icon. Text between [ ] signs stands for a certain type of icon. </Data></Cell>
   </Row>
   <Row ss:AutoFitHeight="0">
    <Cell><Data ss:Type="String">SCENE ID</Data></Cell>
    <Cell><Data ss:Type="String">TEXT ID</Data></Cell>
    <Cell><Data ss:Type="String">ENGLISH STRING</Data></Cell>
    <Cell><Data ss:Type="String">ALTERNATIVE ENGLISH STRING</Data></Cell>
    <Cell><Data ss:Type="String">LOCALIZATION NOTES</Data></Cell>
    <Cell><Data ss:Type="String">DEV TEAM / MISC NOTES</Data></Cell>
   </Row>
   <Row ss:AutoFitHeight="0">
    <Cell><Data ss:Type="String">RACE</Data></Cell>
    <Cell><Data ss:Type="String">NAME_SINGULAR</Data></Cell>
    <Cell><Data ss:Type="String">Portador do Vazio</Data></Cell>
    <Cell ss:Index="5"><Data ss:Type="String">Faction name singular</Data></Cell>
   </Row>
   <Row ss:AutoFitHeight="0">
    <Cell><Data ss:Type="String">RACE</Data></Cell>
    <Cell><Data ss:Type="String">NAME_PLURAL</Data></Cell>
    <Cell><Data ss:Type="String">Portadores do Vazio</Data></Cell>
    <Cell ss:Index="5"><Data ss:Type="String">Faction name plural</Data></Cell>
   </Row>
   <Row ss:AutoFitHeight="0" ss:Height="60">
    <Cell><Data ss:Type="String">RACE</Data></Cell>
    <Cell><Data ss:Type="String">DESCRIPTION</Data></Cell>
    <Cell><Data ss:Type="String">“Portadores do Vazio” é o nome dado às criaturas devoradoras de mentes que invadem incansavelmente planeta após planeta. Com origem desconhecida, parecem consumir um planeta após o outro, deixando apenas um vazio estéril em seu rastro.</Data></Cell>
   </Row>
   <Row ss:AutoFitHeight="0">
    <Cell><Data ss:Type="String">TIER2A</Data></Cell>
    <Cell><Data ss:Type="String">NAME</Data></Cell>
    <Cell><Data ss:Type="String">Strix</Data></Cell>
    <Cell ss:Index="5"><Data ss:Type="String">Name of a Voidbringer unit.</Data></Cell>
   </Row>
   <Row ss:AutoFitHeight="0" ss:Height="135">
    <Cell><Data ss:Type="String">TIER2A</Data></Cell>
    <Cell><Data ss:Type="String">DESCRIPTION</Data></Cell>
    <Cell><Data ss:Type="String">“Muitos Psynumbrae acreditam há muito tempo que o Vazio era uma prisão que aprisionava um poder sombrio na infinita escuridão. Os perdidos e tolos Peixes-Psi não passavam de um presságio forense do terror que se aproxima. Nós o sentimos. Um Portador do Vazio. O doce esquecimento. Ansiamos por essa malícia. Forças psíquicas sinistras avançam em nossa direção, atacando nossos pesadelos. Começa pequeno, no canto do olho. Então aparece, uma esfera de cruel indiferença, e somos sua presa. Irrompe em nossa realidade com a força de uma bomba. Seus tentáculos anseiam por nossa sanidade. Intoxicante Strix.” –Shartok Kreeg, “RV-74593R: Delírios Abençoados”</Data></Cell>
    <Cell ss:Index="5"><Data ss:Type="String">Description of a Voidbringer unit.</Data></Cell>
   </Row>
   <Row ss:AutoFitHeight="0">
    <Cell><Data ss:Type="String">TIER2B</Data></Cell>
    <Cell><Data ss:Type="String">NAME</Data></Cell>
    <Cell><Data ss:Type="String">Naga</Data></Cell>
    <Cell ss:Index="5"><Data ss:Type="String">Name of a Voidbringer unit.</Data></Cell>
   </Row>
   <Row ss:AutoFitHeight="0" ss:Height="135">
    <Cell><Data ss:Type="String">TIER2B</Data></Cell>
    <Cell><Data ss:Type="String">DESCRIPTION</Data></Cell>
    <Cell><Data ss:Type="String">“Vista trajes escuros, irmão de culto. Esta noite, despertamos a serpente acorrentada ao submundo, pois sua cauda agitou o mar cósmico de leite sagrado do qual toda vida inteligente surgiu. Sinto sua presa pontiaguda em minha mente. Cuidado. Os amantes da luz e da vaidade adoram deuses criadores invejosos do presente que o Naga deu à humanidade. Seu veneno iluminou nossas mentes para agirmos livres desses deuses vãos. Devemos retribuir ao Naga. Estenda a mão. Deixe que seus tentáculos o esvaziem. Quanto mais se alimentam, mais a escuridão se espalha. Eles crescerão. Mudarão.” –Asuras Durvasas, Psynumbra Mindshrieker, “RV-75443R: Rebeliões Niilistas”</Data></Cell>
    <Cell ss:Index="5"><Data ss:Type="String">Description of a Voidbringer unit.</Data></Cell>
   </Row>
   <Row ss:AutoFitHeight="0">
    <Cell><Data ss:Type="String">TIER3</Data></Cell>
    <Cell><Data ss:Type="String">NAME</Data></Cell>
    <Cell><Data ss:Type="String">Undina</Data></Cell>
    <Cell ss:Index="5"><Data ss:Type="String">Name of a Voidbringer unit.</Data></Cell>
   </Row>
   <Row ss:AutoFitHeight="0" ss:Height="150">
    <Cell><Data ss:Type="String">TIER3</Data></Cell>
    <Cell><Data ss:Type="String">DESCRIPTION</Data></Cell>
    <Cell><Data ss:Type="String">“Há beleza no mar dos Portadores do Vazio. Ouça. Ele canta das profundezas sob as ondas da realidade. Apenas sua forma esguia ondula através do vazio esquecido pelos deuses. Tão sedutora que quebra a mente. Deixe o desejo purificar seus desejos mesquinhos pela vida. Entregue-se à Undina. Entre as margens da imaginação e da razão, ela bebe seus sonhos, substituindo-os por pesadelos inquietos. Renda-se. Deixe-a enfeitiçá-lo. Deixe-a consumi-lo. Sinta suas transformações dentro de você, e ela o carregará em seu ventre.” –Asuras Durvasas, Psynumbra Mindshredder, “RV-75444R: Rebeliões Niilistas”</Data></Cell>
    <Cell ss:Index="5"><Data ss:Type="String">Description of a Voidbringer unit.</Data></Cell>
   </Row>
   <Row ss:AutoFitHeight="0">
    <Cell><Data ss:Type="String">TIER4</Data></Cell>
    <Cell><Data ss:Type="String">NAME</Data></Cell>
    <Cell><Data ss:Type="String">Leviatã</Data></Cell>
    <Cell ss:Index="5"><Data ss:Type="String">Name of a Voidbringer unit.</Data></Cell>
   </Row>
   <Row ss:AutoFitHeight="0" ss:Height="150">
    <Cell><Data ss:Type="String">TIER4</Data></Cell>
    <Cell><Data ss:Type="String">DESCRIPTION</Data></Cell>
    <Cell><Data ss:Type="String">“Ele desliza em tentáculos de escuridão. Mentes se quebram diante da pressão de sua passagem. Sem questionar, colhe vidas com propósito, consumindo pensamentos e drenando a coragem até dos mais poderosos campeões. O Leviatã Portador do Vazio não parará de se alimentar de vida inteligente até que as mentes de todos os seres vivos deixem de emitir fagulhas de pensamento. A morte não é alívio. Ele reanima os miseráveis caídos para servirem à sua vontade sádica. Que propósito poderia ter senão provar que o universo não passa de um pesadelo niilista?” – Filósofo Psynumbra, Thranx Morden, “RV-9966699P: Sombras em Cidades Perdidas e Impérios Caídos”</Data></Cell>
    <Cell ss:Index="5"><Data ss:Type="String">Description of a Voidbringer unit.</Data></Cell>
   </Row>
   <Row ss:AutoFitHeight="0">
    <Cell><Data ss:Type="String">PORTAL_UNIT</Data></Cell>
    <Cell><Data ss:Type="String">NAME</Data></Cell>
    <Cell><Data ss:Type="String">Portal de Pandora</Data></Cell>
    <Cell ss:Index="5"><Data ss:Type="String">Name of a Voidbringer unit.</Data></Cell>
   </Row>
   <Row ss:AutoFitHeight="0" ss:Height="111">
    <Cell><Data ss:Type="String">PORTAL_UNIT</Data></Cell>
    <Cell><Data ss:Type="String">DESCRIPTION</Data></Cell>
    <Cell><Data ss:Type="String">“É isto. O portal para a escuridão. Finalmente, este mundo miserável se uniu ao vasto e sombrio mar de nossos salvadores Portadores do Vazio. Eles invadirão os amantes da luz. Refarão-nos. Consumirão-nos. Casarão-nos com a escuridão. Venham. Jorrem de seu magnífico nada para este mundo. Que orquestras de agonia anunciem a libertação dos hereges.” –Asuras Durvasas, Psynumbra Mindshredder, “RV-75445R: Rebeliões Niilistas”</Data></Cell>
    <Cell ss:Index="5"><Data ss:Type="String">Description of a Voidbringer unit.</Data></Cell>
   </Row>
   <Row ss:AutoFitHeight="0" ss:Height="16.5"/>
  </Table>
  <WorksheetOptions xmlns="urn:schemas-microsoft-com:office:excel">
   <Unsynced/>
   <Selected/>
   <LeftColumnVisible>3</LeftColumnVisible>
   <Panes>
    <Pane>
     <Number>3</Number>
     <ActiveRow>4</ActiveRow>
     <ActiveCol>4</ActiveCol>
    </Pane>
   </Panes>
   <ProtectObjects>False</ProtectObjects>
   <ProtectScenarios>False</ProtectScenarios>
  </WorksheetOptions>
 </Worksheet>
</Workbook>