<?xml version='1.0' encoding='UTF-8'?>
<?mso-application progid="Excel.Sheet"?><Workbook xmlns="urn:schemas-microsoft-com:office:spreadsheet" xmlns:o="urn:schemas-microsoft-com:office:office" xmlns:x="urn:schemas-microsoft-com:office:excel" xmlns:ss="urn:schemas-microsoft-com:office:spreadsheet" xmlns:html="http://www.w3.org/TR/REC-html40">
 <DocumentProperties xmlns="urn:schemas-microsoft-com:office:office">
  <Author>Arnout Sas</Author>
  <LastAuthor>Davey Grotendorst</LastAuthor>
  <Created>2019-10-14T10:38:41Z</Created>
  <LastSaved>2020-04-15T08:31:26Z</LastSaved>
  <Version>16.00</Version>
 </DocumentProperties>
 <OfficeDocumentSettings xmlns="urn:schemas-microsoft-com:office:office">
  <AllowPNG/>
 </OfficeDocumentSettings>
 <ExcelWorkbook xmlns="urn:schemas-microsoft-com:office:excel">
  <WindowHeight>19965</WindowHeight>
  <WindowWidth>32767</WindowWidth>
  <WindowTopX>32767</WindowTopX>
  <WindowTopY>32767</WindowTopY>
  <RefModeR1C1/>
  <ProtectStructure>False</ProtectStructure>
  <ProtectWindows>False</ProtectWindows>
 </ExcelWorkbook>
 <Styles>
  <Style ss:ID="Default" ss:Name="Normal">
   <Alignment ss:Vertical="Bottom"/>
   <Borders/>
   <Font ss:FontName="Calibri" x:Family="Swiss" ss:Size="11" ss:Color="#000000"/>
   <Interior/>
   <NumberFormat/>
   <Protection/>
  </Style>
  <Style ss:ID="s62">
   <Alignment ss:Vertical="Top" ss:WrapText="1"/>
  </Style>
 </Styles>
 <Worksheet ss:Name="Script">
  <Table ss:ExpandedColumnCount="6" ss:ExpandedRowCount="22" x:FullColumns="1" x:FullRows="1" ss:StyleID="s62" ss:DefaultColumnWidth="51.75" ss:DefaultRowHeight="15">
   <Column ss:StyleID="s62" ss:AutoFitWidth="0" ss:Width="162.75"/>
   <Column ss:StyleID="s62" ss:Width="40.5"/>
   <Column ss:StyleID="s62" ss:Width="489.75"/>
   <Column ss:StyleID="s62" ss:Width="150"/>
   <Column ss:StyleID="s62" ss:AutoFitWidth="0" ss:Width="240.75"/>
   <Column ss:StyleID="s62" ss:Width="120.75"/>
   <Row ss:Height="240">
    <Cell><Data ss:Type="String">TOMEOFWONDERS_DLC04</Data></Cell>
    <Cell ss:Index="5"><Data ss:Type="String">If some concepts in the text are unclear or do not make sense, try looking that concept up in this xml as the text in this xml serves as an encyclopeadia you have a good chance of finding it. Unclear terms can be found in the AoW_Glossary.  Do not change anything that is between [ and ] because it could break the hyperlink and strip it of its function. Anything between straight brackets - i.e. [ ] - is a formatting tag. Do not change these tags and keep them in the same relative position in the text. Anything between curly brackets - i.e. { } - is a place where text or numbers will be inserted by the game. Do not change the tag, but feel free to change its position in the text to suit the localized text. </Data></Cell>
   </Row>
   <Row>
    <Cell><Data ss:Type="String">SCENE ID</Data></Cell>
    <Cell><Data ss:Type="String">TEXT ID</Data></Cell>
    <Cell><Data ss:Type="String">ENGLISH STRING</Data></Cell>
    <Cell><Data ss:Type="String">ALTERNATIVE ENGLISH STRING</Data></Cell>
    <Cell><Data ss:Type="String">LOCALIZATION NOTES</Data></Cell>
    <Cell><Data ss:Type="String">DEV TEAM / MISC NOTES</Data></Cell>
   </Row>
   <Row>
    <Cell><Data ss:Type="String">LINK_UNITS_THERIAN</Data></Cell>
    <Cell><Data ss:Type="String">NAME</Data></Cell>
    <Cell><Data ss:Type="String">Lista de todas as Unidades Therian</Data></Cell>
    <Cell ss:Index="5"><Data ss:Type="String">As in: the Therian faction</Data></Cell>
   </Row>
   <Row>
    <Cell><Data ss:Type="String">LINK_UNITS_SHAKARN</Data></Cell>
    <Cell><Data ss:Type="String">NAME</Data></Cell>
    <Cell><Data ss:Type="String">Lista de todas as Unidades Shakarn</Data></Cell>
    <Cell ss:Index="5"><Data ss:Type="String">As in: the Shakarn race</Data></Cell>
   </Row>
   <Row>
    <Cell><Data ss:Type="String">LINK_MODS_SHAKARN</Data></Cell>
    <Cell><Data ss:Type="String">NAME</Data></Cell>
    <Cell><Data ss:Type="String">Lista de todas as Armas e Mods Shakarn</Data></Cell>
    <Cell ss:Index="5"><Data ss:Type="String">As in: the Shakarn race</Data></Cell>
   </Row>
   <Row>
    <Cell><Data ss:Type="String">LINK_SKILLS_SHAKARN</Data></Cell>
    <Cell><Data ss:Type="String">NAME</Data></Cell>
    <Cell><Data ss:Type="String">Lista de todas as Habilidades de Herói Shakarn</Data></Cell>
    <Cell ss:Index="5"><Data ss:Type="String">As in: the Shakarn race</Data></Cell>
   </Row>
   <Row>
    <Cell><Data ss:Type="String">LINK_RESEARCH_SHAKARN</Data></Cell>
    <Cell><Data ss:Type="String">NAME</Data></Cell>
    <Cell><Data ss:Type="String">Lista de todas as Tecnologias Shakarn</Data></Cell>
    <Cell ss:Index="5"><Data ss:Type="String">As in: the Shakarn race</Data></Cell>
   </Row>
   <Row>
    <Cell><Data ss:Type="String">LINK_OPERATIONS_SHAKARN</Data></Cell>
    <Cell><Data ss:Type="String">NAME</Data></Cell>
    <Cell><Data ss:Type="String">Lista de todas as Operações Shakarn</Data></Cell>
    <Cell ss:Index="5"><Data ss:Type="String">As in: the Shakarn race</Data></Cell>
   </Row>
   <Row>
    <Cell><Data ss:Type="String">RACE_SHAKARN</Data></Cell>
    <Cell><Data ss:Type="String">NAME</Data></Cell>
    <Cell><Data ss:Type="String">Raça: Shakarn</Data></Cell>
    <Cell ss:Index="5"><Data ss:Type="String">Race name</Data></Cell>
   </Row>
   <Row ss:Height="150">
    <Cell><Data ss:Type="String">RACE_SHAKARN</Data></Cell>
    <Cell><Data ss:Type="String">TEXT</Data></Cell>
    <Cell ss:HRef="mailto:%7BXML_SPECIES_SHAKARN@RACE@DESCRIPTION%7D[br/%5d%5bbr/%5dORIGIN:%20Not%20much%20is%20known%20about%20the%20Shakarn,%20although%20their%20agents%20seem%20to%20have%20been%20among%20us%20for%20longer%20than%20we%20realized.%20This%20reptilian%20race%20originates%20from%20an%20oceanic%20homeworld%20covered%20in%20atolls%20and%20archipelagos.%20Having%20conquered%20the%20sea,%20they%20took%20to%20the%20skies%20to%20further%20expand%20their%20empire,%20but%20when%20they%20first%20encountered%20the%20size%20and%20power%20of%20the%20Star%20Union,%20any%20invasion%20plans%20they%20had%20were%20postponed.%5bbr/%5d%5bbr/%5dWhile%20the%20majority%20of%20the%20Shakarn%20forces%20bided%20their%20time%20on%20the%20edges%20of%20the%20known%20universe,%20their%20agents%20infiltrated%20key%20locations%20by%20mimicking%20the%20appearance%20of%20its%20inhabitants%20through%20advanced%20holo-tech,%20stealing%20any%20knowledge%20and%20technology%20they%20considered%20interesting.%20After%20the%20Cataclysm%20left%20the%20Star%20Union%20in%20ruins%20and%20chaos,%20the%20Shakarn%20have%20seized%20the%20opportunity%20to%20conquer%20the%20remnants%20of%20the%20human%20empire."><Data ss:Type="String">{XML_SPECIES_SHAKARN@RACE@DESCRIPTION}[br/][br/]ORIGEM: Pouco se sabe sobre os Shakarn, embora seus agentes pareçam estar entre nós há mais tempo do que imaginávamos. Essa raça reptiliana tem origem em um mundo natal oceânico coberto por atóis e arquipélagos. Após conquistarem os mares, eles alçaram voo para expandir ainda mais seu império, mas quando encontraram pela primeira vez o tamanho e o poder da Star Union, qualquer plano de invasão que tivessem foi adiado.[br/][br/]Enquanto a maioria das forças Shakarn aguardava nas bordas do universo conhecido, seus agentes se infiltraram em locais-chave imitando a aparência dos habitantes por meio de holo-tecnologia avançada, roubando qualquer conhecimento e tecnologia que considerassem interessante. Após o Cataclismo deixar a Star Union em ruínas e caos, os Shakarn aproveitaram a oportunidade para conquistar os remanescentes do império humano.</Data></Cell>
    <Cell ss:Index="5"><Data ss:Type="String">Imperial Archives description of the Shakarn</Data></Cell>
   </Row>
   <Row>
    <Cell><Data ss:Type="String">NPC_FACTION_THERIAN</Data></Cell>
    <Cell><Data ss:Type="String">NAME</Data></Cell>
    <Cell><Data ss:Type="String">Facção NPC: Therians</Data></Cell>
    <Cell ss:Index="5"><Data ss:Type="String">Faction name</Data></Cell>
   </Row>
   <Row ss:Height="180">
    <Cell><Data ss:Type="String">NPC_FACTION_THERIAN</Data></Cell>
    <Cell><Data ss:Type="String">TEXT</Data></Cell>
    <Cell><Data ss:Type="String">[bulletlist][bullet]Híbridos humano-animais em busca de um lugar para viver em paz[/bullet][bullet][hyperlink,0000039E0000000E]Bio[/hyperlink] e [hyperlink,0000039E0000000F]Cinético[/hyperlink] Tipos de Dano[/bullet][bullet]Use Feromônios Primitivos quando ferido para virar o jogo[/bullet][/bulletlist][br/][br/]ORIGEM: Os Therians são uma facção de pessoas originárias de cobaias de um projeto genético secreto da Terratech, que misturava DNA animal e humano para curar doenças genéticas e criar seres superiores. O projeto foi encerrado após uma reação negativa quando sua primeira cobaia, chamada Deer, transmitiu a horrível verdade dos experimentos genéticos.[br/]Deer fugiu e encontrou refúgio com seu povo recém-descoberto, pegando em armas para se proteger. Desde então, os Therians, com suas modificações animais e armamentos humanos, conseguiram sobreviver em muitos dos planetas que ocuparam. Sem pertencer a nenhum dos dois tipos, os refugiados Therians são excluídos sociais, buscando um lugar que possam chamar de lar enquanto mantêm uma visão positiva da vida.</Data></Cell>
    <Cell ss:Index="5"><Data ss:Type="String">Imperial Archives description of the Therians</Data></Cell>
   </Row>
   <Row>
    <Cell><Data ss:Type="String">NPC_FACTION_DARKVOID</Data></Cell>
    <Cell><Data ss:Type="String">NAME</Data></Cell>
    <Cell><Data ss:Type="String">Portadores do Vazio</Data></Cell>
    <Cell ss:Index="5"><Data ss:Type="String">Faction name</Data></Cell>
   </Row>
   <Row ss:Height="120">
    <Cell><Data ss:Type="String">NPC_FACTION_DARKVOID</Data></Cell>
    <Cell><Data ss:Type="String">TEXT</Data></Cell>
    <Cell><Data ss:Type="String">[bulletlist][bullet]Invasores extradimensionais[/bullet][bullet]Tipo de Dano baseado em sua Forma: Arco, Bioquímico, Psiónico ou Térmico[/bullet][bullet]Comande exércitos de unidades Escravizadas para fazer sua vontade. Essas unidades perecem quando seus senhores Portadores do Vazio são destruídos.[/bullet][/bulletlist][br/][br/]ORIGEM: Os Portadores do Vazio são uma facção invasora extradimensional de origem desconhecida. Seus poderes incluem manipular energia sombria e escravizar unidades à sua vontade. Apenas devastação e paisagens áridas ficam em seu rastro. [hyperlink,000003E00000012A]Os Therians[/hyperlink] são conhecidos por fugir de vários planetas para escapar das garras dos Portadores do Vazio.</Data></Cell>
    <Cell ss:Index="5"><Data ss:Type="String">Imperial Archives description of the Voidbringers</Data></Cell>
   </Row>
   <Row>
    <Cell><Data ss:Type="String">SOUND_WEAPONS</Data></Cell>
    <Cell><Data ss:Type="String">NAME</Data></Cell>
    <Cell><Data ss:Type="String">Armas Sonoras [damagePhysical/]</Data></Cell>
    <Cell ss:Index="5"><Data ss:Type="String">Weapon tech name</Data></Cell>
   </Row>
   <Row ss:Height="75">
    <Cell><Data ss:Type="String">SOUND_WEAPONS</Data></Cell>
    <Cell><Data ss:Type="String">TEXT</Data></Cell>
    <Cell><Data ss:Type="String">Armas Sonoras projetam ondas disparadas tão rapidamente ou em uma frequência tão alta que causam dano àqueles atingidos. O Grupo de Armas Sonoras usa o [DamagePhysical/] [hyperlink,000003AC00000290]Canal de Dano Cinético[/hyperlink]. Habilidades de Armas Sonoras incluem Desorientar, Prejudicar e Atordoar.[br/][br/]Unidades Etéreas são resistentes ao canal de dano cinético.</Data></Cell>
    <Cell ss:Index="5"><Data ss:Type="String">Weapon tech name description</Data></Cell>
   </Row>
   <Row>
    <Cell><Data ss:Type="String">INVASION_VICTORY</Data></Cell>
    <Cell><Data ss:Type="String">NAME</Data></Cell>
    <Cell><Data ss:Type="String">Condição de Vitória: Derrote a Invasão</Data></Cell>
   </Row>
   <Row ss:Height="180">
    <Cell><Data ss:Type="String">INVASION_VICTORY</Data></Cell>
    <Cell><Data ss:Type="String">TEXT</Data></Cell>
    <Cell><Data ss:Type="String">A Condição de Vitória Derrote a Invasão é alcançada quando um [hyperlink,000003AC00000336]Jogador[/hyperlink] derrota com sucesso os [hyperlink,000003E5000006E3]Portadores do Vazio[/hyperlink] destruindo um número suficiente de [hyperlink,000003FB00000012]Geradores de Portadores do Vazio[/hyperlink] e então destruindo o [hyperlink,000003FB00000011]Farol dos Portadores do Vazio[/hyperlink].[br/][br/]A Invasão tem uma chance aleatória de ocorrer, que pode ser definida nas Configurações Avançadas do Mundo. Essa Condição de Vitória só estará ativa se a invasão tiver começado e o jogador decidir se opor aos Portadores do Vazio. Opor-se aos Portadores do Vazio desativa todas as outras Condições de Vitória, exceto [hyperlink,000003A70000000A]Juízo Final[/hyperlink].[br/][br/]Alternativamente, quando a invasão começar, o jogador pode decidir se juntar aos Portadores do Vazio, habilitando apenas as vitórias de [hyperlink,000003AC0000026E]Último Sobrevivente[/hyperlink] e Juízo Final.[br/][br/]Essa Condição de Vitória pode ser opcionalmente reivindicada após a destruição do Farol, mas os jogadores podem optar por não reivindicar essa Condição de Vitória e continuar o jogo.</Data></Cell>
   </Row>
   <Row>
    <Cell><Data ss:Type="String">WORLD_EVENT</Data></Cell>
    <Cell><Data ss:Type="String">NAME</Data></Cell>
    <Cell><Data ss:Type="String">Eventos Mundiais</Data></Cell>
   </Row>
   <Row ss:Height="90">
    <Cell><Data ss:Type="String">WORLD_EVENT</Data></Cell>
    <Cell><Data ss:Type="String">TEXT</Data></Cell>
    <Cell><Data ss:Type="String">Eventos Mundiais são um tipo de evento global que pode ocorrer aleatoriamente ao longo do tempo. Além das primeiras rodadas, há uma chance a cada turno de um Evento Mundial ser ativado. Apenas um Evento Mundial pode estar ativo a qualquer momento, e eles duram vários turnos.[br/][br/]Eventos Mundiais alteram uma ou mais mecânicas no mapa [hyperlink,000003AC000000CC]Estratégico[/hyperlink] e [hyperlink,000003AC0000025E]Tático[/hyperlink], incluindo impacto na renda da colônia, adicionando efeitos de condição extras durante o combate, terraformando setores e mais.</Data></Cell>
   </Row>
   <Row>
    <Cell><Data ss:Type="String">PERSONALITIES</Data></Cell>
    <Cell><Data ss:Type="String">NAME</Data></Cell>
    <Cell><Data ss:Type="String">Personalidades</Data></Cell>
   </Row>
   <Row ss:Height="210">
    <Cell><Data ss:Type="String">PERSONALITIES</Data></Cell>
    <Cell><Data ss:Type="String">TEXT</Data></Cell>
    <Cell><Data ss:Type="String">Cada jogador controlado pela IA possui dois traços de personalidade: um traço de Preferência e um traço de Estratégia.[br/][br/]O traço de Preferência define o que o jogador gostará e o que não gostará, sendo os gostos frequentemente contrabalançados por aversões. Agir a favor (ou contra) a preferência de um jogador afetará a opinião que ele tem de você. Além disso, o traço de Preferência também pode alterar levemente o comportamento diplomático de um jogador.[br/][br/]O traço de Estratégia define como o jogador administrará seu império e altera quantas guerras ele pode ter ao mesmo tempo, bem como em que tipo de pesquisa é mais provável que invista, quais unidades desejará ter e como especializará seus setores e colônias.[br/][br/]Inicialmente, esses traços serão desconhecidos, mas podem ser revelados ao formar um [hyperlink,000003AC000002F2]tratado de compartilhamento de inteligência[/hyperlink] com o outro jogador ou ao [hyperlink,00000384000005AD]infiltrar-se[/hyperlink] nele. O traço de Preferência também é revelado quando o jogador adversário gera um modificador de opinião sobre você devido às suas preferências. Além disso, há também uma chance de descobrir o traço de Preferência de outro jogador ao mudar seu estado diplomático com ele, ao realizar uma troca bem-sucedida com ele ou ao usar influência para elogiá-lo/insultá-lo.</Data></Cell>
   </Row>
  </Table>
  <WorksheetOptions xmlns="urn:schemas-microsoft-com:office:excel">
   <Print>
    <ValidPrinterInfo/>
    <HorizontalResolution>600</HorizontalResolution>
    <VerticalResolution>600</VerticalResolution>
   </Print>
   <Zoom>85</Zoom>
   <Selected/>
   <Panes>
    <Pane>
     <Number>3</Number>
     <ActiveRow>8</ActiveRow>
     <ActiveCol>12</ActiveCol>
    </Pane>
   </Panes>
   <ProtectObjects>False</ProtectObjects>
   <ProtectScenarios>False</ProtectScenarios>
  </WorksheetOptions>
 </Worksheet>
</Workbook>