<?xml version='1.0' encoding='UTF-8'?>
<?mso-application progid="Excel.Sheet"?><Workbook xmlns="urn:schemas-microsoft-com:office:spreadsheet" xmlns:o="urn:schemas-microsoft-com:office:office" xmlns:x="urn:schemas-microsoft-com:office:excel" xmlns:ss="urn:schemas-microsoft-com:office:spreadsheet" xmlns:html="http://www.w3.org/TR/REC-html40">
 <DocumentProperties xmlns="urn:schemas-microsoft-com:office:office">
  <Author>Arnout Sas</Author>
  <LastAuthor>Thomas Schuiten</LastAuthor>
  <Created>2019-10-11T09:10:39Z</Created>
  <LastSaved>2020-02-04T12:08:34Z</LastSaved>
  <Version>16.00</Version>
 </DocumentProperties>
 <OfficeDocumentSettings xmlns="urn:schemas-microsoft-com:office:office">
  <AllowPNG/>
 </OfficeDocumentSettings>
 <ExcelWorkbook xmlns="urn:schemas-microsoft-com:office:excel">
  <WindowHeight>14265</WindowHeight>
  <WindowWidth>28770</WindowWidth>
  <WindowTopX>32767</WindowTopX>
  <WindowTopY>32767</WindowTopY>
  <RefModeR1C1/>
  <ProtectStructure>False</ProtectStructure>
  <ProtectWindows>False</ProtectWindows>
 </ExcelWorkbook>
 <Styles>
  <Style ss:ID="Default" ss:Name="Normal">
   <Alignment ss:Vertical="Bottom"/>
   <Borders/>
   <Font ss:FontName="Calibri" x:Family="Swiss" ss:Size="11" ss:Color="#000000"/>
   <Interior/>
   <NumberFormat/>
   <Protection/>
  </Style>
  <Style ss:ID="s62">
   <Alignment ss:Vertical="Top" ss:WrapText="1"/>
  </Style>
 </Styles>
 <Worksheet ss:Name="Script">
  <Table ss:ExpandedColumnCount="6" ss:ExpandedRowCount="12" x:FullColumns="1" x:FullRows="1" ss:StyleID="s62" ss:DefaultColumnWidth="51.75" ss:DefaultRowHeight="15">
   <Column ss:StyleID="s62" ss:Width="162"/>
   <Column ss:StyleID="s62" ss:Width="66.75"/>
   <Column ss:StyleID="s62" ss:Width="404.25"/>
   <Column ss:StyleID="s62" ss:Width="147.75"/>
   <Column ss:StyleID="s62" ss:Width="305.25"/>
   <Column ss:StyleID="s62" ss:Width="186.75"/>
   <Row ss:Height="60">
    <Cell><Data ss:Type="String">UNIT_UPGRADES_CORE_DLC04</Data></Cell>
    <Cell ss:Index="5"><Data ss:Type="String">The DEV TEAM / MISC NOTES column contains info on what text between { } signs means (if applicable). It usually stands for either a numeric value, or a numeric value with an icon. Text between [ ] signs stands for a certain type of icon. </Data></Cell>
   </Row>
   <Row>
    <Cell><Data ss:Type="String">SCENE ID</Data></Cell>
    <Cell><Data ss:Type="String">TEXT ID</Data></Cell>
    <Cell><Data ss:Type="String">ENGLISH STRING</Data></Cell>
    <Cell><Data ss:Type="String">ALTERNATIVE ENGLISH STRING</Data></Cell>
    <Cell><Data ss:Type="String">LOCALIZATION NOTES</Data></Cell>
    <Cell><Data ss:Type="String">DEV TEAM / MISC NOTES</Data></Cell>
   </Row>
   <Row ss:Height="90">
    <Cell ss:Index="5"><Data ss:Type="String">In the text below, any inserted strings - anything of the form {text} - is replaced by an integer value for the thing described in the brackets. If the {text} is not followed by a unit - e.g. shields, hitpoints - the icon for the unit is inserted together with the integer. The same holds for symbols - e.g. '+', '%' - which are occasionally inserted together with the integer.</Data></Cell>
   </Row>
   <Row ss:Height="45">
    <Cell ss:Index="5"><Data ss:Type="String">For references to game terminology and in-world references, please check the glossary delivered as part of the documentation.</Data></Cell>
   </Row>
   <Row>
    <Cell><Data ss:Type="String">SHAKARN_REQUISITE</Data></Cell>
    <Cell><Data ss:Type="String">NAME</Data></Cell>
    <Cell><Data ss:Type="String">{XML_SPECIES_SHAKARN@RACE@NAME_SINGULAR}</Data></Cell>
    <Cell ss:Index="5"><Data ss:Type="String">{text} inserts the SHAKARN singular name</Data></Cell>
    <Cell><Data ss:Type="String">Links to Species_SHAKARN(_Split).xml</Data></Cell>
   </Row>
   <Row>
    <Cell><Data ss:Type="String">SHAKARN_REQUISITE</Data></Cell>
    <Cell><Data ss:Type="String">DESCRIPTION</Data></Cell>
    <Cell><Data ss:Type="String">Uma unidade Shakarn.[br/]{XML_SPECIES_SHAKARN@RACE@DESCRIPTION_SHORT}</Data></Cell>
    <Cell ss:Index="5"><Data ss:Type="String">{text} inserts the short SHAKARN description.</Data></Cell>
    <Cell><Data ss:Type="String">Links to Species_SHAKARN(_Split).xml</Data></Cell>
   </Row>
   <Row>
    <Cell><Data ss:Type="String">PROPHET_OF_UNITY</Data></Cell>
    <Cell><Data ss:Type="String">NAME</Data></Cell>
    <Cell><Data ss:Type="String">Profeta da Unidade</Data></Cell>
   </Row>
   <Row ss:Height="30">
    <Cell><Data ss:Type="String">PROPHET_OF_UNITY</Data></Cell>
    <Cell><Data ss:Type="String">DESCRIPTION</Data></Cell>
    <Cell><Data ss:Type="String">Unidades Shakarn nesta pilha recebem [abilityblue]União Fortalece[/abilityblue], concedendo-lhes {Shields} quando adjacentes a outro Shakarn.</Data></Cell>
   </Row>
   <Row>
    <Cell><Data ss:Type="String">STRONGER_TOGETHER_SHAKARN</Data></Cell>
    <Cell><Data ss:Type="String">NAME</Data></Cell>
    <Cell><Data ss:Type="String">União Fortalece</Data></Cell>
   </Row>
   <Row>
    <Cell><Data ss:Type="String">STRONGER_TOGETHER_SHAKARN</Data></Cell>
    <Cell><Data ss:Type="String">DESCRIPTION</Data></Cell>
    <Cell><Data ss:Type="String">Esta unidade recebe {Shields} quando adjacente a outro Shakarn.</Data></Cell>
   </Row>
   <Row>
    <Cell><Data ss:Type="String">AWAKENED_EMPATHY</Data></Cell>
    <Cell><Data ss:Type="String">NAME</Data></Cell>
    <Cell><Data ss:Type="String">Empatia Despertada</Data></Cell>
   </Row>
   <Row ss:Height="30">
    <Cell><Data ss:Type="String">AWAKENED_EMPATHY</Data></Cell>
    <Cell><Data ss:Type="String">DESCRIPTION</Data></Cell>
    <Cell><Data ss:Type="String">Testemunhar a glória passada da união dá esperança por um futuro mais unido. {RaceRelationBonus} relação com outras raças.</Data></Cell>
    <Cell ss:Index="5"><Data ss:Type="String">{RaceRelationBonus}  is presented by a number that shows how much race relation the player is getting.</Data></Cell>
   </Row>
  </Table>
  <WorksheetOptions xmlns="urn:schemas-microsoft-com:office:excel">
   <Print>
    <ValidPrinterInfo/>
    <HorizontalResolution>600</HorizontalResolution>
    <VerticalResolution>600</VerticalResolution>
   </Print>
   <Selected/>
   <Panes>
    <Pane>
     <Number>3</Number>
     <ActiveRow>18</ActiveRow>
     <ActiveCol>4</ActiveCol>
    </Pane>
   </Panes>
   <ProtectObjects>False</ProtectObjects>
   <ProtectScenarios>False</ProtectScenarios>
  </WorksheetOptions>
 </Worksheet>
</Workbook>